"row ID","snapshot","received_at","id","team_id","name","jersey_number","position","status","call_up_date","club","club_country","caps","goals","date_of_birth","age","player_id"
"Row0","pre","2026-06-10T21:24:18.192Z",1408,490,"Aïssa Mandi",2,"DF","official","2026-05-31","Lille","France",117,7,"1991-10-22",34,1448
"Row1","pre","2026-06-10T21:24:18.192Z",1415,490,"Achref Abada",3,"DF","official","2026-05-31","USM Alger","",7,1,"1999-06-15",26,16900
"Row2","pre","2026-06-10T21:24:18.192Z",1410,490,"Mohamed Tougai",4,"DF","official","2026-05-31","Espérance Tunis","Tunisia",29,2,"2000-01-22",26,14698
"Row3","pre","2026-06-10T21:24:18.192Z",1414,490,"Zineddine Belaid",5,"DF","official","2026-05-31","JS Kabylie","Algeria",10,1,"1999-03-20",27,15046
"Row4","pre","2026-06-10T21:24:18.192Z",1412,490,"Jaouen Hadjam",13,"DF","official","2026-05-31","BSC Young Boys","Switzerland",17,3,"2003-03-26",23,3202
"Row5","pre","2026-06-10T21:24:18.192Z",1411,490,"Rayan Aït-Nouri",15,"DF","official","2026-05-31","Manchester City","England",28,0,"2001-06-06",25,861
"Row6","pre","2026-06-10T21:24:18.192Z",1413,490,"Rafik Belghali",17,"DF","official","2026-05-31","Hellas Verona","Italy",12,1,"2002-06-07",24,2616
"Row7","pre","2026-06-10T21:24:18.192Z",1409,490,"Ramy Bensebaini",21,"DF","official","2026-05-31","Borussia Dortmund","Germany",81,7,"1995-04-16",31,2169
"Row8","pre","2026-06-10T21:24:18.192Z",1416,490,"Samir Sophian Chergui",26,"DF","official","2026-05-31","Paris FC","France",4,0,"1999-02-06",27,3823
"Row9","pre","2026-06-10T21:24:18.192Z",1424,490,"Riyad Mahrez",7,"FW","official","2026-05-31","Al-Ahli","Saudi Arabia",114,38,"1991-02-21",35,8116
"Row10","pre","2026-06-10T21:24:18.192Z",1426,490,"Amine Gouiri",9,"FW","official","2026-05-31","Olympique de Marseille","France",22,8,"2000-02-16",26,4540
"Row11","pre","2026-06-10T21:24:18.192Z",1427,490,"Anis Hadj Moussa",11,"FW","official","2026-05-31","Feyenoord","Netherlands",14,1,"2002-02-11",24,3368
"Row12","pre","2026-06-10T21:24:18.192Z",1429,490,"Ahmed Nadhir Benbouali",12,"FW","official","2026-05-31","ETO FC Győr","Hungary",3,1,"2000-04-17",26,16901
"Row13","pre","2026-06-10T21:24:18.192Z",1425,490,"Mohamed Amoura",18,"FW","official","2026-05-31","VfL Wolfsburg","Germany",45,19,"2000-05-09",26,1376
"Row14","pre","2026-06-10T21:24:18.192Z",1428,490,"Adil Boulbina",20,"FW","official","2026-05-31","Al Duhail","",11,6,"2003-05-02",23,15396
"Row15","pre","2026-06-10T21:24:18.192Z",1430,490,"Farès Ghedjemis",25,"FW","official","2026-05-31","Frosinone","Italy",1,1,"2002-09-06",23,16902
"Row16","pre","2026-06-10T21:24:18.192Z",1407,490,"Melvin Mastil",1,"GK","official","2026-05-31","Stade Nyonnais","",1,0,"2000-02-19",26,16899
"Row17","pre","2026-06-10T21:24:18.192Z",1406,490,"Oussama Benbot",16,"GK","official","2026-05-31","USM Alger","",2,0,"1994-10-11",31,15398
"Row18","pre","2026-06-10T21:24:18.192Z",1405,490,"Luca Zidane",23,"GK","official","2026-05-31","Granada","Spain",7,0,"1998-05-13",28,15394
"Row19","pre","2026-06-10T21:24:18.192Z",1418,490,"Ramiz Zerrouki",6,"MF","official","2026-05-31","FC Twente","Netherlands",52,3,"1998-05-26",28,5260
"Row20","pre","2026-06-10T21:24:18.192Z",1421,490,"Houssem Aouar",8,"MF","official","2026-05-31","Al-Ittihad","Saudi Arabia",20,6,"1998-06-30",27,8230
"Row21","pre","2026-06-10T21:24:18.192Z",1420,490,"Farès Chaïbi",10,"MF","official","2026-05-31","Eintracht Frankfurt","Germany",29,3,"2002-11-28",23,1351
"Row22","pre","2026-06-10T21:24:18.192Z",1419,490,"Hicham Boudaoui",14,"MF","official","2026-05-31","Nice","France",32,0,"1999-09-23",26,1504
"Row23","pre","2026-06-10T21:24:18.192Z",1417,490,"Nabil Bentaleb",19,"MF","official","2026-05-31","Lille","France",59,6,"1994-11-24",31,1460
"Row24","pre","2026-06-10T21:24:18.192Z",1422,490,"Ibrahim Maza",22,"MF","official","2026-05-31","Bayer 04 Leverkusen","Germany",16,2,"2005-11-24",20,2140
"Row25","pre","2026-06-10T21:24:18.192Z",1423,490,"Yassine Titraoui",24,"MF","official","2026-05-31","RC Sporting Charleroi","Belgium",5,0,"2003-07-26",22,7650
"Row26","pre","2026-06-10T21:24:18.192Z",818,489,"Leonardo Balerdi",2,"DF","official","2026-05-11","Olympique de Marseille","France",11,0,"1999-01-26",27,1934
"Row27","pre","2026-06-10T21:24:18.192Z",810,489,"Nicolás Tagliafico",3,"DF","official","2026-05-11","Olympique Lyonnais","France",76,1,"1992-08-31",33,1107
"Row28","pre","2026-06-10T21:24:18.192Z",815,489,"Gonzalo Montiel",4,"DF","official","2026-05-11","River Plate","Argentina",38,2,"1997-01-01",29,23014
"Row29","pre","2026-06-10T21:24:18.192Z",816,489,"Lisandro Martínez",6,"DF","official","2026-05-11","Manchester United","England",27,1,"1998-01-18",28,1800
"Row30","pre","2026-06-10T21:24:18.192Z",813,489,"Cristian Romero",13,"DF","official","2026-05-11","Tottenham Hotspur","England",50,3,"1998-04-27",28,720
"Row31","pre","2026-06-10T21:24:18.192Z",809,489,"Nicolás Otamendi",19,"DF","official","2026-05-11","Benfica","Portugal",131,8,"1988-02-12",38,2054
"Row32","pre","2026-06-10T21:24:18.192Z",819,489,"Facundo Medina",25,"DF","official","2026-05-11","Olympique de Marseille","France",8,0,"1999-05-28",27,4603
"Row33","pre","2026-06-10T21:24:18.192Z",812,489,"Nahuel Molina",26,"DF","official","2026-05-11","Atlético Madrid","Spain",58,1,"1998-04-06",28,761
"Row34","pre","2026-06-10T21:24:18.192Z",847,489,"Julián Alvarez",9,"FW","official","2026-05-11","Atlético Madrid","Spain",51,14,"2000-01-31",26,770
"Row35","pre","2026-06-10T21:24:18.192Z",845,489,"Lionel Messi",10,"FW","official","2026-05-11","Inter Miami CF","USA",198,116,"1987-06-24",38,9063
"Row36","pre","2026-06-10T21:24:18.192Z",834,489,"Thiago Almada",16,"FW","official","2026-05-11","Atlético Madrid","Spain",15,4,"2001-04-26",25,773
"Row37","pre","2026-06-10T21:24:18.192Z",836,489,"Giuliano Simeone",17,"FW","official","2026-05-11","Atlético Madrid","Spain",12,2,"2002-12-18",23,767
"Row38","pre","2026-06-10T21:24:18.192Z",837,489,"Nico Paz",18,"FW","official","2026-05-11","Como","Italy",8,1,"2004-09-09",21,2829
"Row39","pre","2026-06-10T21:24:18.192Z",851,489,"José Manuel López",21,"FW","official","2026-05-11","Palmeiras","Brazil",4,0,"2000-12-06",25,34
"Row40","pre","2026-06-10T21:24:18.192Z",846,489,"Lautaro Martínez",22,"FW","official","2026-05-11","Inter","Italy",76,37,"1997-08-22",28,1687
"Row41","pre","2026-06-10T21:24:18.192Z",805,489,"Juan Musso",1,"GK","official","2026-05-11","Atlético Madrid","Spain",4,0,"1994-05-06",32,777
"Row42","pre","2026-06-10T21:24:18.192Z",804,489,"Gerónimo Rulli",12,"GK","official","2026-05-11","Olympique de Marseille","France",7,0,"1992-05-20",34,1922
"Row43","pre","2026-06-10T21:24:18.192Z",803,489,"Emiliano Martínez",23,"GK","official","2026-05-11","Aston Villa","England",59,0,"1992-09-02",33,1629
"Row44","pre","2026-06-10T21:24:18.192Z",828,489,"Leandro Paredes",5,"MF","official","2026-05-11","Boca Juniors","Argentina",77,5,"1994-06-29",31,16872
"Row45","pre","2026-06-10T21:24:18.192Z",827,489,"Rodrigo De Paul",7,"MF","official","2026-05-11","Inter Miami CF","USA",86,2,"1994-05-24",32,9057
"Row46","pre","2026-06-10T21:24:18.192Z",838,489,"Valentín Barco",8,"MF","official","2026-05-11","RC Strasbourg","France",3,1,"2004-07-23",21,3896
"Row47","pre","2026-06-10T21:24:18.192Z",829,489,"Giovani Lo Celso",11,"MF","official","2026-05-11","Real Betis","Spain",66,4,"1996-04-09",30,3850
"Row48","pre","2026-06-10T21:24:18.192Z",832,489,"Exequiel Palacios",14,"MF","official","2026-05-11","Bayer 04 Leverkusen","Germany",39,0,"1998-10-05",27,4750
"Row49","pre","2026-06-10T21:24:18.192Z",848,489,"Nicolás González",15,"MF","official","2026-05-11","Atlético Madrid","Spain",50,6,"1998-04-06",28,768
"Row50","pre","2026-06-10T21:24:18.192Z",830,489,"Alexis Mac Allister",20,"MF","official","2026-05-11","Liverpool FC","England",45,6,"1998-12-24",27,328
"Row51","pre","2026-06-10T21:24:18.192Z",831,489,"Enzo Fernández",24,"MF","official","2026-05-11","Chelsea","England",41,6,"2001-01-17",25,387
"Row52","pre","2026-06-10T21:24:18.192Z",1354,459,"Miloš Degenek",2,"DF","official","2026-05-31","APOEL Nicosia","Cyprus",57,1,"1994-04-28",32,26604
"Row53","pre","2026-06-10T21:24:18.192Z",1359,459,"Alessandro Circati",3,"DF","official","2026-05-31","Parma","Italy",13,1,"2003-10-10",22,4264
"Row54","pre","2026-06-10T21:24:18.192Z",1361,459,"Jacob Italiano",4,"DF","official","2026-05-31","Grazer AK 1902","Austria",5,0,"2001-07-30",24,30894
"Row55","pre","2026-06-10T21:24:18.192Z",1356,459,"Jordan Bos",5,"DF","official","2026-05-31","Feyenoord","Netherlands",27,4,"2002-10-29",23,4396
"Row56","pre","2026-06-10T21:24:18.192Z",1358,459,"Jason Geria",6,"DF","official","2026-05-31","Albirex Niigata","Japan",14,0,"1993-05-10",33,42887
"Row57","pre","2026-06-10T21:24:18.192Z",1360,459,"Kai Trewin",15,"DF","official","2026-05-31","New York City FC","USA",6,0,"2001-05-18",25,12181
"Row58","pre","2026-06-10T21:24:18.192Z",1353,459,"Aziz Behich",16,"DF","official","2026-05-31","Melbourne City","",84,3,"1990-12-16",35,55294
"Row59","pre","2026-06-10T21:24:18.192Z",1355,459,"Harry Souttar",19,"DF","official","2026-05-31","Leicester City","England",38,11,"1998-10-22",27,23925
"Row60","pre","2026-06-10T21:24:18.192Z",1357,459,"Cameron Burgess",21,"DF","official","2026-05-31","Swansea City","Wales",27,0,"1995-10-21",30,6525
"Row61","pre","2026-06-10T21:24:18.192Z",1362,459,"Lucas Herrington",25,"DF","official","2026-05-31","Colorado Rapids","USA",4,0,"2007-07-05",18,12179
"Row62","pre","2026-06-10T21:24:18.192Z",1369,459,"Mathew Leckie",7,"FW","official","2026-05-31","Melbourne City","",80,14,"1991-02-04",35,57496
"Row63","pre","2026-06-10T21:24:18.192Z",1372,459,"Mohamed Touré",9,"FW","official","2026-05-31","Norwich City","England",10,2,"2004-03-26",22,8991
"Row64","pre","2026-06-10T21:24:18.192Z",1364,459,"Ajdin Hrustić",10,"FW","official","2026-05-31","Heracles Almelo","Netherlands",37,4,"1996-07-05",29,5369
"Row65","pre","2026-06-10T21:24:18.192Z",1370,459,"Awer Mabil",11,"FW","official","2026-05-31","CD Castellón","Spain",38,10,"1995-09-15",30,30428
"Row66","pre","2026-06-10T21:24:18.192Z",1371,459,"Nestory Irankunda",17,"FW","official","2026-05-31","Watford","England",15,5,"2006-02-09",20,6040
"Row67","pre","2026-06-10T21:24:18.192Z",1374,459,"Cristian Volpato",20,"FW","official","2026-05-31","Sassuolo","Italy",1,0,"2003-11-15",22,2854
"Row68","pre","2026-06-10T21:24:18.192Z",1373,459,"Nishan Velupillay",23,"FW","official","2026-05-31","Melbourne Victory","",7,3,"2001-05-07",25,55793
"Row69","pre","2026-06-10T21:24:18.192Z",1375,459,"Tete Yengi",26,"FW","official","2026-05-31","Machida Zelvia","Japan",1,1,"2000-11-28",25,5936
"Row70","pre","2026-06-10T21:24:18.192Z",1350,459,"Mathew Ryan",1,"GK","official","2026-05-31","Levante UD","Spain",104,0,"1992-04-08",34,2111
"Row71","pre","2026-06-10T21:24:18.192Z",1351,459,"Paul Izzo",12,"GK","official","2026-05-31","Randers FC","Denmark",4,0,"1995-01-06",31,28992
"Row72","pre","2026-06-10T21:24:18.192Z",1352,459,"Patrick Beach",18,"GK","official","2026-05-31","Melbourne City","",2,0,"2003-08-06",22,58824
"Row73","pre","2026-06-10T21:24:18.192Z",1365,459,"Connor Metcalfe",8,"MF","official","2026-05-31","FC St. Pauli","Germany",36,1,"1999-11-05",26,2490
"Row74","pre","2026-06-10T21:24:18.192Z",1366,459,"Aiden O'Neill",13,"MF","official","2026-05-31","New York City FC","USA",31,0,"1998-07-04",27,9142
"Row75","pre","2026-06-10T21:24:18.192Z",1368,459,"Cameron Devlin",14,"MF","official","2026-05-31","Heart of Midlothian","Scotland",5,0,"1998-06-07",28,5770
"Row76","pre","2026-06-10T21:24:18.192Z",1363,459,"Jackson Irvine",22,"MF","official","2026-05-31","FC St. Pauli","Germany",82,14,"1993-03-07",33,2484
"Row77","pre","2026-06-10T21:24:18.192Z",1367,459,"Paul Okon-Engstler",24,"MF","official","2026-05-31","Sydney FC","",6,0,"2005-01-24",21,58823
"Row78","pre","2026-06-10T21:24:18.192Z",859,483,"David Affengruber",2,"DF","official","2026-05-18","Elche","Spain",1,0,"2001-03-19",25,2761
"Row79","pre","2026-06-10T21:24:18.192Z",860,483,"Kevin Danso",3,"DF","official","2026-05-18","Tottenham Hotspur","England",32,0,"1998-09-19",27,721
"Row80","pre","2026-06-10T21:24:18.192Z",862,483,"Stefan Posch",5,"DF","official","2026-05-18","1. FSV Mainz 05","Germany",52,5,"1997-05-14",29,2832
"Row81","pre","2026-06-10T21:24:18.192Z",865,483,"David Alaba",8,"DF","official","2026-05-18","Real Madrid","Spain",113,15,"1992-06-24",33,4020
"Row82","pre","2026-06-10T21:24:18.192Z",872,483,"Philipp Lienhart",15,"DF","official","2026-05-18","SC Freiburg","Germany",41,3,"1996-07-11",29,1174
"Row83","pre","2026-06-10T21:24:18.192Z",873,483,"Phillipp Mwene",16,"DF","official","2026-05-18","1. FSV Mainz 05","Germany",30,0,"1994-01-29",32,1198
"Row84","pre","2026-06-10T21:24:18.192Z",880,483,"Marco Friedl",23,"DF","official","2026-05-18","SV Werder Bremen","Germany",11,0,"1998-03-16",28,2500
"Row85","pre","2026-06-10T21:24:18.192Z",882,483,"Michael Svoboda",25,"DF","official","2026-05-18","Venezia","Italy",4,0,"1998-10-15",27,16694
"Row86","pre","2026-06-10T21:24:18.192Z",864,483,"Marko Arnautović",7,"FW","official","2026-05-18","FK Crvena zvezda","Serbia",133,47,"1989-04-19",37,3065
"Row87","pre","2026-06-10T21:24:18.192Z",868,483,"Michael Gregoritsch",11,"FW","official","2026-05-18","FC Augsburg","Germany",75,24,"1994-04-18",32,8530
"Row88","pre","2026-06-10T21:24:18.192Z",871,483,"Saša Kalajdžić",14,"FW","official","2026-05-18","LASK","Austria",22,4,"1997-07-07",28,4824
"Row89","pre","2026-06-10T21:24:18.192Z",878,483,"Patrick Wimmer",21,"FW","official","2026-05-18","VfL Wolfsburg","Germany",30,1,"2001-05-30",25,1375
"Row90","pre","2026-06-10T21:24:18.192Z",858,483,"Alexander Schlager",1,"GK","official","2026-05-18","Red Bull Salzburg","Austria",26,0,"1996-02-01",30,3034
"Row91","pre","2026-06-10T21:24:18.192Z",869,483,"Florian Wiegele",12,"GK","official","2026-05-18","FC Viktoria Plzeň","Czechia",1,0,"2001-03-21",25,3218
"Row92","pre","2026-06-10T21:24:18.192Z",870,483,"Patrick Pentz",13,"GK","official","2026-05-18","Brøndby IF","Denmark",18,0,"1997-01-02",29,16695
"Row93","pre","2026-06-10T21:24:18.192Z",861,483,"Xaver Schlager",4,"MF","official","2026-05-18","RB Leipzig","Germany",51,4,"1997-09-28",28,2892
"Row94","pre","2026-06-10T21:24:18.192Z",863,483,"Nicolas Seiwald",6,"MF","official","2026-05-18","RB Leipzig","Germany",47,1,"2001-05-04",25,2893
"Row95","pre","2026-06-10T21:24:18.192Z",866,483,"Marcel Sabitzer",9,"MF","official","2026-05-18","Borussia Dortmund","Germany",98,26,"1994-03-17",32,2161
"Row96","pre","2026-06-10T21:24:18.192Z",867,483,"Florian Grillitsch",10,"MF","official","2026-05-18","Sporting Braga","Portugal",58,1,"1995-08-07",30,888
"Row97","pre","2026-06-10T21:24:18.192Z",874,483,"Carney Chukwuemeka",17,"MF","official","2026-05-18","Borussia Dortmund","Germany",3,1,"2003-10-20",22,2170
"Row98","pre","2026-06-10T21:24:18.192Z",875,483,"Romano Schmid",18,"MF","official","2026-05-18","SV Werder Bremen","Germany",34,3,"2000-01-27",26,2504
"Row99","pre","2026-06-10T21:24:18.192Z",876,483,"Christoph Baumgartner",19,"MF","official","2026-05-18","RB Leipzig","Germany",58,19,"1999-08-01",26,2894
"Row100","pre","2026-06-10T21:24:18.192Z",877,483,"Konrad Laimer",20,"MF","official","2026-05-18","FC Bayern München","Germany",57,7,"1997-05-27",29,2457
"Row101","pre","2026-06-10T21:24:18.192Z",879,483,"Alexander Prass",22,"MF","official","2026-05-18","TSG Hoffenheim","Germany",19,0,"2001-05-26",25,2390
"Row102","pre","2026-06-10T21:24:18.192Z",881,483,"Paul Wanner",24,"MF","official","2026-05-18","PSV Eindhoven","Netherlands",3,0,"2005-12-22",20,3522
"Row103","pre","2026-06-10T21:24:18.192Z",883,483,"Alessandro Schöpf",26,"MF","official","2026-05-18","Wolfsberger AC","Austria",35,6,"1994-02-07",32,12758
"Row104","pre","2026-06-10T21:24:18.192Z",560,477,"Zeno Debast",2,"DF","official","2026-05-15","Sporting CP","Portugal",26,1,"2003-10-23",22,4434
"Row105","pre","2026-06-10T21:24:18.192Z",559,477,"Arthur Theate",3,"DF","official","2026-05-15","Eintracht Frankfurt","Germany",33,1,"2000-05-25",26,1349
"Row106","pre","2026-06-10T21:24:18.192Z",562,477,"Brandon Mechele",4,"DF","official","2026-05-15","Club Brugge KV","Belgium",9,1,"1993-01-28",33,3537
"Row107","pre","2026-06-10T21:24:18.192Z",561,477,"Maxim De Cuyper",5,"DF","official","2026-05-15","Brighton & Hove Albion","England",19,4,"2000-12-22",25,491
"Row108","pre","2026-06-10T21:24:18.192Z",557,477,"Thomas Meunier",15,"DF","official","2026-05-15","Lille","France",80,10,"1991-09-12",34,1446
"Row109","pre","2026-06-10T21:24:18.192Z",563,477,"Koni De Winter",16,"DF","official","2026-05-15","AC Milan","Italy",8,0,"2002-06-12",23,2004
"Row110","pre","2026-06-10T21:24:18.192Z",564,477,"Joaquin Seys",18,"DF","official","2026-05-15","Club Brugge KV","Belgium",5,0,"2005-03-28",21,3538
"Row111","pre","2026-06-10T21:24:18.192Z",558,477,"Timothy Castagne",21,"DF","official","2026-05-15","Fulham","England",63,2,"1995-12-05",30,834
"Row112","pre","2026-06-10T21:24:18.192Z",565,477,"Nathan Ngoy",25,"DF","official","2026-05-15","Lille","France",4,0,"2003-06-10",23,1447
"Row113","pre","2026-06-10T21:24:18.192Z",572,477,"Romelu Lukaku",9,"FW","official","2026-05-15","SSC Napoli","Italy",126,90,"1993-05-13",33,8676
"Row114","pre","2026-06-10T21:24:18.192Z",573,477,"Leandro Trossard",10,"FW","official","2026-05-15","Arsenal","England",51,12,"1994-12-04",31,3461
"Row115","pre","2026-06-10T21:24:18.192Z",574,477,"Jérémy Doku",11,"FW","official","2026-05-15","Manchester City","England",43,7,"2002-05-27",24,853
"Row116","pre","2026-06-10T21:24:18.192Z",575,477,"Dodi Lukebakio",14,"FW","official","2026-05-15","Benfica","Portugal",30,6,"1997-09-24",28,3974
"Row117","pre","2026-06-10T21:24:18.192Z",576,477,"Charles De Ketelaere",17,"FW","official","2026-05-15","Atalanta","Italy",30,6,"2001-03-10",25,1305
"Row118","pre","2026-06-10T21:24:18.192Z",579,477,"Matías Fernández-Pardo",26,"FW","official","2026-05-15","Lille","France",2,0,"2005-02-03",21,1464
"Row119","pre","2026-06-10T21:24:18.192Z",554,477,"Thibaut Courtois",1,"GK","official","2026-05-15","Real Madrid","Spain",109,0,"1992-05-11",34,585
"Row120","pre","2026-06-10T21:24:18.192Z",555,477,"Senne Lammens",12,"GK","official","2026-05-15","Manchester United","England",2,0,"2002-07-07",23,1788
"Row121","pre","2026-06-10T21:24:18.192Z",556,477,"Mike Penders",13,"GK","official","2026-05-15","RC Strasbourg","France",0,0,"2005-07-31",20,1701
"Row122","pre","2026-06-10T21:24:18.192Z",566,477,"Axel Witsel",6,"MF","official","2026-05-15","Girona FC","Spain",138,12,"1989-01-12",37,1042
"Row123","pre","2026-06-10T21:24:18.192Z",567,477,"Kevin De Bruyne",7,"MF","official","2026-05-15","SSC Napoli","Italy",119,37,"1991-06-28",34,4374
"Row124","pre","2026-06-10T21:24:18.192Z",568,477,"Youri Tielemans",8,"MF","official","2026-05-15","Aston Villa","England",85,13,"1997-05-07",29,514
"Row125","pre","2026-06-10T21:24:18.192Z",578,477,"Diego Moreira",19,"MF","official","2026-05-15","RC Strasbourg","France",3,0,"2004-08-06",21,1713
"Row126","pre","2026-06-10T21:24:18.192Z",569,477,"Hans Vanaken",20,"MF","official","2026-05-15","Club Brugge KV","Belgium",34,7,"1992-08-24",33,3542
"Row127","pre","2026-06-10T21:24:18.192Z",577,477,"Alexis Saelemaekers",22,"MF","official","2026-05-15","AC Milan","Italy",24,2,"1999-06-27",26,1991
"Row128","pre","2026-06-10T21:24:18.192Z",571,477,"Nicolas Raskin",23,"MF","official","2026-05-15","Rangers","Scotland",13,2,"2001-02-23",25,3015
"Row129","pre","2026-06-10T21:24:18.192Z",570,477,"Amadou Onana",24,"MF","official","2026-05-15","Aston Villa","England",29,1,"2001-08-16",24,508
"Row130","pre","2026-06-10T21:24:18.192Z",151,931,"Nihad Mujakić",2,"DF","official","2026-05-11","Gaziantep FK","Türkiye",12,1,"1998-04-15",28,6344
"Row131","pre","2026-06-10T21:24:18.192Z",147,931,"Dennis Hadžikadunić",3,"DF","official","2026-05-11","Sampdoria","Italy",32,0,"1998-07-09",27,29274
"Row132","pre","2026-06-10T21:24:18.192Z",150,931,"Tarik Muharemović",4,"DF","official","2026-05-11","Sassuolo","Italy",14,1,"2003-02-28",23,2846
"Row133","pre","2026-06-10T21:24:18.192Z",146,931,"Sead Kolašinac",5,"DF","official","2026-05-11","Atalanta","Italy",65,0,"1993-06-20",32,1312
"Row134","pre","2026-06-10T21:24:18.192Z",148,931,"Amar Dedić",7,"DF","official","2026-05-11","Benfica","Portugal",28,1,"2002-08-18",23,2052
"Row135","pre","2026-06-10T21:24:18.192Z",149,931,"Nikola Katić",18,"DF","official","2026-05-11","FC Schalke 04","Germany",17,2,"1996-10-10",29,27586
"Row136","pre","2026-06-10T21:24:18.192Z",152,931,"Stjepan Radeljić",21,"DF","official","2026-05-11","HNK Rijeka","Croatia",5,0,"1997-09-05",28,12458
"Row137","pre","2026-06-10T21:24:18.192Z",153,931,"Nidal Čelik",24,"DF","official","2026-05-11","RC Lens","France",2,0,"2006-07-17",19,8423
"Row138","pre","2026-06-10T21:24:18.192Z",166,931,"Samed Baždar",9,"FW","official","2026-05-11","Jagiellonia Białystok","Poland",13,1,"2004-01-31",22,13780
"Row139","pre","2026-06-10T21:24:18.192Z",165,931,"Ermedin Demirović",10,"FW","official","2026-05-11","VfB Stuttgart","Germany",40,4,"1998-03-25",28,4516
"Row140","pre","2026-06-10T21:24:18.192Z",164,931,"Edin Džeko",11,"FW","official","2026-05-11","FC Schalke 04","Germany",148,73,"1986-03-17",40,1343
"Row141","pre","2026-06-10T21:24:18.192Z",162,931,"Kerim Alajbegović",19,"FW","official","2026-05-11","Red Bull Salzburg","Austria",10,1,"2007-09-21",18,3046
"Row142","pre","2026-06-10T21:24:18.192Z",159,931,"Esmir Bajraktarević",20,"FW","official","2026-05-11","PSV Eindhoven","Netherlands",16,1,"2005-03-10",21,3515
"Row143","pre","2026-06-10T21:24:18.192Z",167,931,"Haris Tabaković",23,"FW","official","2026-05-11","Borussia M'gladbach","Germany",10,4,"1994-06-20",31,2877
"Row144","pre","2026-06-10T21:24:18.192Z",168,931,"Jovo Lukić",25,"FW","official","2026-05-11","FC Universitatea Cluj","Romania",3,0,"1998-11-28",27,10686
"Row145","pre","2026-06-10T21:24:18.192Z",143,931,"Nikola Vasilj",1,"GK","official","2026-05-11","FC St. Pauli","Germany",26,0,"1995-12-02",30,2476
"Row146","pre","2026-06-10T21:24:18.192Z",1461,931,"Mladen Jurkas",12,"GK","official","2026-05-11","FK Borac Banja Luka","",0,0,"2007-10-06",18,59651
"Row147","pre","2026-06-10T21:24:18.192Z",144,931,"Martin Zlomislić",22,"GK","official","2026-05-11","HNK Rijeka","Croatia",3,0,"1998-08-16",27,12455
"Row148","pre","2026-06-10T21:24:18.192Z",145,931,"Osman Hadžikić",,"GK","official","2026-05-11","Slaven Belupo","",0,0,"1996-03-12",30,53959
"Row149","pre","2026-06-10T21:24:18.192Z",155,931,"Benjamin Tahirović",6,"MF","official","2026-05-11","Brøndby IF","Denmark",28,2,"2003-03-03",23,26812
"Row150","pre","2026-06-10T21:24:18.192Z",156,931,"Armin Gigović",8,"MF","official","2026-05-11","BSC Young Boys","Switzerland",20,1,"2002-04-06",24,4150
"Row151","pre","2026-06-10T21:24:18.192Z",158,931,"Ivan Bašić",13,"MF","official","2026-05-11","Astana","",17,0,"2002-04-30",24,53960
"Row152","pre","2026-06-10T21:24:18.192Z",161,931,"Ivan Šunjić",14,"MF","official","2026-05-11","Pafos FC","Cyprus",11,0,"1996-10-09",29,3604
"Row153","pre","2026-06-10T21:24:18.192Z",160,931,"Amar Memić",15,"MF","official","2026-05-11","FC Viktoria Plzeň","Czechia",13,1,"2001-01-20",25,3222
"Row154","pre","2026-06-10T21:24:18.192Z",154,931,"Amir Hadžiahmetović",16,"MF","official","2026-05-11","Hull City","England",36,0,"1997-03-08",29,6193
"Row155","pre","2026-06-10T21:24:18.192Z",157,931,"Dženis Burnić",17,"MF","official","2026-05-11","Karlsruher SC","Germany",20,0,"1998-05-22",28,41783
"Row156","pre","2026-06-10T21:24:18.192Z",163,931,"Ermin Mahmic",26,"MF","official","2026-05-11","FC Slovan Liberec","",2,0,"2005-03-14",21,53958
"Row157","pre","2026-06-10T21:24:18.192Z",238,463,"Wesley",2,"DF","official","2026-05-12","AS Roma","Italy",7,0,"2003-09-06",22,1065
"Row158","pre","2026-06-10T21:24:18.192Z",236,463,"Gabriel Magalhães",3,"DF","official","2026-05-12","Arsenal","England",17,1,"1997-12-19",28,4072
"Row159","pre","2026-06-10T21:24:18.192Z",1344,463,"Marquinhos",4,"DF","official","2026-05-12","Paris Saint-Germain","France",105,7,"1994-05-14",32,2244
"Row160","pre","2026-06-10T21:24:18.192Z",235,463,"Alex Sandro",6,"DF","official","2026-05-12","Flamengo","Brazil",45,2,"1991-01-26",35,51
"Row161","pre","2026-06-10T21:24:18.192Z",1464,463,"Danilo",13,"DF","official","2026-05-12","Flamengo","Brazil",69,1,"1991-07-15",34,49
"Row162","pre","2026-06-10T21:24:18.192Z",237,463,"Bremer",14,"DF","official","2026-05-12","Juventus","Italy",8,1,"1997-03-18",29,4634
"Row163","pre","2026-06-10T21:24:18.192Z",241,463,"Léo Pereira",15,"DF","official","2026-05-12","Flamengo","Brazil",4,0,"1996-01-31",30,50
"Row164","pre","2026-06-10T21:24:18.192Z",240,463,"Douglas Santos",16,"DF","official","2026-05-12","Zenit St. Petersburg","Russia",7,0,"1994-03-22",32,16392
"Row165","pre","2026-06-10T21:24:18.192Z",239,463,"Roger Ibañez",24,"DF","official","2026-05-12","Al-Ahli","Saudi Arabia",7,0,"1998-11-23",27,8113
"Row166","pre","2026-06-10T21:24:18.192Z",248,463,"Vinícius Júnior",7,"FW","official","2026-05-12","Real Madrid","Spain",49,9,"2000-07-12",25,595
"Row167","pre","2026-06-10T21:24:18.192Z",251,463,"Matheus Cunha",9,"FW","official","2026-05-12","Manchester United","England",23,1,"1999-05-27",27,4119
"Row168","pre","2026-06-10T21:24:18.192Z",247,463,"Neymar",10,"FW","official","2026-05-12","Santos","Brazil",128,79,"1992-02-05",34,215
"Row169","pre","2026-06-10T21:24:18.192Z",249,463,"Raphinha",11,"FW","official","2026-05-12","FC Barcelona","Spain",39,11,"1996-12-14",29,747
"Row170","pre","2026-06-10T21:24:18.192Z",252,463,"Endrick",19,"FW","official","2026-05-12","Olympique Lyonnais","France",17,4,"2006-07-21",19,606
"Row171","pre","2026-06-10T21:24:19.300Z",253,463,"Luiz Henrique",21,"FW","official","2026-05-12","Zenit St. Petersburg","Russia",15,2,"2001-01-02",25,16393
"Row172","pre","2026-06-10T21:24:19.300Z",250,463,"Gabriel Martinelli",22,"FW","official","2026-05-12","Arsenal","England",23,4,"2001-06-18",24,452
"Row173","pre","2026-06-10T21:24:19.300Z",254,463,"Igor Thiago",25,"FW","official","2026-05-12","Brentford","England",4,2,"2001-06-26",24,473
"Row174","pre","2026-06-10T21:24:19.300Z",255,463,"Rayan",26,"FW","official","2026-05-12","Bournemouth","England",2,1,"2006-08-03",19,663
"Row175","pre","2026-06-10T21:24:19.300Z",230,463,"Alisson",1,"GK","official","2026-05-12","Liverpool FC","England",78,0,"1992-10-02",33,322
"Row176","pre","2026-06-10T21:24:19.300Z",232,463,"Weverton",12,"GK","official","2026-05-12","Grêmio","Brazil",11,0,"1987-12-13",38,4488
"Row177","pre","2026-06-10T21:24:19.300Z",1467,463,"Ederson",23,"GK","official","2026-05-12","Fenerbahçe","Türkiye",32,0,"1993-08-17",32,3406
"Row178","pre","2026-06-10T21:24:19.300Z",1466,463,"Éderson",2,"MF","official","2026-05-12","Atalanta","Italy",3,0,"1999-07-07",26,1302
"Row179","pre","2026-06-10T21:24:19.300Z",1345,463,"Casemiro",5,"MF","official","2026-05-12","Manchester United","England",86,9,"1992-02-23",34,1793
"Row180","pre","2026-06-10T21:24:19.300Z",244,463,"Bruno Guimarães",8,"MF","official","2026-05-12","Newcastle United","England",43,3,"1997-11-16",28,709
"Row181","pre","2026-06-10T21:24:19.300Z",245,463,"Fabinho",17,"MF","official","2026-05-12","Al-Ittihad","Saudi Arabia",33,0,"1993-10-23",32,8156
"Row182","pre","2026-06-10T21:24:19.300Z",246,463,"Danilo Barbosa",18,"MF","official","2026-05-12","Botafogo","Brazil",4,2,"2001-04-29",25,5034
"Row183","pre","2026-06-10T21:24:19.300Z",243,463,"Lucas Paquetá",20,"MF","official","2026-05-12","Flamengo","Brazil",63,13,"1997-08-26",28,1642
"Row184","pre","2026-06-10T21:24:19.300Z",666,476,"Stopira",2,"DF","official","2026-05-18","Torreense","Portugal",62,4,"1988-05-20",38,22091
"Row185","pre","2026-06-10T21:24:19.300Z",669,476,"Diney Borges",3,"DF","official","2026-05-18","Al Bataeh","",30,2,"1995-01-17",31,22092
"Row186","pre","2026-06-10T21:24:19.300Z",667,476,"Pico",4,"DF","official","2026-05-18","Shamrock Rovers","",45,0,"1992-06-17",33,22089
"Row187","pre","2026-06-10T21:24:19.300Z",670,476,"Logan Costa",5,"DF","official","2026-05-18","Villarreal","Spain",28,0,"2001-04-01",25,22088
"Row188","pre","2026-06-10T21:24:19.300Z",673,476,"Sidny Lopes Cabral",13,"DF","official","2026-05-18","Benfica","Portugal",9,3,"2002-09-18",23,1235
"Row189","pre","2026-06-10T21:24:19.300Z",671,476,"Steven Moreira",22,"DF","official","2026-05-18","Columbus Crew","USA",20,0,"1994-08-13",31,9199
"Row190","pre","2026-06-10T21:24:19.300Z",672,476,"Wagner Pina",24,"DF","official","2026-05-18","Trabzonspor","Türkiye",13,0,"2002-11-03",23,6789
"Row191","pre","2026-06-10T21:24:19.300Z",674,476,"Kelvin Pires",25,"DF","official","2026-05-18","SJK","Finland",5,1,"2000-06-05",26,22093
"Row192","pre","2026-06-10T21:24:19.300Z",685,476,"Gilson Tavares",9,"FW","official","2026-05-18","Akron Togliatti","",22,6,"2001-12-28",24,22070
"Row193","pre","2026-06-10T21:24:19.300Z",686,476,"Dailon Rocha Livramento",19,"FW","official","2026-05-18","Casa Pia","Portugal",22,7,"2001-05-04",25,2276
"Row194","pre","2026-06-10T21:24:19.300Z",681,476,"Ryan Mendes",20,"FW","official","2026-05-18","Iğdır FK","",98,22,"1990-01-08",36,7073
"Row195","pre","2026-06-10T21:24:19.300Z",663,476,"Vozinha",1,"GK","official","2026-05-18","Chaves","",86,0,"1986-06-03",40,22095
"Row196","pre","2026-06-10T21:24:19.300Z",664,476,"Márcio Rosa",12,"GK","official","2026-05-18","PFK Montana 1921","Bulgaria",11,0,"1997-02-23",29,11394
"Row197","pre","2026-06-10T21:24:19.300Z",665,476,"CJ Dos Santos",23,"GK","official","2026-05-18","San Diego FC","USA",1,0,"2000-08-24",25,9347
"Row198","pre","2026-06-10T21:24:19.300Z",676,476,"Kevin Lenini",6,"MF","official","2026-05-18","FC Krasnodar","",31,3,"1997-01-27",29,22076
"Row199","pre","2026-06-10T21:24:19.300Z",684,476,"Jovane Cabral",7,"MF","official","2026-05-18","CF Estrela Amadora","Portugal",27,2,"1998-06-14",27,1241
"Row200","pre","2026-06-10T21:24:19.300Z",668,476,"João Paulo",8,"MF","official","2026-05-18","FCSB","Romania",42,1,"1998-05-24",28,11206
"Row201","pre","2026-06-10T21:24:19.300Z",675,476,"Jamiro Monteiro",10,"MF","official","2026-05-18","PEC Zwolle","Netherlands",55,5,"1993-11-28",32,5331
"Row202","pre","2026-06-10T21:24:19.300Z",682,476,"Garry Rodrigues",11,"MF","official","2026-05-18","Apollon Limassol","",60,10,"1990-11-27",35,22074
"Row203","pre","2026-06-10T21:24:19.300Z",677,476,"Deroy Duarte",14,"MF","official","2026-05-18","Ludogorets","Bulgaria",30,0,"1999-07-04",26,3314
"Row204","pre","2026-06-10T21:24:19.300Z",679,476,"Laros Duarte",15,"MF","official","2026-05-18","Puskás Akadémia","Hungary",13,1,"1997-02-28",29,22077
"Row205","pre","2026-06-10T21:24:19.300Z",680,476,"Yannick Semedo",16,"MF","official","2026-05-18","SC Farense","Portugal",10,1,"1995-12-29",30,22079
"Row206","pre","2026-06-10T21:24:19.300Z",683,476,"Willy Semedo",17,"MF","official","2026-05-18","Omonia Nicosia","",38,3,"1994-04-27",32,22075
"Row207","pre","2026-06-10T21:24:19.300Z",678,476,"Telmo Arcanjo",18,"MF","official","2026-05-18","Vitória SC","Portugal",16,1,"2001-06-21",24,2701
"Row208","pre","2026-06-10T21:24:19.300Z",688,476,"Nuno Da Costa",21,"MF","official","2026-05-18","Başakşehir FK","Türkiye",9,2,"1991-02-10",35,6645
"Row209","pre","2026-06-10T21:24:19.300Z",687,476,"Hélio Varela",26,"MF","official","2026-05-18","Maccabi Tel Aviv","Israel",20,0,"2002-05-03",24,3176
"Row210","pre","2026-06-10T21:24:19.300Z",1152,455,"Alistair Johnston",2,"DF","official","2026-05-25","Celtic","Scotland",58,1,"1998-10-08",27,4406
"Row211","pre","2026-06-10T21:24:19.300Z",1161,455,"Alfie Jones",3,"DF","official","2026-05-25","Middlesbrough","England",2,0,"1997-10-07",28,6324
"Row212","pre","2026-06-10T21:24:19.300Z",1157,455,"Luc De Fougerolles",4,"DF","official","2026-05-25","FCV Dender","Belgium",13,0,"2005-10-12",20,7612
"Row213","pre","2026-06-10T21:24:19.300Z",1156,455,"Joel Waterman",5,"DF","official","2026-05-25","Chicago Fire","USA",17,0,"1996-01-24",30,9350
"Row214","pre","2026-06-10T21:24:19.300Z",1153,455,"Derek Cornelius",13,"DF","official","2026-05-25","Olympique de Marseille","France",44,1,"1997-11-25",28,4155
"Row215","pre","2026-06-10T21:24:19.300Z",1154,455,"Moise Bombito",15,"DF","official","2026-05-25","Nice","France",20,0,"2000-03-30",26,4514
"Row216","pre","2026-06-10T21:24:19.300Z",1151,455,"Alphonso Davies",19,"DF","official","2026-05-25","FC Bayern München","Germany",58,15,"2000-11-02",25,5170
"Row217","pre","2026-06-10T21:24:19.300Z",1150,455,"Richie Laryea",22,"DF","official","2026-05-25","Toronto FC","Canada",75,1,"1995-01-07",31,9548
"Row218","pre","2026-06-10T21:24:19.300Z",1155,455,"Niko Sigur",23,"DF","official","2026-05-25","HNK Hajduk Split","",19,2,"2003-09-09",22,16947
"Row219","pre","2026-06-10T21:24:19.300Z",1173,455,"Cyle Larin",9,"FW","official","2026-05-25","Southampton","England",90,30,"1995-04-17",31,4164
"Row220","pre","2026-06-10T21:24:19.300Z",1174,455,"Jonathan David",10,"FW","official","2026-05-25","Juventus","Italy",77,39,"2000-01-14",26,2186
"Row221","pre","2026-06-10T21:24:19.300Z",1175,455,"Tani Oluwaseyi",12,"FW","official","2026-05-25","Villarreal","Spain",24,2,"2000-05-15",26,1779
"Row222","pre","2026-06-10T21:24:19.300Z",1163,455,"Tajon Buchanan",17,"FW","official","2026-05-25","Villarreal","Spain",60,8,"1999-02-08",27,1769
"Row223","pre","2026-06-10T21:24:19.300Z",1168,455,"Ali Ahmed",20,"FW","official","2026-05-25","Norwich City","England",24,1,"2000-10-10",25,8580
"Row224","pre","2026-06-10T21:24:19.300Z",1176,455,"Promise David",24,"FW","official","2026-05-25","Royale Union Saint-Gilloise","Belgium",10,3,"2001-07-03",24,3754
"Row225","pre","2026-06-10T21:24:19.300Z",1148,455,"Dayne St. Clair",1,"GK","official","2026-05-25","Inter Miami CF","USA",20,0,"1997-05-09",29,9096
"Row226","pre","2026-06-10T21:24:19.300Z",1147,455,"Maxime Crépeau",16,"GK","official","2026-05-25","Orlando City SC","USA",32,0,"1994-11-05",31,9267
"Row227","pre","2026-06-10T21:24:19.300Z",1149,455,"Owen Goodman",18,"GK","official","2026-05-25","Barnsley","England",0,0,"2003-11-27",22,16948
"Row228","pre","2026-06-10T21:24:19.300Z",1169,455,"Mathieu Choinière",6,"MF","official","2026-05-25","Los Angeles FC","USA",23,0,"1999-02-07",27,9202
"Row229","pre","2026-06-10T21:24:19.300Z",1164,455,"Stephen Eustaquio",7,"MF","official","2026-05-25","Los Angeles FC","USA",56,4,"1996-12-21",29,1011
"Row230","pre","2026-06-10T21:24:19.300Z",1166,455,"Ismael Koné",8,"MF","official","2026-05-25","Sassuolo","Italy",40,4,"2002-06-06",24,2848
"Row231","pre","2026-06-10T21:24:19.300Z",1165,455,"Liam Millar",11,"MF","official","2026-05-25","Hull City","England",41,1,"1999-09-27",26,6190
"Row232","pre","2026-06-10T21:24:19.300Z",1167,455,"Jacob Shaffelburg",14,"MF","official","2026-05-25","Los Angeles FC","USA",31,6,"1999-11-26",26,9296
"Row233","pre","2026-06-10T21:24:19.300Z",1162,455,"Jonathan Osorio",21,"MF","official","2026-05-25","Toronto FC","Canada",90,10,"1992-06-12",33,9550
"Row234","pre","2026-06-10T21:24:19.300Z",1170,455,"Nathan-Dylan Saliba",25,"MF","official","2026-05-25","RSC Anderlecht","Belgium",15,2,"2004-02-07",22,7351
"Row235","pre","2026-06-10T21:24:19.300Z",1171,455,"Jayden Nelson",26,"MF","official","2026-05-25","Austin FC","USA",14,3,"2002-09-26",23,9128
"Row236","pre","2026-06-10T21:24:19.300Z",1172,455,"Marcelo Flores",26,"MF","official","2026-05-25","Tigres UANL","Mexico",2,0,"2003-10-01",22,10209
"Row237","pre","2026-06-10T21:24:19.300Z",923,498,"Daniel Muñoz",2,"DF","official","2026-05-14","Crystal Palace","England",46,3,"1996-05-26",30,426
"Row238","pre","2026-06-10T21:24:19.300Z",925,498,"Jhon Lucumí",3,"DF","official","2026-05-14","Bologna","Italy",37,1,"1998-06-26",27,949
"Row239","pre","2026-06-10T21:24:19.300Z",921,498,"Santiago Arias",4,"DF","official","2026-05-14","CA Independiente","",68,0,"1992-01-13",34,94
"Row240","pre","2026-06-10T21:24:19.300Z",922,498,"Yerry Mina",13,"DF","official","2026-05-14","Cagliari","Italy",54,8,"1994-09-23",31,3921
"Row241","pre","2026-06-10T21:24:19.300Z",949,498,"Gustavo Puerta",14,"DF","official","2026-05-14","Real Racing Club","Spain",6,1,"2003-07-23",22,16386
"Row242","pre","2026-06-10T21:24:19.300Z",924,498,"Johan Mojica",17,"DF","official","2026-05-14","Mallorca","Spain",45,1,"1992-08-21",33,2641
"Row243","pre","2026-06-10T21:24:19.300Z",932,498,"Willer Ditta",18,"DF","official","2026-05-14","Cruz Azul","Mexico",5,0,"1997-01-23",29,10042
"Row244","pre","2026-06-10T21:24:19.300Z",927,498,"Deiver Machado",22,"DF","official","2026-05-14","Nantes","France",15,0,"1993-09-02",32,1420
"Row245","pre","2026-06-10T21:24:19.300Z",920,498,"Davinson Sánchez",23,"DF","official","2026-05-14","Galatasaray","Türkiye",79,4,"1996-06-12",29,3726
"Row246","pre","2026-06-10T21:24:19.300Z",956,498,"Luis Díaz",7,"FW","official","2026-05-14","FC Bayern München","Germany",74,22,"1997-01-13",29,2465
"Row247","pre","2026-06-10T21:24:19.300Z",958,498,"Jhon Córdoba",9,"FW","official","2026-05-14","FC Krasnodar","",21,6,"1993-05-11",33,16388
"Row248","pre","2026-06-10T21:24:19.300Z",961,498,"Cucho Hernández",19,"FW","official","2026-05-14","Real Betis","Spain",9,2,"1999-04-20",27,1578
"Row249","pre","2026-06-10T21:24:19.300Z",947,498,"Jaminton Campaz",21,"FW","official","2026-05-14","Rosario Central","Argentina",10,1,"2000-05-24",26,16391
"Row250","pre","2026-06-10T21:24:19.300Z",960,498,"Luis Javier Suárez",25,"FW","official","2026-05-14","Sporting CP","Portugal",12,5,"1997-12-02",28,1221
"Row251","pre","2026-06-10T21:24:19.300Z",962,498,"Andrés Gómez",26,"FW","official","2026-05-14","Vasco da Gama","Brazil",8,2,"2002-09-12",23,662
"Row252","pre","2026-06-10T21:24:19.300Z",914,498,"David Ospina",1,"GK","official","2026-05-14","Atlético Nacional","Colombia",130,0,"1988-08-31",37,16390
"Row253","pre","2026-06-10T21:24:19.300Z",915,498,"Camilo Vargas",12,"GK","official","2026-05-14","Atlas FC","Mexico",42,0,"1989-03-09",37,10304
"Row254","pre","2026-06-10T21:24:19.300Z",916,498,"Álvaro Montero",24,"GK","official","2026-05-14","Vélez Sarsfield","",12,0,"1995-03-29",31,16389
"Row255","pre","2026-06-10T21:24:19.300Z",944,498,"Kevin Castaño",5,"MF","official","2026-05-14","River Plate","Argentina",25,0,"2000-09-29",25,16385
"Row256","pre","2026-06-10T21:24:19.300Z",943,498,"Richard Ríos",6,"MF","official","2026-05-14","Benfica","Portugal",32,2,"2000-06-02",26,3788
"Row257","pre","2026-06-10T21:24:19.300Z",945,498,"Jorge Carrascal",8,"MF","official","2026-05-14","Flamengo","Brazil",24,2,"1998-05-25",28,54
"Row258","pre","2026-06-10T21:24:19.300Z",937,498,"James Rodríguez",10,"MF","official","2026-05-14","Minnesota United","USA",126,31,"1991-07-12",34,10128
"Row259","pre","2026-06-10T21:24:19.300Z",942,498,"Jhon Arias",11,"MF","official","2026-05-14","Palmeiras","Brazil",38,6,"1997-09-21",28,530
"Row260","pre","2026-06-10T21:24:19.300Z",948,498,"Juan Portilla",15,"MF","official","2026-05-14","Athletico","Brazil",10,0,"1998-09-12",27,12242
"Row261","pre","2026-06-10T21:24:19.300Z",939,498,"Jefferson Lerma",16,"MF","official","2026-05-14","Crystal Palace","England",65,5,"1994-10-25",31,428
"Row262","pre","2026-06-10T21:24:19.300Z",941,498,"Juan Fernando Quintero",20,"MF","official","2026-05-14","River Plate","Argentina",49,6,"1993-01-18",33,16387
"Row263","pre","2026-06-10T21:24:19.300Z",459,471,"Ousmane Diomande",2,"DF","official","2026-05-15","Sporting CP","Portugal",15,1,"2003-12-04",22,1228
"Row264","pre","2026-06-10T21:24:19.300Z",453,471,"Ghislain Konan",3,"DF","official","2026-05-15","Gil Vicente","Portugal",54,0,"1995-12-27",30,1886
"Row265","pre","2026-06-10T21:24:19.300Z",455,471,"Wilfried Singo",5,"DF","official","2026-05-15","Galatasaray","Türkiye",34,1,"2000-12-25",25,4214
"Row266","pre","2026-06-10T21:24:19.300Z",454,471,"Odilon Kossounou",7,"DF","official","2026-05-15","Atalanta","Italy",35,0,"2001-01-04",25,1298
"Row267","pre","2026-06-10T21:24:19.300Z",1343,471,"Christopher Operi",13,"DF","official","2026-05-15","Başakşehir FK","Türkiye",12,0,"1997-04-29",29,6639
"Row268","pre","2026-06-10T21:24:19.300Z",458,471,"Guéla Doué",17,"DF","official","2026-05-15","RC Strasbourg","France",20,3,"2002-10-17",23,1702
"Row269","pre","2026-06-10T21:24:19.300Z",457,471,"Emmanuel Agbadou",20,"DF","official","2026-05-15","Beşiktaş JK","Türkiye",20,2,"1997-06-17",28,524
"Row270","pre","2026-06-10T21:24:19.300Z",456,471,"Evan Ndicka",21,"DF","official","2026-05-15","AS Roma","Italy",28,0,"1999-08-20",26,1060
"Row271","pre","2026-06-10T21:24:19.300Z",460,471,"Clement Akpa",,"DF","official","2026-05-15","Auxerre","France",5,0,"2001-11-24",24,2094
"Row272","pre","2026-06-10T21:24:19.300Z",475,471,"Ange-Yoan Bonny",9,"FW","official","2026-05-15","Inter","Italy",1,0,"2003-10-25",22,3468
"Row273","pre","2026-06-10T21:24:19.300Z",469,471,"Simon Adingra",10,"FW","official","2026-05-15","AS Monaco","Monaco",29,5,"2002-01-01",24,358
"Row274","pre","2026-06-10T21:24:19.300Z",472,471,"Yan Diomande",11,"FW","official","2026-05-15","RB Leipzig","Germany",10,3,"2006-11-14",19,2895
"Row275","pre","2026-06-10T21:24:19.300Z",474,471,"Elye Wahi",12,"FW","official","2026-05-15","Nice","France",2,0,"2003-01-02",23,3527
"Row276","pre","2026-06-10T21:24:19.300Z",468,471,"Oumar Diakité",14,"FW","official","2026-05-15","Cercle Brugge","Belgium",29,6,"2003-12-20",22,7705
"Row277","pre","2026-06-10T21:24:19.300Z",471,471,"Amad Diallo",15,"FW","official","2026-05-15","Manchester United","England",19,6,"2002-07-11",23,1792
"Row278","pre","2026-06-10T21:24:19.300Z",467,471,"Nicolas Pépé",19,"FW","official","2026-05-15","Villarreal","Spain",55,12,"1995-05-29",31,1786
"Row279","pre","2026-06-10T21:24:19.300Z",470,471,"Evann Guessand",22,"FW","official","2026-05-15","Crystal Palace","England",21,4,"2001-07-01",24,509
"Row280","pre","2026-06-10T21:24:19.300Z",473,471,"Bazoumana Touré",24,"FW","official","2026-05-15","TSG Hoffenheim","Germany",6,2,"2006-03-02",20,2385
"Row281","pre","2026-06-10T21:24:19.300Z",450,471,"Yahia Fofana",1,"GK","official","2026-05-15","Çaykur Rizespor","Türkiye",35,0,"2000-08-21",25,6738
"Row282","pre","2026-06-10T21:24:19.300Z",452,471,"Mohamed Koné",16,"GK","official","2026-05-15","RC Sporting Charleroi","Belgium",0,0,"2002-03-07",24,7669
"Row283","pre","2026-06-10T21:24:19.300Z",451,471,"Alban Lafont",23,"GK","official","2026-05-15","Panathinaikos FC","Greece",4,0,"1999-01-23",27,4199
"Row284","pre","2026-06-10T21:24:19.300Z",462,471,"Jean Michaël Seri",4,"MF","official","2026-05-15","NK Maribor","Slovenia",65,4,"1991-07-19",34,15393
"Row285","pre","2026-06-10T21:24:19.300Z",464,471,"Seko Fofana",6,"MF","official","2026-05-15","FC Porto","Portugal",32,7,"1995-05-07",31,4130
"Row286","pre","2026-06-10T21:24:19.300Z",461,471,"Franck Kessié",8,"MF","official","2026-05-15","Al-Ahli","Saudi Arabia",103,15,"1996-12-19",29,8117
"Row287","pre","2026-06-10T21:24:19.300Z",463,471,"Ibrahim Sangaré",18,"MF","official","2026-05-15","Nottingham Forest","England",58,12,"1997-12-02",28,547
"Row288","pre","2026-06-10T21:24:19.300Z",466,471,"Parfait Guiagon",25,"MF","official","2026-05-15","RC Sporting Charleroi","Belgium",5,0,"2001-02-22",25,7654
"Row289","pre","2026-06-10T21:24:19.300Z",465,471,"Christ Inao Oulaï",26,"MF","official","2026-05-15","Trabzonspor","Türkiye",9,0,"2006-04-06",20,6614
"Row290","pre","2026-06-10T21:24:19.300Z",1067,494,"Josip Stanišić",2,"DF","official","2026-05-18","FC Bayern München","Germany",31,0,"2000-04-02",26,2468
"Row291","pre","2026-06-10T21:24:19.300Z",1068,494,"Marin Pongračić",3,"DF","official","2026-05-18","Fiorentina","Italy",20,0,"1997-09-11",28,1322
"Row292","pre","2026-06-10T21:24:19.300Z",1064,494,"Joško Gvardiol",4,"DF","official","2026-05-18","Manchester City","England",48,4,"2002-01-23",24,846
"Row293","pre","2026-06-10T21:24:19.300Z",1065,494,"Duje Ćaleta-Car",5,"DF","official","2026-05-18","Real Sociedad","Spain",38,1,"1996-09-17",29,1758
"Row294","pre","2026-06-10T21:24:19.300Z",1066,494,"Josip Šutalo",6,"DF","official","2026-05-18","AFC Ajax","Netherlands",33,0,"2000-02-28",26,3767
"Row295","pre","2026-06-10T21:24:19.300Z",1077,494,"Kristijan Jakić",18,"DF","official","2026-05-18","FC Augsburg","Germany",17,2,"1997-05-14",29,2407
"Row296","pre","2026-06-10T21:24:19.300Z",1070,494,"Luka Vušković",22,"DF","official","2026-05-18","Hamburger SV","Germany",5,1,"2007-02-24",19,1591
"Row297","pre","2026-06-10T21:24:19.300Z",1069,494,"Martin Erlić",25,"DF","official","2026-05-18","FC Midtjylland","Denmark",13,1,"1998-01-24",28,3243
"Row298","pre","2026-06-10T21:24:19.300Z",1082,494,"Andrej Kramarić",9,"FW","official","2026-05-18","TSG Hoffenheim","Germany",116,36,"1991-06-19",34,2387
"Row299","pre","2026-06-10T21:24:19.300Z",1083,494,"Ante Budimir",11,"FW","official","2026-05-18","Osasuna","Spain",38,6,"1991-07-22",34,2669
"Row300","pre","2026-06-10T21:24:19.300Z",1081,494,"Ivan Perišić",14,"FW","official","2026-05-18","PSV Eindhoven","Netherlands",154,38,"1989-02-02",37,3510
"Row301","pre","2026-06-10T21:24:19.300Z",1086,494,"Igor Matanović",20,"FW","official","2026-05-18","SC Freiburg","Germany",9,2,"2003-03-31",23,1183
"Row302","pre","2026-06-10T21:24:19.300Z",1084,494,"Marco Pašalić",24,"FW","official","2026-05-18","Orlando City SC","USA",15,1,"2000-09-14",25,9568
"Row303","pre","2026-06-10T21:24:19.300Z",1085,494,"Petar Musa",26,"FW","official","2026-05-18","FC Dallas","USA",11,1,"1998-03-04",28,9331
"Row304","pre","2026-06-10T21:24:19.300Z",1061,494,"Dominik Livaković",1,"GK","official","2026-05-18","GNK Dinamo Zagreb","Croatia",75,0,"1995-01-09",31,1053
"Row305","pre","2026-06-10T21:24:19.300Z",1063,494,"Ivor Pandur",12,"GK","official","2026-05-18","Hull City","England",0,0,"2000-03-25",26,6182
"Row306","pre","2026-06-10T21:24:19.300Z",1062,494,"Dominik Kotarski",23,"GK","official","2026-05-18","FC København","Denmark",4,0,"2000-02-10",26,3557
"Row307","pre","2026-06-10T21:24:19.300Z",1079,494,"Nikola Moro",7,"MF","official","2026-05-18","Bologna","Italy",10,0,"1998-03-12",28,952
"Row308","pre","2026-06-10T21:24:19.300Z",1072,494,"Mateo Kovačić",8,"MF","official","2026-05-18","Manchester City","England",113,5,"1994-05-06",32,4350
"Row309","pre","2026-06-10T21:24:19.300Z",1071,494,"Luka Modrić",10,"MF","official","2026-05-18","AC Milan","Italy",198,29,"1985-09-09",40,1993
"Row310","pre","2026-06-10T21:24:19.300Z",1074,494,"Nikola Vlašić",13,"MF","official","2026-05-18","Torino","Italy",63,10,"1997-10-04",28,1844
"Row311","pre","2026-06-10T21:24:19.300Z",1073,494,"Mario Pašalić",15,"MF","official","2026-05-18","Atalanta","Italy",85,12,"1995-02-09",31,1309
"Row312","pre","2026-06-10T21:24:19.300Z",1076,494,"Martin Baturina",16,"MF","official","2026-05-18","Como","Italy",19,1,"2003-02-16",23,2833
"Row313","pre","2026-06-10T21:24:19.300Z",1078,494,"Petar Sučić",17,"MF","official","2026-05-18","Inter","Italy",17,1,"2003-10-25",22,1685
"Row314","pre","2026-06-10T21:24:19.300Z",1080,494,"Toni Fruk",19,"MF","official","2026-05-18","HNK Rijeka","Croatia",7,1,"2001-03-09",25,12465
"Row315","pre","2026-06-10T21:24:19.300Z",1075,494,"Luka Sučić",21,"MF","official","2026-05-18","Real Sociedad","Spain",21,1,"2002-09-08",23,1762
"Row316","pre","2026-06-10T21:24:19.300Z",405,468,"Shurandy Sambo",2,"DF","official","2026-05-18","Sparta Rotterdam","Netherlands",8,0,"2001-08-19",24,5279
"Row317","pre","2026-06-10T21:24:19.300Z",401,468,"Jurien Gaari",3,"DF","official","2026-05-18","Abha","",60,1,"1993-12-23",32,22239
"Row318","pre","2026-06-10T21:24:19.300Z",402,468,"Roshon van Eijma",4,"DF","official","2026-05-18","RKC Waalwijk","Netherlands",28,1,"1998-06-09",28,22240
"Row319","pre","2026-06-10T21:24:19.300Z",403,468,"Sherel Constancio Floranus",5,"DF","official","2026-05-18","PEC Zwolle","Netherlands",28,0,"1998-08-23",27,5328
"Row320","pre","2026-06-10T21:24:19.300Z",406,468,"Armando Obispo",18,"DF","official","2026-05-18","PSV Eindhoven","Netherlands",6,0,"1999-03-05",27,3518
"Row321","pre","2026-06-10T21:24:19.300Z",404,468,"Joshua Brenet",20,"DF","official","2026-05-18","Kayserispor","Türkiye",18,2,"1994-03-20",32,5931
"Row322","pre","2026-06-10T21:24:19.300Z",407,468,"Riechedly Bazoer",23,"DF","official","2026-05-18","Konyaspor","Türkiye",5,0,"1996-10-12",29,6904
"Row323","pre","2026-06-10T21:24:19.300Z",408,468,"Deveron Fonville",24,"DF","official","2026-05-18","NEC Nijmegen","Netherlands",2,0,"2003-05-16",23,5451
"Row324","pre","2026-06-10T21:24:19.300Z",421,468,"Jürgen Locadia",9,"FW","official","2026-05-18","Miami FC","USA",13,1,"1993-11-07",32,22227
"Row325","pre","2026-06-10T21:24:19.300Z",419,468,"Jeremy Antonisse",11,"FW","official","2026-05-18","AE Kifisia","Greece",27,4,"2002-03-29",24,11253
"Row326","pre","2026-06-10T21:24:19.300Z",422,468,"Sontje Hansen",12,"FW","official","2026-05-18","Middlesbrough","England",6,1,"2002-05-18",24,5631
"Row327","pre","2026-06-10T21:24:19.300Z",415,468,"Tyrese Noslin",13,"FW","official","2026-05-18","SC Telstar","Netherlands",7,1,"2002-09-11",23,5431
"Row328","pre","2026-06-10T21:24:19.300Z",416,468,"Kenji Gorré",14,"FW","official","2026-05-18","Maccabi Haifa","Israel",38,6,"1994-09-29",31,22232
"Row329","pre","2026-06-10T21:24:19.300Z",420,468,"Jearl Margaritha",16,"FW","official","2026-05-18","SK Beveren","",22,5,"2000-04-10",26,22233
"Row330","pre","2026-06-10T21:24:19.300Z",417,468,"Brandley Kuwas",17,"FW","official","2026-05-18","FC Volendam","Netherlands",35,2,"1992-09-19",33,5413
"Row331","pre","2026-06-10T21:24:19.300Z",418,468,"Gervane Kastaneer",19,"FW","official","2026-05-18","Terengganu","",29,9,"1996-06-09",30,22229
"Row332","pre","2026-06-10T21:24:19.300Z",398,468,"Eloy Room",1,"GK","official","2026-05-18","Miami FC","USA",71,0,"1989-02-06",37,22241
"Row333","pre","2026-06-10T21:24:19.300Z",400,468,"Tyrick Bodak",25,"GK","official","2026-05-18","SC Telstar","Netherlands",4,0,"2002-02-15",24,5442
"Row334","pre","2026-06-10T21:24:19.300Z",399,468,"Trevor Iriving Doornbusch",26,"GK","official","2026-05-18","VVV-Venlo","Netherlands",8,0,"1999-07-06",26,22242
"Row335","pre","2026-06-10T21:24:19.300Z",411,468,"Godfried Roemeratoe",6,"MF","official","2026-05-18","RKC Waalwijk","Netherlands",28,1,"1999-08-19",26,22234
"Row336","pre","2026-06-10T21:24:19.300Z",410,468,"Juninho Bacuna",7,"MF","official","2026-05-18","FC Volendam","Netherlands",49,15,"1997-08-07",28,6672
"Row337","pre","2026-06-10T21:24:20.409Z",413,468,"Livano Comenencia",8,"MF","official","2026-05-18","FC Zürich","Switzerland",20,2,"2004-02-03",22,7715
"Row338","pre","2026-06-10T21:24:20.409Z",409,468,"Leandro Bacuna",10,"MF","official","2026-05-18","Iğdır FK","",72,16,"1991-08-21",34,22231
"Row339","pre","2026-06-10T21:24:20.409Z",414,468,"Ar'Jany Martha",15,"MF","official","2026-05-18","Rotherham United","England",9,2,"2003-09-04",22,22237
"Row340","pre","2026-06-10T21:24:20.409Z",423,468,"Tahith Chong",21,"MF","official","2026-05-18","Sheffield United","England",6,3,"1999-12-04",26,6073
"Row341","pre","2026-06-10T21:24:20.409Z",412,468,"Kevin Felida",22,"MF","official","2026-05-18","FC Den Bosch","Netherlands",19,1,"1999-11-11",26,22235
"Row342","pre","2026-06-10T21:24:20.409Z",7,930,"David Zima",2,"DF","official","2026-05-12","SK Slavia Praha","Czechia",25,1,"2000-11-08",25,3700
"Row343","pre","2026-06-10T21:24:20.409Z",5,930,"Tomáš Holeš",3,"DF","official","2026-05-12","SK Slavia Praha","Czechia",41,2,"1993-03-31",33,3710
"Row344","pre","2026-06-10T21:24:20.409Z",11,930,"Robin Hranáč",4,"DF","official","2026-05-12","TSG Hoffenheim","Germany",14,1,"2000-01-29",26,2378
"Row345","pre","2026-06-10T21:24:20.409Z",4,930,"Vladimír Coufal",5,"DF","official","2026-05-12","TSG Hoffenheim","Germany",62,2,"1992-08-22",33,2377
"Row346","pre","2026-06-10T21:24:20.409Z",12,930,"Štěpán Chaloupek",6,"DF","official","2026-05-12","SK Slavia Praha","Czechia",5,0,"2003-03-08",23,3701
"Row347","pre","2026-06-10T21:24:20.409Z",6,930,"Ladislav Krejčí",7,"DF","official","2026-05-12","Wolverhampton","England",27,5,"1999-04-20",27,3904
"Row348","pre","2026-06-10T21:24:20.409Z",9,930,"David Jurásek",14,"DF","official","2026-05-12","SK Slavia Praha","Czechia",18,1,"2000-08-07",25,5843
"Row349","pre","2026-06-10T21:24:20.409Z",8,930,"Jaroslav Zelený",20,"DF","official","2026-05-12","AC Sparta Praha","Czechia",23,0,"1992-08-20",33,26388
"Row350","pre","2026-06-10T21:24:20.409Z",10,930,"David Douděra",21,"DF","official","2026-05-12","SK Slavia Praha","Czechia",17,2,"1998-05-31",28,3705
"Row351","pre","2026-06-10T21:24:20.409Z",25,930,"Adam Hložek",9,"FW","official","2026-05-12","TSG Hoffenheim","Germany",43,5,"2002-07-25",23,5156
"Row352","pre","2026-06-10T21:24:20.409Z",24,930,"Patrik Schick",10,"FW","official","2026-05-12","Bayer 04 Leverkusen","Germany",53,26,"1996-01-24",30,2145
"Row353","pre","2026-06-10T21:24:20.409Z",26,930,"Jan Kuchta",11,"FW","official","2026-05-12","AC Sparta Praha","Czechia",31,3,"1997-01-08",29,26373
"Row354","pre","2026-06-10T21:24:20.409Z",28,930,"Mojmír Chytil",13,"FW","official","2026-05-12","SK Slavia Praha","Czechia",22,6,"1999-04-29",27,3712
"Row355","pre","2026-06-10T21:24:20.409Z",17,930,"Pavel Šulc",15,"FW","official","2026-05-12","Olympique Lyonnais","France",21,5,"2000-12-29",25,1112
"Row356","pre","2026-06-10T21:24:20.409Z",27,930,"Tomáš Chorý",19,"FW","official","2026-05-12","SK Slavia Praha","Czechia",22,7,"1995-01-26",31,3708
"Row357","pre","2026-06-10T21:24:20.409Z",23,930,"Denis Višinský",26,"FW","official","2026-05-12","FC Viktoria Plzeň","Czechia",2,1,"2003-03-21",23,3231
"Row358","pre","2026-06-10T21:24:20.409Z",1,930,"Matěj Kovář",1,"GK","official","2026-05-12","PSV Eindhoven","Netherlands",20,0,"2000-05-17",26,3502
"Row359","pre","2026-06-10T21:24:20.409Z",2,930,"Jindřich Staněk",16,"GK","official","2026-05-12","SK Slavia Praha","Czechia",14,0,"1996-04-27",30,3698
"Row360","pre","2026-06-10T21:24:20.409Z",3,930,"Lukáš Horníček",23,"GK","official","2026-05-12","Sporting Braga","Portugal",1,0,"2002-07-13",23,883
"Row361","pre","2026-06-10T21:24:20.409Z",14,930,"Vladimír Darida",8,"MF","official","2026-05-12","FC Hradec Králové","",79,8,"1990-08-08",35,53970
"Row362","pre","2026-06-10T21:24:20.409Z",18,930,"Lukáš Červ",12,"MF","official","2026-05-12","FC Viktoria Plzeň","Czechia",17,2,"2001-04-10",25,3224
"Row363","pre","2026-06-10T21:24:20.409Z",15,930,"Lukáš Provod",17,"MF","official","2026-05-12","SK Slavia Praha","Czechia",38,3,"1996-10-23",29,3706
"Row364","pre","2026-06-10T21:24:20.409Z",16,930,"Michal Sadílek",18,"MF","official","2026-05-12","SK Slavia Praha","Czechia",35,1,"1999-05-31",27,3703
"Row365","pre","2026-06-10T21:24:20.409Z",13,930,"Tomáš Souček",22,"MF","official","2026-05-12","West Ham United","England",90,17,"1995-02-27",31,1647
"Row366","pre","2026-06-10T21:24:20.409Z",1090,930,"Alexandr Sojka",24,"MF","official","2026-05-12","FC Viktoria Plzeň","Czechia",2,0,"2003-04-02",23,12264
"Row367","pre","2026-06-10T21:24:20.409Z",21,930,"Hugo Sochurek",25,"MF","official","2026-05-12","AC Sparta Praha","Czechia",1,0,"2008-06-07",18,26383
"Row368","pre","2026-06-10T21:24:20.409Z",978,648,"Aaron Wan-Bissaka",2,"DF","official","2026-05-18","West Ham United","England",11,0,"1997-11-26",28,1635
"Row369","pre","2026-06-10T21:24:20.409Z",979,648,"Steve Kapuadi",3,"DF","official","2026-05-18","Widzew Łódź","Poland",4,0,"1998-04-30",28,12599
"Row370","pre","2026-06-10T21:24:20.409Z",977,648,"Axel Tuanzebe",4,"DF","official","2026-05-18","Burnley","England",13,1,"1997-11-14",28,2375
"Row371","pre","2026-06-10T21:24:20.409Z",976,648,"Dylan Batubinsika",5,"DF","official","2026-05-18","AEL Novibet","Greece",14,1,"1996-02-15",30,11329
"Row372","pre","2026-06-10T21:24:20.409Z",975,648,"Joris Kayembe",12,"DF","official","2026-05-18","KRC Genk","Belgium",25,0,"1994-08-08",31,4161
"Row373","pre","2026-06-10T21:24:20.409Z",972,648,"Chancel Mbemba",22,"DF","official","2026-05-18","Lille","France",108,7,"1994-08-08",31,1456
"Row374","pre","2026-06-10T21:24:20.409Z",974,648,"Gedeon Kalulu",24,"DF","official","2026-05-18","Aris Limassol","",28,0,"1997-08-29",28,15422
"Row375","pre","2026-06-10T21:24:20.409Z",973,648,"Arthur Masuaku",26,"DF","official","2026-05-18","RC Lens","France",45,4,"1993-11-07",32,3903
"Row376","pre","2026-06-10T21:24:20.409Z",989,648,"Brian Cipenga",9,"FW","official","2026-05-18","CD Castellón","Spain",7,0,"1998-03-11",28,15424
"Row377","pre","2026-06-10T21:24:20.409Z",984,648,"Gaël Kakuta",11,"FW","official","2026-05-18","AEL Novibet","Greece",30,5,"1991-06-21",34,12165
"Row378","pre","2026-06-10T21:24:20.409Z",980,648,"Meschak Elia",13,"FW","official","2026-05-18","Alanyaspor","Türkiye",68,12,"1997-08-06",28,6729
"Row379","pre","2026-06-10T21:24:20.409Z",990,648,"Cédric Bakambu",17,"FW","official","2026-05-18","Real Betis","Spain",69,21,"1991-04-11",35,1588
"Row380","pre","2026-06-10T21:24:20.409Z",992,648,"Fiston Mayele",19,"FW","official","2026-05-18","Pyramids FC","Egypt",37,6,"1994-06-24",31,14724
"Row381","pre","2026-06-10T21:24:20.409Z",993,648,"Yoane Wissa",20,"FW","official","2026-05-18","Newcastle United","England",37,9,"1996-09-03",29,5140
"Row382","pre","2026-06-10T21:24:20.409Z",994,648,"Simon Banza",23,"FW","official","2026-05-18","Al-Jazira","",15,2,"1996-08-13",29,15423
"Row383","pre","2026-06-10T21:24:20.409Z",969,648,"Lionel Mpasi Nzau",1,"GK","official","2026-05-18","Le Havre","France",28,0,"1994-08-01",31,1442
"Row384","pre","2026-06-10T21:24:20.409Z",970,648,"Timothy Fayulu",16,"GK","official","2026-05-18","FC Noah","Armenia",3,0,"1999-07-24",26,15421
"Row385","pre","2026-06-10T21:24:20.409Z",971,648,"Matthieu Epolo",21,"GK","official","2026-05-18","Standard Liège","Belgium",1,0,"2005-01-15",21,7710
"Row386","pre","2026-06-10T21:24:20.409Z",988,648,"Ngal'ayel Mukau",6,"MF","official","2026-05-18","Lille","France",13,0,"2004-11-03",21,1453
"Row387","pre","2026-06-10T21:24:20.409Z",986,648,"Nathanaël Mbuku",7,"MF","official","2026-05-18","Montpellier","France",18,2,"2002-03-16",24,15420
"Row388","pre","2026-06-10T21:24:20.409Z",981,648,"Samuel Moutoussamy",8,"MF","official","2026-05-18","APS Atromitos Athinon","Greece",57,0,"1996-08-12",29,11283
"Row389","pre","2026-06-10T21:24:20.409Z",991,648,"Théo Bongonda",10,"MF","official","2026-05-18","FC Spartak Moscow","Russia",37,7,"1995-11-20",30,15419
"Row390","pre","2026-06-10T21:24:20.409Z",985,648,"Noah Sadiki",14,"MF","official","2026-05-18","Sunderland","England",19,0,"2004-12-17",21,349
"Row391","pre","2026-06-10T21:24:20.409Z",987,648,"Aaron Tshibola",15,"MF","official","2026-05-18","Kilmarnock","Scotland",16,1,"1994-12-31",31,8938
"Row392","pre","2026-06-10T21:24:20.409Z",983,648,"Charles Pickel",18,"MF","official","2026-05-18","Espanyol","Spain",34,1,"1997-05-15",29,1295
"Row393","pre","2026-06-10T21:24:20.409Z",982,648,"Edo Kayembe",25,"MF","official","2026-05-18","Watford","England",42,2,"1998-06-03",28,6695
"Row394","pre","2026-06-10T21:24:20.409Z",1432,472,"Félix Torres",2,"DF","official","2026-05-31","Internacional","Brazil",49,5,"1997-01-11",29,273
"Row395","pre","2026-06-10T21:24:20.409Z",1433,472,"Piero Hincapié",3,"DF","official","2026-05-31","Arsenal","England",52,3,"2002-01-09",24,445
"Row396","pre","2026-06-10T21:24:20.409Z",1434,472,"Joel Ordóñez",4,"DF","official","2026-05-31","Club Brugge KV","Belgium",17,0,"2004-04-21",22,3536
"Row397","pre","2026-06-10T21:24:20.409Z",1436,472,"Willian Pacho",6,"DF","official","2026-05-31","Paris Saint-Germain","France",34,2,"2001-10-16",24,2245
"Row398","pre","2026-06-10T21:24:20.409Z",1437,472,"Pervis Estupiñán",7,"DF","official","2026-05-31","AC Milan","Italy",54,5,"1998-01-21",28,2003
"Row399","pre","2026-06-10T21:24:20.409Z",1447,472,"Ángelo Preciado",17,"DF","official","2026-05-31","Atlético Mineiro","Brazil",55,0,"1998-02-18",28,12202
"Row400","pre","2026-06-10T21:24:20.409Z",1455,472,"Jackson Porozo",25,"DF","official","2026-05-31","Club Tijuana","Mexico",10,1,"2000-08-04",25,10286
"Row401","pre","2026-06-10T21:24:20.409Z",1454,472,"Yaimar Medina",26,"DF","official","2026-05-31","KRC Genk","Belgium",6,0,"2004-11-05",21,3125
"Row402","pre","2026-06-10T21:24:20.409Z",1439,472,"John Yeboah",9,"FW","official","2026-05-31","Venezia","Italy",23,3,"2000-06-23",25,16888
"Row403","pre","2026-06-10T21:24:20.409Z",1441,472,"Kevin Rodriguez",11,"FW","official","2026-05-31","Royale Union Saint-Gilloise","Belgium",31,2,"2000-03-04",26,3755
"Row404","pre","2026-06-10T21:24:20.409Z",1443,472,"Enner Valencia",13,"FW","official","2026-05-31","CF Pachuca","Mexico",105,49,"1989-11-04",36,4754
"Row405","pre","2026-06-10T21:24:20.409Z",1448,472,"Jordy Caicedo",16,"FW","official","2026-05-31","Huracán","",20,4,"1997-11-18",28,16891
"Row406","pre","2026-06-10T21:24:20.409Z",1449,472,"Gonzalo Plata",19,"FW","official","2026-05-31","Flamengo","Brazil",50,8,"2000-11-01",25,59
"Row407","pre","2026-06-10T21:24:20.409Z",1450,472,"Nilson Angulo",20,"FW","official","2026-05-31","Sunderland","England",14,2,"2003-06-19",22,7347
"Row408","pre","2026-06-10T21:24:20.409Z",1456,472,"Jeremy Arevalo",24,"FW","official","2026-05-31","VfB Stuttgart II U21","",4,0,"2005-03-19",21,8505
"Row409","pre","2026-06-10T21:24:20.409Z",1431,472,"Hernán Galíndez",1,"GK","official","2026-05-31","Huracán","",35,0,"1987-03-30",39,16887
"Row410","pre","2026-06-10T21:24:20.409Z",1442,472,"Moisés Ramírez",12,"GK","official","2026-05-31","AE Kifisia","Greece",7,0,"2000-09-09",25,11237
"Row411","pre","2026-06-10T21:24:20.409Z",1452,472,"Gonzalo Valle",22,"GK","official","2026-05-31","LDU","Ecuador",4,0,"1996-02-28",30,16890
"Row412","pre","2026-06-10T21:24:20.409Z",1435,472,"Jordy Alcivar",5,"MF","official","2026-05-31","Independiente del Valle","Ecuador",11,1,"1999-08-05",26,16889
"Row413","pre","2026-06-10T21:24:20.409Z",1446,472,"Anthony Valencia",8,"MF","official","2026-05-31","Royal Antwerp FC","Belgium",3,1,"2003-07-20",22,7314
"Row414","pre","2026-06-10T21:24:20.409Z",1440,472,"Kendry Páez",10,"MF","official","2026-05-31","River Plate","Argentina",26,2,"2007-05-04",19,1709
"Row415","pre","2026-06-10T21:24:20.409Z",1444,472,"Alan Minda",14,"MF","official","2026-05-31","Atlético Mineiro","Brazil",20,2,"2003-05-14",23,7284
"Row416","pre","2026-06-10T21:24:20.409Z",1445,472,"Pedro Vite",15,"MF","official","2026-05-31","Pumas UNAM","Mexico",17,1,"2002-03-09",24,9854
"Row417","pre","2026-06-10T21:24:20.409Z",1438,472,"Denil Castillo",18,"MF","official","2026-05-31","FC Midtjylland","Denmark",5,0,"2004-03-24",22,3249
"Row418","pre","2026-06-10T21:24:20.409Z",1451,472,"Alan Franco",21,"MF","official","2026-05-31","Atlético Mineiro","Brazil",58,1,"1998-08-21",27,7
"Row419","pre","2026-06-10T21:24:20.409Z",1453,472,"Moisés Caicedo",23,"MF","official","2026-05-31","Chelsea","England",61,3,"2001-11-02",24,1345
"Row420","pre","2026-06-10T21:24:20.409Z",589,478,"Yasser Ibrahim",2,"DF","official","2026-05-20","Al Ahly FC","Egypt",17,1,"1993-02-10",33,14678
"Row421","pre","2026-06-10T21:24:20.409Z",586,478,"Mohamed Magdy Afsha",3,"DF","official","2026-05-20","Al Ahly FC","Egypt",42,0,"1996-02-02",30,15834
"Row422","pre","2026-06-10T21:24:20.409Z",590,478,"Hossam Abdelmaguid",4,"DF","official","2026-05-20","Zamalek SC","",13,0,"2001-04-30",25,15373
"Row423","pre","2026-06-10T21:24:20.409Z",585,478,"Rami Rabia",5,"DF","official","2026-05-20","Al-Ain","",44,5,"1993-05-20",33,15355
"Row424","pre","2026-06-10T21:24:20.409Z",588,478,"Mohamed Abdelmonem",6,"DF","official","2026-05-20","Nice","France",36,3,"1999-02-01",27,16690
"Row425","pre","2026-06-10T21:24:20.409Z",1341,478,"Ahmed Fatouh",13,"DF","official","2026-05-20","Zamalek SC","",39,1,"1998-03-22",28,15374
"Row426","pre","2026-06-10T21:24:20.409Z",591,478,"Karim Hafez",15,"DF","official","2026-05-20","Pyramids FC","Egypt",9,0,"1996-03-12",30,14728
"Row427","pre","2026-06-10T21:24:20.409Z",592,478,"Tarek Alaa",24,"DF","official","2026-05-20","ZED FC","",3,0,"2002-01-05",24,15785
"Row428","pre","2026-06-10T21:24:20.409Z",600,478,"Mahmoud Trézéguet",7,"FW","official","2026-05-20","Al Ahly FC","Egypt",96,23,"1994-10-01",31,14684
"Row429","pre","2026-06-10T21:24:20.409Z",606,478,"Hamza Abdelkarim",9,"FW","official","2026-05-20","Barcelona U19","",2,0,"2008-01-01",18,15835
"Row430","pre","2026-06-10T21:24:20.409Z",599,478,"Mohamed Salah",10,"FW","official","2026-05-20","Liverpool FC","England",116,67,"1992-06-15",33,333
"Row431","pre","2026-06-10T21:24:20.409Z",604,478,"Haissem Hassan",12,"FW","official","2026-05-20","Real Oviedo","Spain",4,0,"2002-02-08",24,1971
"Row432","pre","2026-06-10T21:24:20.409Z",603,478,"Ibrahim Adel",20,"FW","official","2026-05-20","FC Nordsjælland","Denmark",24,3,"2001-04-23",25,15358
"Row433","pre","2026-06-10T21:24:20.409Z",602,478,"Omar Marmoush",22,"FW","official","2026-05-20","Manchester City","England",49,11,"1999-02-07",27,862
"Row434","pre","2026-06-10T21:24:20.409Z",601,478,"Zizo",25,"FW","official","2026-05-20","Al Ahly FC","Egypt",63,5,"1996-01-10",30,14682
"Row435","pre","2026-06-10T21:24:20.409Z",580,478,"Mohamed El-Shenawy",1,"GK","official","2026-05-20","Al Ahly FC","Egypt",76,0,"1988-12-18",37,14689
"Row436","pre","2026-06-10T21:24:20.409Z",583,478,"Mahdi Soliman",16,"GK","official","2026-05-20","Zamalek SC","",0,0,"1987-06-08",39,16692
"Row437","pre","2026-06-10T21:24:20.409Z",581,478,"Mostafa Shobeir",23,"GK","official","2026-05-20","Al Ahly FC","Egypt",9,0,"2000-03-17",26,14675
"Row438","pre","2026-06-10T21:24:20.409Z",594,478,"Emam Ashour",8,"MF","official","2026-05-20","Al Ahly FC","Egypt",29,0,"1998-02-20",28,14683
"Row439","pre","2026-06-10T21:24:20.409Z",598,478,"Mostafa Ziko",11,"MF","official","2026-05-20","Pyramids FC","Egypt",2,2,"1997-04-27",29,14729
"Row440","pre","2026-06-10T21:24:20.409Z",584,478,"Hamdy Fathy",14,"MF","official","2026-05-20","Al-Wakrah","",63,3,"1994-09-29",31,15354
"Row441","pre","2026-06-10T21:24:20.409Z",595,478,"Mohanad Lasheen",17,"MF","official","2026-05-20","Pyramids FC","Egypt",23,0,"1996-05-29",30,14721
"Row442","pre","2026-06-10T21:24:20.409Z",597,478,"Nabil Donga",18,"MF","official","2026-05-20","Al-Najma SC","Saudi Arabia",12,0,"1996-04-06",30,10608
"Row443","pre","2026-06-10T21:24:20.409Z",593,478,"Marwan Attia",19,"MF","official","2026-05-20","Al Ahly FC","Egypt",34,1,"1998-08-12",27,14681
"Row444","pre","2026-06-10T21:24:20.409Z",596,478,"Mahmoud Saber",21,"MF","official","2026-05-20","ZED FC","",15,1,"2001-07-30",24,15357
"Row445","pre","2026-06-10T21:24:20.409Z",1097,493,"Ezri Konsa",2,"DF","official","2026-05-22","Aston Villa","England",19,1,"1997-10-23",28,504
"Row446","pre","2026-06-10T21:24:20.409Z",1101,493,"Nico O'Reilly",3,"DF","official","2026-05-22","Manchester City","England",4,0,"2005-03-21",21,847
"Row447","pre","2026-06-10T21:24:20.409Z",1094,493,"John Stones",5,"DF","official","2026-05-22","Manchester City","England",88,3,"1994-05-28",32,854
"Row448","pre","2026-06-10T21:24:20.409Z",1095,493,"Marc Guéhi",6,"DF","official","2026-05-22","Manchester City","England",28,1,"2000-07-13",25,425
"Row449","pre","2026-06-10T21:24:20.409Z",1099,493,"Tino Livramento",12,"DF","official","2026-05-22","Newcastle United","England",6,0,"2002-11-12",23,699
"Row450","pre","2026-06-10T21:24:20.409Z",1098,493,"Dan Burn",15,"DF","official","2026-05-22","Newcastle United","England",7,0,"1992-05-09",34,701
"Row451","pre","2026-06-10T21:24:20.409Z",1096,493,"Reece James",24,"DF","official","2026-05-22","Chelsea","England",23,1,"1999-12-08",26,400
"Row452","pre","2026-06-10T21:24:20.409Z",1100,493,"Djed Spence",25,"DF","official","2026-05-22","Tottenham Hotspur","England",5,0,"2000-08-09",25,735
"Row453","pre","2026-06-10T21:24:20.409Z",1102,493,"Jarell Quansah",26,"DF","official","2026-05-22","Bayer 04 Leverkusen","Germany",2,0,"2003-01-29",23,2149
"Row454","pre","2026-06-10T21:24:20.409Z",1111,493,"Bukayo Saka",7,"FW","official","2026-05-22","Arsenal","England",48,14,"2001-09-05",24,455
"Row455","pre","2026-06-10T21:24:20.409Z",1109,493,"Harry Kane",9,"FW","official","2026-05-22","FC Bayern München","Germany",113,79,"1993-07-28",32,2466
"Row456","pre","2026-06-10T21:24:20.409Z",1110,493,"Marcus Rashford",11,"FW","official","2026-05-22","FC Barcelona","Spain",71,18,"1997-10-31",28,750
"Row457","pre","2026-06-10T21:24:20.409Z",1113,493,"Anthony Gordon",18,"FW","official","2026-05-22","Newcastle United","England",18,2,"2001-02-24",25,711
"Row458","pre","2026-06-10T21:24:20.409Z",1112,493,"Ollie Watkins",19,"FW","official","2026-05-22","Aston Villa","England",21,6,"1995-12-30",30,512
"Row459","pre","2026-06-10T21:24:20.409Z",1115,493,"Noni Madueke",20,"FW","official","2026-05-22","Arsenal","England",10,1,"2002-03-10",24,450
"Row460","pre","2026-06-10T21:24:20.409Z",1116,493,"Ivan Toney",22,"FW","official","2026-05-22","Al-Ahli","Saudi Arabia",8,1,"1996-03-16",30,8120
"Row461","pre","2026-06-10T21:24:20.409Z",1091,493,"Jordan Pickford",1,"GK","official","2026-05-22","Everton","England",83,0,"1994-03-07",32,803
"Row462","pre","2026-06-10T21:24:20.409Z",1092,493,"Dean Henderson",13,"GK","official","2026-05-22","Crystal Palace","England",4,0,"1997-03-12",29,422
"Row463","pre","2026-06-10T21:24:20.409Z",1093,493,"James Trafford",23,"GK","official","2026-05-22","Manchester City","England",2,0,"2002-10-10",23,858
"Row464","pre","2026-06-10T21:24:20.409Z",1104,493,"Declan Rice",4,"MF","official","2026-05-22","Arsenal","England",72,6,"1999-01-14",27,449
"Row465","pre","2026-06-10T21:24:20.409Z",1108,493,"Elliot Anderson",8,"MF","official","2026-05-22","Nottingham Forest","England",8,0,"2002-11-06",23,548
"Row466","pre","2026-06-10T21:24:20.409Z",1105,493,"Jude Bellingham",10,"MF","official","2026-05-22","Real Madrid","Spain",47,6,"2003-06-29",22,592
"Row467","pre","2026-06-10T21:24:20.409Z",1103,493,"Jordan Henderson",14,"MF","official","2026-05-22","Brentford","England",90,3,"1990-06-17",35,474
"Row468","pre","2026-06-10T21:24:20.409Z",1107,493,"Kobbie Mainoo",16,"MF","official","2026-05-22","Manchester United","England",13,0,"2005-04-19",21,1802
"Row469","pre","2026-06-10T21:24:20.409Z",1106,493,"Morgan Rogers",17,"MF","official","2026-05-22","Aston Villa","England",14,1,"2002-07-26",23,511
"Row470","pre","2026-06-10T21:24:20.409Z",1114,493,"Eberechi Eze",21,"MF","official","2026-05-22","Arsenal","England",16,3,"1998-06-29",27,454
"Row471","pre","2026-06-10T21:24:20.409Z",699,485,"Malo Gusto",2,"DF","official","2026-05-14","Chelsea","England",11,0,"2003-05-19",23,393
"Row472","pre","2026-06-10T21:24:20.409Z",692,485,"Lucas Digne",3,"DF","official","2026-05-14","Aston Villa","England",58,0,"1993-07-20",32,513
"Row473","pre","2026-06-10T21:24:20.409Z",696,485,"Dayot Upamecano",4,"DF","official","2026-05-14","FC Bayern München","Germany",38,2,"1998-10-27",27,3463
"Row474","pre","2026-06-10T21:24:20.409Z",693,485,"Jules Koundé",5,"DF","official","2026-05-14","FC Barcelona","Spain",48,0,"1998-11-12",27,739
"Row475","pre","2026-06-10T21:24:20.409Z",698,485,"Ibrahima Konaté",15,"DF","official","2026-05-14","Liverpool FC","England",28,0,"1999-05-25",27,324
"Row476","pre","2026-06-10T21:24:20.409Z",697,485,"William Saliba",17,"DF","official","2026-05-14","Arsenal","England",32,0,"2001-03-24",25,3460
"Row477","pre","2026-06-10T21:24:20.409Z",694,485,"Theo Hernández",19,"DF","official","2026-05-14","Al-Hilal","Saudi Arabia",44,2,"1997-10-06",28,7994
"Row478","pre","2026-06-10T21:24:20.409Z",695,485,"Lucas Hernández",21,"DF","official","2026-05-14","Paris Saint-Germain","France",42,0,"1996-02-14",30,2246
"Row479","pre","2026-06-10T21:24:20.409Z",700,485,"Maxence Lacroix",26,"DF","official","2026-05-14","Crystal Palace","England",4,0,"2000-04-06",26,424
"Row480","pre","2026-06-10T21:24:20.409Z",707,485,"Ousmane Dembélé",7,"FW","official","2026-05-14","Paris Saint-Germain","France",59,7,"1997-05-15",29,2253
"Row481","pre","2026-06-10T21:24:20.409Z",708,485,"Marcus Thuram",9,"FW","official","2026-05-14","Inter","Italy",34,3,"1997-08-06",28,1688
"Row482","pre","2026-06-10T21:24:20.409Z",706,485,"Kylian Mbappé",10,"FW","official","2026-05-14","Real Madrid","Spain",98,56,"1998-12-20",27,594
"Row483","pre","2026-06-10T21:24:20.409Z",710,485,"Michael Olise",11,"FW","official","2026-05-14","FC Bayern München","Germany",17,7,"2001-12-12",24,2467
"Row484","pre","2026-06-10T21:24:20.409Z",709,485,"Bradley Barcola",12,"FW","official","2026-05-14","Paris Saint-Germain","France",20,3,"2002-09-02",23,2261
"Row485","pre","2026-06-10T21:24:20.409Z",712,485,"Désiré Doué",20,"FW","official","2026-05-14","Paris Saint-Germain","France",7,2,"2005-06-03",21,4324
"Row486","pre","2026-06-10T21:24:20.409Z",714,485,"Jean-Philippe Mateta",22,"FW","official","2026-05-14","Crystal Palace","England",4,2,"1997-06-28",28,432
"Row487","pre","2026-06-10T21:24:20.409Z",690,485,"Brice Samba",1,"GK","official","2026-05-14","Stade Rennais","France",4,0,"1994-04-25",32,2801
"Row488","pre","2026-06-10T21:24:20.409Z",689,485,"Mike Maignan",16,"GK","official","2026-05-14","AC Milan","Italy",40,0,"1995-07-03",30,1987
"Row489","pre","2026-06-10T21:24:20.409Z",691,485,"Robin Risser",23,"GK","official","2026-05-14","RC Lens","France",0,0,"2004-12-02",21,1406
"Row490","pre","2026-06-10T21:24:20.409Z",704,485,"Manu Koné",6,"MF","official","2026-05-14","AS Roma","Italy",14,0,"2001-05-17",25,1064
"Row491","pre","2026-06-10T21:24:20.409Z",703,485,"Aurélien Tchouaméni",8,"MF","official","2026-05-14","Real Madrid","Spain",46,3,"2000-01-27",26,591
"Row492","pre","2026-06-10T21:24:20.409Z",701,485,"N'Golo Kanté",13,"MF","official","2026-05-14","Fenerbahçe","Türkiye",69,2,"1991-03-29",35,8155
"Row493","pre","2026-06-10T21:24:20.409Z",702,485,"Adrien Rabiot",14,"MF","official","2026-05-14","AC Milan","Italy",59,7,"1995-04-03",31,1994
"Row494","pre","2026-06-10T21:24:20.409Z",705,485,"Warren Zaïre-Emery",18,"MF","official","2026-05-14","Paris Saint-Germain","France",11,1,"2006-03-08",20,2243
"Row495","pre","2026-06-10T21:24:20.409Z",713,485,"Rayan Cherki",24,"MF","official","2026-05-14","Manchester City","England",7,2,"2003-08-17",22,856
"Row496","pre","2026-06-10T21:24:20.409Z",711,485,"Maghnes Akliouche",25,"MF","official","2026-05-14","AS Monaco","Monaco",9,1,"2002-02-25",24,2229
"Row497","pre","2026-06-10T21:24:20.409Z",427,467,"Antonio Rüdiger",2,"DF","official","2026-05-21","Real Madrid","Spain",82,3,"1993-03-03",33,588
"Row498","pre","2026-06-10T21:24:20.409Z",431,467,"Waldemar Anton",3,"DF","official","2026-05-21","Borussia Dortmund","Germany",13,0,"1996-07-20",29,2157
"Row499","pre","2026-06-10T21:24:20.409Z",428,467,"Jonathan Tah",4,"DF","official","2026-05-21","FC Bayern München","Germany",47,1,"1996-02-11",30,2459
"Row500","pre","2026-06-10T21:24:20.409Z",434,467,"Joshua Kimmich",6,"DF","official","2026-05-21","FC Bayern München","Germany",110,10,"1995-02-08",31,2461
"Row501","pre","2026-06-10T21:24:20.409Z",430,467,"Nico Schlotterbeck",15,"DF","official","2026-05-21","Borussia Dortmund","Germany",27,0,"1999-12-01",26,2158
"Row502","pre","2026-06-10T21:24:20.409Z",433,467,"Nathaniel Brown",18,"DF","official","2026-05-21","Eintracht Frankfurt","Germany",5,0,"2003-06-16",22,1350
"Row503","pre","2026-06-10T21:24:20.409Z",429,467,"David Raum",22,"DF","official","2026-05-21","RB Leipzig","Germany",37,1,"1998-04-22",28,2891
"Row504","pre","2026-06-10T21:24:20.409Z",432,467,"Malick Thiaw",24,"DF","official","2026-05-21","Newcastle United","England",5,0,"2001-08-08",24,700
"Row505","pre","2026-06-10T21:24:20.409Z",446,467,"Kai Havertz",7,"FW","official","2026-05-21","Arsenal","England",58,22,"1999-06-11",27,4941
"Row506","pre","2026-06-10T21:24:20.409Z",447,467,"Nick Woltemade",11,"FW","official","2026-05-21","Newcastle United","England",11,4,"2002-02-14",24,707
"Row507","pre","2026-06-10T21:24:20.409Z",449,467,"Maximilian Beier",14,"FW","official","2026-05-21","Borussia Dortmund","Germany",9,0,"2002-10-17",23,3915
"Row508","pre","2026-06-10T21:24:20.409Z",448,467,"Deniz Undav",26,"FW","official","2026-05-21","VfB Stuttgart","Germany",9,6,"1996-07-19",29,1620
"Row509","pre","2026-06-10T21:24:20.409Z",424,467,"Manuel Neuer",1,"GK","official","2026-05-21","FC Bayern München","Germany",124,0,"1986-03-27",40,2456
"Row510","pre","2026-06-10T21:24:20.409Z",425,467,"Oliver Baumann",12,"GK","official","2026-05-21","TSG Hoffenheim","Germany",13,0,"1990-06-02",36,2376
"Row511","pre","2026-06-10T21:24:20.409Z",426,467,"Alexander Nübel",21,"GK","official","2026-05-21","VfB Stuttgart","Germany",3,0,"1996-09-30",29,1609
"Row512","pre","2026-06-10T21:24:20.409Z",441,467,"Aleksandar Pavlović",5,"MF","official","2026-05-21","FC Bayern München","Germany",11,1,"2004-05-03",22,2462
"Row513","pre","2026-06-10T21:24:20.409Z",436,467,"Leon Goretzka",8,"MF","official","2026-05-21","FC Bayern München","Germany",70,15,"1995-02-06",31,2470
"Row514","pre","2026-06-10T21:24:20.409Z",444,467,"Jamie Leweling",9,"MF","official","2026-05-21","VfB Stuttgart","Germany",5,1,"2001-02-26",25,1621
"Row515","pre","2026-06-10T21:24:20.409Z",437,467,"Jamal Musiala",10,"MF","official","2026-05-21","FC Bayern München","Germany",42,9,"2003-02-26",23,8564
"Row516","pre","2026-06-10T21:24:20.409Z",439,467,"Pascal Groß",13,"MF","official","2026-05-21","Brighton & Hove Albion","England",18,1,"1991-06-15",34,2173
"Row517","pre","2026-06-10T21:24:20.409Z",442,467,"Angelo Stiller",16,"MF","official","2026-05-21","VfB Stuttgart","Germany",8,0,"2001-04-04",25,1622
"Row518","pre","2026-06-10T21:24:20.409Z",438,467,"Florian Wirtz",17,"MF","official","2026-05-21","Liverpool FC","England",41,11,"2003-05-03",23,330
"Row519","pre","2026-06-10T21:24:20.409Z",435,467,"Leroy Sané",19,"MF","official","2026-05-21","Galatasaray","Türkiye",76,17,"1996-01-11",30,3732
"Row520","pre","2026-06-10T21:24:20.409Z",440,467,"Nadiem Amiri",20,"MF","official","2026-05-21","1. FSV Mainz 05","Germany",11,1,"1996-10-27",29,3934
"Row521","pre","2026-06-10T21:24:20.409Z",443,467,"Felix Nmecha",23,"MF","official","2026-05-21","Borussia Dortmund","Germany",8,1,"2000-10-10",25,2160
"Row522","pre","2026-06-10T21:24:20.409Z",1465,467,"Assan Ouédraogo",25,"MF","official","2026-05-21","RB Leipzig","Germany",1,1,"2006-05-09",20,3854
"Row523","pre","2026-06-10T21:24:20.409Z",445,467,"Lennart Karl",25,"MF","official","2026-05-21","FC Bayern München","Germany",3,0,"2008-02-22",18,2463
"Row524","pre","2026-06-10T21:24:20.409Z",1213,495,"Alidu Seidu",2,"DF","official","2026-05-25","Stade Rennais","France",24,1,"2000-06-04",26,2817
"Row525","pre","2026-06-10T21:24:20.409Z",1215,495,"Jonas Adjei Adjetey",4,"DF","official","2026-05-25","VfL Wolfsburg","Germany",10,0,"2003-12-13",22,3146
"Row526","pre","2026-06-10T21:24:20.409Z",1216,495,"Abdul Mumin",6,"DF","official","2026-05-25","Rayo Vallecano","Spain",5,0,"1998-06-06",28,12045
"Row527","pre","2026-06-10T21:24:20.409Z",1211,495,"Gideon Mensah",14,"DF","official","2026-05-25","Auxerre","France",40,0,"1998-07-18",27,2095
"Row528","pre","2026-06-10T21:24:20.409Z",1286,495,"Rahman Baba",17,"DF","official","2026-05-25","PAOK","Greece",51,1,"1994-07-02",31,3268
"Row529","pre","2026-06-10T21:24:20.409Z",1214,495,"Jerome Opoku",18,"DF","official","2026-05-25","Başakşehir FK","Türkiye",11,1,"1998-10-14",27,6638
"Row530","pre","2026-06-10T21:24:20.409Z",1217,495,"Kojo Peprah Oppong",21,"DF","official","2026-05-25","Nice","France",4,0,"2004-06-04",22,1487
"Row531","pre","2026-06-10T21:24:20.409Z",1459,495,"Derrick Luckassen",23,"DF","official","2026-05-25","Pafos FC","Cyprus",1,0,"1995-07-03",30,3600
"Row532","pre","2026-06-10T21:24:20.409Z",1218,495,"Marvin Senaya",26,"DF","official","2026-05-25","Auxerre","France",2,0,"2001-01-28",25,4008
"Row533","pre","2026-06-10T21:24:21.526Z",1220,495,"Abdul Fatawu Issahaku",7,"FW","official","2026-05-25","Leicester City","England",28,3,"2004-03-08",22,6131
"Row534","pre","2026-06-10T21:24:21.526Z",1226,495,"Jordan Ayew",9,"FW","official","2026-05-25","Leicester City","England",120,34,"1991-09-11",34,6134
"Row535","pre","2026-06-10T21:24:21.526Z",1231,495,"Brandon Thomas-Asante",10,"FW","official","2026-05-25","Coventry City","England",8,1,"1998-12-29",27,6887
"Row536","pre","2026-06-10T21:24:21.526Z",1230,495,"Christopher Baah",13,"FW","official","2026-05-25","Al-Qadsiah","Saudi Arabia",9,0,"2004-12-14",21,8138
"Row537","pre","2026-06-10T21:24:21.526Z",1228,495,"Iñaki Williams",19,"FW","official","2026-05-25","Athletic Club","Spain",26,2,"1994-06-15",31,4436
"Row538","pre","2026-06-10T21:24:21.526Z",1221,495,"Kamaldeen Sulemana",22,"FW","official","2026-05-25","Atalanta","Italy",28,1,"2002-02-15",24,1310
"Row539","pre","2026-06-10T21:24:21.526Z",1229,495,"Ernest Nuamah",24,"FW","official","2026-05-25","Olympique Lyonnais","France",18,4,"2003-11-01",22,24027
"Row540","pre","2026-06-10T21:24:21.526Z",1287,495,"Prince Kwabena Adu",25,"FW","official","2026-05-25","FC Viktoria Plzeň","Czechia",5,0,"2003-09-23",22,3225
"Row541","pre","2026-06-10T21:24:21.526Z",1205,495,"Lawrence Ati Zigi",1,"GK","official","2026-05-25","FC St. Gallen 1879","Switzerland",29,0,"1996-11-29",29,7215
"Row542","pre","2026-06-10T21:24:21.526Z",1208,495,"Joseph Anang",12,"GK","official","2026-05-25","St. Patrick's Athletic","",1,0,"2000-01-08",26,16699
"Row543","pre","2026-06-10T21:24:21.526Z",1206,495,"Benjamin Asare",16,"GK","official","2026-05-25","Accra Hearts of Oak","",11,0,"1992-07-13",33,16698
"Row544","pre","2026-06-10T21:24:21.526Z",1223,495,"Caleb Yirenkyi",3,"MF","official","2026-05-25","FC Nordsjælland","Denmark",11,1,"2006-01-15",20,16696
"Row545","pre","2026-06-10T21:24:21.526Z",1219,495,"Thomas Partey",5,"MF","official","2026-05-25","Villarreal","Spain",57,15,"1993-06-13",32,1784
"Row546","pre","2026-06-10T21:24:21.526Z",1224,495,"Kwasi Sibo",8,"MF","official","2026-05-25","Real Oviedo","Spain",8,0,"1998-06-24",27,1984
"Row547","pre","2026-06-10T21:24:21.526Z",1227,495,"Antoine Semenyo",11,"MF","official","2026-05-25","Manchester City","England",34,3,"2000-01-07",26,792
"Row548","pre","2026-06-10T21:24:21.526Z",1222,495,"Elisha Owusu",15,"MF","official","2026-05-25","Auxerre","France",20,0,"1997-11-07",28,4009
"Row549","pre","2026-06-10T21:24:21.526Z",1225,495,"Augustine Boakye",20,"MF","official","2026-05-25","Saint-Étienne","France",0,0,"2000-11-03",25,29207
"Row550","pre","2026-06-10T21:24:21.526Z",260,465,"Carlens Arcus",2,"DF","official","2026-05-15","Angers","France",53,1,"1996-06-28",29,1387
"Row551","pre","2026-06-10T21:24:21.526Z",266,465,"Keeto Thermoncy",3,"DF","official","2026-05-15","Young Boys U21","",1,0,"2006-03-29",20,4152
"Row552","pre","2026-06-10T21:24:21.526Z",259,465,"Ricardo Adé",4,"DF","official","2026-05-15","LDU","Ecuador",59,2,"1990-05-21",36,17095
"Row553","pre","2026-06-10T21:24:21.526Z",265,465,"Hannes Delcroix",5,"DF","official","2026-05-15","FC Lugano","Switzerland",7,0,"1999-02-28",27,8568
"Row554","pre","2026-06-10T21:24:21.526Z",261,465,"Martin Expérience",8,"DF","official","2026-05-15","Nancy","France",21,0,"1999-03-09",27,17099
"Row555","pre","2026-06-10T21:24:21.526Z",263,465,"Duke Lacroix",13,"DF","official","2026-05-15","Colorado Springs Switchbacks FC","USA",16,3,"1993-10-14",32,17096
"Row556","pre","2026-06-10T21:24:21.526Z",262,465,"Jean-Kévin Duverne",22,"DF","official","2026-05-15","KAA Gent","Belgium",17,1,"1997-07-12",28,4809
"Row557","pre","2026-06-10T21:24:21.526Z",264,465,"Wilguens Paugain",24,"DF","official","2026-05-15","SV Zulte Waregem","Belgium",8,0,"2001-08-24",24,7495
"Row558","pre","2026-06-10T21:24:21.526Z",275,465,"Derrick Etienne",7,"FW","official","2026-05-15","Toronto FC","Canada",48,8,"1996-11-25",29,9553
"Row559","pre","2026-06-10T21:24:21.526Z",273,465,"Duckens Nazon",9,"FW","official","2026-05-15","Esteghlal FC","",78,44,"1994-04-07",32,17100
"Row560","pre","2026-06-10T21:24:21.526Z",276,465,"Louicius Don Deedson",11,"FW","official","2026-05-15","FC Dallas","USA",32,10,"2001-02-11",25,9717
"Row561","pre","2026-06-10T21:24:21.526Z",277,465,"Ruben Providence",15,"FW","official","2026-05-15","Almere City FC","Netherlands",15,3,"2001-07-07",24,17101
"Row562","pre","2026-06-10T21:24:21.526Z",281,465,"Lenny Joseph",16,"FW","official","2026-05-15","Ferencváros TC","Hungary",2,1,"2000-10-12",25,3439
"Row563","pre","2026-06-10T21:24:21.526Z",280,465,"Wilson Isidor",18,"FW","official","2026-05-15","Sunderland","England",4,2,"2000-08-27",25,353
"Row564","pre","2026-06-10T21:24:21.526Z",279,465,"Yassin Fortune",19,"FW","official","2026-05-15","Vizela","Portugal",4,0,"1999-01-30",27,17098
"Row565","pre","2026-06-10T21:24:21.526Z",274,465,"Frantzdy Pierrot",20,"FW","official","2026-05-15","Çaykur Rizespor","Türkiye",51,34,"1995-03-29",31,9020
"Row566","pre","2026-06-10T21:24:21.526Z",278,465,"Josué Casimir",21,"FW","official","2026-05-15","Auxerre","France",7,0,"2001-09-24",24,2103
"Row567","pre","2026-06-10T21:24:21.526Z",256,465,"Johny Placide",1,"GK","official","2026-05-15","Bastia","France",81,0,"1988-01-29",38,26638
"Row568","pre","2026-06-10T21:24:21.526Z",257,465,"Alexandre Pierre",12,"GK","official","2026-05-15","FC Sochaux 2","",15,0,"2001-02-25",25,17094
"Row569","pre","2026-06-10T21:24:21.526Z",258,465,"Josué Duverger",23,"GK","official","2026-05-15","FC Cosmos Koblenz","",6,0,"2000-04-27",26,17102
"Row570","pre","2026-06-10T21:24:21.526Z",269,465,"Carl Fred Sainté",6,"MF","official","2026-05-15","El Paso Locomotive FC","USA",26,0,"2002-08-09",23,17104
"Row571","pre","2026-06-10T21:24:21.526Z",270,465,"Jean-Ricner Bellegarde",10,"MF","official","2026-05-15","Wolverhampton","England",10,0,"1998-06-27",27,532
"Row572","pre","2026-06-10T21:24:21.526Z",267,465,"Leverton Pierre",14,"MF","official","2026-05-15","Vizela","Portugal",33,0,"1998-04-09",28,17097
"Row573","pre","2026-06-10T21:24:21.526Z",268,465,"Danley Jean Jacques",17,"MF","official","2026-05-15","Philadelphia Union","USA",30,6,"2000-05-20",26,9069
"Row574","pre","2026-06-10T21:24:21.526Z",272,465,"Dominique Simon",25,"MF","official","2026-05-15","1. FC Tatran Prešov","",2,0,"2000-07-29",25,59655
"Row575","pre","2026-06-10T21:24:21.526Z",271,465,"Woodensky Pierre",26,"MF","official","2026-05-15","Violette AC","",1,0,"2004-12-28",21,17105
"Row576","pre","2026-06-10T21:24:21.526Z",616,481,"Saleh Hardani",2,"DF","official","2026-05-16","Esteghlal FC","",18,1,"1998-12-26",27,16837
"Row577","pre","2026-06-10T21:24:21.526Z",1457,481,"Ehsan Hajsafi",3,"DF","official","2026-05-16","Sepahan S.C.","",146,7,"1990-02-25",36,16836
"Row578","pre","2026-06-10T21:24:21.526Z",615,481,"Shoja Khalilzadeh",4,"DF","official","2026-05-16","Tractor FC","",58,2,"1989-05-14",37,16830
"Row579","pre","2026-06-10T21:24:21.526Z",612,481,"Milad Mohammadi",5,"DF","official","2026-05-16","Persepolis FC","",76,1,"1993-09-29",32,16832
"Row580","pre","2026-06-10T21:24:21.526Z",614,481,"Hossein Kanaani",13,"DF","official","2026-05-16","Persepolis FC","",65,6,"1994-03-23",32,16829
"Row581","pre","2026-06-10T21:24:21.526Z",618,481,"Aria Yousefi",17,"DF","official","2026-05-16","Sepahan S.C.","",14,1,"2002-04-22",24,16828
"Row582","pre","2026-06-10T21:24:21.526Z",617,481,"Ali Nemati",19,"DF","official","2026-05-16","Foolad Khuzestan","",17,0,"1996-02-07",30,16831
"Row583","pre","2026-06-10T21:24:21.526Z",613,481,"Ramin Rezaeian",23,"DF","official","2026-05-16","Foolad Khuzestan","",74,8,"1990-03-21",36,16838
"Row584","pre","2026-06-10T21:24:21.526Z",619,481,"Danial Eiri",25,"DF","official","2026-05-16","Malavan Bandar Anzali FC","",0,0,"2003-10-26",22,59457
"Row585","pre","2026-06-10T21:24:21.526Z",630,481,"Mehdi Taremi",9,"FW","official","2026-05-16","Olympiacos FC","Greece",105,60,"1992-07-18",33,3487
"Row586","pre","2026-06-10T21:24:21.526Z",631,481,"Mehdi Ghayedi",10,"FW","official","2026-05-16","Al-Nasr Dubai","",30,10,"1998-12-05",27,55770
"Row587","pre","2026-06-10T21:24:21.526Z",633,481,"Ali Alipour",11,"FW","official","2026-05-16","Persepolis FC","",14,1,"1995-11-11",30,21423
"Row588","pre","2026-06-10T21:24:21.526Z",632,481,"Amirhossein Hosseinzadeh",18,"FW","official","2026-05-16","Tractor FC","",18,5,"2000-10-30",25,55326
"Row589","pre","2026-06-10T21:24:21.526Z",1458,481,"Shahriar Moghanlou",20,"FW","official","2026-05-16","Al-Ittihad Kalba","",21,2,"1994-12-21",31,55325
"Row590","pre","2026-06-10T21:24:21.526Z",636,481,"Dennis Eckert Ayensa",24,"FW","official","2026-05-16","Standard Liège","Belgium",0,0,"1997-01-09",29,7630
"Row591","pre","2026-06-10T21:24:21.526Z",607,481,"Alireza Beiranvand",1,"GK","official","2026-05-16","Tractor FC","",86,0,"1992-09-21",33,16827
"Row592","pre","2026-06-10T21:24:21.526Z",608,481,"Payam Niazmand",12,"GK","official","2026-05-16","Persepolis FC","",15,0,"1995-04-06",31,16841
"Row593","pre","2026-06-10T21:24:21.526Z",609,481,"Hossein Hosseini",22,"GK","official","2026-05-16","Sepahan S.C.","",13,0,"1992-06-30",33,16840
"Row594","pre","2026-06-10T21:24:21.526Z",621,481,"Saeid Ezatolahi",6,"MF","official","2026-05-16","Shabab Al-Ahli Dubai","",83,2,"1996-10-01",29,53951
"Row595","pre","2026-06-10T21:24:21.526Z",620,481,"Alireza Jahanbakhsh",7,"MF","official","2026-05-16","FCV Dender","Belgium",98,17,"1993-08-11",32,7605
"Row596","pre","2026-06-10T21:24:21.526Z",626,481,"Mohammad Mohebi",8,"MF","official","2026-05-16","FC Rostov","Russia",36,14,"1998-12-20",27,16834
"Row597","pre","2026-06-10T21:24:21.526Z",622,481,"Saman Ghoddos",14,"MF","official","2026-05-16","Al-Ittihad Kalba","",68,3,"1993-09-06",32,16833
"Row598","pre","2026-06-10T21:24:21.526Z",624,481,"Roozbeh Cheshmi",15,"MF","official","2026-05-16","Esteghlal FC","",40,3,"1993-07-24",32,55329
"Row599","pre","2026-06-10T21:24:21.526Z",623,481,"Mahdi Torabi",16,"MF","official","2026-05-16","Tractor FC","",52,7,"1994-09-10",31,53954
"Row600","pre","2026-06-10T21:24:21.526Z",627,481,"Mohammad Ghorbani",21,"MF","official","2026-05-16","Al-Wahda FC","",16,0,"2001-05-21",25,16835
"Row601","pre","2026-06-10T21:24:21.526Z",628,481,"Amirmohammad Razzaghinia",26,"MF","official","2026-05-16","Esteghlal FC","",4,0,"2006-04-11",20,16844
"Row602","pre","2026-06-10T21:24:21.526Z",719,933,"Rebin Sulaka",2,"DF","official","2026-05-19","Port FC","",55,1,"1992-04-12",34,54349
"Row603","pre","2026-06-10T21:24:21.526Z",722,933,"Hussein Ali",3,"DF","official","2026-05-19","Pogoń Szczecin","Poland",26,1,"2002-03-01",24,13840
"Row604","pre","2026-06-10T21:24:21.526Z",723,933,"Zaid Tahseen",4,"DF","official","2026-05-19","Pakhtakor Tashkent","",27,1,"2001-01-28",25,53947
"Row605","pre","2026-06-10T21:24:21.526Z",728,933,"Akam Hashem",5,"DF","official","2026-05-19","Al-Zawraa","",13,1,"1998-08-16",27,53948
"Row606","pre","2026-06-10T21:24:21.526Z",720,933,"Manaf Younis",6,"DF","official","2026-05-19","Al-Shorta","",33,1,"1996-11-16",29,59650
"Row607","pre","2026-06-10T21:24:21.526Z",729,933,"Ahmed Hasan Maknazi",15,"DF","official","2026-05-19","Al-Karma","",6,0,"2001-09-24",24,57036
"Row608","pre","2026-06-10T21:24:21.526Z",726,933,"Ahmed Yahya",15,"DF","official","2026-05-19","Al-Shorta","",19,0,"1995-07-01",30,53949
"Row609","pre","2026-06-10T21:24:21.526Z",721,933,"Merchas Doski",23,"DF","official","2026-05-19","FC Viktoria Plzeň","Czechia",31,1,"1999-12-07",26,3221
"Row610","pre","2026-06-10T21:24:21.526Z",727,933,"Mustafa Saadoon",25,"DF","official","2026-05-19","Al-Shorta","",16,0,"2001-05-25",25,53946
"Row611","pre","2026-06-10T21:24:21.526Z",724,933,"Frans Putros",26,"DF","official","2026-05-19","Persib Bandung","",27,0,"1993-07-14",32,54350
"Row612","pre","2026-06-10T21:24:21.526Z",747,933,"Ali Al-Hamadi",9,"FW","official","2026-05-19","Luton Town","England",19,5,"2002-03-01",24,7175
"Row613","pre","2026-06-10T21:24:21.526Z",746,933,"Mohanad Ali",10,"FW","official","2026-05-19","Dibba Al-Fujairah","",71,27,"2000-06-20",25,53950
"Row614","pre","2026-06-10T21:24:21.526Z",744,933,"Ahmed Qasem",11,"FW","official","2026-05-19","Nashville SC","USA",2,0,"2003-07-12",22,9358
"Row615","pre","2026-06-10T21:24:21.526Z",748,933,"Ali Yousif",13,"FW","official","2026-05-19","Al Talaba","",6,1,"1996-01-19",30,55741
"Row616","pre","2026-06-10T21:24:21.526Z",733,933,"Ali Jasim",17,"FW","official","2026-05-19","Al-Najma SC","Saudi Arabia",36,2,"2004-01-20",22,8100
"Row617","pre","2026-06-10T21:24:21.526Z",745,933,"Aymen Hussein",18,"FW","official","2026-05-19","Al Karma SC","",94,33,"1996-03-22",30,54107
"Row618","pre","2026-06-10T21:24:21.526Z",737,933,"Marko Farji",21,"FW","official","2026-05-19","Venezia","Italy",11,0,"2004-03-16",22,29732
"Row619","pre","2026-06-10T21:24:21.526Z",716,933,"Fahad Talib",1,"GK","official","2026-05-19","Al Talaba","",21,0,"1994-10-21",31,53945
"Row620","pre","2026-06-10T21:24:21.526Z",715,933,"Jalal Hassan",12,"GK","official","2026-05-19","Al-Zawraa","",101,0,"1991-05-18",35,54105
"Row621","pre","2026-06-10T21:24:21.526Z",717,933,"Ahmed Basil",22,"GK","official","2026-05-19","Al-Shorta","",15,0,"1996-08-19",29,54109
"Row622","pre","2026-06-10T21:24:21.526Z",734,933,"Youssef Amyn",7,"MF","official","2026-05-19","AEK Larnaca","Cyprus",26,2,"2003-08-21",22,12571
"Row623","pre","2026-06-10T21:24:21.526Z",731,933,"Ibrahim Bayesh",8,"MF","official","2026-05-19","Al-Dhafra","",75,8,"2000-05-01",26,8316
"Row624","pre","2026-06-10T21:24:21.526Z",735,933,"Zidane Iqbal",14,"MF","official","2026-05-19","Jong FC Utrecht","",24,2,"2003-04-27",23,4209
"Row625","pre","2026-06-10T21:24:21.526Z",732,933,"Amir Al-Ammari",16,"MF","official","2026-05-19","Cracovia","Poland",50,3,"1997-07-26",28,13848
"Row626","pre","2026-06-10T21:24:21.526Z",739,933,"Kevin Yakob",19,"MF","official","2026-05-19","AGF","",8,0,"2000-10-10",25,54111
"Row627","pre","2026-06-10T21:24:21.526Z",740,933,"Aimar Sher",20,"MF","official","2026-05-19","Sarpsborg 08","Norway",6,0,"2002-12-20",23,50255
"Row628","pre","2026-06-10T21:24:21.526Z",741,933,"Zaid Ismail",24,"MF","official","2026-05-19","Al Talaba","",6,0,"2002-01-03",24,59649
"Row629","pre","2026-06-10T21:24:21.526Z",484,470,"Yukinari Sugawara",2,"DF","official","2026-05-15","SV Werder Bremen","Germany",21,2,"2000-06-28",25,2497
"Row630","pre","2026-06-10T21:24:21.526Z",482,470,"Shogo Taniguchi",3,"DF","official","2026-05-15","Sint-Truidense VV","Belgium",38,1,"1991-07-15",34,7374
"Row631","pre","2026-06-10T21:24:21.526Z",481,470,"Ko Itakura",4,"DF","official","2026-05-15","AFC Ajax","Netherlands",40,2,"1997-01-27",29,3770
"Row632","pre","2026-06-10T21:24:21.526Z",479,470,"Yuto Nagatomo",5,"DF","official","2026-05-15","FC Tokyo","Japan",145,4,"1986-09-12",39,43687
"Row633","pre","2026-06-10T21:24:21.526Z",486,470,"Tsuyoshi Watanabe",16,"DF","official","2026-05-15","Feyenoord","Netherlands",11,0,"1997-02-05",29,3363
"Row634","pre","2026-06-10T21:24:21.526Z",485,470,"Ayumu Seko",20,"DF","official","2026-05-15","Le Havre","France",14,0,"2000-06-07",26,1431
"Row635","pre","2026-06-10T21:24:21.526Z",483,470,"Hiroki Itō",21,"DF","official","2026-05-15","FC Bayern München","Germany",24,1,"1999-05-12",27,2474
"Row636","pre","2026-06-10T21:24:21.526Z",480,470,"Takehiro Tomiyasu",22,"DF","official","2026-05-15","AFC Ajax","Netherlands",43,1,"1998-11-05",27,8740
"Row637","pre","2026-06-10T21:24:21.526Z",487,470,"Junnosuke Suzuki",25,"DF","official","2026-05-15","FC København","Denmark",6,0,"2003-07-12",22,3558
"Row638","pre","2026-06-10T21:24:21.526Z",500,470,"Keisuke Goto",9,"FW","official","2026-05-15","Sint-Truidense VV","Belgium",4,0,"2005-06-03",21,7392
"Row639","pre","2026-06-10T21:24:21.526Z",496,470,"Ayase Ueda",18,"FW","official","2026-05-15","Feyenoord","Netherlands",39,16,"1998-08-28",27,3369
"Row640","pre","2026-06-10T21:24:21.526Z",498,470,"Koki Ogawa",19,"FW","official","2026-05-15","NEC Nijmegen","Netherlands",15,11,"1997-08-08",28,5458
"Row641","pre","2026-06-10T21:24:21.526Z",501,470,"Kento Shiogai",26,"FW","official","2026-05-15","VfL Wolfsburg","Germany",2,0,"2005-03-26",21,5459
"Row642","pre","2026-06-10T21:24:21.526Z",476,470,"Zion Suzuki",1,"GK","official","2026-05-15","Parma","Italy",24,0,"2002-08-21",23,4055
"Row643","pre","2026-06-10T21:24:21.526Z",477,470,"Osako Keisuke",12,"GK","official","2026-05-15","Sanfrecce Hiroshima","Japan",11,0,"1999-07-28",26,16973
"Row644","pre","2026-06-10T21:24:21.526Z",478,470,"Tomoki Hayakawa",23,"GK","official","2026-05-15","Kashima Antlers","Japan",4,0,"1999-03-03",27,16972
"Row645","pre","2026-06-10T21:24:21.526Z",488,470,"Wataru Endo",6,"MF","official","2026-05-15","Liverpool FC","England",73,4,"1993-02-09",33,339
"Row646","pre","2026-06-10T21:24:21.526Z",493,470,"Ao Tanaka",7,"MF","official","2026-05-15","Leeds United","England",38,8,"1998-09-10",27,367
"Row647","pre","2026-06-10T21:24:21.526Z",492,470,"Takefusa Kubo",8,"MF","official","2026-05-15","Real Sociedad","Spain",49,7,"2001-06-04",25,1748
"Row648","pre","2026-06-10T21:24:21.526Z",490,470,"Ritsu Doan",10,"MF","official","2026-05-15","Eintracht Frankfurt","Germany",65,11,"1998-06-16",27,1353
"Row649","pre","2026-06-10T21:24:21.526Z",497,470,"Daizen Maeda",11,"MF","official","2026-05-15","Celtic","Scotland",27,4,"1997-10-20",28,3393
"Row650","pre","2026-06-10T21:24:21.526Z",494,470,"Keito Nakamura",13,"MF","official","2026-05-15","Stade de Reims","France",25,10,"2000-07-28",25,16971
"Row651","pre","2026-06-10T21:24:21.526Z",489,470,"Junya Ito",14,"MF","official","2026-05-15","KRC Genk","Belgium",69,15,"1993-03-09",33,4564
"Row652","pre","2026-06-10T21:24:21.526Z",491,470,"Daichi Kamada",15,"MF","official","2026-05-15","Crystal Palace","England",49,12,"1996-08-05",29,430
"Row653","pre","2026-06-10T21:24:21.526Z",499,470,"Yuito Suzuki",17,"MF","official","2026-05-15","SC Freiburg","Germany",6,0,"2001-10-25",24,1180
"Row654","pre","2026-06-10T21:24:21.526Z",495,470,"Kaishu Sano",24,"MF","official","2026-05-15","1. FSV Mainz 05","Germany",13,0,"2000-12-30",25,1196
"Row655","pre","2026-06-10T21:24:21.526Z",900,484,"Mohammad Ali Hasheesh",2,"DF","official","2026-05-17","Al Karma SC","",56,1,"1995-05-09",31,16707
"Row656","pre","2026-06-10T21:24:21.526Z",890,484,"Abdallah Nasib",3,"DF","official","2026-05-17","Al-Zawraa","",65,3,"1994-02-25",32,16701
"Row657","pre","2026-06-10T21:24:21.526Z",892,484,"Husam Ali Mohammad Abudahab",4,"DF","official","2026-05-17","Al Faisaly SC","",18,0,"2000-05-13",26,55288
"Row658","pre","2026-06-10T21:24:21.526Z",889,484,"Yazan Al-Arab",5,"DF","official","2026-05-17","FC Seoul","South Korea",80,3,"1996-01-31",30,16702
"Row659","pre","2026-06-10T21:24:21.526Z",893,484,"Mo Abualnadi",16,"DF","official","2026-05-17","Selangor FC","",18,0,"2001-02-08",25,16717
"Row660","pre","2026-06-10T21:24:21.526Z",894,484,"Saleem Obaid",17,"DF","official","2026-05-17","Al-Hussein Irbid","",11,0,"1992-01-17",34,16718
"Row661","pre","2026-06-10T21:24:21.526Z",906,484,"Mohammad Taha",18,"DF","official","2026-05-17","Al-Hussein","",2,0,"2005-07-13",20,16721
"Row662","pre","2026-06-10T21:24:21.526Z",891,484,"Saad Al Rousan",19,"DF","official","2026-05-17","Al-Hussein Irbid","",21,2,"1997-02-01",29,56086
"Row663","pre","2026-06-10T21:24:21.526Z",888,484,"Ehsan Haddad",23,"DF","official","2026-05-17","Al-Hussein Irbid","",92,2,"1994-02-05",32,55790
"Row664","pre","2026-06-10T21:24:21.526Z",896,484,"Anas Badawi",26,"DF","official","2026-05-17","Al Faisaly SC","",1,0,"1997-09-13",28,58917
"Row665","pre","2026-06-10T21:24:21.526Z",910,484,"Mohammad Abu Zrayq",7,"FW","official","2026-05-17","Raja Club Athletic","Morocco",41,5,"1997-12-30",28,16715
"Row666","pre","2026-06-10T21:24:21.526Z",909,484,"Ali Olwan",9,"FW","official","2026-05-17","Al-Sailiya","",66,29,"2000-03-26",26,55283
"Row667","pre","2026-06-10T21:24:21.526Z",907,484,"Mousa Tamari",10,"FW","official","2026-05-17","Stade Rennais","France",92,24,"1997-06-10",29,2809
"Row668","pre","2026-06-10T21:24:21.526Z",912,484,"Odeh Fakhoury",11,"FW","official","2026-05-17","Pyramids FC","Egypt",10,1,"2005-11-20",20,14727
"Row669","pre","2026-06-10T21:24:21.526Z",908,484,"Mahmoud Al-Mardi",13,"FW","official","2026-05-17","Al-Hussein Irbid","",89,9,"1993-10-06",32,16713
"Row670","pre","2026-06-10T21:24:21.526Z",911,484,"Ibrahim Sabra",18,"FW","official","2026-05-17","NK Lokomotiva Zagreb","",9,1,"2006-02-01",20,5716
"Row671","pre","2026-06-10T21:24:21.526Z",913,484,"Ali Al Azaizah",24,"FW","official","2026-05-17","Al-Shabab","Saudi Arabia",4,0,"2004-04-13",22,8821
"Row672","pre","2026-06-10T21:24:21.526Z",884,484,"Yazeed Abu Laila",1,"GK","official","2026-05-17","Al-Hussein Irbid","",76,0,"1993-01-08",33,16700
"Row673","pre","2026-06-10T21:24:21.526Z",886,484,"Noureddin Bani Ateyah",12,"GK","official","2026-05-17","Al Faisaly SC","",5,0,"1993-01-25",33,59396
"Row674","pre","2026-06-10T21:24:21.526Z",885,484,"Abdallah Al-Fakhouri",22,"GK","official","2026-05-17","Al-Wehdat","",11,0,"2000-01-22",26,16709
"Row675","pre","2026-06-10T21:24:21.526Z",903,484,"Amer Jamous",6,"MF","official","2026-05-17","Al-Zawraa","",19,1,"2002-07-03",23,16714
"Row676","pre","2026-06-10T21:24:21.526Z",898,484,"Noor Al-Deen Al Rawabdeh",8,"MF","official","2026-05-17","Selangor FC","",68,3,"1997-02-24",29,16705
"Row677","pre","2026-06-10T21:24:21.526Z",897,484,"Rajaei Ayed",14,"MF","official","2026-05-17","Al-Hussein Irbid","",72,0,"1993-07-25",32,55792
"Row678","pre","2026-06-10T21:24:21.526Z",899,484,"Ibrahim Sadeh",15,"MF","official","2026-05-17","Al Karma SC","",57,3,"2000-04-26",26,16706
"Row679","pre","2026-06-10T21:24:21.526Z",902,484,"Mohannad Abu Taha",20,"MF","official","2026-05-17","Al-Quwa Al-Jawiya","",29,1,"2003-02-02",23,16710
"Row680","pre","2026-06-10T21:24:21.526Z",901,484,"Nizar Mahmoud Al-Rashdan",21,"MF","official","2026-05-17","Qatar SC","",47,4,"1999-03-23",27,16711
"Row681","pre","2026-06-10T21:24:21.526Z",904,484,"Mohammad Al Daoud",25,"MF","official","2026-05-17","Al-Wehdat","",13,1,"1992-04-12",34,16720
"Row682","pre","2026-06-10T21:24:21.526Z",38,451,"Jorge Sánchez",2,"DF","official","2026-05-12","PAOK","Greece",59,3,"1997-12-10",28,10045
"Row683","pre","2026-06-10T21:24:21.526Z",37,451,"César Montes",3,"DF","official","2026-05-12","Lokomotiv Moscow","Russia",67,4,"1997-02-24",29,17092
"Row684","pre","2026-06-10T21:24:21.526Z",53,451,"Edson Álvarez",4,"DF","official","2026-05-12","Fenerbahçe","Türkiye",98,7,"1997-10-24",28,3411
"Row685","pre","2026-06-10T21:24:21.526Z",39,451,"Johan Vásquez",5,"DF","official","2026-05-12","Genoa","Italy",46,3,"1998-10-22",27,2591
"Row686","pre","2026-06-10T21:24:21.526Z",40,451,"Israel Reyes",15,"DF","official","2026-05-12","Club América","Mexico",34,2,"2000-05-23",26,10107
"Row687","pre","2026-06-10T21:24:21.526Z",43,451,"Mateo Chávez",20,"DF","official","2026-05-12","AZ Alkmaar","Netherlands",10,0,"2004-05-12",22,5481
"Row688","pre","2026-06-10T21:24:21.526Z",36,451,"Jesús Gallardo",23,"DF","official","2026-05-12","CD Toluca","Mexico",121,3,"1994-08-15",31,10088
"Row689","pre","2026-06-10T21:24:21.526Z",77,451,"Raúl Jiménez",9,"FW","official","2026-05-12","Fulham","England",124,45,"1991-05-05",35,833
"Row690","pre","2026-06-10T21:24:21.526Z",78,451,"Alexis Vega",10,"FW","official","2026-05-12","CD Toluca","Mexico",52,7,"1997-11-25",28,10406
"Row691","pre","2026-06-10T21:24:21.526Z",79,451,"Santiago Giménez",11,"FW","official","2026-05-12","AC Milan","Italy",47,6,"2001-04-18",25,4328
"Row692","pre","2026-06-10T21:24:21.526Z",84,451,"Armando González",14,"FW","official","2026-05-12","CD Guadalajara","Mexico",7,1,"2003-04-20",23,10171
"Row693","pre","2026-06-10T21:24:21.526Z",81,451,"Julián Quiñones",16,"FW","official","2026-05-12","Al-Qadsiah","Saudi Arabia",22,2,"1997-03-24",29,8296
"Row694","pre","2026-06-10T21:24:21.526Z",80,451,"César Huerta",21,"FW","official","2026-05-12","RSC Anderlecht","Belgium",26,3,"2000-12-03",25,7775
"Row695","pre","2026-06-10T21:24:21.526Z",83,451,"Guillermo Martínez",22,"FW","official","2026-05-12","Pumas UNAM","Mexico",12,3,"1995-03-15",31,10462
"Row696","pre","2026-06-10T21:24:21.526Z",56,451,"Roberto Alvarado",25,"FW","official","2026-05-12","CD Guadalajara","Mexico",67,5,"1998-09-07",27,10169
"Row697","pre","2026-06-10T21:24:21.526Z",31,451,"Raúl Rangel",1,"GK","official","2026-05-12","CD Guadalajara","Mexico",14,0,"2000-02-25",26,10161
"Row698","pre","2026-06-10T21:24:21.526Z",32,451,"Carlos Acevedo",12,"GK","official","2026-05-12","Santos Laguna","Mexico",7,0,"1996-04-19",30,10000
"Row699","pre","2026-06-10T21:24:21.526Z",30,451,"Guillermo Ochoa",13,"GK","official","2026-05-12","AEL Limassol","",152,0,"1985-07-13",40,17093
"Row700","pre","2026-06-10T21:24:22.616Z",61,451,"Erik Lira",6,"MF","official","2026-05-12","Cruz Azul","Mexico",25,0,"2000-05-08",26,10043
"Row701","pre","2026-06-10T21:24:22.616Z",57,451,"Luis Romo",7,"MF","official","2026-05-12","CD Guadalajara","Mexico",63,4,"1995-07-05",30,10370
"Row702","pre","2026-06-10T21:24:22.616Z",71,451,"Álvaro Fidalgo",8,"MF","official","2026-05-12","Real Betis","Spain",4,0,"1997-04-09",29,9008
"Row703","pre","2026-06-10T21:24:22.616Z",54,451,"Orbelín Pineda",17,"MF","official","2026-05-12","AEK Athens","Greece",92,12,"1996-03-24",30,11161
"Row704","pre","2026-06-10T21:24:22.616Z",67,451,"Obed Vargas",18,"MF","official","2026-05-12","Atlético Madrid","Spain",6,0,"2005-08-05",20,9006
"Row705","pre","2026-06-10T21:24:22.616Z",66,451,"Gilberto Mora",19,"MF","official","2026-05-12","Club Tijuana","Mexico",8,0,"2008-10-14",17,10424
"Row706","pre","2026-06-10T21:24:22.616Z",58,451,"Luis Chávez",24,"MF","official","2026-05-12","Dynamo Moscow","",45,5,"1996-01-15",30,52798
"Row707","pre","2026-06-10T21:24:22.616Z",64,451,"Brian Gutiérrez",26,"MF","official","2026-05-12","CD Guadalajara","Mexico",7,2,"2003-06-17",22,9355
"Row708","pre","2026-06-10T21:24:22.616Z",1237,464,"Achraf Hakimi",2,"DF","official","2026-05-26","Paris Saint-Germain","France",96,11,"1998-11-04",27,4241
"Row709","pre","2026-06-10T21:24:22.616Z",1239,464,"Noussair Mazraoui",3,"DF","official","2026-05-26","Manchester United","England",45,2,"1997-11-14",28,1799
"Row710","pre","2026-06-10T21:24:22.616Z",1238,464,"Nayef Aguerd",5,"DF","official","2026-05-26","Olympique de Marseille","France",64,2,"1996-03-30",30,1925
"Row711","pre","2026-06-10T21:24:22.616Z",1244,464,"Zakaria El Ouahdi",13,"DF","official","2026-05-26","KRC Genk","Belgium",3,0,"2001-12-31",24,3122
"Row712","pre","2026-06-10T21:24:22.616Z",1243,464,"Issa Diop",14,"DF","official","2026-05-26","Fulham","England",4,0,"1997-01-09",29,4377
"Row713","pre","2026-06-10T21:24:22.616Z",1242,464,"Chadi Riad",18,"DF","official","2026-05-26","Crystal Palace","England",6,1,"2003-03-17",23,8593
"Row714","pre","2026-06-10T21:24:22.616Z",1240,464,"Youssef Belammari",19,"DF","official","2026-05-26","Al Ahly FC","Egypt",19,0,"1998-09-20",27,14679
"Row715","pre","2026-06-10T21:24:22.616Z",1245,464,"Redouane Halhal",25,"DF","official","2026-05-26","KV Mechelen","Belgium",3,0,"2003-03-05",23,7757
"Row716","pre","2026-06-10T21:24:22.616Z",1241,464,"Anass Salah-Eddine",26,"DF","official","2026-05-26","PSV Eindhoven","Netherlands",9,0,"2002-01-18",24,3506
"Row717","pre","2026-06-10T21:24:22.616Z",1255,464,"Soufiane Rahimi",9,"FW","official","2026-05-26","Al-Ain","",37,12,"1996-06-02",30,15371
"Row718","pre","2026-06-10T21:24:22.616Z",1256,464,"Brahim Díaz",10,"FW","official","2026-05-26","Real Madrid","Spain",26,14,"1999-08-03",26,598
"Row719","pre","2026-06-10T21:24:22.616Z",1254,464,"Abdessamad Ezzalzouli",17,"FW","official","2026-05-26","Real Betis","Spain",37,2,"2001-12-17",24,1577
"Row720","pre","2026-06-10T21:24:22.616Z",1253,464,"Ayoub El Kaabi",20,"FW","official","2026-05-26","Olympiacos FC","Greece",71,35,"1993-06-25",32,3486
"Row721","pre","2026-06-10T21:24:22.616Z",1259,464,"Ayoube Amaimouni Echghouyab",21,"FW","official","2026-05-26","Eintracht Frankfurt","Germany",2,0,"2004-11-30",21,8503
"Row722","pre","2026-06-10T21:24:22.616Z",1234,464,"Bono",1,"GK","official","2026-05-26","Al-Hilal","Saudi Arabia",90,0,"1991-04-05",35,7990
"Row723","pre","2026-06-10T21:24:22.616Z",1235,464,"Munir El Kajoui",12,"GK","official","2026-05-26","RS Berkane","Morocco",53,0,"1989-05-10",37,15369
"Row724","pre","2026-06-10T21:24:22.616Z",1236,464,"Ahmed Reda Tagnaouti",22,"GK","official","2026-05-26","AS FAR Rabat","Morocco",3,0,"1996-04-05",30,14734
"Row725","pre","2026-06-10T21:24:22.616Z",1246,464,"Sofyan Amrabat",4,"MF","official","2026-05-26","Real Betis","Spain",75,0,"1996-08-21",29,2985
"Row726","pre","2026-06-10T21:24:22.616Z",1252,464,"Ayyoub Bouaddi",6,"MF","official","2026-05-26","Lille","France",3,0,"2007-10-02",18,1451
"Row727","pre","2026-06-10T21:24:22.616Z",1257,464,"Chemsdine Talbi",7,"MF","official","2026-05-26","Sunderland","England",5,0,"2005-05-09",21,350
"Row728","pre","2026-06-10T21:24:22.616Z",1247,464,"Azzedine Ounahi",8,"MF","official","2026-05-26","Girona FC","Spain",49,9,"2000-04-19",26,1044
"Row729","pre","2026-06-10T21:24:22.616Z",1249,464,"Ismael Saibari",11,"MF","official","2026-05-26","PSV Eindhoven","Netherlands",31,9,"2001-01-28",25,3511
"Row730","pre","2026-06-10T21:24:22.616Z",1251,464,"Samir El Mourabet",15,"MF","official","2026-05-26","RC Strasbourg","France",4,0,"2005-10-06",20,1706
"Row731","pre","2026-06-10T21:24:22.616Z",1258,464,"Gessime Yassine",16,"MF","official","2026-05-26","RC Strasbourg","France",5,0,"2005-11-22",20,8630
"Row732","pre","2026-06-10T21:24:22.616Z",1248,464,"Bilal El Khannouss",23,"MF","official","2026-05-26","VfB Stuttgart","Germany",37,3,"2004-05-10",22,1619
"Row733","pre","2026-06-10T21:24:22.616Z",1250,464,"Neil El Aynaoui",24,"MF","official","2026-05-26","AS Roma","Italy",16,2,"2001-07-02",24,1070
"Row734","pre","2026-06-10T21:24:22.616Z",1321,469,"Jurriën Timber",2,"DF","official","2026-05-27","Arsenal","England",24,0,"2001-06-17",24,453
"Row735","pre","2026-06-10T21:24:22.616Z",1468,469,"Lutsharel Geertruida",2,"DF","official","2026-05-27","Sunderland","England",21,0,"2000-07-18",25,354
"Row736","pre","2026-06-10T21:24:22.616Z",1318,469,"Virgil van Dijk",4,"DF","official","2026-05-27","Liverpool FC","England",92,12,"1991-07-08",34,325
"Row737","pre","2026-06-10T21:24:22.616Z",1320,469,"Nathan Aké",5,"DF","official","2026-05-27","Manchester City","England",59,5,"1995-02-18",31,857
"Row738","pre","2026-06-10T21:24:22.616Z",1324,469,"Jan Paul van Hecke",6,"DF","official","2026-05-27","Brighton & Hove Albion","England",12,0,"2000-06-08",26,484
"Row739","pre","2026-06-10T21:24:22.616Z",1323,469,"Mats Wieffer",12,"DF","official","2026-05-27","Brighton & Hove Albion","England",15,1,"1999-11-16",26,483
"Row740","pre","2026-06-10T21:24:22.616Z",1322,469,"Micky van de Ven",15,"DF","official","2026-05-27","Tottenham Hotspur","England",21,1,"2001-04-19",25,736
"Row741","pre","2026-06-10T21:24:22.616Z",1319,469,"Denzel Dumfries",22,"DF","official","2026-05-27","Inter","Italy",72,11,"1996-04-18",30,3981
"Row742","pre","2026-06-10T21:24:22.616Z",1325,469,"Jorrel Hato",25,"DF","official","2026-05-27","Chelsea","England",8,0,"2006-03-07",20,401
"Row743","pre","2026-06-10T21:24:22.616Z",1335,469,"Wout Weghorst",9,"FW","official","2026-05-27","AFC Ajax","Netherlands",52,14,"1992-08-07",33,3775
"Row744","pre","2026-06-10T21:24:22.616Z",1334,469,"Memphis Depay",10,"FW","official","2026-05-27","Corinthians","Brazil",109,55,"1994-02-13",32,3940
"Row745","pre","2026-06-10T21:24:22.616Z",1337,469,"Cody Gakpo",11,"FW","official","2026-05-27","Liverpool FC","England",50,21,"1999-05-07",27,331
"Row746","pre","2026-06-10T21:24:22.616Z",1338,469,"Noa Lang",17,"FW","official","2026-05-27","Galatasaray","Türkiye",15,3,"1999-06-17",26,1092
"Row747","pre","2026-06-10T21:24:22.616Z",1336,469,"Donyell Malen",18,"FW","official","2026-05-27","AS Roma","Italy",53,13,"1999-01-19",27,515
"Row748","pre","2026-06-10T21:24:22.616Z",1339,469,"Brian Brobbey",19,"FW","official","2026-05-27","Sunderland","England",12,1,"2002-02-01",24,352
"Row749","pre","2026-06-10T21:24:22.616Z",1340,469,"Crysencio Summerville",24,"FW","official","2026-05-27","West Ham United","England",2,0,"2001-10-30",24,4092
"Row750","pre","2026-06-10T21:24:22.616Z",1315,469,"Bart Verbruggen",1,"GK","official","2026-05-27","Brighton & Hove Albion","England",29,0,"2002-08-18",23,482
"Row751","pre","2026-06-10T21:24:22.616Z",1317,469,"Robin Roefs",13,"GK","official","2026-05-27","Sunderland","England",1,0,"2003-01-17",23,342
"Row752","pre","2026-06-10T21:24:22.616Z",1316,469,"Mark Flekken",23,"GK","official","2026-05-27","Bayer 04 Leverkusen","Germany",12,0,"1993-06-13",32,2135
"Row753","pre","2026-06-10T21:24:22.616Z",1327,469,"Marten de Roon",3,"MF","official","2026-05-27","Atalanta","Italy",43,1,"1991-03-29",35,1303
"Row754","pre","2026-06-10T21:24:22.616Z",1331,469,"Justin Kluivert",7,"MF","official","2026-05-27","Bournemouth","England",12,0,"1999-05-05",27,791
"Row755","pre","2026-06-10T21:24:22.616Z",1330,469,"Ryan Gravenberch",8,"MF","official","2026-05-27","Liverpool FC","England",27,1,"2002-05-16",24,327
"Row756","pre","2026-06-10T21:24:22.616Z",1328,469,"Tijjani Reijnders",14,"MF","official","2026-05-27","Manchester City","England",32,7,"1998-07-29",27,850
"Row757","pre","2026-06-10T21:24:22.616Z",1333,469,"Guus Til",16,"MF","official","2026-05-27","PSV Eindhoven","Netherlands",7,1,"1997-12-22",28,3512
"Row758","pre","2026-06-10T21:24:22.616Z",1329,469,"Teun Koopmeiners",20,"MF","official","2026-05-27","Juventus","Italy",28,3,"1998-02-28",28,2178
"Row759","pre","2026-06-10T21:24:22.616Z",1326,469,"Frenkie de Jong",21,"MF","official","2026-05-27","FC Barcelona","Spain",66,2,"1997-05-12",29,3662
"Row760","pre","2026-06-10T21:24:22.616Z",1332,469,"Quinten Timber",26,"MF","official","2026-05-27","Olympique de Marseille","France",11,1,"2001-06-17",24,3373
"Row761","pre","2026-06-10T21:24:22.616Z",638,482,"Tim Payne",2,"DF","official","2026-05-14","Wellington Phoenix","",51,3,"1994-01-10",32,55974
"Row762","pre","2026-06-10T21:24:22.616Z",639,482,"Francis De Vries",3,"DF","official","2026-05-14","Auckland FC","",20,1,"1994-11-28",31,55976
"Row763","pre","2026-06-10T21:24:22.616Z",640,482,"Tyler Bindon",4,"DF","official","2026-05-14","Sheffield United","England",25,3,"2005-01-27",21,6069
"Row764","pre","2026-06-10T21:24:22.616Z",641,482,"Michael Boxall",5,"DF","official","2026-05-14","Minnesota United","USA",63,1,"1988-08-18",37,9105
"Row765","pre","2026-06-10T21:24:22.616Z",649,482,"Liberato Cacace",13,"DF","official","2026-05-14","Wrexham","Wales",37,1,"2000-09-27",25,6946
"Row766","pre","2026-06-10T21:24:22.616Z",651,482,"Nando Pijnaker",15,"DF","official","2026-05-14","Auckland FC","",25,0,"1999-02-25",27,55981
"Row767","pre","2026-06-10T21:24:22.616Z",652,482,"Finn Surman",16,"DF","official","2026-05-14","Portland Timbers","USA",19,2,"2003-09-23",22,9220
"Row768","pre","2026-06-10T21:24:22.616Z",660,482,"Callan Elliot",24,"DF","official","2026-05-14","Auckland FC","",11,0,"1999-07-07",26,59660
"Row769","pre","2026-06-10T21:24:22.616Z",662,482,"Tommy Smith",26,"DF","official","2026-05-14","Braintree Town","England",56,2,"1990-03-31",36,43059
"Row770","pre","2026-06-10T21:24:22.616Z",645,482,"Chris Wood",9,"FW","official","2026-05-14","Nottingham Forest","England",90,45,"1991-12-07",34,4472
"Row771","pre","2026-06-10T21:24:22.616Z",653,482,"Kosta Barbarouses",17,"FW","official","2026-05-14","Western Sydney Wanderers","",76,10,"1990-02-19",36,55977
"Row772","pre","2026-06-10T21:24:22.616Z",654,482,"Ben Waine",18,"FW","official","2026-05-14","Port Vale","England",31,9,"2001-11-06",24,33693
"Row773","pre","2026-06-10T21:24:22.616Z",657,482,"Jesse Randall",21,"FW","official","2026-05-14","Auckland FC","",11,2,"2002-08-19",23,55983
"Row774","pre","2026-06-10T21:24:22.616Z",637,482,"Max Crocombe",1,"GK","official","2026-05-14","Millwall","England",24,0,"1993-08-12",32,6460
"Row775","pre","2026-06-10T21:24:22.616Z",648,482,"Alex Paulsen",12,"GK","official","2026-05-14","KS Lechia Gdańsk","Poland",8,0,"2002-07-04",23,13806
"Row776","pre","2026-06-10T21:24:22.616Z",658,482,"Michael Woud",22,"GK","official","2026-05-14","Auckland FC","",6,0,"1999-01-16",27,59659
"Row777","pre","2026-06-10T21:24:22.616Z",642,482,"Joe Bell",6,"MF","official","2026-05-14","Viking FK","Norway",32,1,"1999-04-27",27,50286
"Row778","pre","2026-06-10T21:24:22.616Z",643,482,"Matthew Garbett",7,"MF","official","2026-05-14","Peterborough United","England",37,5,"2002-04-13",24,28863
"Row779","pre","2026-06-10T21:24:22.616Z",644,482,"Marko Stamenić",8,"MF","official","2026-05-14","Swansea City","Wales",39,3,"2002-02-19",24,6528
"Row780","pre","2026-06-10T21:24:22.616Z",646,482,"Sarpreet Singh",10,"MF","official","2026-05-14","Wellington Phoenix","",28,3,"1999-02-20",27,55975
"Row781","pre","2026-06-10T21:24:22.616Z",647,482,"Elijah Just",11,"MF","official","2026-05-14","Motherwell","Scotland",44,9,"2000-05-01",26,5955
"Row782","pre","2026-06-10T21:24:22.616Z",650,482,"Alex Rufer",14,"MF","official","2026-05-14","Wellington Phoenix","",26,0,"1996-06-12",29,55978
"Row783","pre","2026-06-10T21:24:22.616Z",655,482,"Benjamin Old",19,"MF","official","2026-05-14","Saint-Étienne","France",24,2,"2002-08-13",23,29212
"Row784","pre","2026-06-10T21:24:22.616Z",656,482,"Callum McCowatt",20,"MF","official","2026-05-14","Silkeborg IF","Denmark",32,4,"1999-04-30",27,29409
"Row785","pre","2026-06-10T21:24:22.616Z",659,482,"Ryan Thomas",23,"MF","official","2026-05-14","PEC Zwolle","Netherlands",25,3,"1994-12-20",31,5330
"Row786","pre","2026-06-10T21:24:22.616Z",661,482,"Lachlan Bayliss",25,"MF","official","2026-05-14","Newcastle Jets","",4,0,"2002-07-24",23,59661
"Row787","pre","2026-06-10T21:24:22.616Z",1088,488,"Kristoffer Ajer",3,"DF","official","2026-05-21","Brentford","England",52,2,"1998-04-17",28,464
"Row788","pre","2026-06-10T21:24:22.616Z",754,488,"Leo Østigård",4,"DF","official","2026-05-21","Stade Rennais","France",38,1,"1999-11-28",26,2590
"Row789","pre","2026-06-10T21:24:22.616Z",756,488,"David Møller Wolfe",5,"DF","official","2026-05-21","Wolverhampton","England",22,1,"2002-04-23",24,529
"Row790","pre","2026-06-10T21:24:22.616Z",757,488,"Fredrik André Bjørkan",15,"DF","official","2026-05-21","Bodø/Glimt","Norway",21,1,"1998-08-21",27,3671
"Row791","pre","2026-06-10T21:24:22.616Z",755,488,"Marcus Pedersen",16,"DF","official","2026-05-21","Torino","Italy",32,0,"2000-07-16",25,1838
"Row792","pre","2026-06-10T21:24:22.616Z",758,488,"Torbjørn Heggem",17,"DF","official","2026-05-21","Bologna","Italy",15,0,"1999-01-12",27,957
"Row793","pre","2026-06-10T21:24:22.616Z",759,488,"Sondre Langås",24,"DF","official","2026-05-21","Derby County","England",3,0,"2001-02-02",25,6222
"Row794","pre","2026-06-10T21:24:22.616Z",760,488,"Henrik Sælebakke Falchener",25,"DF","official","2026-05-21","Viking FK","Norway",1,0,"2003-05-08",23,16898
"Row795","pre","2026-06-10T21:24:22.616Z",772,488,"Alexander Sørloth",7,"FW","official","2026-05-21","Atlético Madrid","Spain",72,26,"1995-12-05",30,774
"Row796","pre","2026-06-10T21:24:22.616Z",1089,488,"Erling Haaland",9,"FW","official","2026-05-21","Manchester City","England",50,55,"2000-07-21",25,852
"Row797","pre","2026-06-10T21:24:22.616Z",774,488,"Jørgen Strand Larsen",11,"FW","official","2026-05-21","Crystal Palace","England",28,6,"2000-02-06",26,531
"Row798","pre","2026-06-10T21:24:22.616Z",766,488,"Antonio Nusa",20,"FW","official","2026-05-21","RB Leipzig","Germany",24,8,"2005-04-17",21,2897
"Row799","pre","2026-06-10T21:24:22.616Z",753,488,"Julian Ryerson",26,"FW","official","2026-05-21","Borussia Dortmund","Germany",43,1,"1997-11-17",28,2159
"Row800","pre","2026-06-10T21:24:22.616Z",1087,488,"Ørjan Nyland",1,"GK","official","2026-05-21","Sevilla","Spain",71,0,"1990-09-10",35,1561
"Row801","pre","2026-06-10T21:24:22.616Z",751,488,"Sander Tangvik",12,"GK","official","2026-05-21","Hamburger SV","Germany",0,0,"2002-11-29",23,8733
"Row802","pre","2026-06-10T21:24:22.616Z",750,488,"Egil Selvik",13,"GK","official","2026-05-21","Watford","England",7,0,"1997-07-30",28,6027
"Row803","pre","2026-06-10T21:24:22.616Z",765,488,"Morten Thorsby",2,"MF","official","2026-05-21","Cremonese","Italy",31,0,"1996-05-05",30,2595
"Row804","pre","2026-06-10T21:24:22.616Z",763,488,"Patrick Berg",6,"MF","official","2026-05-21","Bodø/Glimt","Norway",43,0,"1997-11-24",28,3673
"Row805","pre","2026-06-10T21:24:22.616Z",762,488,"Sander Berge",8,"MF","official","2026-05-21","Fulham","England",66,1,"1998-02-14",28,829
"Row806","pre","2026-06-10T21:24:22.616Z",761,488,"Martin Ødegaard",10,"MF","official","2026-05-21","Arsenal","England",68,5,"1998-12-17",27,447
"Row807","pre","2026-06-10T21:24:22.616Z",767,488,"Fredrik Aursnes",14,"MF","official","2026-05-21","Benfica","Portugal",22,1,"1995-12-10",30,2056
"Row808","pre","2026-06-10T21:24:22.616Z",764,488,"Kristian Thorstvedt",18,"MF","official","2026-05-21","Sassuolo","Italy",37,4,"1999-03-13",27,2850
"Row809","pre","2026-06-10T21:24:22.616Z",771,488,"Thelo Aasgaard",19,"MF","official","2026-05-21","Rangers","Scotland",8,5,"2002-05-02",24,3021
"Row810","pre","2026-06-10T21:24:22.616Z",770,488,"Andreas Schjelderup",21,"MF","official","2026-05-21","Benfica","Portugal",12,1,"2004-06-01",22,2064
"Row811","pre","2026-06-10T21:24:22.616Z",768,488,"Oscar Bobb",22,"MF","official","2026-05-21","Fulham","England",20,2,"2003-07-12",22,3651
"Row812","pre","2026-06-10T21:24:22.616Z",769,488,"Jens Petter Hauge",23,"MF","official","2026-05-21","Bodø/Glimt","Norway",15,1,"1999-10-12",26,3681
"Row813","pre","2026-06-10T21:24:22.616Z",1296,496,"César Blackman",2,"DF","official","2026-05-26","ŠK Slovan Bratislava","Slovakia",40,3,"1998-04-02",28,12373
"Row814","pre","2026-06-10T21:24:22.616Z",1297,496,"José Córdoba",3,"DF","official","2026-05-26","Norwich City","England",32,1,"2001-06-03",25,6393
"Row815","pre","2026-06-10T21:24:22.616Z",1292,496,"Fidel Escobar",4,"DF","official","2026-05-26","Deportivo Saprissa","",99,4,"1995-01-09",31,54039
"Row816","pre","2026-06-10T21:24:22.616Z",1300,496,"Edgardo Fariña",5,"DF","official","2026-05-26","Pari Nizhny Novgorod","",18,0,"2001-09-21",24,54042
"Row817","pre","2026-06-10T21:24:22.616Z",1298,496,"Jiovany Ramos",13,"DF","official","2026-05-26","Academia Puerto Cabello","Venezuela",23,2,"1997-01-26",29,16748
"Row818","pre","2026-06-10T21:24:22.616Z",1308,496,"Carlos Harvey",14,"DF","official","2026-05-26","Minnesota United","USA",28,3,"2000-02-03",26,9102
"Row819","pre","2026-06-10T21:24:22.616Z",1291,496,"Éric Davis",15,"DF","official","2026-05-26","CD Plaza Amador","",107,9,"1991-03-31",35,16742
"Row820","pre","2026-06-10T21:24:22.616Z",1295,496,"Andrés Andrade",16,"DF","official","2026-05-26","LASK","Austria",50,1,"1998-10-16",27,16746
"Row821","pre","2026-06-10T21:24:22.616Z",1293,496,"Amir Murillo",23,"DF","official","2026-05-26","Beşiktaş JK","Türkiye",94,9,"1996-02-11",30,4082
"Row822","pre","2026-06-10T21:24:22.616Z",1294,496,"Roderick Miller",25,"DF","official","2026-05-26","Turan Tovuz","",50,2,"1992-04-03",34,16740
"Row823","pre","2026-06-10T21:24:22.616Z",1299,496,"Jorge Gutiérrez",26,"DF","official","2026-05-26","Deportivo La Guaira","Venezuela",18,0,"1998-09-01",27,16615
"Row824","pre","2026-06-10T21:24:22.616Z",1313,496,"Tomás Rodríguez",9,"FW","official","2026-05-26","Deportivo Saprissa","",13,4,"1999-03-09",27,54044
"Row825","pre","2026-06-10T21:24:22.616Z",1310,496,"José Fajardo",17,"FW","official","2026-05-26","Universidad Católica del Ecuador","Ecuador",68,17,"1993-08-18",32,16745
"Row826","pre","2026-06-10T21:24:22.616Z",1312,496,"Cecilio Waterman",18,"FW","official","2026-05-26","Universidad de Concepción","",55,15,"1991-04-13",35,16744
"Row827","pre","2026-06-10T21:24:22.616Z",1309,496,"Azarias Londoño",24,"FW","official","2026-05-26","Universidad Católica del Ecuador","Ecuador",11,0,"2001-06-21",24,21220
"Row828","pre","2026-06-10T21:24:22.616Z",1288,496,"Luis Mejía",1,"GK","official","2026-05-26","Nacional","Uruguay",56,0,"1991-03-16",35,16739
"Row829","pre","2026-06-10T21:24:22.616Z",1290,496,"César Samudio",12,"GK","official","2026-05-26","CD Marathon","",5,0,"1994-02-23",32,16747
"Row830","pre","2026-06-10T21:24:22.616Z",1289,496,"Orlando Mosquera",22,"GK","official","2026-05-26","Al-Fayha","Saudi Arabia",48,0,"1994-12-25",31,8050
"Row831","pre","2026-06-10T21:24:22.616Z",1306,496,"Cristian Martínez",6,"MF","official","2026-05-26","Hapoel Ironi Kiryat Shmona","",66,2,"1997-02-06",29,16741
"Row832","pre","2026-06-10T21:24:22.616Z",1305,496,"José Luis Rodríguez",7,"MF","official","2026-05-26","FC Juárez","Mexico",70,8,"1998-06-19",27,10334
"Row833","pre","2026-06-10T21:24:22.616Z",1304,496,"Adalberto Carrasquilla",8,"MF","official","2026-05-26","Pumas UNAM","Mexico",73,3,"1998-11-28",27,10068
"Row834","pre","2026-06-10T21:24:22.616Z",1311,496,"Ismael Díaz",10,"MF","official","2026-05-26","Club León","Mexico",57,17,"1997-05-12",29,10127
"Row835","pre","2026-06-10T21:24:22.616Z",1303,496,"Yoel Bárcenas",11,"MF","official","2026-05-26","Mazatlán FC","Mexico",104,10,"1993-10-23",32,10252
"Row836","pre","2026-06-10T21:24:22.616Z",1302,496,"Alberto Quintero",19,"MF","official","2026-05-26","CD Plaza Amador","",141,7,"1987-12-18",38,54040
"Row837","pre","2026-06-10T21:24:22.616Z",1301,496,"Aníbal Godoy",20,"MF","official","2026-05-26","San Diego FC","USA",159,4,"1990-02-10",36,9054
"Row838","pre","2026-06-10T21:24:22.616Z",1307,496,"César Yanis",21,"MF","official","2026-05-26","Cobresal","Chile",56,5,"1996-01-28",30,16743
"Row839","pre","2026-06-10T21:24:22.616Z",320,458,"Gustavo Velázquez",2,"DF","official","2026-05-12","Cerro Porteño","Paraguay",13,1,"1991-04-17",35,16915
"Row840","pre","2026-06-10T21:24:22.616Z",317,458,"Omar Alderete",3,"DF","official","2026-05-12","Sunderland","England",36,3,"1996-12-26",29,345
"Row841","pre","2026-06-10T21:24:22.616Z",318,458,"Juan Cáceres",4,"DF","official","2026-05-12","Dynamo Moscow","",17,0,"2000-06-01",26,16918
"Row842","pre","2026-06-10T21:24:22.616Z",316,458,"Fabián Balbuena",5,"DF","official","2026-05-12","Grêmio","Brazil",48,2,"1991-08-23",34,4893
"Row843","pre","2026-06-10T21:24:22.616Z",315,458,"Junior Alonso",6,"DF","official","2026-05-12","Atlético Mineiro","Brazil",71,3,"1993-02-09",33,4
"Row844","pre","2026-06-10T21:24:22.616Z",325,458,"José Canale",13,"DF","official","2026-05-12","CA Lanús","Argentina",2,0,"1996-07-20",29,16912
"Row845","pre","2026-06-10T21:24:22.616Z",314,458,"Gustavo Gómez",15,"DF","official","2026-05-12","Palmeiras","Brazil",89,4,"1993-05-06",33,26
"Row846","pre","2026-06-10T21:24:22.616Z",327,458,"Alexandro Maidana",26,"DF","official","2026-05-12","CA Talleres","",2,1,"2005-07-26",20,16913
"Row847","pre","2026-06-10T21:24:22.616Z",350,458,"Antonio Sanabria",9,"FW","official","2026-05-12","Cremonese","Italy",48,7,"1996-03-04",30,983
"Row848","pre","2026-06-10T21:24:22.616Z",333,458,"Alejandro Romero",17,"FW","official","2026-05-12","Al-Ain","",33,6,"1995-01-11",31,54884
"Row849","pre","2026-06-10T21:24:22.616Z",354,458,"Alex Arce",18,"FW","official","2026-05-12","Independiente Rivadavia","Argentina",15,1,"1995-06-16",30,16914
"Row850","pre","2026-06-10T21:24:22.616Z",351,458,"Julio Enciso",19,"FW","official","2026-05-12","RC Strasbourg","France",32,4,"2004-01-23",22,1710
"Row851","pre","2026-06-10T21:24:22.616Z",352,458,"Gabriel Ávalos",21,"FW","official","2026-05-12","CA Independiente","",23,2,"1990-10-12",35,16919
"Row852","pre","2026-06-10T21:24:22.616Z",357,458,"Isidro Pitta",25,"FW","official","2026-05-12","Red Bull Bragantino","Brazil",5,0,"1999-08-14",26,286
"Row853","pre","2026-06-10T21:24:22.616Z",308,458,"Roberto Fernández",1,"GK","official","2026-05-12","Cerro Porteño","Paraguay",31,0,"1988-03-29",38,16916
"Row854","pre","2026-06-10T21:24:22.616Z",310,458,"Orlando Gill",12,"GK","official","2026-05-12","San Lorenzo","Argentina",6,0,"2000-06-11",26,16917
"Row855","pre","2026-06-10T21:24:22.616Z",313,458,"Gastón Olveira",22,"GK","official","2026-05-12","Olimpia","Paraguay",1,0,"1993-04-21",33,16910
"Row856","pre","2026-06-10T21:24:22.616Z",335,458,"Ramón Sosa",7,"MF","official","2026-05-12","Palmeiras","Brazil",29,1,"1999-08-31",26,37
"Row857","pre","2026-06-10T21:24:22.616Z",336,458,"Diego Gómez",8,"MF","official","2026-05-12","Brighton & Hove Albion","England",24,3,"2003-03-27",23,488
"Row858","pre","2026-06-10T21:24:22.616Z",331,458,"Miguel Almirón",10,"MF","official","2026-05-12","Atlanta United","USA",76,10,"1994-02-10",32,9678
"Row859","pre","2026-06-10T21:24:22.616Z",344,458,"Mauricio",11,"MF","official","2026-05-12","Palmeiras","Brazil",3,0,"2001-06-22",24,42
"Row860","pre","2026-06-10T21:24:22.616Z",334,458,"Andrés Cubas",14,"MF","official","2026-05-12","Vancouver Whitecaps","Canada",33,0,"1996-05-22",30,9106
"Row861","pre","2026-06-10T21:24:22.616Z",337,458,"Damián Bobadilla",16,"MF","official","2026-05-12","São Paulo","Brazil",19,1,"2001-07-11",24,143
"Row862","pre","2026-06-10T21:24:22.616Z",338,458,"Braian Ojeda",20,"MF","official","2026-05-12","Orlando City SC","USA",17,0,"2000-06-27",25,9383
"Row863","pre","2026-06-10T21:24:22.616Z",339,458,"Matías Galarza",23,"MF","official","2026-05-12","Atlanta United","USA",15,3,"2002-02-11",24,13574
"Row864","pre","2026-06-10T21:24:22.616Z",359,458,"Gustavo Caballero",24,"MF","official","2026-05-12","Portsmouth","England",2,1,"2001-09-21",24,225
"Row865","pre","2026-06-10T21:24:23.736Z",1000,491,"Nélson Semedo",2,"DF","official","2026-05-19","Fenerbahçe","Türkiye",49,0,"1993-11-16",32,3407
"Row866","pre","2026-06-10T21:24:23.736Z",998,491,"Rúben Dias",3,"DF","official","2026-05-19","Manchester City","England",75,3,"1997-05-14",29,845
"Row867","pre","2026-06-10T21:24:23.736Z",1006,491,"Tomás Araújo",4,"DF","official","2026-05-19","Benfica","Portugal",4,0,"2002-05-16",24,2067
"Row868","pre","2026-06-10T21:24:23.736Z",1002,491,"Diogo Dalot",5,"DF","official","2026-05-19","Manchester United","England",34,3,"1999-03-18",27,1795
"Row869","pre","2026-06-10T21:24:23.736Z",1005,491,"Renato Veiga",13,"DF","official","2026-05-19","Villarreal","Spain",12,1,"2003-07-29",22,1781
"Row870","pre","2026-06-10T21:24:23.736Z",1003,491,"Gonçalo Inácio",14,"DF","official","2026-05-19","Sporting CP","Portugal",21,2,"2001-08-25",24,1214
"Row871","pre","2026-06-10T21:24:23.736Z",999,491,"João Cancelo",20,"DF","official","2026-05-19","FC Barcelona","Spain",67,12,"1994-05-27",32,8331
"Row872","pre","2026-06-10T21:24:23.736Z",1012,491,"Samú Costa",24,"DF","official","2026-05-19","Mallorca","Spain",5,0,"2000-11-27",25,2642
"Row873","pre","2026-06-10T21:24:23.736Z",1001,491,"Nuno Mendes",25,"DF","official","2026-05-19","Paris Saint-Germain","France",43,1,"2002-06-19",23,3470
"Row874","pre","2026-06-10T21:24:23.736Z",1013,491,"Cristiano Ronaldo",7,"FW","official","2026-05-19","Al-Nassr","Saudi Arabia",227,143,"1985-02-05",41,7880
"Row875","pre","2026-06-10T21:24:23.736Z",1017,491,"Gonçalo Ramos",9,"FW","official","2026-05-19","Paris Saint-Germain","France",24,10,"2001-06-20",24,2256
"Row876","pre","2026-06-10T21:24:23.736Z",1014,491,"João Félix",11,"FW","official","2026-05-19","Al-Nassr","Saudi Arabia",53,12,"1999-11-10",26,7881
"Row877","pre","2026-06-10T21:24:23.736Z",1019,491,"Francisco Trincão",16,"FW","official","2026-05-19","Sporting CP","Portugal",17,3,"1999-12-29",26,1219
"Row878","pre","2026-06-10T21:24:23.736Z",1015,491,"Rafael Leão",17,"FW","official","2026-05-19","AC Milan","Italy",44,5,"1999-06-10",27,1997
"Row879","pre","2026-06-10T21:24:23.736Z",1018,491,"Pedro Neto",18,"FW","official","2026-05-19","Chelsea","England",24,2,"2000-03-09",26,394
"Row880","pre","2026-06-10T21:24:23.736Z",1016,491,"Gonçalo Guedes",19,"FW","official","2026-05-19","Real Sociedad","Spain",34,8,"1996-11-29",29,1750
"Row881","pre","2026-06-10T21:24:23.736Z",1020,491,"Francisco Conceição",26,"FW","official","2026-05-19","Juventus","Italy",16,3,"2002-12-14",23,2183
"Row882","pre","2026-06-10T21:24:23.736Z",995,491,"Diogo Costa",1,"GK","official","2026-05-19","FC Porto","Portugal",42,0,"1999-09-19",26,996
"Row883","pre","2026-06-10T21:24:23.736Z",996,491,"José Sá",12,"GK","official","2026-05-19","Wolverhampton","England",5,0,"1993-01-17",33,538
"Row884","pre","2026-06-10T21:24:23.736Z",997,491,"Rui Silva",22,"GK","official","2026-05-19","Sporting CP","Portugal",3,0,"1994-02-07",32,1211
"Row885","pre","2026-06-10T21:24:23.736Z",1004,491,"Matheus Nunes",6,"MF","official","2026-05-19","Manchester City","England",19,2,"1998-08-27",27,844
"Row886","pre","2026-06-10T21:24:23.736Z",1008,491,"Bruno Fernandes",8,"MF","official","2026-05-19","Manchester United","England",88,29,"1994-09-08",31,1794
"Row887","pre","2026-06-10T21:24:23.736Z",1007,491,"Bernardo Silva",10,"MF","official","2026-05-19","Manchester City","England",108,14,"1994-08-10",31,848
"Row888","pre","2026-06-10T21:24:23.736Z",1011,491,"João Neves",15,"MF","official","2026-05-19","Paris Saint-Germain","France",21,3,"2004-09-27",21,2247
"Row889","pre","2026-06-10T21:24:23.736Z",1009,491,"Rúben Neves",21,"MF","official","2026-05-19","Al-Hilal","Saudi Arabia",66,1,"1997-03-13",29,7995
"Row890","pre","2026-06-10T21:24:23.736Z",1010,491,"Vitinha",23,"MF","official","2026-05-19","Paris Saint-Germain","France",37,0,"2000-02-13",26,2248
"Row891","pre","2026-06-10T21:24:23.736Z",175,461,"Pedro Miguel",2,"DF","official","2026-05-12","Al-Sadd","",99,3,"1990-08-06",35,53906
"Row892","pre","2026-06-10T21:24:23.736Z",179,461,"Lucas Mendes",3,"DF","official","2026-05-12","Al-Wakrah","",25,1,"1990-07-03",35,53919
"Row893","pre","2026-06-10T21:24:23.736Z",183,461,"Issa Laye",4,"DF","official","2026-05-12","Al-Arabi SC","",4,0,"1997-12-22",28,53910
"Row894","pre","2026-06-10T21:24:23.736Z",191,461,"Jassem Gaber Abdulsallam",5,"DF","official","2026-05-12","Al-Rayyan","",32,1,"2002-02-20",24,53908
"Row895","pre","2026-06-10T21:24:23.736Z",182,461,"Ayoub Al Oui",13,"DF","official","2026-05-12","Al-Gharafa","",6,0,"2005-03-11",21,53905
"Row896","pre","2026-06-10T21:24:23.736Z",178,461,"Homam Al-Amin",14,"DF","official","2026-05-12","Cultural Leonesa","Spain",68,3,"1999-08-25",26,35888
"Row897","pre","2026-06-10T21:24:23.736Z",174,461,"Boualem Khoukhi",16,"DF","official","2026-05-12","Al-Sadd","",116,20,"1990-07-09",35,53907
"Row898","pre","2026-06-10T21:24:23.736Z",180,461,"Sultan Al-Brake",18,"DF","official","2026-05-12","Al Duhail","",17,0,"1996-04-07",30,53925
"Row899","pre","2026-06-10T21:24:23.736Z",181,461,"Alhashmi Mohialdin",25,"DF","official","2026-05-12","Al-Arabi SC","",8,0,"2003-08-15",22,59395
"Row900","pre","2026-06-10T21:24:23.736Z",199,461,"Ahmed Alaaeldin",7,"FW","official","2026-05-12","Al-Rayyan","",68,9,"1993-01-31",33,53917
"Row901","pre","2026-06-10T21:24:23.736Z",201,461,"Edmilson Junior",8,"FW","official","2026-05-12","Al Duhail","",16,0,"1994-08-19",31,53911
"Row902","pre","2026-06-10T21:24:23.736Z",198,461,"Mohammed Muntari",9,"FW","official","2026-05-12","Al-Gharafa","",67,16,"1993-12-20",32,53928
"Row903","pre","2026-06-10T21:24:23.736Z",194,461,"Hassan Al Haydos",10,"FW","official","2026-05-12","Al-Sadd","",186,41,"1990-12-11",35,53923
"Row904","pre","2026-06-10T21:24:23.736Z",196,461,"Akram Afif",11,"FW","official","2026-05-12","Al-Sadd","",125,39,"1996-11-18",29,53913
"Row905","pre","2026-06-10T21:24:23.736Z",200,461,"Yusuf Abdurisag",15,"FW","official","2026-05-12","Al-Wakrah","",39,3,"1999-08-06",26,53912
"Row906","pre","2026-06-10T21:24:23.736Z",197,461,"Almoez Ali",19,"FW","official","2026-05-12","Al Duhail","",115,55,"1996-08-19",29,53915
"Row907","pre","2026-06-10T21:24:23.736Z",193,461,"Tahsin Mohammed Jamshid",24,"FW","official","2026-05-12","Al Duhail","",3,0,"2006-06-16",19,53922
"Row908","pre","2026-06-10T21:24:23.736Z",1462,461,"Mohammed Waad",26,"FW","official","2026-05-12","Al-Shamal","",10,0,"2002-10-25",23,54842
"Row909","pre","2026-06-10T21:24:23.736Z",171,461,"Mahmud Abunad",1,"GK","official","2026-05-12","Al-Rayyan","",5,0,"2000-02-05",26,53904
"Row910","pre","2026-06-10T21:24:23.736Z",170,461,"Salah Zakaria",21,"GK","official","2026-05-12","Al Duhail","",8,0,"1999-04-24",27,53924
"Row911","pre","2026-06-10T21:24:23.736Z",169,461,"Meshaal Barsham",22,"GK","official","2026-05-12","Al-Sadd","",52,0,"1998-02-14",28,54366
"Row912","pre","2026-06-10T21:24:23.736Z",186,461,"Abdelaziz Hatem",6,"MF","official","2026-05-12","Al-Rayyan","",117,11,"1990-10-28",35,53926
"Row913","pre","2026-06-10T21:24:23.736Z",187,461,"Karim Boudiaf",12,"MF","official","2026-05-12","Al Duhail","",118,5,"1990-09-16",35,53916
"Row914","pre","2026-06-10T21:24:23.736Z",202,461,"Ahmed Al-Ganehi",17,"MF","official","2026-05-12","Al-Gharafa","",13,1,"2000-09-22",25,53927
"Row915","pre","2026-06-10T21:24:23.736Z",190,461,"Rayyan Ahmed Al-Ali",20,"MF","official","2026-05-12","Al-Arabi","",48,0,"1993-01-25",33,53921
"Row916","pre","2026-06-10T21:24:23.736Z",188,461,"Assim Madibo",23,"MF","official","2026-05-12","Al-Wakrah","",51,0,"1996-10-22",29,53918
"Row917","pre","2026-06-10T21:24:23.736Z",192,461,"Mohamed Naceur Almanai",26,"MF","official","2026-05-12","Al Shamal SC","",9,0,"2003-10-30",22,53914
"Row918","pre","2026-06-10T21:24:23.736Z",1125,479,"Mohammed Al Dawsari",2,"DF","official","2026-05-23","Al-Taawoun","Saudi Arabia",21,0,"1999-10-02",26,23941
"Row919","pre","2026-06-10T21:24:23.736Z",1126,479,"Ali Lajami",3,"DF","official","2026-05-23","Al-Hilal","Saudi Arabia",21,1,"1996-04-25",30,8288
"Row920","pre","2026-06-10T21:24:23.736Z",1123,479,"Abdulelah Al-Amri",4,"DF","official","2026-05-23","Al-Nassr","Saudi Arabia",42,1,"1997-01-15",29,7886
"Row921","pre","2026-06-10T21:24:23.736Z",1122,479,"Hassan Altambakti",5,"DF","official","2026-05-23","Al-Hilal","Saudi Arabia",51,1,"1999-02-09",27,8253
"Row922","pre","2026-06-10T21:24:23.736Z",1121,479,"Saud Abdulhamid",12,"DF","official","2026-05-23","RC Lens","France",54,1,"1999-07-18",26,1418
"Row923","pre","2026-06-10T21:24:23.736Z",1124,479,"Nawaf Boushal",13,"DF","official","2026-05-23","Al-Nassr","Saudi Arabia",24,0,"1999-09-16",26,7882
"Row924","pre","2026-06-10T21:24:23.736Z",1127,479,"Hassan Murtadh Al-Musallam",14,"DF","official","2026-05-23","Al-Ettifaq","Saudi Arabia",20,2,"1992-09-26",33,8931
"Row925","pre","2026-06-10T21:24:23.736Z",1128,479,"Moteb Al-Harbi",24,"DF","official","2026-05-23","Al-Hilal","Saudi Arabia",12,0,"2000-02-19",26,8252
"Row926","pre","2026-06-10T21:24:23.736Z",1129,479,"Jehad Thakri",25,"DF","official","2026-05-23","Al-Qadsiah","Saudi Arabia",7,0,"2001-07-21",24,8146
"Row927","pre","2026-06-10T21:24:23.736Z",1130,479,"Mohammed Abu Al-Shamat",26,"DF","official","2026-05-23","Al-Qadsiah","Saudi Arabia",6,0,"2002-08-11",23,8131
"Row928","pre","2026-06-10T21:24:23.736Z",1137,479,"Ayman Yahya",8,"FW","official","2026-05-23","Al-Nassr","Saudi Arabia",26,0,"2001-05-14",25,7875
"Row929","pre","2026-06-10T21:24:23.736Z",1142,479,"Firas Al-Buraikan",9,"FW","official","2026-05-23","Al-Ahli","Saudi Arabia",69,15,"2000-05-14",26,8122
"Row930","pre","2026-06-10T21:24:23.736Z",1132,479,"Salem Al-Dawsari",10,"FW","official","2026-05-23","Al-Hilal","Saudi Arabia",109,27,"1991-08-19",34,7999
"Row931","pre","2026-06-10T21:24:23.736Z",1143,479,"Saleh Al-Shehri",11,"FW","official","2026-05-23","Al-Ittihad","Saudi Arabia",55,18,"1993-11-01",32,8169
"Row932","pre","2026-06-10T21:24:23.736Z",1145,479,"Khalid Al-Ghannam",17,"FW","official","2026-05-23","Al-Ettifaq","Saudi Arabia",6,0,"2000-11-08",25,8049
"Row933","pre","2026-06-10T21:24:23.736Z",1144,479,"Abdullah Jaman",19,"FW","official","2026-05-23","Al-Shabab","Saudi Arabia",49,12,"1999-09-13",26,8301
"Row934","pre","2026-06-10T21:24:23.736Z",1140,479,"Sultan Mandash",20,"FW","official","2026-05-23","Al-Hilal","Saudi Arabia",6,2,"1994-10-17",31,7921
"Row935","pre","2026-06-10T21:24:23.736Z",1118,479,"Nawaf Al-Aqidi",1,"GK","official","2026-05-23","Al-Nassr","Saudi Arabia",22,0,"2000-05-10",26,7871
"Row936","pre","2026-06-10T21:24:23.736Z",1117,479,"Mohammed Al-Owais",21,"GK","official","2026-05-23","Al Ula","",63,0,"1991-10-10",34,17201
"Row937","pre","2026-06-10T21:24:23.736Z",1119,479,"Ahmed Al-Kassar",22,"GK","official","2026-05-23","Al-Qadsiah","Saudi Arabia",9,0,"1991-05-08",35,8384
"Row938","pre","2026-06-10T21:24:23.736Z",1134,479,"Nasser Al-Dawsari",6,"MF","official","2026-05-23","Al-Hilal","Saudi Arabia",43,0,"1998-12-19",27,7991
"Row939","pre","2026-06-10T21:24:23.736Z",1136,479,"Musab Al Juwayr",7,"MF","official","2026-05-23","Al-Qadsiah","Saudi Arabia",34,6,"2003-06-20",22,8139
"Row940","pre","2026-06-10T21:24:23.736Z",1135,479,"Abdullah Al-Khaibari",15,"MF","official","2026-05-23","Al-Nassr","Saudi Arabia",39,0,"1996-08-16",29,7883
"Row941","pre","2026-06-10T21:24:23.736Z",1138,479,"Ziyad Aljohani",16,"MF","official","2026-05-23","Al-Ahli","Saudi Arabia",12,0,"2001-11-11",24,8118
"Row942","pre","2026-06-10T21:24:23.736Z",1141,479,"Ala'a Al-Hejji",18,"MF","official","2026-05-23","Neom SC","Saudi Arabia",2,0,"1995-12-03",30,8308
"Row943","pre","2026-06-10T21:24:23.736Z",1133,479,"Mohamed Kanno",23,"MF","official","2026-05-23","Al-Hilal","Saudi Arabia",76,8,"1994-09-22",31,7998
"Row944","pre","2026-06-10T21:24:23.736Z",293,466,"Aaron Hickey",2,"DF","official","2026-05-19","Brentford","England",21,0,"2002-06-10",24,2373
"Row945","pre","2026-06-10T21:24:23.736Z",285,466,"Andy Robertson",3,"DF","official","2026-05-19","Liverpool FC","England",94,4,"1994-03-11",32,326
"Row946","pre","2026-06-10T21:24:23.736Z",286,466,"Grant Hanley",5,"DF","official","2026-05-19","Hibernian","Scotland",68,2,"1991-11-20",34,5890
"Row947","pre","2026-06-10T21:24:23.736Z",287,466,"Kieran Tierney",6,"DF","official","2026-05-19","Celtic","Scotland",56,2,"1997-06-05",29,3387
"Row948","pre","2026-06-10T21:24:23.736Z",289,466,"Jack Hendry",13,"DF","official","2026-05-19","Al-Ettifaq","Saudi Arabia",38,3,"1995-05-07",31,8032
"Row949","pre","2026-06-10T21:24:23.736Z",292,466,"John Souttar",15,"DF","official","2026-05-19","Rangers","Scotland",24,2,"1996-09-25",29,4153
"Row950","pre","2026-06-10T21:24:23.736Z",294,466,"Dominic Hyam",16,"DF","official","2026-05-19","Wrexham","Wales",4,0,"1995-12-20",30,6543
"Row951","pre","2026-06-10T21:24:23.736Z",290,466,"Nathan Patterson",22,"DF","official","2026-05-19","Everton U21","",26,1,"2001-10-16",24,818
"Row952","pre","2026-06-10T21:24:23.736Z",291,466,"Tony Ralston",24,"DF","official","2026-05-19","Celtic","Scotland",27,1,"1998-11-16",27,3398
"Row953","pre","2026-06-10T21:24:23.736Z",288,466,"Scott McKenna",26,"DF","official","2026-05-19","GNK Dinamo Zagreb","Croatia",50,1,"1996-11-12",29,3340
"Row954","pre","2026-06-10T21:24:23.736Z",303,466,"Lyndon Dykes",9,"FW","official","2026-05-19","Charlton Athletic","England",51,10,"1995-10-07",30,6100
"Row955","pre","2026-06-10T21:24:23.736Z",304,466,"Che Adams",10,"FW","official","2026-05-19","Torino","Italy",47,13,"1996-07-13",29,1843
"Row956","pre","2026-06-10T21:24:23.736Z",307,466,"Ross Stewart",14,"FW","official","2026-05-19","Southampton","England",3,0,"1996-08-31",29,7003
"Row957","pre","2026-06-10T21:24:23.736Z",301,466,"Ben Gannon-Doak",17,"FW","official","2026-05-19","Bournemouth","England",14,1,"2005-11-11",20,4027
"Row958","pre","2026-06-10T21:24:23.736Z",306,466,"George Hirst",18,"FW","official","2026-05-19","Ipswich Town","England",10,1,"1999-02-15",27,6153
"Row959","pre","2026-06-10T21:24:23.736Z",305,466,"Lawrence Shankland",20,"FW","official","2026-05-19","Heart of Midlothian","Scotland",20,7,"1995-08-10",30,5774
"Row960","pre","2026-06-10T21:24:23.736Z",302,466,"Findlay Curtis",25,"FW","official","2026-05-19","Rangers","Scotland",3,1,"2006-10-01",19,3029
"Row961","pre","2026-06-10T21:24:23.736Z",283,466,"Angus Gunn",1,"GK","official","2026-05-19","Nottingham Forest","England",22,0,"1996-01-22",30,4789
"Row962","pre","2026-06-10T21:24:23.736Z",284,466,"Liam Kelly",12,"GK","official","2026-05-19","Rangers","Scotland",3,0,"1996-01-23",30,3026
"Row963","pre","2026-06-10T21:24:23.736Z",282,466,"Craig Gordon",21,"GK","official","2026-05-19","Heart of Midlothian","Scotland",84,0,"1982-12-31",43,5780
"Row964","pre","2026-06-10T21:24:23.736Z",296,466,"Scott McTominay",4,"MF","official","2026-05-19","SSC Napoli","Italy",70,15,"1996-12-08",29,1088
"Row965","pre","2026-06-10T21:24:23.736Z",295,466,"John McGinn",7,"MF","official","2026-05-19","Aston Villa","England",86,20,"1994-10-18",31,510
"Row966","pre","2026-06-10T21:24:23.736Z",1349,466,"Tyler Fletcher",8,"MF","official","2026-05-19","Manchester United U21","",2,0,"2007-03-19",19,8374
"Row967","pre","2026-06-10T21:24:23.736Z",297,466,"Ryan Christie",11,"MF","official","2026-05-19","Bournemouth","England",68,10,"1995-02-22",31,3900
"Row968","pre","2026-06-10T21:24:23.736Z",300,466,"Lewis Ferguson",19,"MF","official","2026-05-19","Bologna","Italy",24,1,"1999-08-24",26,966
"Row969","pre","2026-06-10T21:24:23.736Z",298,466,"Kenny McLean",23,"MF","official","2026-05-19","Norwich City","England",58,3,"1992-01-08",34,6386
"Row970","pre","2026-06-10T21:24:23.736Z",299,466,"Billy Gilmour",,"MF","official","2026-05-19","SSC Napoli","Italy",45,2,"2001-06-11",25,4298
"Row971","pre","2026-06-10T21:24:23.736Z",785,486,"Mamadou Sarr",2,"DF","official","2026-05-21","Chelsea","England",7,0,"2005-08-29",20,1704
"Row972","pre","2026-06-10T21:24:23.736Z",778,486,"Kalidou Koulibaly",3,"DF","official","2026-05-21","Al-Hilal","Saudi Arabia",102,2,"1991-06-20",34,7992
"Row973","pre","2026-06-10T21:24:23.736Z",782,486,"Abdoulaye Seck",4,"DF","official","2026-05-21","Maccabi Haifa","Israel",22,4,"1992-06-04",34,15372
"Row974","pre","2026-06-10T21:24:23.736Z",781,486,"Ismail Jakobs",14,"DF","official","2026-05-21","Galatasaray","Türkiye",29,0,"1999-08-17",26,3728
"Row975","pre","2026-06-10T21:24:23.736Z",779,486,"Krépin Diatta",15,"DF","official","2026-05-21","AS Monaco","Monaco",60,2,"1999-02-25",27,2233
"Row976","pre","2026-06-10T21:24:23.736Z",780,486,"Moussa Niakhaté",19,"DF","official","2026-05-21","Olympique Lyonnais","France",30,0,"1996-03-08",30,1106
"Row977","pre","2026-06-10T21:24:23.736Z",784,486,"Antoine Mendy",24,"DF","official","2026-05-21","Nice","France",6,0,"2004-05-26",22,1486
"Row978","pre","2026-06-10T21:24:23.736Z",783,486,"El Hadji Malick Diouf",25,"DF","official","2026-05-21","West Ham United","England",19,1,"2004-12-28",21,1638
"Row979","pre","2026-06-10T21:24:23.736Z",802,486,"Assane Diao",7,"FW","official","2026-05-21","Como","Italy",5,0,"2005-09-07",20,4105
"Row980","pre","2026-06-10T21:24:23.736Z",799,486,"Ahmadou Bamba Dieng",9,"FW","official","2026-05-21","Lorient","France",22,2,"2000-03-23",26,1479
"Row981","pre","2026-06-10T21:24:23.736Z",795,486,"Sadio Mané",10,"FW","official","2026-05-21","Al-Nassr","Saudi Arabia",127,55,"1992-04-10",34,7879
"Row982","pre","2026-06-10T21:24:23.736Z",798,486,"Nicolas Jackson",11,"FW","official","2026-05-21","FC Bayern München","Germany",32,8,"2001-06-20",24,2471
"Row983","pre","2026-06-10T21:24:23.736Z",800,486,"Cherif Ndiaye",12,"FW","official","2026-05-21","Samsunspor","Türkiye",18,4,"1996-01-23",30,6633
"Row984","pre","2026-06-10T21:24:23.736Z",797,486,"Iliman Ndiaye",13,"FW","official","2026-05-21","Everton","England",39,4,"2000-03-06",26,810
"Row985","pre","2026-06-10T21:24:23.736Z",796,486,"Ismaïla Sarr",18,"FW","official","2026-05-21","Crystal Palace","England",82,19,"1998-02-25",28,1787
"Row986","pre","2026-06-10T21:24:23.736Z",801,486,"Ibrahim Mbaye",20,"FW","official","2026-05-21","Paris Saint-Germain","France",10,3,"2008-01-24",18,2255
"Row987","pre","2026-06-10T21:24:23.736Z",777,486,"Yehvann Diouf",1,"GK","official","2026-05-21","Nice","France",2,0,"1999-11-16",26,1485
"Row988","pre","2026-06-10T21:24:23.736Z",775,486,"Edouard Mendy",16,"GK","official","2026-05-21","Al-Ahli","Saudi Arabia",56,0,"1992-03-01",34,8110
"Row989","pre","2026-06-10T21:24:23.736Z",776,486,"Mory Diaw",23,"GK","official","2026-05-21","Le Havre","France",5,0,"1993-06-22",32,1426
"Row990","pre","2026-06-10T21:24:23.736Z",788,486,"Idrissa Gana Gueye",5,"MF","official","2026-05-21","Everton","England",130,7,"1989-09-26",36,3800
"Row991","pre","2026-06-10T21:24:23.736Z",791,486,"Pathé Ismaël Ciss",6,"MF","official","2026-05-21","Rayo Vallecano","Spain",29,0,"1994-03-16",32,3864
"Row992","pre","2026-06-10T21:24:23.736Z",792,486,"Lamine Camara",8,"MF","official","2026-05-21","AS Monaco","Monaco",32,7,"2004-01-01",22,2228
"Row993","pre","2026-06-10T21:24:23.736Z",790,486,"Pape Matar Sarr",17,"MF","official","2026-05-21","Tottenham Hotspur","England",39,4,"2002-09-14",23,724
"Row994","pre","2026-06-10T21:24:23.736Z",793,486,"Habib Diarra",21,"MF","official","2026-05-21","Sunderland","England",20,4,"2004-01-03",22,4743
"Row995","pre","2026-06-10T21:24:23.736Z",794,486,"Bara Sapoko Ndiaye",22,"MF","official","2026-05-21","FC Bayern München","Germany",1,0,"2007-12-31",18,23922
"Row996","pre","2026-06-10T21:24:23.736Z",789,486,"Pape Gueye",26,"MF","official","2026-05-21","Villarreal","Spain",41,5,"1999-01-24",27,1771
"Row997","pre","2026-06-10T21:24:23.736Z",96,452,"Tholo Thabang Matuludi",2,"DF","official","2026-05-21","Polokwane City","",2,0,"1999-01-14",27,15475
"Row998","pre","2026-06-10T21:24:23.736Z",95,452,"Khulumani Ndamane",3,"DF","official","2026-05-21","Mamelodi Sundowns","South Africa",5,0,"2004-02-05",22,14395
"Row999","pre","2026-06-10T21:24:23.736Z",89,452,"Aubrey Modiba",6,"DF","official","2026-05-21","Mamelodi Sundowns","South Africa",44,3,"1995-07-22",30,14397
"Row1000","pre","2026-06-10T21:24:23.736Z",92,452,"Mbekezeli Mbokazi",14,"DF","official","2026-05-21","Chicago Fire","USA",10,1,"2005-09-19",20,12123
"Row1001","pre","2026-06-10T21:24:23.736Z",94,452,"Samukelo Kabini",18,"DF","official","2026-05-21","Molde FK","Norway",5,0,"2004-03-15",22,15467
"Row1002","pre","2026-06-10T21:24:23.736Z",91,452,"Nkosinathi Sibisi",19,"DF","official","2026-05-21","Orlando Pirates","South Africa",19,0,"1995-09-22",30,15465
"Row1003","pre","2026-06-10T21:24:23.736Z",90,452,"Khuliso Mudau",20,"DF","official","2026-05-21","Mamelodi Sundowns","South Africa",32,1,"1995-04-26",31,14394
"Row1004","pre","2026-06-10T21:24:23.736Z",93,452,"Ime Okon",21,"DF","official","2026-05-21","Hannover 96","Germany",7,1,"2004-02-20",22,16737
"Row1005","pre","2026-06-10T21:24:23.736Z",99,452,"Olwethu Makhanya",24,"DF","official","2026-05-21","Philadelphia Union","USA",0,0,"2004-04-30",22,9060
"Row1006","pre","2026-06-10T21:24:23.736Z",98,452,"Bradley Cross",26,"DF","official","2026-05-21","Kaizer Chiefs","",0,0,"2001-01-30",25,53934
"Row1007","pre","2026-06-10T21:24:23.736Z",110,452,"Oswin Appollis",7,"FW","official","2026-05-21","Orlando Pirates","South Africa",25,8,"2001-08-25",24,15468
"Row1008","pre","2026-06-10T21:24:23.736Z",114,452,"Tshepang Moremi",8,"FW","official","2026-05-21","Orlando Pirates","South Africa",9,1,"2000-10-02",25,15472
"Row1009","pre","2026-06-10T21:24:23.736Z",108,452,"Lyle Foster",9,"FW","official","2026-05-21","Burnley","England",26,10,"2000-09-03",25,412
"Row1010","pre","2026-06-10T21:24:23.736Z",112,452,"Relebohile Mofokeng",10,"FW","official","2026-05-21","Orlando Pirates","South Africa",12,0,"2004-10-23",21,15469
"Row1011","pre","2026-06-10T21:24:23.736Z",113,452,"Thapelo Maseko",12,"FW","official","2026-05-21","AEL Limassol","",9,1,"2002-11-11",23,15830
"Row1012","pre","2026-06-10T21:24:23.736Z",111,452,"Iqraam Rayners",15,"FW","official","2026-05-21","Mamelodi Sundowns","South Africa",13,4,"1995-12-19",30,14402
"Row1013","pre","2026-06-10T21:24:23.736Z",109,452,"Evidence Makgopa",17,"FW","official","2026-05-21","Orlando Pirates","South Africa",26,6,"2000-06-05",26,15470
"Row1014","pre","2026-06-10T21:24:23.736Z",116,452,"Kamogelo Sebelebele",25,"FW","official","2026-05-21","Orlando Pirates","South Africa",2,0,"2002-07-21",23,24227
"Row1015","pre","2026-06-10T21:24:23.736Z",85,452,"Ronwen Williams",1,"GK","official","2026-05-21","Mamelodi Sundowns","South Africa",62,0,"1992-01-21",34,14393
"Row1016","pre","2026-06-10T21:24:23.736Z",87,452,"Sipho Chaine",16,"GK","official","2026-05-21","Orlando Pirates","South Africa",3,0,"1996-12-14",29,15474
"Row1017","pre","2026-06-10T21:24:23.736Z",86,452,"Ricardo Goss",22,"GK","official","2026-05-21","Siwelele FC","",4,0,"1994-04-02",32,15473
"Row1018","pre","2026-06-10T21:24:23.736Z",101,452,"Teboho Mokoena",4,"MF","official","2026-05-21","Mamelodi Sundowns","South Africa",51,9,"1997-01-24",29,14399
"Row1019","pre","2026-06-10T21:24:23.736Z",104,452,"Thalente Mbatha",5,"MF","official","2026-05-21","Orlando Pirates","South Africa",14,3,"2000-03-06",26,15476
"Row1020","pre","2026-06-10T21:24:23.736Z",100,452,"Themba Zwane",11,"MF","official","2026-05-21","Mamelodi Sundowns","South Africa",53,12,"1989-08-03",36,14410
"Row1021","pre","2026-06-10T21:24:23.736Z",102,452,"Siphephelo Sithole",13,"MF","official","2026-05-21","Tondela","Portugal",27,1,"1999-03-03",27,1909
"Row1022","pre","2026-06-10T21:24:23.736Z",105,452,"Jayden Adams",23,"MF","official","2026-05-21","Mamelodi Sundowns","South Africa",4,0,"2001-05-05",25,14398
"Row1023","pre","2026-06-10T21:24:23.736Z",127,453,"Han-Beom Lee",2,"DF","official","2026-05-16","FC Midtjylland","Denmark",8,0,"2002-06-17",23,3259
"Row1024","pre","2026-06-10T21:24:23.736Z",120,453,"Kim Min-jae",4,"DF","official","2026-05-16","FC Bayern München","Germany",79,4,"1996-11-15",29,2458
"Row1025","pre","2026-06-10T21:24:23.736Z",126,453,"Kim Tae-hyeon",5,"DF","official","2026-05-16","Kashima Antlers","Japan",7,0,"2000-09-17",25,17041
"Row1026","pre","2026-06-10T21:24:23.736Z",124,453,"Lee Tae-seok",13,"DF","official","2026-05-16","FK Austria Wien","Austria",15,1,"2002-07-28",23,17047
"Row1027","pre","2026-06-10T21:24:23.736Z",1348,453,"Wi-je Cho",14,"DF","official","2026-05-16","Jeonbuk Hyundai Motors","South Korea",1,0,"2001-08-25",24,44369
"Row1028","pre","2026-06-10T21:24:23.736Z",121,453,"Kim Moon-hwan",15,"DF","official","2026-05-16","Daejeon Hana Citizen","South Korea",35,0,"1995-08-01",30,17042
"Row1029","pre","2026-06-10T21:24:23.736Z",125,453,"Jin-seob Park",16,"DF","official","2026-05-16","Zhejiang","China",14,1,"1995-10-23",30,17044
"Row1030","pre","2026-06-10T21:24:23.736Z",122,453,"Young-woo Seol",22,"DF","official","2026-05-16","FK Crvena zvezda","Serbia",34,0,"1998-12-05",27,3056
"Row1031","pre","2026-06-10T21:24:23.736Z",128,453,"Jens Castrop",23,"DF","official","2026-05-16","Borussia M'gladbach","Germany",7,0,"2003-07-29",22,2872
"Row1032","pre","2026-06-10T21:24:23.736Z",140,453,"Son Heung-min",7,"FW","official","2026-05-16","Los Angeles FC","USA",144,56,"1992-07-08",33,9190
"Row1033","pre","2026-06-10T21:24:23.736Z",141,453,"Gue-sung Cho",9,"FW","official","2026-05-16","FC Midtjylland","Denmark",44,12,"1998-01-25",28,3263
"Row1034","pre","2026-06-10T21:24:23.736Z",142,453,"Hyeon-gyu Oh",18,"FW","official","2026-05-16","Beşiktaş JK","Türkiye",27,6,"2001-04-12",25,3131
"Row1035","pre","2026-06-10T21:24:23.736Z",117,453,"Kim Seung-gyu",1,"GK","official","2026-05-16","FC Tokyo","Japan",87,0,"1990-09-30",35,17046
"Row1036","pre","2026-06-10T21:24:23.736Z",119,453,"Song Bum-keun",12,"GK","official","2026-05-16","Jeonbuk Hyundai Motors","South Korea",3,0,"1997-10-15",28,17045
"Row1037","pre","2026-06-10T21:24:24.906Z",118,453,"Jo Hyeonwoo",21,"GK","official","2026-05-16","Ulsan HD","South Korea",48,0,"1991-09-25",34,17039
"Row1038","pre","2026-06-10T21:24:24.906Z",1460,453,"Gi-Hyuk Lee",3,"MF","official","2026-05-16","Gangwon FC","South Korea",3,0,"2000-07-07",25,43953
"Row1039","pre","2026-06-10T21:24:24.906Z",132,453,"Hwang In-beom",6,"MF","official","2026-05-16","Feyenoord","Netherlands",73,6,"1996-09-20",29,4397
"Row1040","pre","2026-06-10T21:24:24.906Z",134,453,"Seung Ho Paik",8,"MF","official","2026-05-16","Birmingham City","England",27,3,"1997-03-17",29,6092
"Row1041","pre","2026-06-10T21:24:24.906Z",130,453,"Jae-sung Lee",10,"MF","official","2026-05-16","1. FSV Mainz 05","Germany",105,15,"1992-08-10",33,1197
"Row1042","pre","2026-06-10T21:24:24.906Z",131,453,"Hwang Hee-chan",11,"MF","official","2026-05-16","Wolverhampton","England",79,17,"1996-01-26",30,533
"Row1043","pre","2026-06-10T21:24:24.906Z",137,453,"Jun-Ho Bae",17,"MF","official","2026-05-16","Stoke City","England",13,2,"2003-08-21",22,6054
"Row1044","pre","2026-06-10T21:24:24.906Z",133,453,"Kang-in Lee",19,"MF","official","2026-05-16","Paris Saint-Germain","France",47,11,"2001-02-19",25,2250
"Row1045","pre","2026-06-10T21:24:24.906Z",139,453,"Yang Hyun-Jun",20,"MF","official","2026-05-16","Celtic","Scotland",9,0,"2002-05-25",24,3392
"Row1046","pre","2026-06-10T21:24:24.906Z",135,453,"Jin-gyu Kim",24,"MF","official","2026-05-16","Jeonbuk Hyundai Motors","South Korea",22,3,"1997-02-24",29,17043
"Row1047","pre","2026-06-10T21:24:24.906Z",138,453,"Ji-sung Eom",25,"MF","official","2026-05-16","Swansea City","Wales",9,2,"2002-05-09",24,6533
"Row1048","pre","2026-06-10T21:24:24.906Z",136,453,"Dong-gyeong Lee",26,"MF","official","2026-05-16","Ulsan HD","South Korea",18,4,"1997-09-20",28,45041
"Row1049","pre","2026-06-10T21:24:24.906Z",1189,475,"Marc Pubill",2,"DF","official","2026-05-25","Atlético Madrid","Spain",2,0,"2003-06-20",22,778
"Row1050","pre","2026-06-10T21:24:24.906Z",1187,475,"Alejandro Grimaldo",3,"DF","official","2026-05-25","Bayer 04 Leverkusen","Germany",14,0,"1995-09-20",30,2142
"Row1051","pre","2026-06-10T21:24:24.906Z",1185,475,"Eric García",4,"DF","official","2026-05-25","FC Barcelona","Spain",21,0,"2001-01-09",25,743
"Row1052","pre","2026-06-10T21:24:24.906Z",1184,475,"Marcos Llorente",5,"DF","official","2026-05-25","Atlético Madrid","Spain",24,0,"1995-01-30",31,3832
"Row1053","pre","2026-06-10T21:24:24.906Z",1186,475,"Pedro Porro",12,"DF","official","2026-05-25","Tottenham Hotspur","England",18,0,"1999-09-13",26,719
"Row1054","pre","2026-06-10T21:24:24.906Z",1182,475,"Aymeric Laporte",14,"DF","official","2026-05-25","Athletic Club","Spain",46,2,"1994-05-27",32,565
"Row1055","pre","2026-06-10T21:24:24.906Z",1188,475,"Pau Cubarsí",22,"DF","official","2026-05-25","FC Barcelona","Spain",12,0,"2007-01-22",19,740
"Row1056","pre","2026-06-10T21:24:24.906Z",1183,475,"Marc Cucurella",24,"DF","official","2026-05-25","Chelsea","England",24,1,"1998-07-22",27,386
"Row1057","pre","2026-06-10T21:24:24.906Z",1197,475,"Ferran Torres",7,"FW","official","2026-05-25","FC Barcelona","Spain",57,24,"2000-02-29",26,749
"Row1058","pre","2026-06-10T21:24:24.906Z",1199,475,"Dani Olmo",10,"FW","official","2026-05-25","FC Barcelona","Spain",50,12,"1998-05-07",28,746
"Row1059","pre","2026-06-10T21:24:24.906Z",1202,475,"Yéremy Pino",11,"FW","official","2026-05-25","Crystal Palace","England",23,4,"2002-10-20",23,431
"Row1060","pre","2026-06-10T21:24:24.906Z",1200,475,"Nico Williams",17,"FW","official","2026-05-25","Athletic Club","Spain",30,6,"2002-07-12",23,571
"Row1061","pre","2026-06-10T21:24:24.906Z",1201,475,"Lamine Yamal",19,"FW","official","2026-05-25","FC Barcelona","Spain",25,6,"2007-07-13",18,745
"Row1062","pre","2026-06-10T21:24:24.906Z",1198,475,"Mikel Oyarzabal",21,"FW","official","2026-05-25","Real Sociedad","Spain",53,25,"1997-04-21",29,3890
"Row1063","pre","2026-06-10T21:24:24.906Z",1204,475,"Victor Muñoz",25,"FW","official","2026-05-25","Osasuna","Spain",2,1,"2003-07-13",22,2668
"Row1064","pre","2026-06-10T21:24:24.906Z",1203,475,"Borja Iglesias",26,"FW","official","2026-05-25","Celta Vigo","Spain",8,0,"1993-01-17",33,1260
"Row1065","pre","2026-06-10T21:24:24.906Z",1180,475,"David Raya",1,"GK","official","2026-05-25","Arsenal","England",13,0,"1995-09-15",30,442
"Row1066","pre","2026-06-10T21:24:24.906Z",1181,475,"Joan García",13,"GK","official","2026-05-25","FC Barcelona","Spain",2,0,"2001-05-04",25,738
"Row1067","pre","2026-06-10T21:24:24.906Z",1179,475,"Unai Simón",23,"GK","official","2026-05-25","Athletic Club","Spain",58,0,"1997-06-11",29,562
"Row1068","pre","2026-06-10T21:24:24.906Z",1191,475,"Mikel Merino",6,"MF","official","2026-05-25","Arsenal","England",43,10,"1996-06-22",29,451
"Row1069","pre","2026-06-10T21:24:24.906Z",1192,475,"Fabián Ruiz",8,"MF","official","2026-05-25","Paris Saint-Germain","France",42,6,"1996-04-03",30,2249
"Row1070","pre","2026-06-10T21:24:24.906Z",1194,475,"Pablo Gavi",9,"MF","official","2026-05-25","FC Barcelona","Spain",30,5,"2004-08-05",21,4900
"Row1071","pre","2026-06-10T21:24:24.906Z",1196,475,"Alex Baena",15,"MF","official","2026-05-25","Atlético Madrid","Spain",17,2,"2001-07-20",24,769
"Row1072","pre","2026-06-10T21:24:24.906Z",1190,475,"Rodri",16,"MF","official","2026-05-25","Manchester City","England",62,4,"1996-06-22",29,4267
"Row1073","pre","2026-06-10T21:24:24.906Z",1195,475,"Martín Zubimendi",18,"MF","official","2026-05-25","Arsenal","England",26,3,"1999-02-02",27,448
"Row1074","pre","2026-06-10T21:24:24.906Z",1193,475,"Pedri",20,"MF","official","2026-05-25","FC Barcelona","Spain",41,6,"2002-11-25",23,744
"Row1075","pre","2026-06-10T21:24:24.906Z",503,731,"Gustaf Lagerbielke",2,"DF","official","2026-05-12","Sporting Braga","Portugal",11,2,"2000-04-10",26,884
"Row1076","pre","2026-06-10T21:24:24.906Z",504,731,"Victor Lindelöf",3,"DF","official","2026-05-12","Aston Villa","England",76,3,"1994-07-17",31,519
"Row1077","pre","2026-06-10T21:24:24.906Z",505,731,"Isak Hien",4,"DF","official","2026-05-12","Atalanta","Italy",29,0,"1999-01-13",27,1299
"Row1078","pre","2026-06-10T21:24:24.906Z",506,731,"Gabriel Gudmundsson",5,"DF","official","2026-05-12","Leeds United","England",24,0,"1999-04-29",27,370
"Row1079","pre","2026-06-10T21:24:24.906Z",507,731,"Emil Holm",6,"DF","official","2026-05-12","Juventus","Italy",16,2,"2000-05-13",26,960
"Row1080","pre","2026-06-10T21:24:24.906Z",1347,731,"Herman Johansson",6,"DF","official","2026-05-12","FC Dallas","USA",3,0,"1997-10-16",28,12135
"Row1081","pre","2026-06-10T21:24:24.906Z",509,731,"Daniel Svensson",8,"DF","official","2026-05-12","Borussia Dortmund","Germany",13,0,"2002-02-12",24,2162
"Row1082","pre","2026-06-10T21:24:24.906Z",515,731,"Hjalmar Ekdal",14,"DF","official","2026-05-12","Burnley","England",13,0,"1998-10-21",27,404
"Row1083","pre","2026-06-10T21:24:24.906Z",516,731,"Carl Starfelt",15,"DF","official","2026-05-12","Celta Vigo","Spain",18,0,"1995-06-01",31,1253
"Row1084","pre","2026-06-10T21:24:24.906Z",521,731,"Eric Smith",20,"DF","official","2026-05-12","FC St. Pauli","Germany",2,0,"1997-01-08",29,2479
"Row1085","pre","2026-06-10T21:24:24.906Z",522,731,"Alexander Bernhardsson",21,"DF","official","2026-05-12","Holstein Kiel","Germany",11,0,"1998-09-07",27,28070
"Row1086","pre","2026-06-10T21:24:24.906Z",525,731,"Elliot Stroud",24,"DF","official","2026-05-12","Mjällby AIF","Sweden",1,0,"2002-06-22",23,16077
"Row1087","pre","2026-06-10T21:24:24.906Z",510,731,"Alexander Isak",9,"FW","official","2026-05-12","Liverpool FC","England",58,17,"1999-09-21",26,332
"Row1088","pre","2026-06-10T21:24:24.906Z",512,731,"Anthony Elanga",11,"FW","official","2026-05-12","Newcastle United","England",30,6,"2002-04-27",24,710
"Row1089","pre","2026-06-10T21:24:24.906Z",518,731,"Viktor Gyökeres",17,"FW","official","2026-05-12","Arsenal","England",33,20,"1998-06-04",28,456
"Row1090","pre","2026-06-10T21:24:24.906Z",526,731,"Gustaf Nilsson",25,"FW","official","2026-05-12","Club Brugge KV","Belgium",10,4,"1997-05-23",29,3556
"Row1091","pre","2026-06-10T21:24:24.906Z",527,731,"Taha Abdi Ali",26,"FW","official","2026-05-12","Malmö FF","Sweden",2,0,"1998-07-01",27,4400
"Row1092","pre","2026-06-10T21:24:24.906Z",502,731,"Jacob Widell Zetterström",1,"GK","official","2026-05-12","Derby County","England",3,0,"1998-07-11",27,6221
"Row1093","pre","2026-06-10T21:24:24.906Z",513,731,"Viktor Johansson",12,"GK","official","2026-05-12","Stoke City","England",12,0,"1998-09-14",27,6046
"Row1094","pre","2026-06-10T21:24:24.906Z",524,731,"Kristoffer Nordfeldt",23,"GK","official","2026-05-12","AIK","Sweden",21,0,"1989-06-23",36,15999
"Row1095","pre","2026-06-10T21:24:24.906Z",508,731,"Lucas Bergvall",7,"MF","official","2026-05-12","Tottenham Hotspur","England",10,0,"2006-02-02",20,726
"Row1096","pre","2026-06-10T21:24:24.906Z",511,731,"Benjamin Nygren",10,"MF","official","2026-05-12","Celtic","Scotland",11,3,"2001-07-08",24,3394
"Row1097","pre","2026-06-10T21:24:24.906Z",514,731,"Ken Sema",13,"MF","official","2026-05-12","Pafos FC","Cyprus",33,5,"1993-09-30",32,4232
"Row1098","pre","2026-06-10T21:24:24.906Z",517,731,"Jesper Karlström",16,"MF","official","2026-05-12","Udinese","Italy",25,0,"1995-06-21",30,2568
"Row1099","pre","2026-06-10T21:24:24.906Z",519,731,"Yasin Ayari",18,"MF","official","2026-05-12","Brighton & Hove Albion","England",21,3,"2003-10-06",22,1632
"Row1100","pre","2026-06-10T21:24:24.906Z",520,731,"Mattias Svanberg",19,"MF","official","2026-05-12","VfL Wolfsburg","Germany",41,2,"1999-01-05",27,1377
"Row1101","pre","2026-06-10T21:24:24.906Z",523,731,"Besfort Zeneli",22,"MF","official","2026-05-12","Royale Union Saint-Gilloise","Belgium",8,0,"2002-11-21",23,8600
"Row1102","pre","2026-06-10T21:24:24.906Z",212,462,"Miro Muheim",2,"DF","official","2026-05-18","Hamburger SV","Germany",10,0,"1998-03-24",28,1596
"Row1103","pre","2026-06-10T21:24:24.906Z",210,462,"Silvan Widmer",3,"DF","official","2026-05-18","1. FSV Mainz 05","Germany",60,5,"1993-03-05",33,1208
"Row1104","pre","2026-06-10T21:24:24.906Z",209,462,"Nico Elvedi",4,"DF","official","2026-05-18","Borussia M'gladbach","Germany",67,3,"1996-09-30",29,2869
"Row1105","pre","2026-06-10T21:24:24.906Z",208,462,"Manuel Akanji",5,"DF","official","2026-05-18","Inter","Italy",81,4,"1995-07-19",30,1679
"Row1106","pre","2026-06-10T21:24:24.906Z",207,462,"Ricardo Rodríguez",13,"DF","official","2026-05-18","Real Betis","Spain",138,9,"1992-08-25",33,1582
"Row1107","pre","2026-06-10T21:24:24.906Z",211,462,"Eray Cömert",18,"DF","official","2026-05-18","Valencia","Spain",22,0,"1998-02-04",28,942
"Row1108","pre","2026-06-10T21:24:24.906Z",213,462,"Aurèle Amenda",24,"DF","official","2026-05-18","Eintracht Frankfurt","Germany",7,0,"2003-07-31",22,1362
"Row1109","pre","2026-06-10T21:24:24.906Z",214,462,"Luca Jaquez",25,"DF","official","2026-05-18","VfB Stuttgart","Germany",3,0,"2003-06-02",23,3119
"Row1110","pre","2026-06-10T21:24:24.906Z",224,462,"Breel Embolo",7,"FW","official","2026-05-18","Stade Rennais","France",86,24,"1997-02-14",29,2811
"Row1111","pre","2026-06-10T21:24:24.906Z",226,462,"Dan Ndoye",11,"FW","official","2026-05-18","Nottingham Forest","England",31,8,"2000-10-25",25,551
"Row1112","pre","2026-06-10T21:24:24.906Z",221,462,"Christian Fassnacht",16,"FW","official","2026-05-18","BSC Young Boys","Switzerland",23,5,"1993-11-11",32,3204
"Row1113","pre","2026-06-10T21:24:24.906Z",225,462,"Rubén Vargas",17,"FW","official","2026-05-18","Sevilla","Spain",61,11,"1998-08-05",27,3803
"Row1114","pre","2026-06-10T21:24:24.906Z",228,462,"Noah Okafor",19,"FW","official","2026-05-18","Leeds United","England",25,2,"2000-05-24",26,374
"Row1115","pre","2026-06-10T21:24:24.906Z",227,462,"Zeki Amdouni",23,"FW","official","2026-05-18","Burnley","England",29,11,"2000-12-04",25,22868
"Row1116","pre","2026-06-10T21:24:24.906Z",229,462,"Cédric Itten",26,"FW","official","2026-05-18","Fortuna Düsseldorf","Germany",15,5,"1996-12-27",29,27743
"Row1117","pre","2026-06-10T21:24:24.906Z",204,462,"Gregor Kobel",1,"GK","official","2026-05-18","Borussia Dortmund","Germany",21,0,"1997-12-06",28,2155
"Row1118","pre","2026-06-10T21:24:24.906Z",205,462,"Yvon Mvogo",12,"GK","official","2026-05-18","Lorient","France",13,0,"1994-06-06",32,1465
"Row1119","pre","2026-06-10T21:24:24.906Z",206,462,"Marvin Keller",21,"GK","official","2026-05-18","BSC Young Boys","Switzerland",1,0,"2002-04-03",24,3195
"Row1120","pre","2026-06-10T21:24:24.906Z",217,462,"Denis Zakaria",6,"MF","official","2026-05-18","AS Monaco","Monaco",65,3,"1996-11-20",29,3616
"Row1121","pre","2026-06-10T21:24:24.906Z",216,462,"Remo Freuler",8,"MF","official","2026-05-18","Bologna","Italy",88,11,"1992-04-15",34,4266
"Row1122","pre","2026-06-10T21:24:24.906Z",222,462,"Johan Manzambi",9,"MF","official","2026-05-18","SC Freiburg","Germany",12,3,"2005-10-14",20,1178
"Row1123","pre","2026-06-10T21:24:24.906Z",215,462,"Granit Xhaka",10,"MF","official","2026-05-18","Sunderland","England",146,17,"1992-09-27",33,348
"Row1124","pre","2026-06-10T21:24:24.906Z",223,462,"Ardon Jashari",14,"MF","official","2026-05-18","AC Milan","Italy",8,0,"2002-07-30",23,2005
"Row1125","pre","2026-06-10T21:24:24.906Z",218,462,"Djibril Sow",15,"MF","official","2026-05-18","Sevilla","Spain",52,0,"1997-02-06",29,1550
"Row1126","pre","2026-06-10T21:24:24.906Z",219,462,"Michel Aebischer",20,"MF","official","2026-05-18","Pisa","Italy",40,2,"1997-01-06",29,1660
"Row1127","pre","2026-06-10T21:24:24.906Z",220,462,"Fabian Rieder",22,"MF","official","2026-05-18","FC Augsburg","Germany",28,1,"2002-02-16",24,2404
"Row1128","pre","2026-06-10T21:24:24.906Z",533,474,"Ali Abdi",2,"DF","official","2026-05-15","Nice","France",46,7,"1993-12-20",32,1498
"Row1129","pre","2026-06-10T21:24:24.906Z",531,474,"Montassar Talbi",3,"DF","official","2026-05-15","Lorient","France",64,4,"1998-05-26",28,1467
"Row1130","pre","2026-06-10T21:24:24.906Z",537,474,"Omar Rekik",4,"DF","official","2026-05-15","NK Maribor","Slovenia",6,0,"2001-12-20",24,17112
"Row1131","pre","2026-06-10T21:24:24.906Z",538,474,"Adem Arous",5,"DF","official","2026-05-15","Kasımpaşa","Türkiye",2,0,"2004-07-17",21,6743
"Row1132","pre","2026-06-10T21:24:24.906Z",532,474,"Dylan Bronn",6,"DF","official","2026-05-15","Servette FC","Switzerland",52,2,"1995-06-19",30,7603
"Row1133","pre","2026-06-10T21:24:24.906Z",543,474,"Mortadha Ben Ouanes",12,"DF","official","2026-05-15","Kasımpaşa","Türkiye",18,0,"1994-07-02",31,6745
"Row1134","pre","2026-06-10T21:24:24.906Z",534,474,"Yan Valery",20,"DF","official","2026-05-15","BSC Young Boys","Switzerland",22,0,"1999-02-22",27,6781
"Row1135","pre","2026-06-10T21:24:24.906Z",535,474,"Amine Ben Hmida",21,"DF","official","2026-05-15","Espérance Tunis","Tunisia",13,0,"1995-12-15",30,14699
"Row1136","pre","2026-06-10T21:24:24.906Z",536,474,"Moutaz Neffati",23,"DF","official","2026-05-15","IFK Norrköping","Sweden",5,0,"2004-09-04",21,15792
"Row1137","pre","2026-06-10T21:24:24.906Z",539,474,"Raed Chikhaoui",24,"DF","official","2026-05-15","US Monastir","Tunisia",0,0,"2004-06-09",22,17111
"Row1138","pre","2026-06-10T21:24:24.906Z",547,474,"Elias Achouri",7,"FW","official","2026-05-15","FC København","Denmark",30,4,"1999-02-10",27,4243
"Row1139","pre","2026-06-10T21:24:24.906Z",550,474,"Elias Saad",8,"FW","official","2026-05-15","Hannover 96","Germany",15,4,"1999-12-27",26,2415
"Row1140","pre","2026-06-10T21:24:24.906Z",549,474,"Hazem Mastouri",9,"FW","official","2026-05-15","Dinamo Makhachkala","",19,4,"1997-06-18",28,15492
"Row1141","pre","2026-06-10T21:24:24.906Z",553,474,"Rayan Elloumi",18,"FW","official","2026-05-15","Vancouver Whitecaps","Canada",4,0,"2007-09-17",18,9139
"Row1142","pre","2026-06-10T21:24:24.906Z",548,474,"Firas Chaouat",19,"FW","official","2026-05-15","Club Africain","Tunisia",30,6,"1996-05-08",30,15493
"Row1143","pre","2026-06-10T21:24:24.906Z",530,474,"Abdelmouhib Chamakh",1,"GK","official","2026-05-15","Club Africain","Tunisia",2,0,"2001-08-25",24,17110
"Row1144","pre","2026-06-10T21:24:24.906Z",528,474,"Aymen Dahmen",16,"GK","official","2026-05-15","CS Sfaxien","Tunisia",37,0,"1997-01-28",29,15490
"Row1145","pre","2026-06-10T21:24:24.906Z",529,474,"Sabri Ben Hessen",22,"GK","official","2026-05-15","Etoile Sportive Du Sahel","Tunisia",2,0,"1996-06-13",29,17106
"Row1146","pre","2026-06-10T21:24:24.906Z",541,474,"Hannibal Mejbri",10,"MF","official","2026-05-15","Burnley","England",45,1,"2003-01-21",23,415
"Row1147","pre","2026-06-10T21:24:24.906Z",544,474,"Ismael Gharbi",11,"MF","official","2026-05-15","FC Augsburg","Germany",17,2,"2004-04-10",22,3913
"Row1148","pre","2026-06-10T21:24:24.906Z",546,474,"Rani Khedira",13,"MF","official","2026-05-15","1. FC Union Berlin","Germany",3,0,"1994-01-27",32,2421
"Row1149","pre","2026-06-10T21:24:24.906Z",552,474,"Khalil Ayari",14,"MF","official","2026-05-15","Paris Saint-Germain U21","",4,0,"2005-02-02",21,17108
"Row1150","pre","2026-06-10T21:24:24.906Z",545,474,"Mohamed Belhadj Mahmoud",15,"MF","official","2026-05-15","FC Lugano","Switzerland",9,0,"2000-04-24",26,7592
"Row1151","pre","2026-06-10T21:24:24.906Z",540,474,"Ellyes Skhiri",17,"MF","official","2026-05-15","Eintracht Frankfurt","Germany",83,4,"1995-05-10",31,1352
"Row1152","pre","2026-06-10T21:24:24.906Z",542,474,"Anis Ben Slimane",25,"MF","official","2026-05-15","Norwich City","England",41,4,"2001-03-16",25,6399
"Row1153","pre","2026-06-10T21:24:24.906Z",551,474,"Sebastian Tounekti",26,"MF","official","2026-05-15","Celtic","Scotland",12,1,"2002-07-13",23,3396
"Row1154","pre","2026-06-10T21:24:24.906Z",369,932,"Zeki Çelik",2,"DF","official","2026-05-18","AS Roma","Italy",61,3,"1997-02-17",29,1062
"Row1155","pre","2026-06-10T21:24:24.906Z",368,932,"Merih Demiral",3,"DF","official","2026-05-18","Al-Ahli","Saudi Arabia",62,6,"1998-03-05",28,8112
"Row1156","pre","2026-06-10T21:24:24.906Z",370,932,"Çağlar Söyüncü",4,"DF","official","2026-05-18","Fenerbahçe","Türkiye",60,2,"1996-05-23",30,4174
"Row1157","pre","2026-06-10T21:24:24.906Z",375,932,"Eren Elmalı",13,"DF","official","2026-05-18","Galatasaray","Türkiye",23,0,"2000-07-07",25,4217
"Row1158","pre","2026-06-10T21:24:24.906Z",374,932,"Abdülkerim Bardakcı",14,"DF","official","2026-05-18","Galatasaray","Türkiye",27,2,"1994-09-07",31,3727
"Row1159","pre","2026-06-10T21:24:24.906Z",373,932,"Ozan Kabak",15,"DF","official","2026-05-18","TSG Hoffenheim","Germany",30,2,"2000-03-25",26,2389
"Row1160","pre","2026-06-10T21:24:24.906Z",371,932,"Mert Müldür",18,"DF","official","2026-05-18","Fenerbahçe","Türkiye",45,3,"1999-04-03",27,3420
"Row1161","pre","2026-06-10T21:24:24.906Z",372,932,"Ferdi Kadıoğlu",20,"DF","official","2026-05-18","Brighton & Hove Albion","England",30,2,"1999-10-07",26,486
"Row1162","pre","2026-06-10T21:24:24.906Z",376,932,"Samet Akaydın",25,"DF","official","2026-05-18","Çaykur Rizespor","Türkiye",19,1,"1994-03-13",32,5850
"Row1163","pre","2026-06-10T21:24:24.906Z",387,932,"Kerem Aktürkoğlu",7,"FW","official","2026-05-18","Fenerbahçe","Türkiye",52,15,"1998-10-21",27,3415
"Row1164","pre","2026-06-10T21:24:24.906Z",390,932,"Arda Güler",8,"FW","official","2026-05-18","Real Madrid","Spain",29,6,"2005-02-25",21,597
"Row1165","pre","2026-06-10T21:24:24.906Z",394,932,"Deniz Gül",9,"FW","official","2026-05-18","FC Porto","Portugal",8,2,"2004-07-02",21,3449
"Row1166","pre","2026-06-10T21:24:24.906Z",391,932,"Kenan Yıldız",11,"FW","official","2026-05-18","Juventus","Italy",28,5,"2005-05-04",21,2184
"Row1167","pre","2026-06-10T21:24:24.906Z",388,932,"İrfan Can Kahveci",17,"FW","official","2026-05-18","Kasımpaşa","Türkiye",47,6,"1995-07-15",30,4577
"Row1168","pre","2026-06-10T21:24:24.906Z",392,932,"Yunus Akgün",19,"FW","official","2026-05-18","Galatasaray","Türkiye",19,4,"2000-07-07",25,4435
"Row1169","pre","2026-06-10T21:24:24.906Z",389,932,"Barış Alper Yılmaz",21,"FW","official","2026-05-18","Galatasaray","Türkiye",35,4,"2000-05-23",26,3734
"Row1170","pre","2026-06-10T21:24:24.906Z",393,932,"Oğuz Aydın",24,"FW","official","2026-05-18","Fenerbahçe","Türkiye",11,0,"2000-10-27",25,3412
"Row1171","pre","2026-06-10T21:24:24.906Z",396,932,"Can Uzun",26,"FW","official","2026-05-18","Eintracht Frankfurt","Germany",6,1,"2005-11-11",20,4308
"Row1172","pre","2026-06-10T21:24:24.906Z",364,932,"Mert Günok",1,"GK","official","2026-05-18","Fenerbahçe","Türkiye",37,0,"1989-03-01",37,5842
"Row1173","pre","2026-06-10T21:24:24.906Z",365,932,"Altay Bayındır",12,"GK","official","2026-05-18","Manchester United","England",12,0,"1998-04-14",28,1803
"Row1174","pre","2026-06-10T21:24:24.906Z",363,932,"Uğurcan Çakır",23,"GK","official","2026-05-18","Galatasaray","Türkiye",39,0,"1996-04-05",30,3724
"Row1175","pre","2026-06-10T21:24:24.906Z",384,932,"Salih Özcan",5,"MF","official","2026-05-18","Borussia Dortmund","Germany",30,1,"1998-01-11",28,3916
"Row1176","pre","2026-06-10T21:24:24.906Z",382,932,"Orkun Kökçü",6,"MF","official","2026-05-18","Beşiktaş JK","Türkiye",50,4,"2000-12-29",25,5835
"Row1177","pre","2026-06-10T21:24:24.906Z",380,932,"Hakan Çalhanoğlu",10,"MF","official","2026-05-18","Inter","Italy",105,22,"1994-02-08",32,1684
"Row1178","pre","2026-06-10T21:24:24.906Z",383,932,"İsmail Yüksek",16,"MF","official","2026-05-18","Fenerbahçe","Türkiye",32,1,"1999-01-26",27,4172
"Row1179","pre","2026-06-10T21:24:24.906Z",381,932,"Kaan Ayhan",22,"MF","official","2026-05-18","Galatasaray","Türkiye",73,5,"1994-11-10",31,4218
"Row1180","pre","2026-06-10T21:24:24.906Z",1463,480,"José María Giménez",2,"DF","official","2026-05-31","Atlético Madrid","Spain",99,8,"1995-01-20",31,762
"Row1181","pre","2026-06-10T21:24:24.906Z",1387,480,"Sebastián Cáceres",3,"DF","official","2026-05-31","Club América","Mexico",24,0,"1999-08-18",26,10103
"Row1182","pre","2026-06-10T21:24:24.906Z",1386,480,"Ronald Araújo",4,"DF","official","2026-05-31","FC Barcelona","Spain",27,1,"1999-03-07",27,3661
"Row1183","pre","2026-06-10T21:24:24.906Z",1385,480,"Guillermo Varela",13,"DF","official","2026-05-31","Flamengo","Brazil",28,0,"1993-03-24",33,48
"Row1184","pre","2026-06-10T21:24:24.906Z",1384,480,"Mathías Olivera",16,"DF","official","2026-05-31","SSC Napoli","Italy",35,2,"1997-10-31",28,1089
"Row1185","pre","2026-06-10T21:24:24.906Z",1383,480,"Matías Viña",17,"DF","official","2026-05-31","River Plate","Argentina",43,1,"1997-11-09",28,3968
"Row1186","pre","2026-06-10T21:24:24.906Z",1389,480,"Santiago Bueno",24,"DF","official","2026-05-31","Wolverhampton","England",8,0,"1998-11-09",27,540
"Row1187","pre","2026-06-10T21:24:24.906Z",1402,480,"Darwin Núñez",9,"FW","official","2026-05-31","Al-Hilal","Saudi Arabia",38,13,"1999-06-24",26,8000
"Row1188","pre","2026-06-10T21:24:24.906Z",1393,480,"Facundo Pellistri",11,"FW","official","2026-05-31","Panathinaikos FC","Greece",39,2,"2001-12-20",24,8722
"Row1189","pre","2026-06-10T21:24:24.906Z",1396,480,"Brian Rodríguez",18,"FW","official","2026-05-31","Club América","Mexico",32,4,"2000-05-20",26,10110
"Row1190","pre","2026-06-10T21:24:24.906Z",1404,480,"Rodrigo Aguirre",19,"FW","official","2026-05-31","Tigres UANL","Mexico",10,3,"1994-10-01",31,10112
"Row1191","pre","2026-06-10T21:24:24.906Z",1403,480,"Federico Viñas",21,"FW","official","2026-05-31","Real Oviedo","Spain",11,2,"1998-06-30",27,1973
"Row1192","pre","2026-06-10T21:24:24.906Z",1380,480,"Sergio Rochet",1,"GK","official","2026-05-31","Internacional","Brazil",35,0,"1993-03-23",33,161
"Row1193","pre","2026-06-10T21:24:24.906Z",1381,480,"Santiago Mele",12,"GK","official","2026-05-31","CF Monterrey","Mexico",8,0,"1997-09-06",28,10182
"Row1194","pre","2026-06-10T21:24:24.906Z",1379,480,"Fernando Muslera",23,"GK","official","2026-05-31","Estudiantes de La Plata","Argentina",134,0,"1986-06-16",39,16896
"Row1195","pre","2026-06-10T21:24:24.906Z",1394,480,"Manuel Ugarte",5,"MF","official","2026-05-31","Manchester United","England",36,1,"2001-04-11",25,1806
"Row1196","pre","2026-06-10T21:24:24.906Z",1390,480,"Rodrigo Bentancur",6,"MF","official","2026-05-31","Tottenham Hotspur","England",74,3,"1997-06-25",28,723
"Row1197","pre","2026-06-10T21:24:24.906Z",1395,480,"Nicolás de la Cruz",7,"MF","official","2026-05-31","Flamengo","Brazil",34,5,"1997-06-01",29,61
"Row1198","pre","2026-06-10T21:24:24.906Z",1391,480,"Federico Valverde",8,"MF","official","2026-05-31","Real Madrid","Spain",73,9,"1998-07-22",27,593
"Row1199","pre","2026-06-10T21:24:24.906Z",1392,480,"Giorgian de Arrascaeta",10,"MF","official","2026-05-31","Flamengo","Brazil",60,13,"1994-05-31",32,55
"Row1200","pre","2026-06-10T21:24:24.906Z",1398,480,"Agustín Canobbio",14,"MF","official","2026-05-31","Fluminense","Brazil",15,1,"1998-10-01",27,2908
"Row1201","pre","2026-06-10T21:24:24.906Z",1399,480,"Emiliano Martínez",15,"MF","official","2026-05-31","Palmeiras","Brazil",10,0,"1999-08-17",26,29
"Row1202","pre","2026-06-10T21:24:24.906Z",1397,480,"Maximiliano Araújo",20,"MF","official","2026-05-31","Sporting CP","Portugal",28,3,"2000-02-15",26,1215
"Row1203","pre","2026-06-10T21:24:24.906Z",1388,480,"Joaquín Piquerez",22,"MF","official","2026-05-31","Palmeiras","Brazil",19,0,"1998-08-24",27,28
"Row1204","pre","2026-06-10T21:24:24.906Z",1401,480,"Juan Sanabria",25,"MF","official","2026-05-31","Real Salt Lake","USA",5,1,"2000-03-29",26,10229
"Row1205","pre","2026-06-10T21:24:24.906Z",1400,480,"Rodrigo Zalazar",26,"MF","official","2026-05-31","Sporting Braga","Portugal",8,2,"1999-08-12",26,3030
"Row1206","pre","2026-06-10T21:24:24.906Z",1261,457,"Sergiño Dest",2,"DF","official","2026-05-26","PSV Eindhoven","Netherlands",39,3,"2000-11-03",25,3503
"Row1207","pre","2026-06-10T21:24:24.906Z",1262,457,"Chris Richards",3,"DF","official","2026-05-26","Crystal Palace","England",36,3,"2000-03-28",26,423
"Row1208","pre","2026-06-10T21:24:24.906Z",1264,457,"Antonee Robinson",5,"DF","official","2026-05-26","Fulham","England",54,5,"1997-08-08",28,4559
"Row1209","pre","2026-06-10T21:24:24.906Z",1265,457,"Auston Trusty",6,"DF","official","2026-05-26","Celtic","Scotland",8,0,"1998-08-12",27,3385
"Row1210","pre","2026-06-10T21:24:24.906Z",1271,457,"Miles Robinson",12,"DF","official","2026-05-26","FC Cincinnati","USA",40,3,"1997-03-14",29,9151
"Row1211","pre","2026-06-10T21:24:24.906Z",1346,457,"Tim Ream",13,"DF","official","2026-05-26","Charlotte FC","USA",82,1,"1987-10-05",38,9229
"Row1212","pre","2026-06-10T21:24:24.906Z",1275,457,"Alexander Freeman",16,"DF","official","2026-05-26","Villarreal","Spain",17,2,"2004-08-09",21,8860
"Row1213","pre","2026-06-10T21:24:24.906Z",1277,457,"Maximilian Arfsten",18,"DF","official","2026-05-26","Columbus Crew","USA",20,1,"2001-04-19",25,9209
"Row1214","pre","2026-06-10T21:24:24.906Z",1281,457,"Mark McKenzie",22,"DF","official","2026-05-26","Toulouse","France",29,0,"1999-02-25",27,1943
"Row1215","pre","2026-06-10T21:24:24.906Z",1282,457,"Joe Scally",23,"DF","official","2026-05-26","Borussia M'gladbach","Germany",26,0,"2002-12-31",23,2868
"Row1216","pre","2026-06-10T21:24:24.906Z",1268,457,"Ricardo Pepi",9,"FW","official","2026-05-26","PSV Eindhoven","Netherlands",37,13,"2003-01-09",23,3513
"Row1217","pre","2026-06-10T21:24:24.906Z",1314,457,"Christian Pulišić",10,"FW","official","2026-05-26","AC Milan","Italy",84,32,"1998-09-18",27,3820
"Row1218","pre","2026-06-10T21:24:24.906Z",1270,457,"Brenden Aaronson",11,"FW","official","2026-05-26","Leeds United","England",58,9,"2000-10-22",25,380
"Row1219","pre","2026-06-10T21:24:24.906Z",1278,457,"Haji Wright",19,"FW","official","2026-05-26","Coventry City","England",20,7,"1998-03-27",28,6430
"Row1220","pre","2026-06-10T21:24:24.906Z",1279,457,"Folarin Balogun",20,"FW","official","2026-05-26","AS Monaco","Monaco",27,9,"2001-07-03",24,2232
"Row1221","pre","2026-06-10T21:24:24.906Z",1280,457,"Tim Weah",21,"FW","official","2026-05-26","Olympique de Marseille","France",51,7,"2000-02-22",26,1923
"Row1222","pre","2026-06-10T21:24:24.906Z",1285,457,"Alex Zendejas",26,"FW","official","2026-05-26","Club América","Mexico",14,2,"1998-02-07",28,10111
"Row1223","pre","2026-06-10T21:24:24.906Z",1260,457,"Matt Turner",1,"GK","official","2026-05-26","New England Revolution","USA",54,0,"1994-06-24",31,9514
"Row1224","pre","2026-06-10T21:24:24.906Z",1283,457,"Matthew Freese",24,"GK","official","2026-05-26","New York City FC","USA",15,0,"1998-09-02",27,9116
"Row1225","pre","2026-06-10T21:24:24.906Z",1284,457,"Chris Brady",25,"GK","official","2026-05-26","Chicago Fire","USA",1,0,"2004-03-03",22,9374
"Row1226","pre","2026-06-10T21:24:24.906Z",1263,457,"Tyler Adams",4,"MF","official","2026-05-26","Bournemouth","England",54,2,"1999-02-14",27,788
"Row1227","pre","2026-06-10T21:24:24.906Z",1266,457,"Giovanni Reyna",7,"MF","official","2026-05-26","Borussia M'gladbach","Germany",38,9,"2002-11-13",23,2878
"Row1228","pre","2026-06-10T21:24:25.727Z",1267,457,"Weston McKennie",8,"MF","official","2026-05-26","Juventus","Italy",66,12,"1998-08-28",27,2179
"Row1229","pre","2026-06-10T21:24:25.727Z",1273,457,"Sebastian Berhalter",14,"MF","official","2026-05-26","Vancouver Whitecaps","Canada",13,1,"2001-05-10",25,9104
"Row1230","pre","2026-06-10T21:24:25.727Z",1274,457,"Cristian Roldán",15,"MF","official","2026-05-26","Seattle Sounders FC","USA",47,0,"1995-06-03",31,9250
"Row1231","pre","2026-06-10T21:24:25.727Z",1276,457,"Malik Tillman",17,"MF","official","2026-05-26","Bayer 04 Leverkusen","Germany",30,3,"2002-05-28",24,2143
"Row1232","pre","2026-06-10T21:24:25.727Z",1030,497,"Abdukodir Khusanov",2,"DF","official","2026-05-05","Manchester City","England",27,0,"2004-02-29",22,860
"Row1233","pre","2026-06-10T21:24:25.727Z",1027,497,"Khozhiakbar Alizhonov",3,"DF","official","2026-05-05","Pakhtakor Tashkent","",40,2,"1997-04-19",29,55372
"Row1234","pre","2026-06-10T21:24:25.727Z",1026,497,"Farrukh Sayfiev",4,"DF","official","2026-05-05","Neftchi Fergana","",46,1,"1991-01-17",35,55388
"Row1235","pre","2026-06-10T21:24:25.727Z",1025,497,"Rustam Ashurmatov",5,"DF","official","2026-05-05","Esteghlal FC","",49,1,"1996-07-07",29,55387
"Row1236","pre","2026-06-10T21:24:25.727Z",1028,497,"Sherzod Nasrullaev",13,"DF","official","2026-05-05","Pakhtakor Tashkent","",31,2,"1998-07-23",27,55373
"Row1237","pre","2026-06-10T21:24:25.727Z",1029,497,"Umarbek Eshmuradov",15,"DF","official","2026-05-05","Nasaf Qarshi","",29,0,"1992-11-30",33,55386
"Row1238","pre","2026-06-10T21:24:25.727Z",1032,497,"Abdulla Abdullaev",18,"DF","official","2026-05-05","Dibba Al-Fujairah","",17,0,"1997-09-01",28,55385
"Row1239","pre","2026-06-10T21:24:25.727Z",1033,497,"Bekhruz Karimov",24,"DF","official","2026-05-05","Surkhon Termez","",2,0,"2007-08-07",18,59413
"Row1240","pre","2026-06-10T21:24:25.727Z",1038,497,"Avazbek Ulmasaliyev",25,"DF","official","2026-05-05","FC OKMK","",0,0,"2000-03-27",26,59375
"Row1241","pre","2026-06-10T21:24:25.727Z",1035,497,"Jakhongir Urozov",26,"DF","official","2026-05-05","Dinamo Samarqand","",4,0,"2004-01-18",22,59373
"Row1242","pre","2026-06-10T21:24:25.727Z",1051,497,"Eldor Shomurodov",14,"FW","official","2026-05-05","Başakşehir FK","Türkiye",92,44,"1995-06-29",30,6643
"Row1243","pre","2026-06-10T21:24:25.727Z",1057,497,"Azizbek Amanov",20,"FW","official","2026-05-05","Dinamo Samarqand","",12,2,"1997-10-30",28,56128
"Row1244","pre","2026-06-10T21:24:25.727Z",1052,497,"Igor Sergeev",21,"FW","official","2026-05-05","Persepolis FC","",83,25,"1993-04-30",33,55382
"Row1245","pre","2026-06-10T21:24:25.727Z",1021,497,"Utkir Yusupov",1,"GK","official","2026-05-05","Navbahor Namangan","",40,0,"1991-01-04",35,55371
"Row1246","pre","2026-06-10T21:24:25.727Z",1022,497,"Abduvokhid Nematov",12,"GK","official","2026-05-05","Nasaf Qarshi","",8,0,"2001-03-20",25,55384
"Row1247","pre","2026-06-10T21:24:25.727Z",1023,497,"Botirali Ergashev",16,"GK","official","2026-05-05","Neftchi Fergana","",2,0,"1995-06-23",30,55383
"Row1248","pre","2026-06-10T21:24:25.727Z",1042,497,"Akmal Mozgovoy",6,"MF","official","2026-05-05","Pakhtakor Tashkent","",25,1,"2000-04-02",26,55375
"Row1249","pre","2026-06-10T21:24:25.727Z",1039,497,"Otabek Shukurov",7,"MF","official","2026-05-05","Baniyas","",84,9,"1996-06-22",29,55629
"Row1250","pre","2026-06-10T21:24:25.727Z",1041,497,"Jamshid Iskandarov",8,"MF","official","2026-05-05","Neftchi Fergana","",38,4,"1993-10-16",32,55378
"Row1251","pre","2026-06-10T21:24:25.727Z",1040,497,"Odiljon Khamrobekov",9,"MF","official","2026-05-05","Tractor FC","",72,1,"1996-02-13",30,55374
"Row1252","pre","2026-06-10T21:24:25.727Z",1053,497,"Jaloliddin Masharipov",10,"MF","official","2026-05-05","Esteghlal FC","",74,12,"1993-09-01",32,55377
"Row1253","pre","2026-06-10T21:24:25.727Z",1054,497,"Oston Urunov",11,"MF","official","2026-05-05","Persepolis FC","",42,10,"2000-12-19",25,55630
"Row1254","pre","2026-06-10T21:24:25.727Z",1055,497,"Dostonbek Khamdamov",17,"MF","official","2026-05-05","Pakhtakor Tashkent","",34,5,"1996-07-24",29,59376
"Row1255","pre","2026-06-10T21:24:25.727Z",1043,497,"Azizjon Ganiev",19,"MF","official","2026-05-05","Al Bataeh","",19,0,"1998-02-22",28,58271
"Row1256","pre","2026-06-10T21:24:25.727Z",1056,497,"Abbosbek Fayzullaev",22,"MF","official","2026-05-05","Başakşehir FK","Türkiye",32,8,"2003-10-03",22,6642
"Row1257","pre","2026-06-10T21:24:25.727Z",1050,497,"Sherzod Esanov",23,"MF","official","2026-05-05","FC Buxoro","",1,0,"2003-02-01",23,59374
