"row ID","n","name","pos","x","y","player_id","side","event_id","received_at"
"Row1599",30,"M. Oyarzabal","F",59.3,44,3890,"home",8390,"2026-07-20T03:00:03.988Z"
"Row1600",147,"P. Porro","D",50.2,14.5,719,"home",8390,"2026-07-20T03:00:03.988Z"
"Row1601",111,"A. Laporte","D",40,68.4,565,"home",8390,"2026-07-20T03:00:03.988Z"
"Row1602",22,"F. Torres","F",72.8,47.6,749,"home",8390,"2026-07-20T03:00:03.988Z"
"Row1603",33,"M. Zubimendi","M",44.6,49.4,448,"home",8390,"2026-07-20T03:00:03.988Z"
"Row1604",18,"E. García","D",34.4,67.6,743,"home",8390,"2026-07-20T03:00:03.988Z"
"Row1605",47,"A. Baena","M",72.9,72,769,"home",8390,"2026-07-20T03:00:03.988Z"
"Row1606",42,"D. Olmo","M",64.4,45.6,746,"home",8390,"2026-07-20T03:00:03.988Z"
"Row1607",106,"M. Cucurella","D",55.2,84.3,386,"home",8390,"2026-07-20T03:00:03.988Z"
"Row1608",61,"U. Simón","G",13.3,52.7,562,"home",8390,"2026-07-20T03:00:03.988Z"
"Row1609",124,"Rodri","M",51.2,45.1,4267,"home",8390,"2026-07-20T03:00:03.988Z"
"Row1610",41,"M. Merino","M",54.6,39.3,451,"home",8390,"2026-07-20T03:00:03.988Z"
"Row1611",152,"P. Cubarsí","D",39.1,30.3,740,"home",8390,"2026-07-20T03:00:03.988Z"
"Row1612",45,"N. Williams","M",74.4,77.2,571,"home",8390,"2026-07-20T03:00:03.988Z"
"Row1613",56,"F. Ruiz","M",55,57.4,2249,"home",8390,"2026-07-20T03:00:03.988Z"
"Row1614",97,"L. Yamal","M",68,19.8,745,"home",8390,"2026-07-20T03:00:03.988Z"
"Row1615",81,"Pedri","M",57.2,58.4,744,"home",8390,"2026-07-20T03:00:03.988Z"
"Row3224",42,"R. De Paul","M",43.9,24.1,9057,"away",8390,"2026-07-20T03:00:03.988Z"
"Row3225",40,"L. Martínez","D",31.4,70.5,1800,"away",8390,"2026-07-20T03:00:03.988Z"
"Row3226",31,"G. Montiel","D",37.6,15.1,23014,"away",8390,"2026-07-20T03:00:03.988Z"
"Row3227",23,"N. González","M",52.3,77,768,"away",8390,"2026-07-20T03:00:03.988Z"
"Row3228",38,"G. Simeone","M",54,34.3,767,"away",8390,"2026-07-20T03:00:03.988Z"
"Row3229",40,"J. Álvarez","F",43.3,72.9,770,"away",8390,"2026-07-20T03:00:03.988Z"
"Row3230",34,"F. Medina","D",33.9,77.3,4603,"away",8390,"2026-07-20T03:00:03.988Z"
"Row3231",10,"M. Senesi","D",41.4,52.2,2370,"away",8390,"2026-07-20T03:00:03.988Z"
"Row3232",45,"N. Otamendi","D",36.2,44.8,2054,"away",8390,"2026-07-20T03:00:03.988Z"
"Row3233",67,"L. Paredes","M",41.1,48.9,16872,"away",8390,"2026-07-20T03:00:03.988Z"
"Row3234",58,"E. Fernández","M",35.6,46,387,"away",8390,"2026-07-20T03:00:03.988Z"
"Row3235",58,"A. Mac Allister","M",42.6,63.9,328,"away",8390,"2026-07-20T03:00:03.988Z"
"Row3236",88,"E. Martínez","G",9.8,48.4,1629,"away",8390,"2026-07-20T03:00:03.988Z"
"Row3237",60,"L. Messi","F",62.2,35.3,9063,"away",8390,"2026-07-20T03:00:03.988Z"
"Row3238",51,"C. Romero","D",26.3,38.3,720,"away",8390,"2026-07-20T03:00:03.988Z"
"Row3239",50,"N. Molina","D",33.3,20.5,761,"away",8390,"2026-07-20T03:00:03.988Z"
"Row3240",77,"N. Tagliafico","D",38.5,83.8,1107,"away",8390,"2026-07-20T03:00:03.988Z"
"Row1583",33,"T. Hernández","D",41.9,87,7994,"home",8389,"2026-07-19T05:00:03.850Z"
"Row1584",32,"D. Doué","F",55.7,72.6,4324,"home",8389,"2026-07-19T05:00:03.850Z"
"Row1585",76,"W. Zaïre-Emery","M",49.8,45.1,2243,"home",8389,"2026-07-19T05:00:03.850Z"
"Row1586",94,"M. Olise","M",62.2,36.2,2467,"home",8389,"2026-07-19T05:00:03.850Z"
"Row1587",39,"O. Dembélé","F",69.6,24.2,2253,"home",8389,"2026-07-19T05:00:03.850Z"
"Row1588",32,"D. Upamecano","D",42.9,35.1,3463,"home",8389,"2026-07-19T05:00:03.850Z"
"Row1589",32,"I. Konaté","D",35.4,36.6,324,"home",8389,"2026-07-19T05:00:03.850Z"
"Row1590",7,"J. Koundé","D",62.8,19.4,739,"home",8389,"2026-07-19T05:00:03.850Z"
"Row1591",72,"M. Gusto","D",48.8,17.5,393,"home",8389,"2026-07-19T05:00:03.850Z"
"Row1592",32,"L. Digne","D",51.4,82.2,513,"home",8389,"2026-07-19T05:00:03.850Z"
"Row1593",29,"B. Barcola","F",64.2,79.5,2261,"home",8389,"2026-07-19T05:00:03.850Z"
"Row1594",67,"A. Rabiot","M",48.9,60.7,1994,"home",8389,"2026-07-19T05:00:03.850Z"
"Row1595",24,"M. Maignan","G",11.2,41.4,1987,"home",8389,"2026-07-19T05:00:03.850Z"
"Row1596",38,"R. Cherki","M",56.3,44.6,856,"home",8389,"2026-07-19T05:00:03.850Z"
"Row1597",64,"M. Lacroix","D",33.9,61.8,424,"home",8389,"2026-07-19T05:00:03.850Z"
"Row1598",70,"K. Mbappé","F",72.9,59.4,594,"home",8389,"2026-07-19T05:00:03.850Z"
"Row3208",23,"J. Bellingham","M",53,51.9,592,"away",8389,"2026-07-19T05:00:03.850Z"
"Row3209",53,"B. Saka","F",55.7,34.6,455,"away",8389,"2026-07-19T05:00:03.850Z"
"Row3210",43,"I. Toney","F",56.8,53.4,8120,"away",8389,"2026-07-19T05:00:03.850Z"
"Row3211",36,"M. Rashford","F",61.6,77.9,750,"away",8389,"2026-07-19T05:00:03.850Z"
"Row3212",55,"D. Henderson","G",10.3,47.6,422,"away",8389,"2026-07-19T05:00:03.850Z"
"Row3213",92,"M. Guéhi","D",29.3,66.4,425,"away",8389,"2026-07-19T05:00:03.850Z"
"Row3214",17,"E. Anderson","M",32.1,54.9,548,"away",8389,"2026-07-19T05:00:03.850Z"
"Row3215",8,"R. James","D",24.4,21.1,400,"away",8389,"2026-07-19T05:00:03.850Z"
"Row3216",2,"T. Chalobah","D",10.1,58.7,383,"away",8389,"2026-07-19T05:00:03.850Z"
"Row3217",70,"E. Konsa","D",29.6,34,504,"away",8389,"2026-07-19T05:00:03.850Z"
"Row3218",68,"D. Spence","D",44.5,84,735,"away",8389,"2026-07-19T05:00:03.850Z"
"Row3219",64,"M. Rogers","M",45.7,42.4,511,"away",8389,"2026-07-19T05:00:03.850Z"
"Row3220",123,"D. Rice","M",39.6,55.8,449,"away",8389,"2026-07-19T05:00:03.850Z"
"Row3221",30,"O. Watkins","F",61,65.6,512,"away",8389,"2026-07-19T05:00:03.850Z"
"Row3222",73,"E. Eze","M",50.2,63.3,454,"away",8389,"2026-07-19T05:00:03.850Z"
"Row3223",52,"J. Quansah","D",34.2,19.1,2149,"away",8389,"2026-07-19T05:00:03.850Z"
"Row1567",34,"A. Gordon","F",60.8,76.6,711,"home",8388,"2026-07-16T03:00:01.840Z"
"Row1568",3,"M. Rashford","F",82.7,84.8,750,"home",8388,"2026-07-16T03:00:01.840Z"
"Row1569",51,"J. Pickford","G",15.7,53,803,"home",8388,"2026-07-16T03:00:01.840Z"
"Row1570",52,"J. Stones","D",35.4,31.6,854,"home",8388,"2026-07-16T03:00:01.840Z"
"Row1571",16,"E. Konsa","D",64.6,5.8,504,"home",8388,"2026-07-16T03:00:01.840Z"
"Row1572",69,"M. Guéhi","D",32.6,69.7,425,"home",8388,"2026-07-16T03:00:01.840Z"
"Row1573",31,"M. Rogers","M",66.8,24.1,511,"home",8388,"2026-07-16T03:00:01.840Z"
"Row1574",36,"H. Kane","F",48.2,54,2466,"home",8388,"2026-07-16T03:00:01.840Z"
"Row1575",6,"D. Burn","D",81.1,25.7,701,"home",8388,"2026-07-16T03:00:01.840Z"
"Row1576",60,"D. Spence","D",46.4,84.5,735,"home",8388,"2026-07-16T03:00:01.840Z"
"Row1577",10,"N. O’Reilly","D",49.2,75.1,847,"home",8388,"2026-07-16T03:00:01.840Z"
"Row1578",46,"D. Rice","M",49.9,38.1,449,"home",8388,"2026-07-16T03:00:01.840Z"
"Row1579",49,"R. James","D",54.8,22.4,400,"home",8388,"2026-07-16T03:00:01.840Z"
"Row1580",1,"I. Toney","F",70.7,8.8,8120,"home",8388,"2026-07-16T03:00:01.840Z"
"Row1581",92,"E. Anderson","M",44.1,53.5,548,"home",8388,"2026-07-16T03:00:01.840Z"
"Row1582",49,"J. Bellingham","M",48.2,72.2,592,"home",8388,"2026-07-16T03:00:01.840Z"
"Row3192",39,"E. Martínez","G",11.3,52.7,1629,"away",8388,"2026-07-16T03:00:01.840Z"
"Row3193",66,"G. Simeone","M",60.9,15.6,767,"away",8388,"2026-07-16T03:00:01.840Z"
"Row3194",30,"N. González","M",62,83.2,768,"away",8388,"2026-07-16T03:00:01.840Z"
"Row3195",26,"N. Otamendi","D",44.6,64.6,2054,"away",8388,"2026-07-16T03:00:01.840Z"
"Row3196",112,"E. Fernández","M",54.8,38.8,387,"away",8388,"2026-07-16T03:00:01.840Z"
"Row3197",35,"R. De Paul","M",56.9,24.3,9057,"away",8388,"2026-07-16T03:00:01.840Z"
"Row3198",58,"N. Molina","D",43.7,13.5,761,"away",8388,"2026-07-16T03:00:01.840Z"
"Row3199",23,"G. Montiel","D",60.8,9.2,23014,"away",8388,"2026-07-16T03:00:01.840Z"
"Row3200",51,"L. Martínez","D",39.6,65.2,1800,"away",8388,"2026-07-16T03:00:01.840Z"
"Row3201",59,"A. Mac Allister","M",52.4,56.6,328,"away",8388,"2026-07-16T03:00:01.840Z"
"Row3202",83,"L. Paredes","M",47.3,47,16872,"away",8388,"2026-07-16T03:00:01.840Z"
"Row3203",98,"L. Messi","F",67.5,29,9063,"away",8388,"2026-07-16T03:00:01.840Z"
"Row3204",56,"N. Tagliafico","D",47.5,80.4,1107,"away",8388,"2026-07-16T03:00:01.840Z"
"Row3205",84,"C. Romero","D",34.7,30.5,720,"away",8388,"2026-07-16T03:00:01.840Z"
"Row3206",59,"J. Álvarez","F",58.7,63.7,770,"away",8388,"2026-07-16T03:00:01.840Z"
"Row3207",2,"L. Martínez","F",91.4,27.6,1687,"away",8388,"2026-07-16T03:00:01.840Z"
"Row1551",28,"B. Barcola","F",65.2,82.6,2261,"home",8387,"2026-07-14T21:55:33.358Z"
"Row1552",12,"W. Saliba","D",37.4,64.1,3460,"home",8387,"2026-07-14T21:55:33.358Z"
"Row1553",41,"K. Mbappé","F",73.6,62.1,594,"home",8387,"2026-07-14T21:55:33.358Z"
"Row1554",62,"J. Koundé","D",47.7,14.3,739,"home",8387,"2026-07-14T21:55:33.358Z"
"Row1555",50,"A. Rabiot","M",45.9,57.9,1994,"home",8387,"2026-07-14T21:55:33.358Z"
"Row1556",24,"R. Cherki","M",53.1,42.9,856,"home",8387,"2026-07-14T21:55:33.358Z"
"Row1557",45,"M. Koné","M",46,59.9,1064,"home",8387,"2026-07-14T21:55:33.358Z"
"Row1558",63,"M. Olise","M",60.7,49.7,2467,"home",8387,"2026-07-14T21:55:33.358Z"
"Row1559",29,"D. Doué","F",65.2,83.8,4324,"home",8387,"2026-07-14T21:55:33.358Z"
"Row1560",70,"M. Lacroix","D",35.8,67.2,424,"home",8387,"2026-07-14T21:55:33.358Z"
"Row1561",50,"O. Dembélé","F",64.7,38.1,2253,"home",8387,"2026-07-14T21:55:33.358Z"
"Row1562",30,"T. Hernández","D",48.7,77.1,7994,"home",8387,"2026-07-14T21:55:33.358Z"
"Row1563",50,"M. Maignan","G",14.5,49.2,1987,"home",8387,"2026-07-14T21:55:33.358Z"
"Row1564",60,"L. Digne","D",49,88.2,513,"home",8387,"2026-07-14T21:55:33.358Z"
"Row1565",84,"D. Upamecano","D",35.9,33.6,3463,"home",8387,"2026-07-14T21:55:33.358Z"
"Row1566",82,"A. Tchouaméni","M",45.3,46.5,591,"home",8387,"2026-07-14T21:55:33.358Z"
"Row3176",37,"M. Oyarzabal","F",47.6,44.4,3890,"away",8387,"2026-07-14T21:55:33.358Z"
"Row3177",54,"L. Yamal","M",61.6,17.6,745,"away",8387,"2026-07-14T21:55:33.358Z"
"Row3178",54,"P. Cubarsí","D",27.2,30.5,740,"away",8387,"2026-07-14T21:55:33.358Z"
"Row3179",94,"F. Ruiz","M",49.2,59.7,2249,"away",8387,"2026-07-14T21:55:33.358Z"
"Row3180",12,"F. Torres","F",67.8,52.1,749,"away",8387,"2026-07-14T21:55:33.358Z"
"Row3181",24,"M. Merino","M",57.2,50.5,451,"away",8387,"2026-07-14T21:55:33.358Z"
"Row3182",29,"Pedri","M",53,50.4,744,"away",8387,"2026-07-14T21:55:33.358Z"
"Row3183",10,"M. Llorente","D",39.2,14.1,3832,"away",8387,"2026-07-14T21:55:33.358Z"
"Row3184",11,"N. Williams","M",55.1,83,571,"away",8387,"2026-07-14T21:55:33.358Z"
"Row3185",54,"D. Olmo","M",54.7,48.2,746,"away",8387,"2026-07-14T21:55:33.358Z"
"Row3186",55,"A. Baena","M",56.7,77.6,769,"away",8387,"2026-07-14T21:55:33.358Z"
"Row3187",94,"A. Laporte","D",33.4,70.7,565,"away",8387,"2026-07-14T21:55:33.358Z"
"Row3188",71,"M. Cucurella","D",45.8,85.9,386,"away",8387,"2026-07-14T21:55:33.358Z"
"Row3189",57,"P. Porro","D",40.5,13.1,719,"away",8387,"2026-07-14T21:55:33.358Z"
"Row3190",68,"U. Simón","G",10.6,48.4,562,"away",8387,"2026-07-14T21:55:33.358Z"
"Row3191",94,"Rodri","M",41.8,48.5,4267,"away",8387,"2026-07-14T21:55:33.358Z"
"Row1534",45,"N. Tagliafico","D",43,88.9,1107,"home",8386,"2026-07-12T09:01:21.670Z"
"Row1535",27,"G. Montiel","D",54.3,17.4,23014,"home",8386,"2026-07-12T09:01:21.670Z"
"Row1536",16,"L. Martínez","F",64.5,56.1,1687,"home",8386,"2026-07-12T09:01:21.670Z"
"Row1537",36,"T. Almada","M",73.7,68.5,773,"home",8386,"2026-07-12T09:01:21.670Z"
"Row1538",7,"J. López","F",42.5,45.3,34,"home",8386,"2026-07-12T09:01:21.670Z"
"Row1539",110,"L. Martínez","D",44.6,67.1,1800,"home",8386,"2026-07-12T09:01:21.670Z"
"Row1540",17,"N. Otamendi","D",32.8,27.6,2054,"home",8386,"2026-07-12T09:01:21.670Z"
"Row1541",111,"L. Messi","F",69.2,38.4,9063,"home",8386,"2026-07-12T09:01:21.670Z"
"Row1542",57,"N. Molina","D",37.9,13.2,761,"home",8386,"2026-07-12T09:01:21.670Z"
"Row1543",68,"J. Álvarez","F",58.4,57.7,770,"home",8386,"2026-07-12T09:01:21.670Z"
"Row1544",56,"N. González","M",59.3,81.6,768,"home",8386,"2026-07-12T09:01:21.670Z"
"Row1545",61,"E. Martínez","G",11.3,47.7,1629,"home",8386,"2026-07-12T09:01:21.670Z"
"Row1546",54,"R. De Paul","M",50.4,23.2,9057,"home",8386,"2026-07-12T09:01:21.670Z"
"Row1547",89,"A. Mac Allister","M",57,50.3,328,"home",8386,"2026-07-12T09:01:21.670Z"
"Row1548",141,"L. Paredes","M",50.3,50.6,16872,"home",8386,"2026-07-12T09:01:21.670Z"
"Row1549",61,"C. Romero","D",33.8,29.9,720,"home",8386,"2026-07-12T09:01:21.670Z"
"Row1550",77,"E. Fernández","M",56.9,45.1,387,"home",8386,"2026-07-12T09:01:21.670Z"
"Row3159",32,"B. Embolo","F",60.5,42.4,2811,"away",8386,"2026-07-12T09:01:21.670Z"
"Row3160",52,"D. Sow","M",57.3,28.5,1550,"away",8386,"2026-07-12T09:01:21.670Z"
"Row3161",23,"S. Widmer","M",37.3,30.2,1208,"away",8386,"2026-07-12T09:01:21.670Z"
"Row3162",9,"E. Cömert","D",33.3,74.1,942,"away",8386,"2026-07-12T09:01:21.670Z"
"Row3163",11,"M. Muheim","M",63.2,92,1596,"away",8386,"2026-07-12T09:01:21.670Z"
"Row3164",17,"Z. Amdouni","F",42.8,52.6,22868,"away",8386,"2026-07-12T09:01:21.670Z"
"Row3165",75,"M. Akanji","D",41.1,64.1,1679,"away",8386,"2026-07-12T09:01:21.670Z"
"Row3166",75,"D. Zakaria","M",53.1,15.1,3616,"away",8386,"2026-07-12T09:01:21.670Z"
"Row3167",16,"A. Jashari","M",51.3,73.3,2005,"away",8386,"2026-07-12T09:01:21.670Z"
"Row3168",47,"D. Ndoye","M",69.5,79,551,"away",8386,"2026-07-12T09:01:21.670Z"
"Row3169",108,"G. Xhaka","M",51.1,57.9,348,"away",8386,"2026-07-12T09:01:21.670Z"
"Row3170",3,"R. Vargas","M",64.5,73.4,3803,"away",8386,"2026-07-12T09:01:21.670Z"
"Row3171",81,"R. Freuler","M",54.4,43.3,4266,"away",8386,"2026-07-12T09:01:21.670Z"
"Row3172",58,"G. Kobel","G",12.8,53.3,2155,"away",8386,"2026-07-12T09:01:21.670Z"
"Row3173",48,"F. Rieder","M",60.9,68.5,2404,"away",8386,"2026-07-12T09:01:21.670Z"
"Row3174",55,"R. Rodríguez","D",51.5,90,1582,"away",8386,"2026-07-12T09:01:21.670Z"
"Row3175",83,"N. Elvedi","D",41.5,37.5,2869,"away",8386,"2026-07-12T09:01:21.670Z"
"Row1517",35,"J. Ryerson","M",38.9,17.2,2159,"home",8385,"2026-07-12T05:01:21.622Z"
"Row1518",129,"S. Berge","M",47,47.9,829,"home",8385,"2026-07-12T05:01:21.622Z"
"Row1519",26,"E. Haaland","F",64.5,47.9,852,"home",8385,"2026-07-12T05:01:21.622Z"
"Row1520",43,"A. Nusa","F",69.1,73.4,2897,"home",8385,"2026-07-12T05:01:21.622Z"
"Row1521",59,"P. Berg","M",53.4,64.1,3673,"home",8385,"2026-07-12T05:01:21.622Z"
"Row1522",39,"A. Sørloth","F",58.9,23.4,774,"home",8385,"2026-07-12T05:01:21.622Z"
"Row1523",20,"M. Pedersen","M",47.7,58.9,1838,"home",8385,"2026-07-12T05:01:21.622Z"
"Row1524",38,"A. Schjelderup","M",40.1,83.3,2064,"home",8385,"2026-07-12T05:01:21.622Z"
"Row1525",60,"Ø. Nyland","G",10.6,51.1,1561,"home",8385,"2026-07-12T05:01:21.622Z"
"Row1526",37,"O. Bobb","M",72.8,19.2,3651,"home",8385,"2026-07-12T05:01:21.622Z"
"Row1527",55,"T. Heggem","D",30.5,72.9,957,"home",8385,"2026-07-12T05:01:21.622Z"
"Row1528",117,"M. Ødegaard","M",53.7,36.7,447,"home",8385,"2026-07-12T05:01:21.622Z"
"Row1529",20,"L. Østigård","D",42.2,59.7,2590,"home",8385,"2026-07-12T05:01:21.622Z"
"Row1530",67,"F. Aursnes","M",51.5,33.1,2056,"home",8385,"2026-07-12T05:01:21.622Z"
"Row1531",85,"K. Ajer","D",31.8,37.9,464,"home",8385,"2026-07-12T05:01:21.622Z"
"Row1532",7,"J. Larsen","F",68,80.2,531,"home",8385,"2026-07-12T05:01:21.622Z"
"Row1533",45,"D. M. Wolfe","D",37.1,87,529,"home",8385,"2026-07-12T05:01:21.622Z"
"Row3142",49,"H. Kane","F",54.3,55.4,2466,"away",8385,"2026-07-12T05:01:21.622Z"
"Row3143",101,"M. Guéhi","D",40.7,66.9,425,"away",8385,"2026-07-12T05:01:21.622Z"
"Row3144",43,"E. Eze","M",58.9,73.1,454,"away",8385,"2026-07-12T05:01:21.622Z"
"Row3145",52,"D. Rice","M",55.4,43.2,449,"away",8385,"2026-07-12T05:01:21.622Z"
"Row3146",57,"N. O’Reilly","D",49.8,80.2,847,"away",8385,"2026-07-12T05:01:21.622Z"
"Row3147",34,"N. Madueke","F",69.1,15.7,450,"away",8385,"2026-07-12T05:01:21.622Z"
"Row3148",25,"M. Rogers","M",49.1,69.5,511,"away",8385,"2026-07-12T05:01:21.622Z"
"Row3149",37,"D. Spence","D",44.1,80.3,735,"away",8385,"2026-07-12T05:01:21.622Z"
"Row3150",5,"D. Burn","D",25.7,65.2,701,"away",8385,"2026-07-12T05:01:21.622Z"
"Row3151",102,"J. Stones","D",42.9,35.3,854,"away",8385,"2026-07-12T05:01:21.622Z"
"Row3152",57,"J. Pickford","G",11.5,48.8,803,"away",8385,"2026-07-12T05:01:21.622Z"
"Row3153",52,"R. James","D",48.6,25.9,400,"away",8385,"2026-07-12T05:01:21.622Z"
"Row3154",119,"E. Anderson","M",49.2,56.8,548,"away",8385,"2026-07-12T05:01:21.622Z"
"Row3155",75,"E. Konsa","D",49.9,17.6,504,"away",8385,"2026-07-12T05:01:21.622Z"
"Row3156",71,"J. Bellingham","M",54.6,46.6,592,"away",8385,"2026-07-12T05:01:21.622Z"
"Row3157",54,"B. Saka","F",62.2,16,455,"away",8385,"2026-07-12T05:01:21.622Z"
"Row3158",58,"A. Gordon","F",65.3,84.1,711,"away",8385,"2026-07-12T05:01:21.622Z"
"Row1502",62,"D. Olmo","M",61.2,38.9,746,"home",8384,"2026-07-11T03:01:21.217Z"
"Row1503",36,"M. Oyarzabal","F",67.3,52.2,3890,"home",8384,"2026-07-11T03:01:21.217Z"
"Row1504",59,"U. Simón","G",13.8,52.1,562,"home",8384,"2026-07-11T03:01:21.217Z"
"Row1505",58,"Pedri","M",63.1,62,744,"home",8384,"2026-07-11T03:01:21.217Z"
"Row1506",88,"L. Yamal","M",73.1,24,745,"home",8384,"2026-07-11T03:01:21.217Z"
"Row1507",18,"F. Torres","F",68.9,52.8,749,"home",8384,"2026-07-11T03:01:21.217Z"
"Row1508",113,"P. Porro","D",54.8,15.4,719,"home",8384,"2026-07-11T03:01:21.217Z"
"Row1509",122,"Rodri","M",52.5,46.1,4267,"home",8384,"2026-07-11T03:01:21.217Z"
"Row1510",52,"F. Ruiz","M",57.8,63.3,2249,"home",8384,"2026-07-11T03:01:21.217Z"
"Row1511",13,"N. Williams","M",67.5,76.8,571,"home",8384,"2026-07-11T03:01:21.217Z"
"Row1512",115,"P. Cubarsí","D",39.9,33.9,740,"home",8384,"2026-07-11T03:01:21.217Z"
"Row1513",49,"A. Baena","M",69.4,69.8,769,"home",8384,"2026-07-11T03:01:21.217Z"
"Row1514",12,"M. Merino","M",53.7,45.5,451,"home",8384,"2026-07-11T03:01:21.217Z"
"Row1515",85,"A. Laporte","D",38.3,68.7,565,"home",8384,"2026-07-11T03:01:21.217Z"
"Row1516",64,"M. Cucurella","D",59.9,86.1,386,"home",8384,"2026-07-11T03:01:21.217Z"
"Row3126",24,"L. Trossard","F",42.7,28.7,3461,"away",8384,"2026-07-11T03:01:21.217Z"
"Row3127",40,"M. De Cuyper","D",38.7,82.1,491,"away",8384,"2026-07-11T03:01:21.217Z"
"Row3128",23,"H. Vanaken","M",49.5,39.6,3542,"away",8384,"2026-07-11T03:01:21.217Z"
"Row3129",46,"C. De Ketelaere","F",60.6,52.4,1305,"away",8384,"2026-07-11T03:01:21.217Z"
"Row3130",9,"R. Lukaku","F",71,44.4,8676,"away",8384,"2026-07-11T03:01:21.217Z"
"Row3131",19,"S. Lammens","G",7.1,51.1,1788,"away",8384,"2026-07-11T03:01:21.217Z"
"Row3132",19,"J. Seys","D",25.3,75.9,3538,"away",8384,"2026-07-11T03:01:21.217Z"
"Row3133",42,"T. Castagne","D",48.3,11.5,834,"away",8384,"2026-07-11T03:01:21.217Z"
"Row3134",62,"N. Ngoy","D",26.1,39.3,1447,"away",8384,"2026-07-11T03:01:21.217Z"
"Row3135",42,"T. Courtois","G",8.7,52.1,585,"away",8384,"2026-07-11T03:01:21.217Z"
"Row3136",14,"A. Witsel","M",40,41.3,1042,"away",8384,"2026-07-11T03:01:21.217Z"
"Row3137",47,"K. De Bruyne","M",46.2,56.7,4374,"away",8384,"2026-07-11T03:01:21.217Z"
"Row3138",59,"B. Mechele","D",29.2,67.6,3537,"away",8384,"2026-07-11T03:01:21.217Z"
"Row3139",61,"J. Doku","M",56.3,75.8,853,"away",8384,"2026-07-11T03:01:21.217Z"
"Row3140",6,"A. Saelemaekers","M",68.7,39.2,1991,"away",8384,"2026-07-11T03:01:21.217Z"
"Row3141",74,"N. Raskin","M",38.1,55.6,3015,"away",8384,"2026-07-11T03:01:21.217Z"
"Row1486",15,"A. Vega","M",62.9,80.8,10406,"home",8287,"2026-07-10T19:01:59.875Z"
"Row1487",94,"J. Vásquez","D",35.8,71.1,2591,"home",8287,"2026-07-10T19:01:59.875Z"
"Row1488",42,"B. Gutiérrez","M",59.6,44.2,9355,"home",8287,"2026-07-10T19:01:59.875Z"
"Row1489",51,"E. Lira","D",40.3,52.8,10043,"home",8287,"2026-07-10T19:01:59.875Z"
"Row1490",43,"Á. Fidalgo","M",53.1,67.7,9008,"home",8287,"2026-07-10T19:01:59.875Z"
"Row1491",20,"E. Álvarez","M",53.4,33,3411,"home",8287,"2026-07-10T19:01:59.875Z"
"Row1492",5,"A. González","F",71.5,45.1,10171,"home",8287,"2026-07-10T19:01:59.875Z"
"Row1493",81,"J. Gallardo","D",46.6,89.7,10088,"home",8287,"2026-07-10T19:01:59.875Z"
"Row1494",61,"I. Reyes","D",43.5,19.3,10107,"home",8287,"2026-07-10T19:01:59.875Z"
"Row1495",41,"R. Jiménez","F",67.1,58,833,"home",8287,"2026-07-10T19:01:59.875Z"
"Row1496",56,"J. Quiñones","F",58.5,73.9,8296,"home",8287,"2026-07-10T19:01:59.875Z"
"Row1497",48,"R. Rangel","G",8,49.9,10161,"home",8287,"2026-07-10T19:01:59.875Z"
"Row1498",62,"R. Alvarado","F",57.7,20.1,10169,"home",8287,"2026-07-10T19:01:59.875Z"
"Row1499",83,"C. Montes","D",33.4,40.9,17092,"home",8287,"2026-07-10T19:01:59.875Z"
"Row1500",24,"G. Mora","M",59.5,53.2,10424,"home",8287,"2026-07-10T19:01:59.875Z"
"Row1501",38,"L. Chávez","M",57.1,69.6,52798,"home",8287,"2026-07-10T19:01:59.875Z"
"Row3111",16,"L. Foster","F",59.6,55.4,412,"away",8287,"2026-07-10T19:01:59.875Z"
"Row3112",15,"T. Mbatha","M",44.1,37.1,15476,"away",8287,"2026-07-10T19:01:59.875Z"
"Row3113",11,"O. Appollis","M",36.8,73.5,15468,"away",8287,"2026-07-10T19:01:59.875Z"
"Row3114",66,"R. Williams","G",10.7,49.9,14393,"away",8287,"2026-07-10T19:01:59.875Z"
"Row3115",28,"J. Adams","M",48,47.2,14398,"away",8287,"2026-07-10T19:01:59.875Z"
"Row3116",38,"A. Modiba","D",46.5,75.2,14397,"away",8287,"2026-07-10T19:01:59.875Z"
"Row3117",65,"N. Sibisi","D",30.2,20.8,15465,"away",8287,"2026-07-10T19:01:59.875Z"
"Row3118",12,"T. Zwane","M",49.8,64.5,14410,"away",8287,"2026-07-10T19:01:59.875Z"
"Row3119",56,"K. Mudau","D",43.7,14.2,14394,"away",8287,"2026-07-10T19:01:59.875Z"
"Row3120",21,"I. Rayners","F",62.9,32.3,14402,"away",8287,"2026-07-10T19:01:59.875Z"
"Row3121",11,"E. Makgopa","F",53.9,50.2,15470,"away",8287,"2026-07-10T19:01:59.875Z"
"Row3122",68,"T. Mokoena","M",46.9,37.1,14399,"away",8287,"2026-07-10T19:01:59.875Z"
"Row3123",33,"S. Sithole","M",40.7,45.1,1909,"away",8287,"2026-07-10T19:01:59.875Z"
"Row3124",58,"M. Mbokazi","D",34.6,74.2,12123,"away",8287,"2026-07-10T19:01:59.875Z"
"Row3125",69,"I. Okon","D",25.3,55.6,16737,"away",8287,"2026-07-10T19:01:59.875Z"
"Row1471",27,"M. Maignan","G",10.5,43.5,1987,"home",8383,"2026-07-10T04:01:20.668Z"
"Row1472",62,"O. Dembélé","F",66.4,30.1,2253,"home",8383,"2026-07-10T04:01:20.668Z"
"Row1473",12,"B. Barcola","F",72.2,76.9,2261,"home",8383,"2026-07-10T04:01:20.668Z"
"Row1474",7,"J. Mateta","F",81,41.7,432,"home",8383,"2026-07-10T04:01:20.668Z"
"Row1475",60,"J. Koundé","D",49.2,16,739,"home",8383,"2026-07-10T04:01:20.668Z"
"Row1476",7,"M. Gusto","D",31.5,23,393,"home",8383,"2026-07-10T04:01:20.668Z"
"Row1477",77,"D. Upamecano","D",40.3,31,3463,"home",8383,"2026-07-10T04:01:20.668Z"
"Row1478",20,"W. Zaïre-Emery","M",50.8,55.9,2243,"home",8383,"2026-07-10T04:01:20.668Z"
"Row1479",84,"M. Olise","M",57.8,42.5,2467,"home",8383,"2026-07-10T04:01:20.668Z"
"Row1480",56,"M. Koné","M",52.8,38.8,1064,"home",8383,"2026-07-10T04:01:20.668Z"
"Row1481",48,"K. Mbappé","F",70.5,62.4,594,"home",8383,"2026-07-10T04:01:20.668Z"
"Row1482",75,"A. Rabiot","M",51.9,59.7,1994,"home",8383,"2026-07-10T04:01:20.668Z"
"Row1483",78,"D. Doué","F",63.9,75.1,4324,"home",8383,"2026-07-10T04:01:20.668Z"
"Row1484",71,"W. Saliba","D",40.9,65.2,3460,"home",8383,"2026-07-10T04:01:20.668Z"
"Row1485",74,"L. Digne","D",48.6,85.6,513,"home",8383,"2026-07-10T04:01:20.668Z"
"Row3095",42,"B. E. Khannouss","M",51.1,47.3,1619,"away",8383,"2026-07-10T04:01:20.668Z"
"Row3096",67,"N. Mazraoui","D",28,65,1799,"away",8383,"2026-07-10T04:01:20.668Z"
"Row3097",48,"B. Díaz","M",53.8,21.9,598,"away",8383,"2026-07-10T04:01:20.668Z"
"Row3098",35,"C. Talbi","M",56.1,79.9,350,"away",8383,"2026-07-10T04:01:20.668Z"
"Row3099",9,"S. Rahimi","F",59.9,74.3,15371,"away",8383,"2026-07-10T04:01:20.668Z"
"Row3100",16,"G. Yassine","M",55.2,26.6,8630,"away",8383,"2026-07-10T04:01:20.668Z"
"Row3101",19,"Z. E. Ouahdi","D",46.6,88.4,3122,"away",8383,"2026-07-10T04:01:20.668Z"
"Row3102",30,"S. Amrabat","M",44.5,47.2,2985,"away",8383,"2026-07-10T04:01:20.668Z"
"Row3103",76,"N. El Aynaoui","M",37,55,1070,"away",8383,"2026-07-10T04:01:20.668Z"
"Row3104",90,"A. Hakimi","D",49,20.1,4241,"away",8383,"2026-07-10T04:01:20.668Z"
"Row3105",11,"A. Sbai","M",67.6,81.7,1395,"away",8383,"2026-07-10T04:01:20.668Z"
"Row3106",56,"A. Bouaddi","M",41.5,36.8,1451,"away",8383,"2026-07-10T04:01:20.668Z"
"Row3107",52,"A. Salah-Eddine","D",32.9,77.3,3506,"away",8383,"2026-07-10T04:01:20.668Z"
"Row3108",57,"Bono","G",7,52,7990,"away",8383,"2026-07-10T04:01:20.668Z"
"Row3109",97,"A. Ounahi","M",57.3,51.2,1044,"away",8383,"2026-07-10T04:01:20.668Z"
"Row3110",67,"I. Diop","D",24.6,30.2,4377,"away",8383,"2026-07-10T04:01:20.668Z"
"Row1454",40,"D. Sow","M",56.6,23.1,1550,"home",8382,"2026-07-08T04:04:34.061Z"
"Row1455",51,"F. Rieder","M",62.8,50.7,2404,"home",8382,"2026-07-08T04:04:34.061Z"
"Row1456",25,"A. Jashari","M",50.6,61.9,2005,"home",8382,"2026-07-08T04:04:34.061Z"
"Row1457",48,"R. Rodríguez","D",50.2,88,1582,"home",8382,"2026-07-08T04:04:34.061Z"
"Row1458",52,"D. Zakaria","M",44.2,13.3,3616,"home",8382,"2026-07-08T04:04:34.061Z"
"Row1459",36,"S. Widmer","M",47.2,12.9,1208,"home",8382,"2026-07-08T04:04:34.061Z"
"Row1460",18,"R. Vargas","M",54.4,86,3803,"home",8382,"2026-07-08T04:04:34.061Z"
"Row1461",15,"C. Itten","F",62,33.8,27743,"home",8382,"2026-07-08T04:04:34.061Z"
"Row1462",132,"M. Akanji","D",30,67.6,1679,"home",8382,"2026-07-08T04:04:34.061Z"
"Row1463",12,"Z. Amdouni","F",52.8,55.9,22868,"home",8382,"2026-07-08T04:04:34.061Z"
"Row1464",115,"G. Xhaka","M",47.1,60.2,348,"home",8382,"2026-07-08T04:04:34.061Z"
"Row1465",36,"B. Embolo","F",61,51.1,2811,"home",8382,"2026-07-08T04:04:34.061Z"
"Row1466",44,"M. Muheim","M",48.4,87.5,1596,"home",8382,"2026-07-08T04:04:34.061Z"
"Row1467",49,"D. Ndoye","M",59.2,77.5,551,"home",8382,"2026-07-08T04:04:34.061Z"
"Row1468",94,"R. Freuler","M",49.1,41.9,4266,"home",8382,"2026-07-08T04:04:34.061Z"
"Row1469",127,"N. Elvedi","D",30.4,34.2,2869,"home",8382,"2026-07-08T04:04:34.061Z"
"Row1470",70,"G. Kobel","G",9,50.7,2155,"home",8382,"2026-07-08T04:04:34.061Z"
"Row3079",16,"L. J. Suárez ","F",65.5,42.5,1221,"away",8382,"2026-07-08T04:04:34.061Z"
"Row3080",18,"C. Hernández","F",64.3,48.4,1578,"away",8382,"2026-07-08T04:04:34.061Z"
"Row3081",71,"J. Lucumí","D",32.6,72.1,949,"away",8382,"2026-07-08T04:04:34.061Z"
"Row3082",30,"J. Campaz","M",57.6,16.5,16391,"away",8382,"2026-07-08T04:04:34.061Z"
"Row3083",105,"D. Muñoz","M",42.3,13.5,426,"away",8382,"2026-07-08T04:04:34.061Z"
"Row3084",6,"Y. Mina","D",22.6,34.3,3921,"away",8382,"2026-07-08T04:04:34.061Z"
"Row3085",121,"D. Sánchez","D",32.6,31.2,3726,"away",8382,"2026-07-08T04:04:34.061Z"
"Row3086",76,"G. Puerta","M",46.8,52.5,16386,"away",8382,"2026-07-08T04:04:34.061Z"
"Row3087",60,"C. Vargas","G",12.4,48.7,10304,"away",8382,"2026-07-08T04:04:34.061Z"
"Row3088",31,"R. Ríos","M",47.6,35.6,3788,"away",8382,"2026-07-08T04:04:34.061Z"
"Row3089",63,"L. Díaz","M",63,79,2465,"away",8382,"2026-07-08T04:04:34.061Z"
"Row3090",39,"J. Quintero","M",56.3,36.8,16387,"away",8382,"2026-07-08T04:04:34.061Z"
"Row3091",48,"J. Rodríguez","M",58,40.3,10128,"away",8382,"2026-07-08T04:04:34.061Z"
"Row3092",57,"J. Arias","M",50,37.3,530,"away",8382,"2026-07-08T04:04:34.061Z"
"Row3093",73,"J. Mojica","D",38.9,84.7,2641,"away",8382,"2026-07-08T04:04:34.061Z"
"Row3094",84,"J. Lerma","M",45.6,39.5,428,"away",8382,"2026-07-08T04:04:34.061Z"
"Row1440",25,"E. Martínez","G",16.2,50,1629,"home",8381,"2026-07-08T00:04:33.125Z"
"Row1441",43,"N. Tagliafico","D",64,86.8,1107,"home",8381,"2026-07-08T00:04:33.125Z"
"Row1442",23,"N. González","M",70.2,86.8,768,"home",8381,"2026-07-08T00:04:33.125Z"
"Row1443",20,"G. Montiel","D",63,17.3,23014,"home",8381,"2026-07-08T00:04:33.125Z"
"Row1444",108,"E. Fernández","M",62.6,66.4,387,"home",8381,"2026-07-08T00:04:33.125Z"
"Row1445",15,"L. Martínez","F",77.6,53.6,1687,"home",8381,"2026-07-08T00:04:33.125Z"
"Row1446",53,"N. Molina","D",47,13.6,761,"home",8381,"2026-07-08T00:04:33.125Z"
"Row1447",64,"A. Mac Allister","M",62.5,54.4,328,"home",8381,"2026-07-08T00:04:33.125Z"
"Row1448",54,"J. Álvarez","F",62.7,57.6,770,"home",8381,"2026-07-08T00:04:33.125Z"
"Row1449",72,"R. De Paul","M",57.8,22.9,9057,"home",8381,"2026-07-08T00:04:33.125Z"
"Row1450",145,"L. Paredes","M",51,45.6,16872,"home",8381,"2026-07-08T00:04:33.125Z"
"Row1451",83,"L. Martínez","D",45.9,70.2,1800,"home",8381,"2026-07-08T00:04:33.125Z"
"Row1452",94,"L. Messi","F",72.4,34.4,9063,"home",8381,"2026-07-08T00:04:33.125Z"
"Row1453",90,"C. Romero","D",40.2,40.3,720,"home",8381,"2026-07-08T00:04:33.125Z"
"Row3064",30,"H. Hassan","M",52.6,18,1971,"away",8381,"2026-07-08T00:04:33.125Z"
"Row3065",29,"H. Fathy","M",30,66.9,15354,"away",8381,"2026-07-08T00:04:33.125Z"
"Row3066",12,"M. Trézéguet","M",42,71.1,14684,"away",8381,"2026-07-08T00:04:33.125Z"
"Row3067",39,"E. Ashour","M",52.7,76,14683,"away",8381,"2026-07-08T00:04:33.125Z"
"Row3068",4,"Zizo","M",33.2,29.4,14682,"away",8381,"2026-07-08T00:04:33.125Z"
"Row3069",9,"O. Marmoush","F",47.8,34.8,862,"away",8381,"2026-07-08T00:04:33.125Z"
"Row3070",50,"R. Rabia","D",24.3,66.6,15355,"away",8381,"2026-07-08T00:04:33.125Z"
"Row3071",49,"M. Shobeir","G",6.8,49.5,14675,"away",8381,"2026-07-08T00:04:33.125Z"
"Row3072",55,"Y. Ibrahim","D",27,36,14678,"away",8381,"2026-07-08T00:04:33.125Z"
"Row3073",38,"M. Ziko","M",44.6,58.4,14729,"away",8381,"2026-07-08T00:04:33.125Z"
"Row3074",72,"M. Hany","D",39.5,16.5,14676,"away",8381,"2026-07-08T00:04:33.125Z"
"Row3075",73,"M. Attia","M",40.1,46.2,14681,"away",8381,"2026-07-08T00:04:33.125Z"
"Row3076",51,"M. Salah","M",52.3,41.8,333,"away",8381,"2026-07-08T00:04:33.125Z"
"Row3077",74,"K. Hafez","D",38.4,80.1,14728,"away",8381,"2026-07-08T00:04:33.125Z"
"Row3078",57,"M. Lasheen","M",38.7,44.3,14721,"away",8381,"2026-07-08T00:04:33.125Z"
"Row1425",7,"R. Pepi","F",51.2,76.7,3513,"home",8380,"2026-07-07T08:04:33.038Z"
"Row1426",45,"S. Berhalter","M",54.3,45.7,9104,"home",8380,"2026-07-07T08:04:33.038Z"
"Row1427",26,"F. Balogun","F",74.1,49.6,2232,"home",8380,"2026-07-07T08:04:33.038Z"
"Row1428",28,"S. Dest","D",60.4,15.3,3503,"home",8380,"2026-07-07T08:04:33.038Z"
"Row1429",40,"C. Pulišić","F",56.2,74.2,3820,"home",8380,"2026-07-07T08:04:33.038Z"
"Row1430",2,"H. Wright","F",74.1,83.2,6430,"home",8380,"2026-07-07T08:04:33.038Z"
"Row1431",93,"A. Robinson","D",51.6,86.8,4559,"home",8380,"2026-07-07T08:04:33.038Z"
"Row1432",105,"A. Freeman","D",46.6,16.3,8860,"home",8380,"2026-07-07T08:04:33.038Z"
"Row1433",75,"M. Tillman","M",58.2,62.3,2143,"home",8380,"2026-07-07T08:04:33.038Z"
"Row1434",40,"G. Reyna","M",56.6,53.2,2878,"home",8380,"2026-07-07T08:04:33.038Z"
"Row1435",101,"C. Richards","D",35.3,36.7,423,"home",8380,"2026-07-07T08:04:33.038Z"
"Row1436",105,"T. Ream","D",40.1,73.6,9229,"home",8380,"2026-07-07T08:04:33.038Z"
"Row1437",62,"W. McKennie","M",59.9,46.5,2179,"home",8380,"2026-07-07T08:04:33.038Z"
"Row1438",82,"T. Adams","M",45,51.3,788,"home",8380,"2026-07-07T08:04:33.038Z"
"Row1439",43,"M. Freese","G",10.1,52.3,9116,"home",8380,"2026-07-07T08:04:33.038Z"
"Row3048",62,"H. Vanaken","M",49.1,56.1,3542,"away",8380,"2026-07-07T08:04:33.038Z"
"Row3049",51,"T. Courtois","G",11.4,48.7,585,"away",8380,"2026-07-07T08:04:33.038Z"
"Row3050",11,"R. Lukaku","F",66.9,58.6,8676,"away",8380,"2026-07-07T08:04:33.038Z"
"Row3051",48,"D. Lukebakio","M",65.2,24.6,3974,"away",8380,"2026-07-07T08:04:33.038Z"
"Row3052",48,"B. Mechele","D",29.9,65.4,3537,"away",8380,"2026-07-07T08:04:33.038Z"
"Row3053",19,"A. Onana","M",45.7,33.3,508,"away",8380,"2026-07-07T08:04:33.038Z"
"Row3054",39,"C. De Ketelaere","F",66.5,39.1,1305,"away",8380,"2026-07-07T08:04:33.038Z"
"Row3055",54,"N. Ngoy","D",27.7,33.3,1447,"away",8380,"2026-07-07T08:04:33.038Z"
"Row3056",54,"L. Trossard","F",52.9,57.3,3461,"away",8380,"2026-07-07T08:04:33.038Z"
"Row3057",20,"J. Doku","M",55.4,76.4,853,"away",8380,"2026-07-07T08:04:33.038Z"
"Row3058",5,"A. Witsel","M",37.4,45.7,1042,"away",8380,"2026-07-07T08:04:33.038Z"
"Row3059",5,"A. Saelemaekers","M",36.5,46.5,1991,"away",8380,"2026-07-07T08:04:33.038Z"
"Row3060",80,"M. De Cuyper","D",42.6,78.2,491,"away",8380,"2026-07-07T08:04:33.038Z"
"Row3061",73,"Y. Tielemans","M",44.6,39.7,514,"away",8380,"2026-07-07T08:04:33.038Z"
"Row3062",71,"T. Castagne","D",43.4,14.3,834,"away",8380,"2026-07-07T08:04:33.038Z"
"Row3063",72,"N. Raskin","M",46.6,56,3015,"away",8380,"2026-07-07T08:04:33.038Z"
"Row1409",45,"J. Cancelo","D",47.5,18.2,8331,"home",8379,"2026-07-07T03:04:32.930Z"
"Row1410",22,"C. Ronaldo","F",61.9,44.4,7880,"home",8379,"2026-07-07T03:04:32.930Z"
"Row1411",30,"N. Semedo","D",42.4,86.5,3407,"home",8379,"2026-07-07T03:04:32.930Z"
"Row1412",17,"D. Dalot","D",50.2,21.7,1795,"home",8379,"2026-07-07T03:04:32.930Z"
"Row1413",76,"B. Fernandes","M",55.2,64.8,1794,"home",8379,"2026-07-07T03:04:32.930Z"
"Row1414",59,"N. Mendes","D",40.9,81.9,3470,"home",8379,"2026-07-07T03:04:32.930Z"
"Row1415",13,"F. Conceição","F",65.8,19.9,2183,"home",8379,"2026-07-07T03:04:32.930Z"
"Row1416",17,"B. Silva","M",54.7,49.1,848,"home",8379,"2026-07-07T03:04:32.930Z"
"Row1417",51,"J. Neves","M",50,68.4,2247,"home",8379,"2026-07-07T03:04:32.930Z"
"Row1418",48,"J. Félix","F",47.8,75.6,7881,"home",8379,"2026-07-07T03:04:32.930Z"
"Row1419",18,"R. Leão","F",69.1,85.6,1997,"home",8379,"2026-07-07T03:04:32.930Z"
"Row1420",48,"P. Neto","M",56.1,22.6,394,"home",8379,"2026-07-07T03:04:32.930Z"
"Row1421",58,"D. Costa","G",8.8,50.7,996,"home",8379,"2026-07-07T03:04:32.930Z"
"Row1422",64,"R. Dias","D",35.7,29.7,845,"home",8379,"2026-07-07T03:04:32.930Z"
"Row1423",79,"R. Veiga","D",31.2,61.8,1781,"home",8379,"2026-07-07T03:04:32.930Z"
"Row1424",61,"Vitinha","M",48.5,52.5,2248,"home",8379,"2026-07-07T03:04:32.930Z"
"Row3033",50,"A. Laporte","D",43.6,69.5,565,"away",8379,"2026-07-07T03:04:32.930Z"
"Row3034",20,"F. Torres","F",65.2,57.9,749,"away",8379,"2026-07-07T03:04:32.930Z"
"Row3035",1,"B. Iglesias","F",59,96.8,1260,"away",8379,"2026-07-07T03:04:32.930Z"
"Row3036",41,"M. Oyarzabal","F",57.7,50.4,3890,"away",8379,"2026-07-07T03:04:32.930Z"
"Row3037",58,"U. Simón","G",11.6,47.1,562,"away",8379,"2026-07-07T03:04:32.930Z"
"Row3038",86,"P. Cubarsí","D",39.5,30.1,740,"away",8379,"2026-07-07T03:04:32.930Z"
"Row3039",55,"D. Olmo","M",57.4,44.8,746,"away",8379,"2026-07-07T03:04:32.930Z"
"Row3040",66,"A. Baena","M",63.3,75.4,769,"away",8379,"2026-07-07T03:04:32.930Z"
"Row3041",58,"M. Cucurella","D",48,82,386,"away",8379,"2026-07-07T03:04:32.930Z"
"Row3042",9,"F. Ruiz","M",47.6,64,2249,"away",8379,"2026-07-07T03:04:32.930Z"
"Row3043",9,"M. Merino","M",51.9,49.7,451,"away",8379,"2026-07-07T03:04:32.930Z"
"Row3044",87,"P. Porro","D",46.5,15,719,"away",8379,"2026-07-07T03:04:32.930Z"
"Row3045",79,"Pedri","M",51.3,51.5,744,"away",8379,"2026-07-07T03:04:32.930Z"
"Row3046",114,"Rodri","M",48.5,46.9,4267,"away",8379,"2026-07-07T03:04:32.930Z"
"Row3047",77,"L. Yamal","M",66,18.1,745,"away",8379,"2026-07-07T03:04:32.930Z"
"Row1393",41,"G. Mora","M",63.8,43.4,10424,"home",8378,"2026-07-06T09:04:32.303Z"
"Row1394",49,"J. Sánchez","D",61.7,12.9,10045,"home",8378,"2026-07-06T09:04:32.303Z"
"Row1395",44,"R. Jiménez","F",72.3,54.6,833,"home",8378,"2026-07-06T09:04:32.303Z"
"Row1396",42,"E. Álvarez","M",45.8,33.2,3411,"home",8378,"2026-07-06T09:04:32.303Z"
"Row1397",27,"B. Gutiérrez","M",65.7,59.3,9355,"home",8378,"2026-07-06T09:04:32.303Z"
"Row1398",39,"R. Rangel","G",13.4,44.6,10161,"home",8378,"2026-07-06T09:04:32.303Z"
"Row1399",4,"G. Martínez","F",85.3,49.8,10462,"home",8378,"2026-07-06T09:04:32.303Z"
"Row1400",37,"L. Romo","D",57.6,56.2,10370,"home",8378,"2026-07-06T09:04:32.303Z"
"Row1401",6,"S. Giménez","F",68,37,4328,"home",8378,"2026-07-06T09:04:32.303Z"
"Row1402",47,"C. Montes","D",43.6,38.7,17092,"home",8378,"2026-07-06T09:04:32.303Z"
"Row1403",52,"J. Quiñones","F",61.6,82.4,8296,"home",8378,"2026-07-06T09:04:32.303Z"
"Row1404",71,"J. Gallardo","D",66.4,87.8,10088,"home",8378,"2026-07-06T09:04:32.303Z"
"Row1405",97,"E. Lira","D",50,39.7,10043,"home",8378,"2026-07-06T09:04:32.303Z"
"Row1406",37,"Á. Fidalgo","M",62.9,60.1,9008,"home",8378,"2026-07-06T09:04:32.303Z"
"Row1407",96,"R. Alvarado","F",70.1,26.6,10169,"home",8378,"2026-07-06T09:04:32.303Z"
"Row1408",82,"J. Vásquez","D",42.9,68.4,2591,"home",8378,"2026-07-06T09:04:32.303Z"
"Row3018",53,"M. Guéhi","D",30.4,61.2,425,"away",8378,"2026-07-06T09:04:32.303Z"
"Row3019",41,"D. Rice","M",42.5,44.3,449,"away",8378,"2026-07-06T09:04:32.303Z"
"Row3020",25,"B. Saka","F",46.2,15.9,455,"away",8378,"2026-07-06T09:04:32.303Z"
"Row3021",25,"H. Kane","F",51.3,47.4,2466,"away",8378,"2026-07-06T09:04:32.303Z"
"Row3022",35,"J. Quansah","D",42.1,14.3,2149,"away",8378,"2026-07-06T09:04:32.303Z"
"Row3023",30,"N. O’Reilly","D",44.1,85.3,847,"away",8378,"2026-07-06T09:04:32.303Z"
"Row3024",13,"J. Stones","D",10.9,38.2,854,"away",8378,"2026-07-06T09:04:32.303Z"
"Row3025",54,"E. Konsa","D",28.5,33,504,"away",8378,"2026-07-06T09:04:32.303Z"
"Row3026",16,"D. Spence","D",24.3,78,735,"away",8378,"2026-07-06T09:04:32.303Z"
"Row3027",13,"D. Burn","D",11.8,64.7,701,"away",8378,"2026-07-06T09:04:32.303Z"
"Row3028",49,"E. Anderson","M",38.4,56.5,548,"away",8378,"2026-07-06T09:04:32.303Z"
"Row3029",53,"A. Gordon","F",53.4,77.8,711,"away",8378,"2026-07-06T09:04:32.303Z"
"Row3030",4,"M. Rogers","M",73.8,28.1,511,"away",8378,"2026-07-06T09:04:32.303Z"
"Row3031",61,"J. Pickford","G",11.2,50,803,"away",8378,"2026-07-06T09:04:32.303Z"
"Row3032",62,"J. Bellingham","M",49.4,60.4,592,"away",8378,"2026-07-06T09:04:32.303Z"
"Row1378",38,"Marquinhos","D",33.8,39.1,2244,"home",8377,"2026-07-06T04:00:06.953Z"
"Row1379",9,"Éderson","M",70.5,15,1302,"home",8377,"2026-07-06T04:00:06.953Z"
"Row1380",35,"Alisson","G",14.8,48.8,322,"home",8377,"2026-07-06T04:00:06.953Z"
"Row1381",27,"Neymar","F",65.7,69.2,215,"home",8377,"2026-07-06T04:00:06.953Z"
"Row1382",75,"Danilo","D",45.4,20.4,49,"home",8377,"2026-07-06T04:00:06.953Z"
"Row1383",73,"D. Santos","D",35.6,82.6,16392,"home",8377,"2026-07-06T04:00:06.953Z"
"Row1384",12,"Endrick","F",65.3,37,606,"home",8377,"2026-07-06T04:00:06.953Z"
"Row1385",36,"D. Santos","M",53.6,63.1,3877,"home",8377,"2026-07-06T04:00:06.953Z"
"Row1386",29,"M. Cunha","F",60.2,58.5,4119,"home",8377,"2026-07-06T04:00:06.953Z"
"Row1387",59,"Casemiro","M",52.8,54,1793,"home",8377,"2026-07-06T04:00:06.953Z"
"Row1388",41,"G. Martinelli","F",50.5,59.1,452,"home",8377,"2026-07-06T04:00:06.953Z"
"Row1389",36,"Rayan","M",60.5,17.4,663,"home",8377,"2026-07-06T04:00:06.953Z"
"Row1390",51,"Vinícius Jr.","F",76.2,79.4,595,"home",8377,"2026-07-06T04:00:06.953Z"
"Row1391",42,"B. Guimarães","M",56.5,43.9,709,"home",8377,"2026-07-06T04:00:06.953Z"
"Row1392",53,"G. Magalhães","D",30.2,62.1,4072,"home",8377,"2026-07-06T04:00:06.953Z"
"Row3003",45,"P. Berg","M",53.8,53.4,3673,"away",8377,"2026-07-06T04:00:06.953Z"
"Row3004",36,"A. Nusa","F",56.1,73.8,2897,"away",8377,"2026-07-06T04:00:06.953Z"
"Row3005",42,"A. Sørloth","F",67.5,13.1,774,"away",8377,"2026-07-06T04:00:06.953Z"
"Row3006",101,"K. Ajer","D",36.1,33.9,464,"away",8377,"2026-07-06T04:00:06.953Z"
"Row3007",1,"L. Østigård","D",11.1,27.8,2590,"away",8377,"2026-07-06T04:00:06.953Z"
"Row3008",36,"E. Haaland","F",61.2,49,852,"away",8377,"2026-07-06T04:00:06.953Z"
"Row3009",42,"O. Bobb","M",59.4,25.8,3651,"away",8377,"2026-07-06T04:00:06.953Z"
"Row3010",134,"M. Ødegaard","M",60.2,33.8,447,"away",8377,"2026-07-06T04:00:06.953Z"
"Row3011",47,"A. Schjelderup","M",61.7,77.8,2064,"away",8377,"2026-07-06T04:00:06.953Z"
"Row3012",23,"F. Aursnes","M",42.6,16.1,2056,"away",8377,"2026-07-06T04:00:06.953Z"
"Row3013",134,"S. Berge","M",48.3,48.8,829,"away",8377,"2026-07-06T04:00:06.953Z"
"Row3014",59,"Ø. Nyland","G",11,51.6,1561,"away",8377,"2026-07-06T04:00:06.953Z"
"Row3015",95,"T. Heggem","D",36.4,67.4,957,"away",8377,"2026-07-06T04:00:06.953Z"
"Row3016",82,"J. Ryerson","M",55.5,12.3,2159,"away",8377,"2026-07-06T04:00:06.953Z"
"Row3017",67,"D. M. Wolfe","D",50.9,82.8,529,"away",8377,"2026-07-06T04:00:06.953Z"
"Row1363",13,"G. Gómez","D",31,42.3,26,"home",8376,"2026-07-05T05:03:54.213Z"
"Row1364",39,"O. Gill","G",9.1,47,16917,"home",8376,"2026-07-05T05:03:54.213Z"
"Row1365",21,"J. Enciso","M",56.7,42.4,1710,"home",8376,"2026-07-05T05:03:54.213Z"
"Row1366",12,"O. Alderete","D",20.1,70.9,345,"home",8376,"2026-07-05T05:03:54.213Z"
"Row1367",46,"M. Almirón","M",39.6,32.1,9678,"home",8376,"2026-07-05T05:03:54.213Z"
"Row1368",54,"J. Alonso","D",34.1,81.5,4,"home",8376,"2026-07-05T05:03:54.213Z"
"Row1369",10,"G. Caballero","M",55.8,65.8,225,"home",8376,"2026-07-05T05:03:54.213Z"
"Row1370",54,"J. Cáceres","D",31.9,19.5,16918,"home",8376,"2026-07-05T05:03:54.213Z"
"Row1371",20,"Mauricio","M",49.4,46.8,42,"home",8376,"2026-07-05T05:03:54.213Z"
"Row1372",7,"G. Ávalos","F",76.5,56.9,16919,"home",8376,"2026-07-05T05:03:54.213Z"
"Row1373",58,"M. Galarza","M",35.9,71.4,13574,"home",8376,"2026-07-05T05:03:54.213Z"
"Row1374",52,"A. Cubas","M",35.7,58.6,9106,"home",8376,"2026-07-05T05:03:54.213Z"
"Row1375",35,"G. Velázquez","D",35.4,32,16915,"home",8376,"2026-07-05T05:03:54.213Z"
"Row1376",50,"D. Gómez","M",45.2,32.5,488,"home",8376,"2026-07-05T05:03:54.213Z"
"Row1377",9,"J. Canale","D",30.5,80.6,16912,"home",8376,"2026-07-05T05:03:54.213Z"
"Row2990",35,"B. Barcola","F",74.1,81.8,2261,"away",8376,"2026-07-05T05:03:54.213Z"
"Row2991",48,"K. Mbappé","F",73.9,64,594,"away",8376,"2026-07-05T05:03:54.213Z"
"Row2992",51,"M. Maignan","G",11,48.7,1987,"away",8376,"2026-07-05T05:03:54.213Z"
"Row2993",33,"D. Doué","F",68,80,4324,"away",8376,"2026-07-05T05:03:54.213Z"
"Row2994",10,"R. Cherki","M",72.6,14.7,856,"away",8376,"2026-07-05T05:03:54.213Z"
"Row2995",99,"W. Saliba","D",41.3,66.7,3460,"away",8376,"2026-07-05T05:03:54.213Z"
"Row2996",84,"J. Koundé","D",55.6,20.6,739,"away",8376,"2026-07-05T05:03:54.213Z"
"Row2997",100,"D. Upamecano","D",44.3,36.3,3463,"away",8376,"2026-07-05T05:03:54.213Z"
"Row2998",94,"M. Olise","M",65.2,35.9,2467,"away",8376,"2026-07-05T05:03:54.213Z"
"Row2999",69,"O. Dembélé","F",75,26.9,2253,"away",8376,"2026-07-05T05:03:54.213Z"
"Row3000",81,"A. Rabiot","M",53.9,67.4,1994,"away",8376,"2026-07-05T05:03:54.213Z"
"Row3001",100,"M. Koné","M",58.8,42.5,1064,"away",8376,"2026-07-05T05:03:54.213Z"
"Row3002",88,"L. Digne","D",51.3,85.8,513,"away",8376,"2026-07-05T05:03:54.213Z"
"Row1347",53,"J. David","F",66.6,48.4,2186,"home",8375,"2026-07-05T01:03:54.140Z"
"Row1348",51,"R. Laryea","D",52.2,86,9548,"home",8375,"2026-07-05T01:03:54.140Z"
"Row1349",20,"J. Shaffelburg","M",65,79.5,9296,"home",8375,"2026-07-05T01:03:54.140Z"
"Row1350",9,"C. Larin","F",75.5,69.5,4164,"home",8375,"2026-07-05T01:03:54.140Z"
"Row1351",10,"P. David","F",78.2,37.4,3754,"home",8375,"2026-07-05T01:03:54.140Z"
"Row1352",10,"J. Osorio","M",51.8,47.4,9550,"home",8375,"2026-07-05T01:03:54.140Z"
"Row1353",15,"J. Nelson","F",68.7,41.2,9128,"home",8375,"2026-07-05T01:03:54.140Z"
"Row1354",32,"T. Oluwaseyi","F",75.1,56.7,1779,"home",8375,"2026-07-05T01:03:54.140Z"
"Row1355",57,"M. Bombito","D",37.7,39.1,4514,"home",8375,"2026-07-05T01:03:54.140Z"
"Row1356",34,"M. Crépeau","G",19.8,51.7,9267,"home",8375,"2026-07-05T01:03:54.140Z"
"Row1357",53,"N. Sigur","D",54.1,44.5,16947,"home",8375,"2026-07-05T01:03:54.140Z"
"Row1358",45,"A. Ahmed","M",57.6,85,8580,"home",8375,"2026-07-05T01:03:54.140Z"
"Row1359",99,"S. Eustaquio","M",62.6,57.4,1011,"home",8375,"2026-07-05T01:03:54.140Z"
"Row1360",79,"L. D. Fougerolles","D",46.7,62.7,7612,"home",8375,"2026-07-05T01:03:54.140Z"
"Row1361",49,"T. Buchanan","M",60.3,26.3,1769,"home",8375,"2026-07-05T01:03:54.140Z"
"Row1362",73,"A. Johnston","D",52.6,15.9,4406,"home",8375,"2026-07-05T01:03:54.140Z"
"Row2974",38,"S. Rahimi","F",62.3,38.4,15371,"away",8375,"2026-07-05T01:03:54.140Z"
"Row2975",6,"I. Saibari","M",37.3,70.3,3511,"away",8375,"2026-07-05T01:03:54.140Z"
"Row2976",34,"B. E. Khannouss","M",50.7,72.9,1619,"away",8375,"2026-07-05T01:03:54.140Z"
"Row2977",16,"C. Talbi","M",33.6,83.8,350,"away",8375,"2026-07-05T01:03:54.140Z"
"Row2978",65,"Bono","G",11.1,49,7990,"away",8375,"2026-07-05T01:03:54.140Z"
"Row2979",5,"M. Saadane","D",21,38.3,8257,"away",8375,"2026-07-05T01:03:54.140Z"
"Row2980",4,"S. E. Mourabet","M",42,22.9,1706,"away",8375,"2026-07-05T01:03:54.140Z"
"Row2981",20,"S. Amrabat","M",37.9,39.1,2985,"away",8375,"2026-07-05T01:03:54.140Z"
"Row2982",105,"A. Hakimi","D",44.2,11.8,4241,"away",8375,"2026-07-05T01:03:54.140Z"
"Row2983",85,"N. El Aynaoui","M",35.6,46.9,1070,"away",8375,"2026-07-05T01:03:54.140Z"
"Row2984",42,"B. Díaz","M",47.9,17,598,"away",8375,"2026-07-05T01:03:54.140Z"
"Row2985",82,"N. Mazraoui","D",32.3,85.3,1799,"away",8375,"2026-07-05T01:03:54.140Z"
"Row2986",55,"A. Bouaddi","M",31.9,37.7,1451,"away",8375,"2026-07-05T01:03:54.140Z"
"Row2987",98,"I. Diop","D",27.9,27.2,4377,"away",8375,"2026-07-05T01:03:54.140Z"
"Row2988",71,"A. Ounahi","M",45.9,37.5,1044,"away",8375,"2026-07-05T01:03:54.140Z"
"Row2989",89,"R. Halhal","D",25.1,66,7757,"away",8375,"2026-07-05T01:03:54.140Z"
"Row1332",3,"J. Córdoba","F",74.5,38.8,16388,"home",8374,"2026-07-04T09:33:53.650Z"
"Row1333",38,"J. Rodríguez","M",50.1,55.4,10128,"home",8374,"2026-07-04T09:33:53.650Z"
"Row1334",26,"R. Ríos","M",58.3,37.5,3788,"home",8374,"2026-07-04T09:33:53.650Z"
"Row1335",26,"J. Quintero","M",62.5,31.3,16387,"home",8374,"2026-07-04T09:33:53.650Z"
"Row1336",48,"C. Vargas","G",11.6,50.8,10304,"home",8374,"2026-07-04T09:33:53.650Z"
"Row1337",71,"J. Mojica","D",43.9,85.5,2641,"home",8374,"2026-07-04T09:33:53.650Z"
"Row1338",103,"J. Lucumí","D",32.4,68.4,949,"home",8374,"2026-07-04T09:33:53.650Z"
"Row1339",54,"L. J. Suárez ","F",65.5,49,1221,"home",8374,"2026-07-04T09:33:53.650Z"
"Row1340",58,"D. Muñoz","M",47.4,14.2,426,"home",8374,"2026-07-04T09:33:53.650Z"
"Row1341",10,"J. Campaz","M",78.6,84,16391,"home",8374,"2026-07-04T09:33:53.650Z"
"Row1342",78,"J. Arias","M",52.3,63.7,530,"home",8374,"2026-07-04T09:33:53.650Z"
"Row1343",85,"J. Lerma","M",46,53.5,428,"home",8374,"2026-07-04T09:33:53.650Z"
"Row1344",98,"D. Sánchez","D",38,32.6,3726,"home",8374,"2026-07-04T09:33:53.650Z"
"Row1345",88,"G. Puerta","M",51.9,56.2,16386,"home",8374,"2026-07-04T09:33:53.650Z"
"Row1346",53,"L. Díaz","M",65.1,75.4,2465,"home",8374,"2026-07-04T09:33:53.650Z"
"Row2958",46,"A. Semenyo","M",63.8,63.8,792,"away",8374,"2026-07-04T09:33:53.650Z"
"Row2959",29,"J. Ayew","F",64,56.3,6134,"away",8374,"2026-07-04T09:33:53.650Z"
"Row2960",52,"L. A. Zigi","G",7.9,49.7,7215,"away",8374,"2026-07-04T09:33:53.650Z"
"Row2961",38,"C. Yirenkyi","M",49.9,35.6,16696,"away",8374,"2026-07-04T09:33:53.650Z"
"Row2962",5,"M. Senaya","D",29.3,6.2,4008,"away",8374,"2026-07-04T09:33:53.650Z"
"Row2963",31,"K. Sibo","M",49.8,57.1,1984,"away",8374,"2026-07-04T09:33:53.650Z"
"Row2964",23,"I. Williams","M",66.2,24.1,4436,"away",8374,"2026-07-04T09:33:53.650Z"
"Row2965",21,"A. F. Issahaku","M",66.1,14.2,6131,"away",8374,"2026-07-04T09:33:53.650Z"
"Row2966",29,"E. Owusu","M",47,40.6,4009,"away",8374,"2026-07-04T09:33:53.650Z"
"Row2967",3,"P. K. Adu","F",88.2,45.3,3225,"away",8374,"2026-07-04T09:33:53.650Z"
"Row2968",16,"E. Nuamah","F",49.4,33.3,24027,"away",8374,"2026-07-04T09:33:53.650Z"
"Row2969",46,"A. Seidu","D",39,22.1,2817,"away",8374,"2026-07-04T09:33:53.650Z"
"Row2970",70,"T. Partey","M",46.8,50.2,1784,"away",8374,"2026-07-04T09:33:53.650Z"
"Row2971",63,"J. Opoku","D",29.7,69.8,6638,"away",8374,"2026-07-04T09:33:53.650Z"
"Row2972",66,"D. Luckassen","D",30.5,33.9,3600,"away",8374,"2026-07-04T09:33:53.650Z"
"Row2973",74,"G. Mensah","D",41.8,86.6,2095,"away",8374,"2026-07-04T09:33:53.650Z"
"Row1316",10,"G. Montiel","D",57.1,17.4,23014,"home",8373,"2026-07-04T06:03:53.655Z"
"Row1317",88,"L. Messi","F",71.7,39.1,9063,"home",8373,"2026-07-04T06:03:53.655Z"
"Row1318",33,"L. Martínez","F",55,55.1,1687,"home",8373,"2026-07-04T06:03:53.655Z"
"Row1319",140,"C. Romero","D",44.2,32.8,720,"home",8373,"2026-07-04T06:03:53.655Z"
"Row1320",82,"N. Molina","D",55.8,13.6,761,"home",8373,"2026-07-04T06:03:53.655Z"
"Row1321",32,"N. Tagliafico","D",48.7,85,1107,"home",8373,"2026-07-04T06:03:53.655Z"
"Row1322",41,"J. Álvarez","F",67.3,60.3,770,"home",8373,"2026-07-04T06:03:53.655Z"
"Row1323",46,"E. Martínez","G",10.2,48,1629,"home",8373,"2026-07-04T06:03:53.655Z"
"Row1324",51,"N. González","M",71.3,76.9,768,"home",8373,"2026-07-04T06:03:53.655Z"
"Row1325",141,"L. Martínez","D",45.9,65.8,1800,"home",8373,"2026-07-04T06:03:53.655Z"
"Row1326",54,"L. Paredes","M",46.5,52.3,16872,"home",8373,"2026-07-04T06:03:53.655Z"
"Row1327",69,"F. Medina","D",53.8,83.2,4603,"home",8373,"2026-07-04T06:03:53.655Z"
"Row1328",122,"A. Mac Allister","M",53.8,40.7,328,"home",8373,"2026-07-04T06:03:53.655Z"
"Row1329",144,"E. Fernández","M",58.2,66.7,387,"home",8373,"2026-07-04T06:03:53.655Z"
"Row1330",93,"R. De Paul","M",55.9,26.5,9057,"home",8373,"2026-07-04T06:03:53.655Z"
"Row1331",47,"T. Almada","M",63.1,64.6,773,"home",8373,"2026-07-04T06:03:53.655Z"
"Row2941",2,"G. Tavares","F",82.6,67.5,22070,"away",8373,"2026-07-04T06:03:53.655Z"
"Row2942",29,"W. Semedo","M",48.7,26.5,22075,"away",8373,"2026-07-04T06:03:53.655Z"
"Row2943",22,"D. R. Livramento","F",63.4,49.6,2276,"away",8373,"2026-07-04T06:03:53.655Z"
"Row2944",15,"N. Da Costa","F",62.8,52.8,6645,"away",8373,"2026-07-04T06:03:53.655Z"
"Row2945",91,"Diney","D",27.5,59.5,22092,"away",8373,"2026-07-04T06:03:53.655Z"
"Row2946",80,"Pico","D",35.3,30.9,22089,"away",8373,"2026-07-04T06:03:53.655Z"
"Row2947",33,"H. Varela","M",67.6,80.3,3176,"away",8373,"2026-07-04T06:03:53.655Z"
"Row2948",38,"R. Mendes","M",54.4,21.7,7073,"away",8373,"2026-07-04T06:03:53.655Z"
"Row2949",31,"Y. Semedo","M",51.2,45.8,22079,"away",8373,"2026-07-04T06:03:53.655Z"
"Row2950",41,"J. Cabral","F",52.8,75,1241,"away",8373,"2026-07-04T06:03:53.655Z"
"Row2951",29,"L. Duarte","M",51.3,43.8,22077,"away",8373,"2026-07-04T06:03:53.655Z"
"Row2952",53,"J. Monteiro","M",50.1,52.2,5331,"away",8373,"2026-07-04T06:03:53.655Z"
"Row2953",67,"Vozinha","G",9.1,49.7,22095,"away",8373,"2026-07-04T06:03:53.655Z"
"Row2954",62,"D. Duarte","M",45.5,65.1,3314,"away",8373,"2026-07-04T06:03:53.655Z"
"Row2955",93,"S. L. Cabral","D",50.8,81.9,1235,"away",8373,"2026-07-04T06:03:53.655Z"
"Row2956",89,"K. Lenini","M",38.3,47.6,22076,"away",8373,"2026-07-04T06:03:53.655Z"
"Row2957",59,"S. Moreira","D",53.8,20.8,9199,"away",8373,"2026-07-04T06:03:53.655Z"
"Row1300",21,"P. Okon-Engstler","M",48.8,53.4,58823,"home",8372,"2026-07-04T02:03:58.852Z"
"Row1301",17,"A. Mabil","M",47.7,26.1,30428,"home",8372,"2026-07-04T02:03:58.852Z"
"Row1302",34,"J. Bos","D",59,19.9,4396,"home",8372,"2026-07-04T02:03:58.852Z"
"Row1303",31,"N. Irankunda","F",64.1,54.7,6040,"home",8372,"2026-07-04T02:03:58.852Z"
"Row1304",21,"M. Touré","F",63.6,52.9,8991,"home",8372,"2026-07-04T02:03:58.852Z"
"Row1305",37,"A. Hrustić","M",55.7,43.3,5369,"home",8372,"2026-07-04T02:03:58.852Z"
"Row1306",54,"C. Volpato","M",67.9,35.9,2854,"home",8372,"2026-07-04T02:03:58.852Z"
"Row1307",49,"P. Beach","G",8.5,48,58824,"home",8372,"2026-07-04T02:03:58.852Z"
"Row1308",72,"L. Herrington","D",39.4,70.6,12179,"home",8372,"2026-07-04T02:03:58.852Z"
"Row1309",71,"A. O'Neill","M",56.3,58.8,9142,"home",8372,"2026-07-04T02:03:58.852Z"
"Row1310",108,"A. Circati","D",45.1,23.4,4264,"home",8372,"2026-07-04T02:03:58.852Z"
"Row1311",47,"C. Metcalfe","M",63.2,72,2490,"home",8372,"2026-07-04T02:03:58.852Z"
"Row1312",56,"K. Trewin","M",50.5,14.9,12181,"home",8372,"2026-07-04T02:03:58.852Z"
"Row1313",101,"H. Souttar","D",36.5,47.8,23925,"home",8372,"2026-07-04T02:03:58.852Z"
"Row1314",74,"A. Behich","D",49.1,85.7,55294,"home",8372,"2026-07-04T02:03:58.852Z"
"Row1315",89,"J. Irvine","M",45.5,40.3,2484,"home",8372,"2026-07-04T02:03:58.852Z"
"Row2926",32,"M. Ziko","M",53,56.3,14729,"away",8372,"2026-07-04T02:03:58.852Z"
"Row2927",40,"M. Trézéguet","M",58.9,82.6,14684,"away",8372,"2026-07-04T02:03:58.852Z"
"Row2928",50,"H. Abdelmaguid","D",35.4,55.2,15373,"away",8372,"2026-07-04T02:03:58.852Z"
"Row2929",48,"H. Hassan","M",68.8,20.4,1971,"away",8372,"2026-07-04T02:03:58.852Z"
"Row2930",8,"H. Abdelkarim","F",48.8,50,15835,"away",8372,"2026-07-04T02:03:58.852Z"
"Row2931",113,"M. Hany","D",47.8,14.3,14676,"away",8372,"2026-07-04T02:03:58.852Z"
"Row2932",113,"E. Ashour","M",49.9,42.3,14683,"away",8372,"2026-07-04T02:03:58.852Z"
"Row2933",109,"Y. Ibrahim","D",35.3,35,14678,"away",8372,"2026-07-04T02:03:58.852Z"
"Row2934",52,"O. Marmoush","F",61.9,75.9,862,"away",8372,"2026-07-04T02:03:58.852Z"
"Row2935",55,"M. Shobeir","G",9.1,50.9,14675,"away",8372,"2026-07-04T02:03:58.852Z"
"Row2936",122,"R. Rabia","D",34.6,70.2,15355,"away",8372,"2026-07-04T02:03:58.852Z"
"Row2937",152,"M. Attia","M",45.8,55.9,14681,"away",8372,"2026-07-04T02:03:58.852Z"
"Row2938",62,"M. Salah","M",71.2,26.4,333,"away",8372,"2026-07-04T02:03:58.852Z"
"Row2939",62,"H. Fathy","M",43.4,41.9,15354,"away",8372,"2026-07-04T02:03:58.852Z"
"Row2940",80,"K. Hafez","D",44,84.7,14728,"away",8372,"2026-07-04T02:03:58.852Z"
"Row1284",12,"Z. Amdouni","F",62.5,58,22868,"home",8371,"2026-07-03T11:03:53.235Z"
"Row1285",20,"N. Okafor","F",67.5,79.5,374,"home",8371,"2026-07-03T11:03:53.235Z"
"Row1286",87,"M. Akanji","D",33.2,62.2,1679,"home",8371,"2026-07-03T11:03:53.235Z"
"Row1287",18,"F. Rieder","M",69.7,55.8,2404,"home",8371,"2026-07-03T11:03:53.235Z"
"Row1288",5,"S. Widmer","M",35.3,10.6,1208,"home",8371,"2026-07-03T11:03:53.235Z"
"Row1289",7,"M. Aebischer","M",41.6,17.9,1660,"home",8371,"2026-07-03T11:03:53.235Z"
"Row1290",43,"R. Vargas","M",67,85.2,3803,"home",8371,"2026-07-03T11:03:53.235Z"
"Row1291",57,"G. Kobel","G",9.4,47.2,2155,"home",8371,"2026-07-03T11:03:53.235Z"
"Row1292",32,"B. Embolo","F",60,40.4,2811,"home",8371,"2026-07-03T11:03:53.235Z"
"Row1293",96,"G. Xhaka","M",46,62.8,348,"home",8371,"2026-07-03T11:03:53.235Z"
"Row1294",57,"R. Freuler","M",43.7,40.3,4266,"home",8371,"2026-07-03T11:03:53.235Z"
"Row1295",82,"N. Elvedi","D",30.7,28.5,2869,"home",8371,"2026-07-03T11:03:53.235Z"
"Row1296",75,"D. Zakaria","M",43.7,10.2,3616,"home",8371,"2026-07-03T11:03:53.235Z"
"Row1297",75,"R. Rodríguez","D",45.8,85.3,1582,"home",8371,"2026-07-03T11:03:53.235Z"
"Row1298",37,"J. Manzambi","M",66.6,66.5,1178,"home",8371,"2026-07-03T11:03:53.235Z"
"Row1299",56,"D. Ndoye","M",52,20.1,551,"home",8371,"2026-07-03T11:03:53.235Z"
"Row2910",9,"A. Boulbina","M",65.9,92.2,15396,"away",8371,"2026-07-03T11:03:53.235Z"
"Row2911",34,"J. Hadjam","D",39,63.6,3202,"away",8371,"2026-07-03T11:03:53.235Z"
"Row2912",20,"H. Boudaoui","M",44.6,34.5,1504,"away",8371,"2026-07-03T11:03:53.235Z"
"Row2913",21,"A. H. Moussa","M",60.4,15.1,3368,"away",8371,"2026-07-03T11:03:53.235Z"
"Row2914",11,"A. Gouiri","F",60.3,62,4540,"away",8371,"2026-07-03T11:03:53.235Z"
"Row2915",51,"R. Mahrez","M",59.8,19.9,8116,"away",8371,"2026-07-03T11:03:53.235Z"
"Row2916",105,"A. Mandi","D",33.9,34.5,1448,"away",8371,"2026-07-03T11:03:53.235Z"
"Row2917",45,"R. Zerrouki","M",50.7,34.4,5260,"away",8371,"2026-07-03T11:03:53.235Z"
"Row2918",38,"H. Aouar","M",67.7,74.4,8230,"away",8371,"2026-07-03T11:03:53.235Z"
"Row2919",45,"L. Zidane","G",14.8,48.7,15394,"away",8371,"2026-07-03T11:03:53.235Z"
"Row2920",81,"N. Bentaleb","M",42.1,58.4,1460,"away",8371,"2026-07-03T11:03:53.235Z"
"Row2921",63,"R. Belghali","M",37.3,14.3,2616,"away",8371,"2026-07-03T11:03:53.235Z"
"Row2922",55,"I. Maza","F",55.8,50.3,2140,"away",8371,"2026-07-03T11:03:53.235Z"
"Row2923",77,"F. Chaïbi","M",52.1,72.6,1351,"away",8371,"2026-07-03T11:03:53.235Z"
"Row2924",98,"R. Aït-Nouri","D",51.9,88.2,861,"away",8371,"2026-07-03T11:03:53.235Z"
"Row2925",106,"R. Bensebaini","D",37.5,70.6,2169,"away",8371,"2026-07-03T11:03:53.235Z"
"Row1268",75,"J. Neves","M",53.1,46.6,2247,"home",8370,"2026-07-03T07:03:53.121Z"
"Row1269",17,"R. Neves","M",49.6,44.7,7995,"home",8370,"2026-07-03T07:03:53.121Z"
"Row1270",27,"N. Semedo","D",38.1,13.8,3407,"home",8370,"2026-07-03T07:03:53.121Z"
"Row1271",21,"G. Ramos","F",61.7,57.2,2256,"home",8370,"2026-07-03T07:03:53.121Z"
"Row1272",26,"C. Ronaldo","F",65.3,68.3,7880,"home",8370,"2026-07-03T07:03:53.121Z"
"Row1273",51,"B. Fernandes","M",66.4,58.7,1794,"home",8370,"2026-07-03T07:03:53.121Z"
"Row1274",20,"B. Silva","M",42.5,54.7,848,"home",8370,"2026-07-03T07:03:53.121Z"
"Row1275",42,"P. Neto","M",60,17.7,394,"home",8370,"2026-07-03T07:03:53.121Z"
"Row1276",61,"J. Cancelo","D",55.5,26.1,8331,"home",8370,"2026-07-03T07:03:53.121Z"
"Row1277",16,"F. Conceição","F",53.7,33.7,2183,"home",8370,"2026-07-03T07:03:53.121Z"
"Row1278",80,"R. Leão","F",63.5,84.6,1997,"home",8370,"2026-07-03T07:03:53.121Z"
"Row1279",28,"D. Costa","G",7.1,48.9,996,"home",8370,"2026-07-03T07:03:53.121Z"
"Row1280",98,"N. Mendes","D",54.8,76.2,3470,"home",8370,"2026-07-03T07:03:53.121Z"
"Row1281",88,"R. Veiga","D",43.6,61.8,1781,"home",8370,"2026-07-03T07:03:53.121Z"
"Row1282",123,"R. Dias","D",43.9,34.1,845,"home",8370,"2026-07-03T07:03:53.121Z"
"Row1283",95,"Vitinha","M",51.3,54.4,2248,"home",8370,"2026-07-03T07:03:53.121Z"
"Row2895",2,"A. Kramarić","F",68.1,80.5,2387,"away",8370,"2026-07-03T07:03:53.121Z"
"Row2896",16,"A. Budimir","F",53.9,64.3,2669,"away",8370,"2026-07-03T07:03:53.121Z"
"Row2897",8,"J. Gvardiol","D",50.4,76,846,"away",8370,"2026-07-03T07:03:53.121Z"
"Row2898",19,"M. Pašalić","M",56.6,48.9,1309,"away",8370,"2026-07-03T07:03:53.121Z"
"Row2899",76,"L. Modrić","M",46.5,51.2,1993,"away",8370,"2026-07-03T07:03:53.121Z"
"Row2900",78,"M. Pongračić","D",24.3,65.5,1322,"away",8370,"2026-07-03T07:03:53.121Z"
"Row2901",62,"J. Stanišić","D",35.7,14.9,2468,"away",8370,"2026-07-03T07:03:53.121Z"
"Row2902",33,"I. Matanović","F",63.9,53.5,1183,"away",8370,"2026-07-03T07:03:53.121Z"
"Row2903",46,"D. Livaković","G",7.8,50.3,1053,"away",8370,"2026-07-03T07:03:53.121Z"
"Row2904",69,"P. Sučić","M",50.6,35.4,1685,"away",8370,"2026-07-03T07:03:53.121Z"
"Row2905",58,"I. Perišić","M",45.1,83.5,3510,"away",8370,"2026-07-03T07:03:53.121Z"
"Row2906",44,"N. Vlašić","M",45.7,24.1,1844,"away",8370,"2026-07-03T07:03:53.121Z"
"Row2907",26,"M. Baturina","M",61.2,70.9,2833,"away",8370,"2026-07-03T07:03:53.121Z"
"Row2908",49,"J. Šutalo","D",29.4,32.7,3767,"away",8370,"2026-07-03T07:03:53.121Z"
"Row2909",71,"M. Kovačić","M",48.6,67.1,4350,"away",8370,"2026-07-03T07:03:53.121Z"
"Row1252",21,"M. Merino","M",54.7,47.1,451,"home",8369,"2026-07-03T03:03:53.027Z"
"Row1253",17,"F. Torres","F",66.7,57.6,749,"home",8369,"2026-07-03T03:03:53.027Z"
"Row1254",47,"U. Simón","G",12.8,48.5,562,"home",8369,"2026-07-03T03:03:53.027Z"
"Row1255",121,"Rodri","M",47.8,57.3,4267,"home",8369,"2026-07-03T03:03:53.027Z"
"Row1256",68,"L. Yamal","M",74.7,24.2,745,"home",8369,"2026-07-03T03:03:53.027Z"
"Row1257",110,"A. Laporte","D",39.3,66.2,565,"home",8369,"2026-07-03T03:03:53.027Z"
"Row1258",10,"Gavi","M",44.9,82.5,4900,"home",8369,"2026-07-03T03:03:53.027Z"
"Row1259",63,"A. Baena","M",75.9,82.4,769,"home",8369,"2026-07-03T03:03:53.027Z"
"Row1260",2,"Pubill","D",23.2,27.1,778,"home",8369,"2026-07-03T03:03:53.027Z"
"Row1261",4,"F. Ruiz","M",38.7,53.6,2249,"home",8369,"2026-07-03T03:03:53.027Z"
"Row1262",49,"M. Oyarzabal","F",68.3,51.2,3890,"home",8369,"2026-07-03T03:03:53.027Z"
"Row1263",102,"P. Cubarsí","D",37.7,35.5,740,"home",8369,"2026-07-03T03:03:53.027Z"
"Row1264",44,"D. Olmo","M",60.6,44.5,746,"home",8369,"2026-07-03T03:03:53.027Z"
"Row1265",93,"Pedri","M",56.7,57,744,"home",8369,"2026-07-03T03:03:53.027Z"
"Row1266",85,"M. Cucurella","D",53.6,84.3,386,"home",8369,"2026-07-03T03:03:53.027Z"
"Row1267",89,"P. Porro","D",51.8,18.1,719,"home",8369,"2026-07-03T03:03:53.027Z"
"Row2879",12,"M. Arnautović","F",64.9,55.1,3065,"away",8369,"2026-07-03T03:03:53.027Z"
"Row2880",35,"R. Schmid","M",38.3,25,2504,"away",8369,"2026-07-03T03:03:53.027Z"
"Row2881",27,"N. Seiwald","M",42,45.1,2893,"away",8369,"2026-07-03T03:03:53.027Z"
"Row2882",39,"M. Sabitzer","M",51.8,84.5,2161,"away",8369,"2026-07-03T03:03:53.027Z"
"Row2883",19,"M. Gregoritsch","F",51.3,49,8530,"away",8369,"2026-07-03T03:03:53.027Z"
"Row2884",46,"S. Posch","D",34.4,18.5,2832,"away",8369,"2026-07-03T03:03:53.027Z"
"Row2885",41,"P. Wanner","M",40.7,46,3522,"away",8369,"2026-07-03T03:03:53.027Z"
"Row2886",25,"X. Schlager","M",46.1,62.6,2892,"away",8369,"2026-07-03T03:03:53.027Z"
"Row2887",39,"F. Grillitsch","M",41.1,50.6,888,"away",8369,"2026-07-03T03:03:53.027Z"
"Row2888",31,"C. Chukwuemeka","M",42.8,40.2,2170,"away",8369,"2026-07-03T03:03:53.027Z"
"Row2889",16,"S. Kalajdžić","F",60.2,39.8,4824,"away",8369,"2026-07-03T03:03:53.027Z"
"Row2890",68,"A. Schlager","G",7.3,49.7,3034,"away",8369,"2026-07-03T03:03:53.027Z"
"Row2891",9,"A. Prass","M",60.8,90.3,2390,"away",8369,"2026-07-03T03:03:53.027Z"
"Row2892",69,"K. Danso","D",22.5,29.2,721,"away",8369,"2026-07-03T03:03:53.027Z"
"Row2893",76,"D. Alaba","D",30.1,69.6,4020,"away",8369,"2026-07-03T03:03:53.027Z"
"Row2894",64,"K. Laimer","D",38.5,72.5,2457,"away",8369,"2026-07-03T03:03:53.027Z"
"Row1238",34,"M. Freese","G",9,48.8,9116,"home",8368,"2026-07-02T08:03:52.435Z"
"Row1239",3,"G. Reyna","M",40.3,4.1,2878,"home",8368,"2026-07-02T08:03:52.435Z"
"Row1240",22,"F. Balogun","F",73.7,39.1,2232,"home",8368,"2026-07-02T08:03:52.435Z"
"Row1241",50,"C. Pulišić","F",59.5,73.5,3820,"home",8368,"2026-07-02T08:03:52.435Z"
"Row1242",11,"R. Pepi","F",55.8,70.9,3513,"home",8368,"2026-07-02T08:03:52.435Z"
"Row1243",8,"S. Berhalter","M",40.7,29.1,9104,"home",8368,"2026-07-02T08:03:52.435Z"
"Row1244",68,"T. Ream","D",37.9,69.7,9229,"home",8368,"2026-07-02T08:03:52.435Z"
"Row1245",43,"S. Dest","D",60,15.4,3503,"home",8368,"2026-07-02T08:03:52.435Z"
"Row1246",64,"W. McKennie","M",58.3,28.6,2179,"home",8368,"2026-07-02T08:03:52.435Z"
"Row1247",68,"C. Richards","D",36.7,38.5,423,"home",8368,"2026-07-02T08:03:52.435Z"
"Row1248",61,"T. Adams","M",47.2,53.1,788,"home",8368,"2026-07-02T08:03:52.435Z"
"Row1249",80,"A. Robinson","D",49.6,81.4,4559,"home",8368,"2026-07-02T08:03:52.435Z"
"Row1250",81,"M. Tillman","M",59.7,60.8,2143,"home",8368,"2026-07-02T08:03:52.435Z"
"Row1251",89,"A. Freeman","D",47.7,18.6,8860,"home",8368,"2026-07-02T08:03:52.435Z"
"Row2863",27,"E. Mahmić","M",61.6,41.1,53958,"away",8368,"2026-07-02T08:03:52.435Z"
"Row2864",24,"E. Demirović","F",61.5,52.8,4516,"away",8368,"2026-07-02T08:03:52.435Z"
"Row2865",16,"A. Gigović","M",40.4,25.7,4150,"away",8368,"2026-07-02T08:03:52.435Z"
"Row2866",46,"N. Vasilj","G",12.7,51.5,2476,"away",8368,"2026-07-02T08:03:52.435Z"
"Row2867",46,"B. Tahirović","M",48.9,48.1,26812,"away",8368,"2026-07-02T08:03:52.435Z"
"Row2868",24,"E. Džeko","F",49.8,61.1,1343,"away",8368,"2026-07-02T08:03:52.435Z"
"Row2869",44,"S. Kolašinac","D",44.7,85.8,1312,"away",8368,"2026-07-02T08:03:52.435Z"
"Row2870",29,"E. Bajraktarević","F",67.5,24.3,3515,"away",8368,"2026-07-02T08:03:52.435Z"
"Row2871",26,"I. Šunjić","M",40.1,54.9,3604,"away",8368,"2026-07-02T08:03:52.435Z"
"Row2872",24,"A. Memić","M",51.8,19.9,3222,"away",8368,"2026-07-02T08:03:52.435Z"
"Row2873",3,"H. Tabaković","F",54.5,22.2,2877,"away",8368,"2026-07-02T08:03:52.435Z"
"Row2874",55,"N. Katić","D",35.1,26.6,27586,"away",8368,"2026-07-02T08:03:52.435Z"
"Row2875",116,"T. Muharemović","D",35.2,42.9,2846,"away",8368,"2026-07-02T08:03:52.435Z"
"Row2876",65,"A. Dedić","D",45.8,29.8,2052,"away",8368,"2026-07-02T08:03:52.435Z"
"Row2877",59,"K. Alajbegović","M",57.3,81.4,3046,"away",8368,"2026-07-02T08:03:52.435Z"
"Row2878",85,"S. Radeljić","D",38,73.7,12458,"away",8368,"2026-07-02T08:03:52.435Z"
"Row1221",30,"J. Doku","M",59,43.6,853,"home",8367,"2026-07-02T04:03:53.737Z"
"Row1222",18,"C. De Ketelaere","F",61.2,37.1,1305,"home",8367,"2026-07-02T04:03:53.737Z"
"Row1223",36,"K. De Bruyne","M",60.2,50.1,4374,"home",8367,"2026-07-02T04:03:53.737Z"
"Row1224",23,"R. Lukaku","F",68.5,38.9,8676,"home",8367,"2026-07-02T04:03:53.737Z"
"Row1225",35,"D. Moreira","M",62.2,80.5,1713,"home",8367,"2026-07-02T04:03:53.737Z"
"Row1226",43,"H. Vanaken","M",51,52,3542,"home",8367,"2026-07-02T04:03:53.737Z"
"Row1227",56,"M. De Cuyper","D",59.6,84.8,491,"home",8367,"2026-07-02T04:03:53.737Z"
"Row1228",159,"B. Mechele","D",37.2,41.7,3537,"home",8367,"2026-07-02T04:03:53.737Z"
"Row1229",53,"D. Lukebakio","M",62.8,22.1,3974,"home",8367,"2026-07-02T04:03:53.737Z"
"Row1230",73,"L. Trossard","F",59.4,59,3461,"home",8367,"2026-07-02T04:03:53.737Z"
"Row1231",102,"T. Castagne","D",44.2,33.8,834,"home",8367,"2026-07-02T04:03:53.737Z"
"Row1232",108,"Y. Tielemans","M",53.8,39.4,514,"home",8367,"2026-07-02T04:03:53.737Z"
"Row1233",11,"A. Onana","M",46.9,48.7,508,"home",8367,"2026-07-02T04:03:53.737Z"
"Row1234",61,"T. Courtois","G",10.7,49.1,585,"home",8367,"2026-07-02T04:03:53.737Z"
"Row1235",54,"T. Meunier","D",50.6,18,1446,"home",8367,"2026-07-02T04:03:53.737Z"
"Row1236",70,"N. Raskin","M",51.7,43.2,3015,"home",8367,"2026-07-02T04:03:53.737Z"
"Row1237",134,"A. Theate","D",39.8,68.4,1349,"home",8367,"2026-07-02T04:03:53.737Z"
"Row2846",46,"H. Diarra","M",52.6,38.8,4743,"away",8367,"2026-07-02T04:03:53.737Z"
"Row2847",41,"I. Ndiaye","M",62,24.9,810,"away",8367,"2026-07-02T04:03:53.737Z"
"Row2848",41,"P. Sarr","M",55.1,55.1,724,"away",8367,"2026-07-02T04:03:53.737Z"
"Row2849",36,"I. Mbaye","F",61.6,25,2255,"away",8367,"2026-07-02T04:03:53.737Z"
"Row2850",46,"L. Camara","M",46.8,46,2228,"away",8367,"2026-07-02T04:03:53.737Z"
"Row2851",61,"P. Gueye","M",50.7,62.3,1771,"away",8367,"2026-07-02T04:03:53.737Z"
"Row2852",19,"N. Jackson","F",67.8,58.5,2471,"away",8367,"2026-07-02T04:03:53.737Z"
"Row2853",24,"E. H. M. Diouf","D",40.7,85.9,1638,"away",8367,"2026-07-02T04:03:53.737Z"
"Row2854",20,"B. S. Ndiaye","M",52.1,49.4,23922,"away",8367,"2026-07-02T04:03:53.737Z"
"Row2855",128,"K. Diatta","M",47.3,15.8,2233,"away",8367,"2026-07-02T04:03:53.737Z"
"Row2856",112,"P. I. Ciss","M",38.2,35.9,3864,"away",8367,"2026-07-02T04:03:53.737Z"
"Row2857",69,"I. Gueye","M",47.6,50.4,3800,"away",8367,"2026-07-02T04:03:53.737Z"
"Row2858",78,"M. Diaw","G",10.9,48.9,1426,"away",8367,"2026-07-02T04:03:53.737Z"
"Row2859",64,"I. Sarr","F",59.2,60.4,1787,"away",8367,"2026-07-02T04:03:53.737Z"
"Row2860",98,"M. Niakhaté","D",36.3,68.9,1106,"away",8367,"2026-07-02T04:03:53.737Z"
"Row2861",66,"I. Jakobs","D",54.6,86.3,3728,"away",8367,"2026-07-02T04:03:53.737Z"
"Row2862",59,"S. Mané","M",61.5,79.1,7879,"away",8367,"2026-07-02T04:03:53.737Z"
"Row1207",34,"H. Kane","F",65.9,49.3,2466,"home",8366,"2026-07-02T00:03:54.252Z"
"Row1208",62,"N. Madueke","F",72.1,15.3,450,"home",8366,"2026-07-02T00:03:54.252Z"
"Row1209",37,"A. Gordon","F",65,83.7,711,"home",8366,"2026-07-02T00:03:54.252Z"
"Row1210",49,"M. Rashford","F",70.3,86.8,750,"home",8366,"2026-07-02T00:03:54.252Z"
"Row1211",30,"B. Saka","F",68.6,20.7,455,"home",8366,"2026-07-02T00:03:54.252Z"
"Row1212",75,"D. Spence","D",53,13.2,735,"home",8366,"2026-07-02T00:03:54.252Z"
"Row1213",42,"J. Pickford","G",16.1,53.5,803,"home",8366,"2026-07-02T00:03:54.252Z"
"Row1214",8,"E. Eze","M",60,34.7,454,"home",8366,"2026-07-02T00:03:54.252Z"
"Row1215",80,"D. Rice","M",61.2,50.4,449,"home",8366,"2026-07-02T00:03:54.252Z"
"Row1216",79,"N. O’Reilly","D",54,78,847,"home",8366,"2026-07-02T00:03:54.252Z"
"Row1217",84,"M. Guéhi","D",42.1,66.1,425,"home",8366,"2026-07-02T00:03:54.252Z"
"Row1218",108,"E. Anderson","M",52,42.1,548,"home",8366,"2026-07-02T00:03:54.252Z"
"Row1219",89,"E. Konsa","D",41.7,34.2,504,"home",8366,"2026-07-02T00:03:54.252Z"
"Row1220",62,"J. Bellingham","M",61.9,56,592,"home",8366,"2026-07-02T00:03:54.252Z"
"Row2830",35,"N. Mukau","M",35.3,37.4,1453,"away",8366,"2026-07-02T00:03:54.252Z"
"Row2831",38,"Y. Wissa","F",53.5,66.3,5140,"away",8366,"2026-07-02T00:03:54.252Z"
"Row2832",14,"E. Kayembe","M",54.7,41.1,6695,"away",8366,"2026-07-02T00:03:54.252Z"
"Row2833",11,"T. Bongonda","M",44.1,26.6,15419,"away",8366,"2026-07-02T00:03:54.252Z"
"Row2834",40,"N. Mbuku","M",58.1,23.5,15420,"away",8366,"2026-07-02T00:03:54.252Z"
"Row2835",2,"F. Mayele","F",84.7,46.2,14724,"away",8366,"2026-07-02T00:03:54.252Z"
"Row2836",15,"M. Elia","F",71.1,64.6,6729,"away",8366,"2026-07-02T00:03:54.252Z"
"Row2837",72,"A. Masuaku","D",35,89.4,3903,"away",8366,"2026-07-02T00:03:54.252Z"
"Row2838",7,"Kayembe","D",43.5,87.1,4161,"away",8366,"2026-07-02T00:03:54.252Z"
"Row2839",58,"L. Mpasi Nzau","G",8.5,51,1442,"away",8366,"2026-07-02T00:03:54.252Z"
"Row2840",65,"C. Mbemba","D",30.8,33.3,1456,"away",8366,"2026-07-02T00:03:54.252Z"
"Row2841",61,"B. Cipenga","M",53.8,79,15424,"away",8366,"2026-07-02T00:03:54.252Z"
"Row2842",75,"A. Tuanzebe","D",22.2,69.7,2375,"away",8366,"2026-07-02T00:03:54.252Z"
"Row2843",58,"S. Moutoussamy","M",44,49.8,11283,"away",8366,"2026-07-02T00:03:54.252Z"
"Row2844",62,"N. Sadiki","M",40.4,71.9,349,"away",8366,"2026-07-02T00:03:54.252Z"
"Row2845",49,"A. Wan-Bissaka","D",38.6,18.6,1635,"away",8366,"2026-07-02T00:03:54.252Z"
"Row1191",15,"B. Gutiérrez","M",46.1,32,9355,"home",8365,"2026-07-01T10:03:51.880Z"
"Row1192",8,"O. Vargas","M",51.8,67.6,9006,"home",8365,"2026-07-01T10:03:51.880Z"
"Row1193",37,"L. Romo","D",50.1,54.4,10370,"home",8365,"2026-07-01T10:03:51.880Z"
"Row1194",50,"J. Sánchez","D",38.2,12.9,10045,"home",8365,"2026-07-01T10:03:51.880Z"
"Row1195",45,"J. Gallardo","D",43.8,86.2,10088,"home",8365,"2026-07-01T10:03:51.880Z"
"Row1196",44,"J. Quiñones","F",55.8,76.5,8296,"home",8365,"2026-07-01T10:03:51.880Z"
"Row1197",16,"S. Giménez","F",71.5,52.2,4328,"home",8365,"2026-07-01T10:03:51.880Z"
"Row1198",48,"G. Mora","M",63.4,35.3,10424,"home",8365,"2026-07-01T10:03:51.880Z"
"Row1199",53,"R. Rangel","G",9.5,48.9,10161,"home",8365,"2026-07-01T10:03:51.880Z"
"Row1200",8,"I. Reyes","D",34,37.2,10107,"home",8365,"2026-07-01T10:03:51.880Z"
"Row1201",48,"R. Alvarado","F",51,28.4,10169,"home",8365,"2026-07-01T10:03:51.880Z"
"Row1202",13,"O. Pineda","M",65.6,80.5,11161,"home",8365,"2026-07-01T10:03:51.880Z"
"Row1203",48,"E. Lira","D",50.8,46.5,10043,"home",8365,"2026-07-01T10:03:51.880Z"
"Row1204",39,"R. Jiménez","F",63.2,53.9,833,"home",8365,"2026-07-01T10:03:51.880Z"
"Row1205",55,"C. Montes","D",32.4,30.4,17092,"home",8365,"2026-07-01T10:03:51.880Z"
"Row1206",69,"J. Vásquez","D",31.3,64.9,2591,"home",8365,"2026-07-01T10:03:51.880Z"
"Row2814",10,"K. Rodríguez","F",79.8,52.3,3755,"away",8365,"2026-07-01T10:03:51.880Z"
"Row2815",27,"A. Franco","M",42,20.3,7,"away",8365,"2026-07-01T10:03:51.880Z"
"Row2816",31,"J. Yeboah","F",58.1,25.8,16888,"away",8365,"2026-07-01T10:03:51.880Z"
"Row2817",40,"Á. Preciado","M",47.1,13,12202,"away",8365,"2026-07-01T10:03:51.880Z"
"Row2818",19,"E. Valencia","F",59,65.3,4754,"away",8365,"2026-07-01T10:03:51.880Z"
"Row2819",24,"J. Ordóñez","D",27.5,41.5,3536,"away",8365,"2026-07-01T10:03:51.880Z"
"Row2820",13,"J. Caicedo","F",78.9,44,16891,"away",8365,"2026-07-01T10:03:51.880Z"
"Row2821",19,"K. Páez","M",47.1,23.3,1709,"away",8365,"2026-07-01T10:03:51.880Z"
"Row2822",85,"M. Caicedo","M",49.8,39.1,1345,"away",8365,"2026-07-01T10:03:51.880Z"
"Row2823",34,"Y. Medina","D",56.3,83.2,3125,"away",8365,"2026-07-01T10:03:51.880Z"
"Row2824",30,"H. Galíndez","G",11.5,49.3,16887,"away",8365,"2026-07-01T10:03:51.880Z"
"Row2825",67,"W. Pacho","D",32.3,52.4,2245,"away",8365,"2026-07-01T10:03:51.880Z"
"Row2826",52,"N. Angulo","M",68.5,84.5,7347,"away",8365,"2026-07-01T10:03:51.880Z"
"Row2827",99,"P. Hincapié","D",48.5,74.7,445,"away",8365,"2026-07-01T10:03:51.880Z"
"Row2828",48,"G. Plata","M",59,54.6,59,"away",8365,"2026-07-01T10:03:51.880Z"
"Row2829",91,"P. Vite","M",51.3,62.1,9854,"away",8365,"2026-07-01T10:03:51.880Z"
"Row1175",58,"B. Barcola","F",59.3,79.4,2261,"home",8364,"2026-07-01T05:03:52.255Z"
"Row1176",46,"M. Maignan","G",12.4,45.6,1987,"home",8364,"2026-07-01T05:03:52.255Z"
"Row1177",17,"T. Hernández","D",42.9,79.5,7994,"home",8364,"2026-07-01T05:03:52.255Z"
"Row1178",53,"O. Dembélé","F",70.8,24.8,2253,"home",8364,"2026-07-01T05:03:52.255Z"
"Row1179",16,"M. Gusto","D",47.6,14.2,393,"home",8364,"2026-07-01T05:03:52.255Z"
"Row1180",62,"J. Koundé","D",58.3,21.1,739,"home",8364,"2026-07-01T05:03:52.255Z"
"Row1181",4,"R. Cherki","M",45.6,43,856,"home",8364,"2026-07-01T05:03:52.255Z"
"Row1182",6,"J. Mateta","F",47.1,71.4,432,"home",8364,"2026-07-01T05:03:52.255Z"
"Row1183",89,"A. Rabiot","M",53.6,66.9,1994,"home",8364,"2026-07-01T05:03:52.255Z"
"Row1184",59,"K. Mbappé","F",72.4,62.3,594,"home",8364,"2026-07-01T05:03:52.255Z"
"Row1185",67,"L. Digne","D",44.5,86.4,513,"home",8364,"2026-07-01T05:03:52.255Z"
"Row1186",70,"D. Upamecano","D",42.3,33.1,3463,"home",8364,"2026-07-01T05:03:52.255Z"
"Row1187",104,"M. Olise","M",61.6,48,2467,"home",8364,"2026-07-01T05:03:52.255Z"
"Row1188",13,"D. Doué","F",59.1,15,4324,"home",8364,"2026-07-01T05:03:52.255Z"
"Row1189",76,"W. Saliba","D",37.4,63.1,3460,"home",8364,"2026-07-01T05:03:52.255Z"
"Row1190",89,"A. Tchouaméni","M",49.3,51.6,591,"home",8364,"2026-07-01T05:03:52.255Z"
"Row2798",29,"A. Isak","F",58.1,52.8,332,"away",8364,"2026-07-01T05:03:52.255Z"
"Row2799",31,"E. Stroud","M",44.7,77.9,16077,"away",8364,"2026-07-01T05:03:52.255Z"
"Row2800",47,"D. Svensson","M",48.1,20.9,2162,"away",8364,"2026-07-01T05:03:52.255Z"
"Row2801",11,"M. Svanberg","M",65.1,46.8,1377,"away",8364,"2026-07-01T05:03:52.255Z"
"Row2802",22,"B. Zeneli","M",52.9,35.3,8600,"away",8364,"2026-07-01T05:03:52.255Z"
"Row2803",31,"V. Gyökeres","F",58.3,48.1,456,"away",8364,"2026-07-01T05:03:52.255Z"
"Row2804",21,"T. Ali","M",62,86.3,4400,"away",8364,"2026-07-01T05:03:52.255Z"
"Row2805",53,"A. Elanga","F",63,16.3,710,"away",8364,"2026-07-01T05:03:52.255Z"
"Row2806",49,"L. Bergvall","M",53.1,31.3,726,"away",8364,"2026-07-01T05:03:52.255Z"
"Row2807",41,"Y. Ayari","M",47.1,52.7,1632,"away",8364,"2026-07-01T05:03:52.255Z"
"Row2808",6,"G. Nilsson","F",70.4,36.9,3556,"away",8364,"2026-07-01T05:03:52.255Z"
"Row2809",61,"G. Gudmundsson","D",33.9,77.3,370,"away",8364,"2026-07-01T05:03:52.255Z"
"Row2810",58,"J. W. Zetterström","G",8.4,48.4,6221,"away",8364,"2026-07-01T05:03:52.255Z"
"Row2811",63,"V. Lindelöf","D",30.7,58.3,519,"away",8364,"2026-07-01T05:03:52.255Z"
"Row2812",15,"B. Nygren","F",57.9,15.7,3394,"away",8364,"2026-07-01T05:03:52.255Z"
"Row2813",83,"G. Lagerbielke","D",40.4,29.9,884,"away",8364,"2026-07-01T05:03:52.255Z"
"Row1159",25,"A. Bonny","F",68,50.1,3468,"home",8363,"2026-07-01T01:03:51.824Z"
"Row1160",23,"Y. Fofana","G",11.7,55,6738,"home",8363,"2026-07-01T01:03:51.824Z"
"Row1161",7,"E. Wahi","F",63.6,37,3527,"home",8363,"2026-07-01T01:03:51.824Z"
"Row1162",28,"A. Diallo","M",68.6,49.2,1792,"home",8363,"2026-07-01T01:03:51.824Z"
"Row1163",5,"B. Touré","M",40.6,86,2385,"home",8363,"2026-07-01T01:03:51.824Z"
"Row1164",57,"O. Kossounou","D",30.7,36.1,1298,"home",8363,"2026-07-01T01:03:51.824Z"
"Row1165",49,"C. I. Oulaï","M",54.3,76.7,6614,"home",8363,"2026-07-01T01:03:51.824Z"
"Row1166",10,"O. Diakité","F",82.7,18.6,7705,"home",8363,"2026-07-01T01:03:51.824Z"
"Row1167",67,"F. Kessié","M",58.6,45.3,8117,"home",8363,"2026-07-01T01:03:51.824Z"
"Row1168",66,"N. Pépé","F",67.7,24,1786,"home",8363,"2026-07-01T01:03:51.824Z"
"Row1169",75,"Y. Diomande","F",65.8,82.9,2895,"home",8363,"2026-07-01T01:03:51.824Z"
"Row1170",63,"G. Doué","D",48,19.8,1702,"home",8363,"2026-07-01T01:03:51.824Z"
"Row1171",3,"E. Guessand","F",85.6,61.9,509,"home",8363,"2026-07-01T01:03:51.824Z"
"Row1172",87,"G. Konan","D",43.8,87.1,1886,"home",8363,"2026-07-01T01:03:51.824Z"
"Row1173",79,"I. Sangaré","M",40.8,54.1,547,"home",8363,"2026-07-01T01:03:51.824Z"
"Row1174",68,"E. Agbadou","D",35,71.6,524,"home",8363,"2026-07-01T01:03:51.824Z"
"Row2784",34,"E. Haaland","F",48,51.8,852,"away",8363,"2026-07-01T01:03:51.824Z"
"Row2785",52,"A. Sørloth","F",61.4,21.6,774,"away",8363,"2026-07-01T01:03:51.824Z"
"Row2786",20,"O. Bobb","M",65.3,12.8,3651,"away",8363,"2026-07-01T01:03:51.824Z"
"Row2787",26,"A. Schjelderup","M",56.1,81.8,2064,"away",8363,"2026-07-01T01:03:51.824Z"
"Row2788",58,"P. Berg","M",48,64.7,3673,"away",8363,"2026-07-01T01:03:51.824Z"
"Row2789",44,"A. Nusa","F",59.3,77.4,2897,"away",8363,"2026-07-01T01:03:51.824Z"
"Row2790",16,"F. Aursnes","M",39.6,18.3,2056,"away",8363,"2026-07-01T01:03:51.824Z"
"Row2791",62,"M. Pedersen","M",50.7,11.1,1838,"away",8363,"2026-07-01T01:03:51.824Z"
"Row2792",51,"Ø. Nyland","G",6.8,48.9,1561,"away",8363,"2026-07-01T01:03:51.824Z"
"Row2793",71,"T. Heggem","D",32.6,67.3,957,"away",8363,"2026-07-01T01:03:51.824Z"
"Row2794",82,"K. Ajer","D",29.3,37.8,464,"away",8363,"2026-07-01T01:03:51.824Z"
"Row2795",97,"S. Berge","M",47.7,45.9,829,"away",8363,"2026-07-01T01:03:51.824Z"
"Row2796",68,"D. M. Wolfe","D",46.4,84.3,529,"away",8363,"2026-07-01T01:03:51.824Z"
"Row2797",99,"M. Ødegaard","M",57.1,32.6,447,"away",8363,"2026-07-01T01:03:51.824Z"
"Row1142",42,"C. Gakpo","M",61.8,73.9,331,"home",8362,"2026-06-30T09:03:51.295Z"
"Row1143",16,"B. Brobbey","F",62.8,55.1,352,"home",8362,"2026-06-30T09:03:51.295Z"
"Row1144",35,"M. van de Ven","D",47.6,83,736,"home",8362,"2026-06-30T09:03:51.295Z"
"Row1145",41,"N. Aké","D",42.2,76.5,857,"home",8362,"2026-06-30T09:03:51.295Z"
"Row1146",44,"R. Gravenberch","M",49.7,34.5,327,"home",8362,"2026-06-30T09:03:51.295Z"
"Row1147",27,"Q. Timber","M",42.9,23.4,3373,"home",8362,"2026-06-30T09:03:51.295Z"
"Row1148",26,"W. Weghorst","F",59.4,36.7,3775,"home",8362,"2026-06-30T09:03:51.295Z"
"Row1149",14,"J. Hato","D",49.4,80.4,401,"home",8362,"2026-06-30T09:03:51.295Z"
"Row1150",24,"T. Koopmeiners","M",36.7,68.6,2178,"home",8362,"2026-06-30T09:03:51.295Z"
"Row1151",63,"D. Dumfries","M",56.9,14.4,3981,"home",8362,"2026-06-30T09:03:51.295Z"
"Row1152",3,"J. Kluivert","M",65.7,88.6,791,"home",8362,"2026-06-30T09:03:51.295Z"
"Row1153",1,"M. de Roon","M",63.6,62.2,1303,"home",8362,"2026-06-30T09:03:51.295Z"
"Row1154",83,"V. van Dijk","D",36.3,51.7,325,"home",8362,"2026-06-30T09:03:51.295Z"
"Row1155",55,"C. Summerville","M",59.4,27.7,4092,"home",8362,"2026-06-30T09:03:51.295Z"
"Row1156",52,"B. Verbruggen","G",10.4,45.4,482,"home",8362,"2026-06-30T09:03:51.295Z"
"Row1157",70,"F. de Jong","M",42.5,51.7,3662,"home",8362,"2026-06-30T09:03:51.295Z"
"Row1158",91,"J. P. van Hecke","D",43.4,21,484,"home",8362,"2026-06-30T09:03:51.295Z"
"Row2768",46,"B. Díaz","M",58,24.1,598,"away",8362,"2026-06-30T09:03:51.295Z"
"Row2769",36,"Bono","G",12.2,52.7,7990,"away",8362,"2026-06-30T09:03:51.295Z"
"Row2770",64,"C. Riad","D",37.6,66.3,8593,"away",8362,"2026-06-30T09:03:51.295Z"
"Row2771",35,"G. Yassine","M",55.9,19,8630,"away",8362,"2026-06-30T09:03:51.295Z"
"Row2772",141,"A. Hakimi","D",59.8,19.4,4241,"away",8362,"2026-06-30T09:03:51.295Z"
"Row2773",77,"A. Bouaddi","M",44.5,40.7,1451,"away",8362,"2026-06-30T09:03:51.295Z"
"Row2774",28,"S. Rahimi","F",63.3,49.8,15371,"away",8362,"2026-06-30T09:03:51.295Z"
"Row2775",30,"C. Talbi","M",57.6,87.6,350,"away",8362,"2026-06-30T09:03:51.295Z"
"Row2776",97,"A. Ounahi","M",56,39.2,1044,"away",8362,"2026-06-30T09:03:51.295Z"
"Row2777",86,"I. Diop","D",36.4,31.4,4377,"away",8362,"2026-06-30T09:03:51.295Z"
"Row2778",174,"N. El Aynaoui","M",47.7,53.1,1070,"away",8362,"2026-06-30T09:03:51.295Z"
"Row2779",82,"S. E. Mourabet","M",48.6,52.1,1706,"away",8362,"2026-06-30T09:03:51.295Z"
"Row2780",53,"I. Saibari","M",67.5,66.8,3511,"away",8362,"2026-06-30T09:03:51.295Z"
"Row2781",116,"N. Mazraoui","D",37.4,74.4,1799,"away",8362,"2026-06-30T09:03:51.295Z"
"Row2782",75,"B. E. Khannouss","M",50.8,68.9,1619,"away",8362,"2026-06-30T09:03:51.295Z"
"Row2783",75,"A. Salah-Eddine","D",43.7,86.5,3506,"away",8362,"2026-06-30T09:03:51.295Z"
"Row1125",34,"F. Nmecha","M",63.8,28.3,2160,"home",8361,"2026-06-30T04:33:51.459Z"
"Row1126",13,"D. Undav","F",78.2,66.2,1620,"home",8361,"2026-06-30T04:33:51.459Z"
"Row1127",12,"N. Woltemade","F",53.7,39,707,"home",8361,"2026-06-30T04:33:51.459Z"
"Row1128",75,"K. Havertz","F",68.6,42.7,4941,"home",8361,"2026-06-30T04:33:51.459Z"
"Row1129",126,"F. Wirtz","M",67.2,74.6,330,"home",8361,"2026-06-30T04:33:51.459Z"
"Row1130",97,"A. Pavlović","M",54.3,51.9,2462,"home",8361,"2026-06-30T04:33:51.459Z"
"Row1131",152,"A. Rüdiger","D",47.7,69,588,"home",8361,"2026-06-30T04:33:51.459Z"
"Row1132",9,"M. Thiaw","D",48.2,70.7,700,"home",8361,"2026-06-30T04:33:51.459Z"
"Row1133",199,"J. Kimmich","M",57.4,35.7,2461,"home",8361,"2026-06-30T04:33:51.459Z"
"Row1134",91,"N. Brown","D",56.4,73.8,1350,"home",8361,"2026-06-30T04:33:51.459Z"
"Row1135",8,"N. Amiri","M",67.3,69.1,3934,"home",8361,"2026-06-30T04:33:51.459Z"
"Row1136",61,"J. Musiala","M",66,29,8564,"home",8361,"2026-06-30T04:33:51.459Z"
"Row1137",42,"L. Goretzka","M",57.3,44.7,2470,"home",8361,"2026-06-30T04:33:51.459Z"
"Row1138",142,"J. Tah","D",51.8,42.2,2459,"home",8361,"2026-06-30T04:33:51.459Z"
"Row1139",45,"W. Anton","D",56.1,21.2,2157,"home",8361,"2026-06-30T04:33:51.459Z"
"Row1140",88,"L. Sané","M",71.9,14.3,3732,"home",8361,"2026-06-30T04:33:51.459Z"
"Row1141",63,"M. Neuer","G",16.1,47.9,2456,"home",8361,"2026-06-30T04:33:51.459Z"
"Row2752",24,"G. Ávalos","F",46.4,58.2,16919,"away",8361,"2026-06-30T04:33:51.459Z"
"Row2753",25,"J. Enciso","M",57.8,70.5,1710,"away",8361,"2026-06-30T04:33:51.459Z"
"Row2754",31,"G. Caballero","M",54.7,41.3,225,"away",8361,"2026-06-30T04:33:51.459Z"
"Row2755",39,"G. Gómez","D",34.6,38.9,26,"away",8361,"2026-06-30T04:33:51.459Z"
"Row2756",10,"B. Ojeda","M",50.6,46.3,9383,"away",8361,"2026-06-30T04:33:51.459Z"
"Row2757",54,"A. Cubas","M",35.6,58.6,9106,"away",8361,"2026-06-30T04:33:51.459Z"
"Row2758",15,"A. Sanabria","F",51.5,35,983,"away",8361,"2026-06-30T04:33:51.459Z"
"Row2759",40,"Mauricio","M",55.8,69.3,42,"away",8361,"2026-06-30T04:33:51.459Z"
"Row2760",50,"J. Canale","D",19.4,63.2,16912,"away",8361,"2026-06-30T04:33:51.459Z"
"Row2761",64,"J. Alonso","D",33.1,79.2,4,"away",8361,"2026-06-30T04:33:51.459Z"
"Row2762",77,"O. Gill","G",9.9,51.3,16917,"away",8361,"2026-06-30T04:33:51.459Z"
"Row2763",13,"G. Velázquez","D",33.6,34.5,16915,"away",8361,"2026-06-30T04:33:51.459Z"
"Row2764",78,"M. Galarza","M",35.2,74.2,13574,"away",8361,"2026-06-30T04:33:51.459Z"
"Row2765",68,"J. Cáceres","D",33.3,18.1,16918,"away",8361,"2026-06-30T04:33:51.459Z"
"Row2766",48,"D. Bobadilla","M",31.7,37.2,143,"away",8361,"2026-06-30T04:33:51.459Z"
"Row2767",67,"M. Almirón","M",44.3,32.5,9678,"away",8361,"2026-06-30T04:33:51.459Z"
"Row1110",33,"Alisson","G",12.4,43.4,322,"home",8360,"2026-06-30T01:03:51.334Z"
"Row1111",32,"M. Cunha","F",68.9,56.8,4119,"home",8360,"2026-06-30T01:03:51.334Z"
"Row1112",21,"Endrick","F",68.5,35.5,606,"home",8360,"2026-06-30T01:03:51.334Z"
"Row1113",23,"G. Martinelli","F",66.2,64.6,452,"home",8360,"2026-06-30T01:03:51.334Z"
"Row1114",66,"L. Paquetá","M",61.9,71.2,1642,"home",8360,"2026-06-30T01:03:51.334Z"
"Row1115",65,"Vinícius Jr.","F",76.8,80.4,595,"home",8360,"2026-06-30T01:03:51.334Z"
"Row1116",2,"D. Santos","M",4,89.7,3877,"home",8360,"2026-06-30T01:03:51.334Z"
"Row1117",100,"Casemiro","M",49.2,52.9,1793,"home",8360,"2026-06-30T01:03:51.334Z"
"Row1118",125,"Marquinhos","D",45.9,35.6,2244,"home",8360,"2026-06-30T01:03:51.334Z"
"Row1119",77,"B. Guimarães","M",63.7,44.3,709,"home",8360,"2026-06-30T01:03:51.334Z"
"Row1120",4,"Fabinho","M",63.5,49,8156,"home",8360,"2026-06-30T01:03:51.334Z"
"Row1121",60,"Rayan","M",71.4,15.1,663,"home",8360,"2026-06-30T01:03:51.334Z"
"Row1122",100,"D. Santos","D",55.7,86,16392,"home",8360,"2026-06-30T01:03:51.334Z"
"Row1123",154,"G. Magalhães","D",47.3,68.2,4072,"home",8360,"2026-06-30T01:03:51.334Z"
"Row1124",97,"Danilo","D",56.6,15.6,49,"home",8360,"2026-06-30T01:03:51.334Z"
"Row2737",64,"Z. Suzuki","G",8.7,51.7,4055,"away",8360,"2026-06-30T01:03:51.334Z"
"Row2738",30,"K. Nakamura","M",57.5,82.4,16971,"away",8360,"2026-06-30T01:03:51.334Z"
"Row2739",37,"A. Ueda","F",60,48.8,3369,"away",8360,"2026-06-30T01:03:51.334Z"
"Row2740",42,"D. Kamada","M",52,68.1,430,"away",8360,"2026-06-30T01:03:51.334Z"
"Row2741",35,"D. Maeda","F",53.8,62.6,3393,"away",8360,"2026-06-30T01:03:51.334Z"
"Row2742",39,"R. Doan","M",50.4,11.5,1353,"away",8360,"2026-06-30T01:03:51.334Z"
"Row2743",45,"J. Ito","M",48.9,27.5,4564,"away",8360,"2026-06-30T01:03:51.334Z"
"Row2744",11,"Y. Sugawara","D",46.1,15.7,2497,"away",8360,"2026-06-30T01:03:51.334Z"
"Row2745",17,"J. Suzuki","D",30.8,81.4,3558,"away",8360,"2026-06-30T01:03:51.334Z"
"Row2746",20,"A. Tanaka","M",27.4,55.7,367,"away",8360,"2026-06-30T01:03:51.334Z"
"Row2747",8,"S. Machino","F",58.6,39.5,2879,"away",8360,"2026-06-30T01:03:51.334Z"
"Row2748",60,"T. Tomiyasu","D",35.1,24,8740,"away",8360,"2026-06-30T01:03:51.334Z"
"Row2749",71,"S. Taniguchi","D",25.1,55.9,7374,"away",8360,"2026-06-30T01:03:51.334Z"
"Row2750",51,"K. Sano","M",43.3,39.5,1196,"away",8360,"2026-06-30T01:03:51.334Z"
"Row2751",56,"H. Itō","D",32.2,83.1,2474,"away",8360,"2026-06-30T01:03:51.334Z"
"Row1096",22,"R. Mofokeng","M",55.9,55.2,15469,"home",8359,"2026-06-29T03:13:23.070Z"
"Row1097",55,"O. Appollis","M",53.7,68.6,15468,"home",8359,"2026-06-29T03:13:23.070Z"
"Row1098",38,"E. Makgopa","F",55.8,39.3,15470,"home",8359,"2026-06-29T03:13:23.070Z"
"Row1099",39,"T. Mbatha","M",48.2,47.2,15476,"home",8359,"2026-06-29T03:13:23.070Z"
"Row1100",54,"T. Maseko","M",46.3,21.1,15830,"home",8359,"2026-06-29T03:13:23.070Z"
"Row1101",65,"A. Modiba","D",48.4,91.1,14397,"home",8359,"2026-06-29T03:13:23.070Z"
"Row1102",112,"M. Mbokazi","D",28.1,72,12123,"home",8359,"2026-06-29T03:13:23.070Z"
"Row1103",117,"I. Okon","D",22.9,28.5,16737,"home",8359,"2026-06-29T03:13:23.070Z"
"Row1104",7,"I. Rayners","F",69.9,50.4,14402,"home",8359,"2026-06-29T03:13:23.070Z"
"Row1105",3,"T. Moremi","M",66.6,77.5,15472,"home",8359,"2026-06-29T03:13:23.070Z"
"Row1106",93,"S. Sithole","M",37.6,43.2,1909,"home",8359,"2026-06-29T03:13:23.070Z"
"Row1107",85,"K. Mudau","D",33.7,12.7,14394,"home",8359,"2026-06-29T03:13:23.070Z"
"Row1108",97,"R. Williams","G",13.1,49.8,14393,"home",8359,"2026-06-29T03:13:23.070Z"
"Row1109",85,"T. Mokoena","M",41.2,54.9,14399,"home",8359,"2026-06-29T03:13:23.070Z"
"Row2721",38,"T. Oluwaseyi","F",73.7,57.4,1779,"away",8359,"2026-06-29T03:13:23.070Z"
"Row2722",50,"R. Laryea","D",56.5,83.9,9548,"away",8359,"2026-06-29T03:13:23.070Z"
"Row2723",47,"M. Crépeau","G",13.8,53,9267,"away",8359,"2026-06-29T03:13:23.070Z"
"Row2724",41,"M. Bombito","D",39.7,35.3,4514,"away",8359,"2026-06-29T03:13:23.070Z"
"Row2725",43,"J. David","F",62.1,41.8,2186,"away",8359,"2026-06-29T03:13:23.070Z"
"Row2726",43,"T. Buchanan","M",59.6,18,1769,"away",8359,"2026-06-29T03:13:23.070Z"
"Row2727",74,"D. Cornelius","D",42.6,71,4155,"away",8359,"2026-06-29T03:13:23.070Z"
"Row2728",34,"L. D. Fougerolles","D",36.8,43,7612,"away",8359,"2026-06-29T03:13:23.070Z"
"Row2729",27,"N. Sigur","D",57.1,44.2,16947,"away",8359,"2026-06-29T03:13:23.070Z"
"Row2730",20,"J. Shaffelburg","M",55.7,29.5,9296,"away",8359,"2026-06-29T03:13:23.070Z"
"Row2731",14,"P. David","F",60.8,62.2,3754,"away",8359,"2026-06-29T03:13:23.070Z"
"Row2732",67,"A. Johnston","D",51.3,19.2,4406,"away",8359,"2026-06-29T03:13:23.070Z"
"Row2733",55,"L. Millar","M",65.2,89.3,6190,"away",8359,"2026-06-29T03:13:23.070Z"
"Row2734",29,"A. Davies","D",71.5,89.6,5170,"away",8359,"2026-06-29T03:13:23.070Z"
"Row2735",51,"N. Saliba","M",50.8,38.5,7351,"away",8359,"2026-06-29T03:13:23.070Z"
"Row2736",78,"S. Eustaquio","M",53.8,69.7,1011,"away",8359,"2026-06-29T03:13:23.070Z"
"Row1080",25,"Y. Abu Laila","G",10.5,43.2,16700,"home",8358,"2026-06-28T10:10:24.214Z"
"Row1081",40,"E. Haddad","M",46.2,14.2,55790,"home",8358,"2026-06-28T10:10:24.214Z"
"Row1082",47,"N. Al-Rashdan","M",43.3,49.6,16711,"home",8358,"2026-06-28T10:10:24.214Z"
"Row1083",22,"M. Tamari","F",59.7,28.9,2809,"home",8358,"2026-06-28T10:10:24.214Z"
"Row1084",23,"A. Al-Azaizeh","M",58.7,22.4,8821,"home",8358,"2026-06-28T10:10:24.214Z"
"Row1085",19,"M. Al-Mardi","M",64.8,77.3,16713,"home",8358,"2026-06-28T10:10:24.214Z"
"Row1086",3,"S. Obaid","D",34.9,87.7,16718,"home",8358,"2026-06-28T10:10:24.214Z"
"Row1087",5,"Shararh","M",51.8,26,16715,"home",8358,"2026-06-28T10:10:24.214Z"
"Row1088",6,"A. Jamous","M",44.8,42.6,16714,"home",8358,"2026-06-28T10:10:24.214Z"
"Row1089",56,"H. A. M. Abudahab","D",34.7,80.7,55288,"home",8358,"2026-06-28T10:10:24.214Z"
"Row1090",13,"O. A. Fakhouri","F",59.8,58.3,14727,"home",8358,"2026-06-28T10:10:24.214Z"
"Row1091",62,"Y. Al-Arab","D",32.9,54.2,16702,"home",8358,"2026-06-28T10:10:24.214Z"
"Row1092",60,"N. Al Rawabdeh","M",49.5,55.7,16705,"home",8358,"2026-06-28T10:10:24.214Z"
"Row1093",30,"A. Olwan","F",74.3,66.1,55283,"home",8358,"2026-06-28T10:10:24.214Z"
"Row1094",53,"A. Nasib","D",35.2,25,16701,"home",8358,"2026-06-28T10:10:24.214Z"
"Row1095",58,"M. A. Taha","M",38.3,80.6,16710,"home",8358,"2026-06-28T10:10:24.214Z"
"Row2705",37,"L. Martínez","F",61.1,57.4,1687,"away",8358,"2026-06-28T10:10:24.214Z"
"Row2706",58,"A. Mac Allister","M",52.9,36.1,328,"away",8358,"2026-06-28T10:10:24.214Z"
"Row2707",9,"J. López","F",67.7,55.7,34,"away",8358,"2026-06-28T10:10:24.214Z"
"Row2708",116,"E. Palacios","M",47.6,14.9,4750,"away",8358,"2026-06-28T10:10:24.214Z"
"Row2709",56,"G. Simeone","M",62.5,10.9,767,"away",8358,"2026-06-28T10:10:24.214Z"
"Row2710",28,"V. Barco","M",54.8,22,3896,"away",8358,"2026-06-28T10:10:24.214Z"
"Row2711",110,"N. Otamendi","D",38.9,32.6,2054,"away",8358,"2026-06-28T10:10:24.214Z"
"Row2712",25,"E. Martínez","G",11.1,51.2,1629,"away",8358,"2026-06-28T10:10:24.214Z"
"Row2713",50,"J. Álvarez","F",62.7,56.9,770,"away",8358,"2026-06-28T10:10:24.214Z"
"Row2714",178,"L. Paredes","M",48.3,49.8,16872,"away",8358,"2026-06-28T10:10:24.214Z"
"Row2715",88,"M. Senesi","D",35.1,70.1,2370,"away",8358,"2026-06-28T10:10:24.214Z"
"Row2716",72,"N. Tagliafico","D",47.5,85,1107,"away",8358,"2026-06-28T10:10:24.214Z"
"Row2717",30,"L. Messi","F",73.6,35.5,9063,"away",8358,"2026-06-28T10:10:24.214Z"
"Row2718",41,"T. Almada","M",55.8,62,773,"away",8358,"2026-06-28T10:10:24.214Z"
"Row2719",74,"N. Paz","M",54.9,24.7,2829,"away",8358,"2026-06-28T10:10:24.214Z"
"Row2720",65,"G. Lo Celso","M",53.3,53.3,3850,"away",8358,"2026-06-28T10:10:24.214Z"
"Row1066",34,"O. Benbot","G",9.3,52.4,15398,"home",8357,"2026-06-28T10:10:20.445Z"
"Row1067",48,"R. Belghali","M",51.4,17.2,2616,"home",8357,"2026-06-28T10:10:20.445Z"
"Row1068",38,"Z. Belaid","D",43,49.7,15046,"home",8357,"2026-06-28T10:10:20.445Z"
"Row1069",20,"A. Gouiri","F",66.1,62.4,4540,"home",8357,"2026-06-28T10:10:20.445Z"
"Row1070",60,"J. Hadjam","D",50.8,85.3,3202,"home",8357,"2026-06-28T10:10:20.445Z"
"Row1071",132,"A. Mandi","D",43.4,30.4,1448,"home",8357,"2026-06-28T10:10:20.445Z"
"Row1072",78,"R. Mahrez","M",57.6,27.7,8116,"home",8357,"2026-06-28T10:10:20.445Z"
"Row1073",146,"R. Bensebaini","D",42,71.2,2169,"home",8357,"2026-06-28T10:10:20.445Z"
"Row1074",34,"R. Aït-Nouri","D",66.6,93.4,861,"home",8357,"2026-06-28T10:10:20.445Z"
"Row1075",25,"S. S. Chergui","D",57.4,8.2,3823,"home",8357,"2026-06-28T10:10:20.445Z"
"Row1076",137,"N. Bentaleb","M",48.1,60.7,1460,"home",8357,"2026-06-28T10:10:20.445Z"
"Row1077",55,"H. Aouar","M",62.3,82.8,8230,"home",8357,"2026-06-28T10:10:20.445Z"
"Row1078",44,"I. Maza","F",63.2,51.2,2140,"home",8357,"2026-06-28T10:10:20.445Z"
"Row1079",97,"F. Chaïbi","M",51.5,41.2,1351,"home",8357,"2026-06-28T10:10:20.445Z"
"Row2689",40,"R. Schmid","M",54.4,43.1,2504,"away",8357,"2026-06-28T10:10:20.445Z"
"Row2690",19,"M. Gregoritsch","F",60.8,45.8,8530,"away",8357,"2026-06-28T10:10:20.445Z"
"Row2691",26,"P. Wanner","M",48.6,39.4,3522,"away",8357,"2026-06-28T10:10:20.445Z"
"Row2692",28,"K. Danso","D",41.9,28.2,721,"away",8357,"2026-06-28T10:10:20.445Z"
"Row2693",58,"P. Mwene","M",57.6,87.4,1198,"away",8357,"2026-06-28T10:10:20.445Z"
"Row2694",46,"F. Grillitsch","M",49.2,67.4,888,"away",8357,"2026-06-28T10:10:20.445Z"
"Row2695",3,"S. Kalajdžić","F",74.4,58,4824,"away",8357,"2026-06-28T10:10:20.445Z"
"Row2696",39,"X. Schlager","M",48.5,60.7,2892,"away",8357,"2026-06-28T10:10:20.445Z"
"Row2697",16,"M. Arnautović","F",63.6,50.3,3065,"away",8357,"2026-06-28T10:10:20.445Z"
"Row2698",38,"N. Seiwald","M",43.9,37.6,2893,"away",8357,"2026-06-28T10:10:20.445Z"
"Row2699",46,"M. Sabitzer","M",60.4,82.6,2161,"away",8357,"2026-06-28T10:10:20.445Z"
"Row2700",33,"A. Schlager","G",11.4,50.4,3034,"away",8357,"2026-06-28T10:10:20.445Z"
"Row2701",62,"S. Posch","D",49.4,14.7,2832,"away",8357,"2026-06-28T10:10:20.445Z"
"Row2702",65,"P. Lienhart","D",37.7,41.2,1174,"away",8357,"2026-06-28T10:10:20.445Z"
"Row2703",39,"K. Laimer","D",56,19.7,2457,"away",8357,"2026-06-28T10:10:20.445Z"
"Row2704",56,"D. Alaba","D",37.2,66.4,4020,"away",8357,"2026-06-28T10:10:20.445Z"
"Row1050",20,"J. Córdoba","F",63.8,38.3,16388,"home",8355,"2026-06-28T07:40:30.012Z"
"Row1051",30,"R. Ríos","M",52.1,28.5,3788,"home",8355,"2026-06-28T07:40:30.012Z"
"Row1052",4,"D. Muñoz","M",80.8,27.5,426,"home",8355,"2026-06-28T07:40:30.012Z"
"Row1053",85,"D. Sánchez","D",30.5,29.1,3726,"home",8355,"2026-06-28T07:40:30.012Z"
"Row1054",50,"C. Vargas","G",9.5,50.4,10304,"home",8355,"2026-06-28T07:40:30.012Z"
"Row1055",15,"J. Quintero","M",65.8,52.1,16387,"home",8355,"2026-06-28T07:40:30.012Z"
"Row1056",41,"D. Machado","D",54.6,80.4,1420,"home",8355,"2026-06-28T07:40:30.012Z"
"Row1057",66,"S. Arias","D",46.6,9.6,94,"home",8355,"2026-06-28T07:40:30.012Z"
"Row1058",13,"K. Castaño","M",57.6,40.7,16385,"home",8355,"2026-06-28T07:40:30.012Z"
"Row1059",50,"J. Lerma","M",51.5,43.7,428,"home",8355,"2026-06-28T07:40:30.012Z"
"Row1060",95,"J. Rodríguez","M",64.3,48.9,10128,"home",8355,"2026-06-28T07:40:30.012Z"
"Row1061",56,"L. Díaz","M",72.9,73.3,2465,"home",8355,"2026-06-28T07:40:30.012Z"
"Row1062",23,"L. J. Suárez ","F",67.9,50.7,1221,"home",8355,"2026-06-28T07:40:30.012Z"
"Row1063",85,"J. Arias","M",56.7,29.1,530,"home",8355,"2026-06-28T07:40:30.012Z"
"Row1064",40,"J. Lucumí","D",37.4,67,949,"home",8355,"2026-06-28T07:40:30.012Z"
"Row1065",94,"G. Puerta","M",52.5,63.1,16386,"home",8355,"2026-06-28T07:40:30.012Z"
"Row2673",18,"S. Costa","M",37.8,51.3,2642,"away",8355,"2026-06-28T07:40:30.012Z"
"Row2674",1,"M. Nunes","D",64.2,28.5,844,"away",8355,"2026-06-28T07:40:30.012Z"
"Row2675",60,"B. Fernandes","M",58.5,61.3,1794,"away",8355,"2026-06-28T07:40:30.012Z"
"Row2676",69,"N. Mendes","D",52.9,85.4,3470,"away",8355,"2026-06-28T07:40:30.012Z"
"Row2677",43,"J. Félix","F",66.1,83,7881,"away",8355,"2026-06-28T07:40:30.012Z"
"Row2678",83,"R. Veiga","D",31.7,68,1781,"away",8355,"2026-06-28T07:40:30.012Z"
"Row2679",25,"J. Cancelo","D",44.5,26.1,8331,"away",8355,"2026-06-28T07:40:30.012Z"
"Row2680",22,"R. Neves","M",51.7,34.9,7995,"away",8355,"2026-06-28T07:40:30.012Z"
"Row2681",41,"C. Ronaldo","F",61.2,63.1,7880,"away",8355,"2026-06-28T07:40:30.012Z"
"Row2682",68,"Vitinha","M",45.4,58.6,2248,"away",8355,"2026-06-28T07:40:30.012Z"
"Row2683",78,"R. Dias","D",30.6,41.8,845,"away",8355,"2026-06-28T07:40:30.012Z"
"Row2684",39,"D. Costa","G",5.8,50.7,996,"away",8355,"2026-06-28T07:40:30.012Z"
"Row2685",39,"J. Neves","M",45.8,36.6,2247,"away",8355,"2026-06-28T07:40:30.012Z"
"Row2686",22,"R. Leão","F",58.6,79,1997,"away",8355,"2026-06-28T07:40:30.012Z"
"Row2687",39,"D. Dalot","D",47.6,22.7,1795,"away",8355,"2026-06-28T07:40:30.012Z"
"Row2688",55,"P. Neto","M",57.6,18.5,394,"away",8355,"2026-06-28T07:40:30.012Z"
"Row1034",10,"Kayembe","D",54.7,81.8,4161,"home",8356,"2026-06-28T07:40:20.341Z"
"Row1035",23,"M. Elia","F",58.6,75.4,6729,"home",8356,"2026-06-28T07:40:20.341Z"
"Row1036",23,"T. Bongonda","M",57.3,23.3,15419,"home",8356,"2026-06-28T07:40:20.341Z"
"Row1037",79,"A. Tuanzebe","D",34.5,61.4,2375,"home",8356,"2026-06-28T07:40:20.341Z"
"Row1038",34,"F. Mayele","F",66.3,50.6,14724,"home",8356,"2026-06-28T07:40:20.341Z"
"Row1039",82,"A. Wan-Bissaka","D",44.2,18.2,1635,"home",8356,"2026-06-28T07:40:20.341Z"
"Row1040",68,"B. Cipenga","M",68.1,84.6,15424,"home",8356,"2026-06-28T07:40:20.341Z"
"Row1041",18,"C. Bakambu","F",66.8,52.1,1588,"home",8356,"2026-06-28T07:40:20.341Z"
"Row1042",54,"N. Mbuku","M",56.1,16.3,15420,"home",8356,"2026-06-28T07:40:20.341Z"
"Row1043",22,"N. Mukau","M",41.4,41.5,1453,"home",8356,"2026-06-28T07:40:20.341Z"
"Row1044",42,"L. Mpasi Nzau","G",11.8,47.1,1442,"home",8356,"2026-06-28T07:40:20.341Z"
"Row1045",77,"N. Sadiki","M",49.6,59,349,"home",8356,"2026-06-28T07:40:20.341Z"
"Row1046",79,"C. Mbemba","D",36.2,33.8,1456,"home",8356,"2026-06-28T07:40:20.341Z"
"Row1047",48,"Y. Wissa","F",67.8,49.2,5140,"home",8356,"2026-06-28T07:40:20.341Z"
"Row1048",108,"A. Masuaku","D",43.1,84.2,3903,"home",8356,"2026-06-28T07:40:20.341Z"
"Row1049",70,"S. Moutoussamy","M",53,54.6,11283,"home",8356,"2026-06-28T07:40:20.341Z"
"Row2657",19,"J. Iskanderov","M",67,65.7,55378,"away",8356,"2026-06-28T07:40:20.341Z"
"Row2658",1,"I. Sergeev","F",81.8,84.6,55382,"away",8356,"2026-06-28T07:40:20.341Z"
"Row2659",44,"A. Mozgovoy","M",47.7,44.3,55375,"away",8356,"2026-06-28T07:40:20.341Z"
"Row2660",44,"O. Shukurov","M",43.4,54.8,55629,"away",8356,"2026-06-28T07:40:20.341Z"
"Row2661",41,"A. Nematov","G",9.7,47.3,55384,"away",8356,"2026-06-28T07:40:20.341Z"
"Row2662",70,"S. Nasrullaev","D",50.2,85.1,55373,"away",8356,"2026-06-28T07:40:20.341Z"
"Row2663",37,"A. Ganiev","M",55.6,47,58271,"away",8356,"2026-06-28T07:40:20.341Z"
"Row2664",89,"K. Alizhonov","D",53.7,14.3,55372,"away",8356,"2026-06-28T07:40:20.341Z"
"Row2665",42,"J. Urozov","D",30.1,75.7,59373,"away",8356,"2026-06-28T07:40:20.341Z"
"Row2666",66,"A. Khusanov","D",27.2,60.4,860,"away",8356,"2026-06-28T07:40:20.341Z"
"Row2667",66,"E. Shomurodov","F",62,48.1,6643,"away",8356,"2026-06-28T07:40:20.341Z"
"Row2668",47,"D. Khamdamov","M",50.1,35,59376,"away",8356,"2026-06-28T07:40:20.341Z"
"Row2669",15,"O. Urunov","M",58.4,64.3,55630,"away",8356,"2026-06-28T07:40:20.341Z"
"Row2670",69,"R. Ashurmatov","D",33.4,25.3,55387,"away",8356,"2026-06-28T07:40:20.341Z"
"Row2671",39,"A. Fayzullaev","M",51.2,56.2,6642,"away",8356,"2026-06-28T07:40:20.341Z"
"Row2672",29,"O. Khamrobekov","M",50.5,27.7,55374,"away",8356,"2026-06-28T07:40:20.341Z"
"Row1018",27,"Y. Bárcenas","M",43.6,49,10252,"home",8354,"2026-06-28T05:10:29.173Z"
"Row1019",19,"T. Rodríguez","F",50.9,53.3,54044,"home",8354,"2026-06-28T05:10:29.173Z"
"Row1020",49,"C. Martínez","M",53.4,40.8,16741,"home",8354,"2026-06-28T05:10:29.173Z"
"Row1021",17,"J. Fajardo","F",63.5,42.1,16745,"home",8354,"2026-06-28T05:10:29.173Z"
"Row1022",67,"A. Andrade","D",28.6,78.1,16746,"home",8354,"2026-06-28T05:10:29.173Z"
"Row1023",48,"C. Harvey","M",41.3,47.9,9102,"home",8354,"2026-06-28T05:10:29.173Z"
"Row1024",20,"I. Díaz","M",57.4,56.5,10127,"home",8354,"2026-06-28T05:10:29.173Z"
"Row1025",13,"A. Londoño","M",68.5,14.2,21220,"home",8354,"2026-06-28T05:10:29.173Z"
"Row1026",68,"J. Córdoba","D",22.6,54.3,6393,"home",8354,"2026-06-28T05:10:29.173Z"
"Row1027",49,"F. Escobar","D",28.1,28.4,54039,"home",8354,"2026-06-28T05:10:29.173Z"
"Row1028",43,"J. L. Rodríguez","M",48.2,75,10334,"home",8354,"2026-06-28T05:10:29.173Z"
"Row1029",63,"O. Mosquera","G",8.6,46.2,8050,"home",8354,"2026-06-28T05:10:29.173Z"
"Row1030",6,"A. Quintero","M",66.7,46.1,54040,"home",8354,"2026-06-28T05:10:29.173Z"
"Row1031",55,"A. Murillo","D",40.1,14.7,4082,"home",8354,"2026-06-28T05:10:29.173Z"
"Row1032",9,"É. Davis","D",50,77.8,16742,"home",8354,"2026-06-28T05:10:29.173Z"
"Row1033",48,"J. Gutiérrez","D",36.9,88.1,16615,"home",8354,"2026-06-28T05:10:29.173Z"
"Row2641",35,"H. Kane","F",63.3,56.9,2466,"away",8354,"2026-06-28T05:10:29.173Z"
"Row2642",50,"B. Saka","F",75.4,16.7,455,"away",8354,"2026-06-28T05:10:29.173Z"
"Row2643",22,"D. Spence","D",51.6,16.4,735,"away",8354,"2026-06-28T05:10:29.173Z"
"Row2644",17,"N. Madueke","F",61.7,21.5,450,"away",8354,"2026-06-28T05:10:29.173Z"
"Row2645",18,"J. Henderson","M",48.2,51.7,474,"away",8354,"2026-06-28T05:10:29.173Z"
"Row2646",16,"E. Eze","M",51.8,58,454,"away",8354,"2026-06-28T05:10:29.173Z"
"Row2647",96,"E. Konsa","D",37.2,39.9,504,"away",8354,"2026-06-28T05:10:29.173Z"
"Row2648",110,"E. Anderson","M",51.6,49.6,548,"away",8354,"2026-06-28T05:10:29.173Z"
"Row2649",4,"O. Watkins","F",66.8,45.6,512,"away",8354,"2026-06-28T05:10:29.173Z"
"Row2650",49,"J. Pickford","G",15.4,51,803,"away",8354,"2026-06-28T05:10:29.173Z"
"Row2651",102,"M. Guéhi","D",41.7,67.4,425,"away",8354,"2026-06-28T05:10:29.173Z"
"Row2652",56,"M. Rogers","M",63.4,29.2,511,"away",8354,"2026-06-28T05:10:29.173Z"
"Row2653",80,"J. Bellingham","M",62.2,54.6,592,"away",8354,"2026-06-28T05:10:29.173Z"
"Row2654",69,"J. Quansah","D",46.3,17.6,2149,"away",8354,"2026-06-28T05:10:29.173Z"
"Row2655",72,"M. Rashford","F",71.6,79,750,"away",8354,"2026-06-28T05:10:29.173Z"
"Row2656",83,"N. O’Reilly","D",53.1,80.5,847,"away",8354,"2026-06-28T05:10:29.173Z"
"Row1003",15,"A. Budimir","F",62,57.9,2669,"home",8353,"2026-06-28T05:10:20.377Z"
"Row1004",62,"M. Baturina","M",56.6,74.8,2833,"home",8353,"2026-06-28T05:10:20.377Z"
"Row1005",70,"M. Kovačić","M",50.1,70.4,4350,"home",8353,"2026-06-28T05:10:20.377Z"
"Row1006",16,"I. Matanović","F",62.5,61.5,1183,"home",8353,"2026-06-28T05:10:20.377Z"
"Row1007",10,"J. Gvardiol","D",57.8,82.8,846,"home",8353,"2026-06-28T05:10:20.377Z"
"Row1008",103,"J. Šutalo","D",36.2,29.7,3767,"home",8353,"2026-06-28T05:10:20.377Z"
"Row1009",18,"M. Pašalić","M",56.7,64.9,1309,"home",8353,"2026-06-28T05:10:20.377Z"
"Row1010",111,"L. Modrić","M",45.3,57.9,1993,"home",8353,"2026-06-28T05:10:20.377Z"
"Row1011",48,"P. Sučić","M",52.5,28.6,1685,"home",8353,"2026-06-28T05:10:20.377Z"
"Row1012",44,"N. Vlašić","M",51.3,15.1,1844,"home",8353,"2026-06-28T05:10:20.377Z"
"Row1013",12,"M. Pašalić","M",73,46.4,9568,"home",8353,"2026-06-28T05:10:20.377Z"
"Row1014",92,"M. Pongračić","D",32.9,63.1,1322,"home",8353,"2026-06-28T05:10:20.377Z"
"Row1015",74,"I. Perišić","M",47.7,84,3510,"home",8353,"2026-06-28T05:10:20.377Z"
"Row1016",39,"D. Livaković","G",9.7,52.1,1053,"home",8353,"2026-06-28T05:10:20.377Z"
"Row1017",54,"J. Stanišić","D",48,11.6,2468,"home",8353,"2026-06-28T05:10:20.377Z"
"Row2625",35,"B. Asare","G",11,44.6,16698,"away",8353,"2026-06-28T05:10:20.377Z"
"Row2626",18,"J. Ayew","F",66.7,63.4,6134,"away",8353,"2026-06-28T05:10:20.377Z"
"Row2627",43,"K. Sulemana","F",62.1,81,1310,"away",8353,"2026-06-28T05:10:20.377Z"
"Row2628",20,"E. Nuamah","F",52.9,16.2,24027,"away",8353,"2026-06-28T05:10:20.377Z"
"Row2629",19,"A. F. Issahaku","M",69.6,33.6,6131,"away",8353,"2026-06-28T05:10:20.377Z"
"Row2630",51,"J. A. Adjetey","D",41.1,28.9,3146,"away",8353,"2026-06-28T05:10:20.377Z"
"Row2631",53,"K. Sibo","M",44.2,46.7,1984,"away",8353,"2026-06-28T05:10:20.377Z"
"Row2632",76,"M. Senaya","D",44.8,13.4,4008,"away",8353,"2026-06-28T05:10:20.377Z"
"Row2633",4,"B. Thomas-Asante","F",53.9,45.4,6887,"away",8353,"2026-06-28T05:10:20.377Z"
"Row2634",25,"E. Owusu","M",46.6,33.5,4009,"away",8353,"2026-06-28T05:10:20.377Z"
"Row2635",75,"G. Mensah","D",44.8,84.7,2095,"away",8353,"2026-06-28T05:10:20.377Z"
"Row2636",96,"D. Luckassen","D",40.1,55.7,3600,"away",8353,"2026-06-28T05:10:20.377Z"
"Row2637",38,"A. Semenyo","M",64.1,35,792,"away",8353,"2026-06-28T05:10:20.377Z"
"Row2638",30,"K. P. Oppong","D",37.1,59.1,1487,"away",8353,"2026-06-28T05:10:20.377Z"
"Row2639",13,"C. Yirenkyi","M",44.9,49.6,16696,"away",8353,"2026-06-28T05:10:20.377Z"
"Row2640",91,"T. Partey","M",45.8,49.5,1784,"away",8353,"2026-06-28T05:10:20.377Z"
"Row987",20,"C. Wood","F",58.9,50,4472,"home",8352,"2026-06-27T11:10:29.532Z"
"Row988",21,"M. Boxall","D",36.5,65.1,9105,"home",8352,"2026-06-27T11:10:29.532Z"
"Row989",26,"J. Randall","M",61.5,80.1,55983,"home",8352,"2026-06-27T11:10:29.532Z"
"Row990",11,"F. De Vries","D",41.5,82.1,55976,"home",8352,"2026-06-27T11:10:29.532Z"
"Row991",25,"R. Thomas","M",48.5,59,5330,"home",8352,"2026-06-27T11:10:29.532Z"
"Row992",47,"T. Payne","D",36,18.1,55974,"home",8352,"2026-06-27T11:10:29.532Z"
"Row993",23,"B. Old","M",47.3,20.9,29212,"home",8352,"2026-06-27T11:10:29.532Z"
"Row994",58,"J. Bell","M",38.6,47.4,50286,"home",8352,"2026-06-27T11:10:29.532Z"
"Row995",33,"C. McCowatt","M",51.3,39.2,29409,"home",8352,"2026-06-27T11:10:29.532Z"
"Row996",89,"M. Stamenić","M",40.2,56,6528,"home",8352,"2026-06-27T11:10:29.532Z"
"Row997",50,"M. Crocombe","G",8.9,51.3,6460,"home",8352,"2026-06-27T11:10:29.532Z"
"Row998",24,"S. Singh","M",48.1,33.4,55975,"home",8352,"2026-06-27T11:10:29.532Z"
"Row999",85,"T. Bindon","D",37.3,48.2,6069,"home",8352,"2026-06-27T11:10:29.532Z"
"Row1000",68,"F. Surman","D",31.9,33.3,9220,"home",8352,"2026-06-27T11:10:29.532Z"
"Row1001",59,"L. Cacace","M",49.5,83.2,6946,"home",8352,"2026-06-27T11:10:29.532Z"
"Row1002",68,"E. Just","M",54.2,56.1,5955,"home",8352,"2026-06-27T11:10:29.532Z"
"Row2609",6,"R. Lukaku","F",73.4,63.8,8676,"away",8352,"2026-06-27T11:10:29.532Z"
"Row2610",25,"A. Saelemaekers","M",70.4,30.1,1991,"away",8352,"2026-06-27T11:10:29.532Z"
"Row2611",11,"N. Raskin","M",52.3,48.3,3015,"away",8352,"2026-06-27T11:10:29.532Z"
"Row2612",17,"A. Onana","M",47.1,36.8,508,"away",8352,"2026-06-27T11:10:29.532Z"
"Row2613",52,"T. Courtois","G",10.3,52.1,585,"away",8352,"2026-06-27T11:10:29.532Z"
"Row2614",80,"B. Mechele","D",40.4,32.3,3537,"away",8352,"2026-06-27T11:10:29.532Z"
"Row2615",19,"M. Fernández-Pardo","F",74.8,63.2,1464,"away",8352,"2026-06-27T11:10:29.532Z"
"Row2616",70,"H. Vanaken","M",56.1,55.1,3542,"away",8352,"2026-06-27T11:10:29.532Z"
"Row2617",88,"M. De Cuyper","D",54.5,80.3,491,"away",8352,"2026-06-27T11:10:29.532Z"
"Row2618",77,"T. Castagne","D",45.5,15.7,834,"away",8352,"2026-06-27T11:10:29.532Z"
"Row2619",74,"Y. Tielemans","M",51.3,45.5,514,"away",8352,"2026-06-27T11:10:29.532Z"
"Row2620",65,"C. De Ketelaere","F",68.6,45.8,1305,"away",8352,"2026-06-27T11:10:29.532Z"
"Row2621",39,"J. Doku","M",70.4,58.5,853,"away",8352,"2026-06-27T11:10:29.532Z"
"Row2622",55,"L. Trossard","F",66,44.2,3461,"away",8352,"2026-06-27T11:10:29.532Z"
"Row2623",75,"K. De Bruyne","M",68.4,52.3,4374,"away",8352,"2026-06-27T11:10:29.532Z"
"Row2624",61,"A. Theate","D",37.3,69,1349,"away",8352,"2026-06-27T11:10:29.532Z"
"Row971",18,"M. Abdelmonem","D",32,63.8,16690,"home",8351,"2026-06-27T11:10:19.753Z"
"Row972",12,"H. Abdelkarim","F",49.7,60.7,15835,"home",8351,"2026-06-27T11:10:19.753Z"
"Row973",47,"M. Saber","M",53.1,61.4,15357,"home",8351,"2026-06-27T11:10:19.753Z"
"Row974",29,"Zizo","M",58,38.3,14682,"home",8351,"2026-06-27T11:10:19.753Z"
"Row975",88,"M. Trézéguet","M",61.2,73.4,14684,"home",8351,"2026-06-27T11:10:19.753Z"
"Row976",37,"M. Ziko","M",57,46.5,14729,"home",8351,"2026-06-27T11:10:19.753Z"
"Row977",90,"M. Hany","D",42.6,20.1,14676,"home",8351,"2026-06-27T11:10:19.753Z"
"Row978",62,"M. Attia","M",47.4,64.7,14681,"home",8351,"2026-06-27T11:10:19.753Z"
"Row979",40,"M. Salah","M",69.2,25.3,333,"home",8351,"2026-06-27T11:10:19.753Z"
"Row980",97,"Y. Ibrahim","D",35.4,33.9,14678,"home",8351,"2026-06-27T11:10:19.753Z"
"Row981",38,"E. Ashour","M",56.9,26.1,14683,"home",8351,"2026-06-27T11:10:19.753Z"
"Row982",105,"R. Rabia","D",34.1,58.7,15355,"home",8351,"2026-06-27T11:10:19.753Z"
"Row983",111,"M. Lasheen","M",48.9,41.7,14721,"home",8351,"2026-06-27T11:10:19.753Z"
"Row984",38,"M. Shobeir","G",10.3,48.7,14675,"home",8351,"2026-06-27T11:10:19.753Z"
"Row985",32,"O. Marmoush","F",62.7,70.5,862,"home",8351,"2026-06-27T11:10:19.753Z"
"Row986",82,"A. Aboul-Fetouh","D",50.5,84.4,15374,"home",8351,"2026-06-27T11:10:19.753Z"
"Row2595",1,"A. Jahanbakhsh","F",94.8,18.3,7605,"away",8351,"2026-06-27T11:10:19.753Z"
"Row2596",20,"S. Moghanlou","F",64.8,45.6,55325,"away",8351,"2026-06-27T11:10:19.753Z"
"Row2597",59,"R. Rezaeian","M",47.7,20.4,16838,"away",8351,"2026-06-27T11:10:19.753Z"
"Row2598",70,"A. Nemati","D",34.2,74.7,16831,"away",8351,"2026-06-27T11:10:19.753Z"
"Row2599",57,"M. Mohammadi","D",53.7,80.1,16832,"away",8351,"2026-06-27T11:10:19.753Z"
"Row2600",49,"A. Beiranvand","G",10.3,47.3,16827,"away",8351,"2026-06-27T11:10:19.753Z"
"Row2601",52,"M. Ghorbani","M",46.6,41.1,16835,"away",8351,"2026-06-27T11:10:19.753Z"
"Row2602",76,"S. Ezatolahi","M",44,58.1,53951,"away",8351,"2026-06-27T11:10:19.753Z"
"Row2603",35,"S. Hardani","D",39.1,17.8,16837,"away",8351,"2026-06-27T11:10:19.753Z"
"Row2604",23,"H. Kanaani","D",38.8,19,16829,"away",8351,"2026-06-27T11:10:19.753Z"
"Row2605",35,"S. Ghoddos","M",55.9,49.1,16833,"away",8351,"2026-06-27T11:10:19.753Z"
"Row2606",84,"S. Khalilzadeh","D",31.9,42.9,16830,"away",8351,"2026-06-27T11:10:19.753Z"
"Row2607",63,"M. Mohebi","F",55.4,61,16834,"away",8351,"2026-06-27T11:10:19.753Z"
"Row2608",64,"M. Taremi","F",58.1,63.1,3487,"away",8351,"2026-06-27T11:10:19.753Z"
"Row956",22,"F. Muslera","G",9.6,50.7,16896,"home",8350,"2026-06-27T08:10:31.799Z"
"Row957",45,"G. Varela","D",46.1,16.5,48,"home",8350,"2026-06-27T08:10:31.799Z"
"Row958",74,"M. Olivera","D",41.9,63.6,1089,"home",8350,"2026-06-27T08:10:31.799Z"
"Row959",55,"S. Cáceres","D",39.1,32.7,10103,"home",8350,"2026-06-27T08:10:31.799Z"
"Row960",28,"S. Rochet","G",12.5,46.5,161,"home",8350,"2026-06-27T08:10:31.799Z"
"Row961",51,"M. Araújo","D",61.2,73.6,1215,"home",8350,"2026-06-27T08:10:31.799Z"
"Row962",18,"B. Rodríguez","M",76.6,83.9,10110,"home",8350,"2026-06-27T08:10:31.799Z"
"Row963",40,"A. Canobbio","M",54.4,18.6,2908,"home",8350,"2026-06-27T08:10:31.799Z"
"Row964",22,"F. Viñas","F",53.7,43.1,1973,"home",8350,"2026-06-27T08:10:31.799Z"
"Row965",31,"F. Valverde","M",59.6,59.2,593,"home",8350,"2026-06-27T08:10:31.799Z"
"Row966",38,"N. De la Cruz","M",59.4,36.7,61,"home",8350,"2026-06-27T08:10:31.799Z"
"Row967",85,"R. Bentancur","M",46,52.4,723,"home",8350,"2026-06-27T08:10:31.799Z"
"Row968",25,"M. Ugarte","M",38.1,58.6,1806,"home",8350,"2026-06-27T08:10:31.799Z"
"Row969",41,"D. Núñez","F",61.9,50.2,8000,"home",8350,"2026-06-27T08:10:31.799Z"
"Row970",39,"J. Sanabria","D",45.8,83.9,10229,"home",8350,"2026-06-27T08:10:31.799Z"
"Row2579",16,"Y. Pino","F",50.3,36,431,"away",8350,"2026-06-27T08:10:31.799Z"
"Row2580",11,"F. Torres","F",61.9,37.1,749,"away",8350,"2026-06-27T08:10:31.799Z"
"Row2581",11,"N. Williams","M",53.7,77.5,571,"away",8350,"2026-06-27T08:10:31.799Z"
"Row2582",72,"U. Simón","G",11.2,50.1,562,"away",8350,"2026-06-27T08:10:31.799Z"
"Row2583",37,"M. Merino","M",56.2,32.5,451,"away",8350,"2026-06-27T08:10:31.799Z"
"Row2584",57,"L. Yamal","M",65.5,20.3,745,"away",8350,"2026-06-27T08:10:31.799Z"
"Row2585",58,"M. Cucurella","D",41,85.2,386,"away",8350,"2026-06-27T08:10:31.799Z"
"Row2586",38,"M. Oyarzabal","F",60.4,55.2,3890,"away",8350,"2026-06-27T08:10:31.799Z"
"Row2587",48,"A. Baena","M",58.1,76.8,769,"away",8350,"2026-06-27T08:10:31.799Z"
"Row2588",109,"P. Cubarsí","D",36.7,39.1,740,"away",8350,"2026-06-27T08:10:31.799Z"
"Row2589",29,"F. Ruiz","M",45.5,66.7,2249,"away",8350,"2026-06-27T08:10:31.799Z"
"Row2590",78,"M. Llorente","D",37.4,16.7,3832,"away",8350,"2026-06-27T08:10:31.799Z"
"Row2591",132,"Rodri","M",44.1,55.2,4267,"away",8350,"2026-06-27T08:10:31.799Z"
"Row2592",29,"D. Olmo","M",50.7,41.4,746,"away",8350,"2026-06-27T08:10:31.799Z"
"Row2593",125,"A. Laporte","D",35.1,68.7,565,"away",8350,"2026-06-27T08:10:31.799Z"
"Row2594",70,"Pedri","M",56,58.6,744,"away",8350,"2026-06-27T08:10:31.799Z"
"Row940",20,"N. Da Costa","F",59.1,52.7,6645,"home",8349,"2026-06-27T08:10:19.817Z"
"Row941",100,"J. Paulo","M",48.5,83.4,11206,"home",8349,"2026-06-27T08:10:19.817Z"
"Row942",2,"S. Moreira","D",66.2,6,9199,"home",8349,"2026-06-27T08:10:19.817Z"
"Row943",14,"G. Rodrigues","M",62.4,25.1,22074,"home",8349,"2026-06-27T08:10:19.817Z"
"Row944",16,"H. Varela","M",68.7,86.9,3176,"home",8349,"2026-06-27T08:10:19.817Z"
"Row945",54,"W. Semedo","M",57.6,71.9,22075,"home",8349,"2026-06-27T08:10:19.817Z"
"Row946",18,"L. Duarte","M",61,49,22077,"home",8349,"2026-06-27T08:10:19.817Z"
"Row947",92,"K. Lenini","M",44.2,46.9,22076,"home",8349,"2026-06-27T08:10:19.817Z"
"Row948",68,"D. Duarte","M",46.9,49.3,3314,"home",8349,"2026-06-27T08:10:19.817Z"
"Row949",19,"D. R. Livramento","F",62.2,46.9,2276,"home",8349,"2026-06-27T08:10:19.817Z"
"Row950",49,"J. Monteiro","M",58.5,59.5,5331,"home",8349,"2026-06-27T08:10:19.817Z"
"Row951",84,"Diney","D",30.4,60.8,22092,"home",8349,"2026-06-27T08:10:19.817Z"
"Row952",72,"Pico","D",32.7,25.9,22089,"home",8349,"2026-06-27T08:10:19.817Z"
"Row953",57,"Vozinha","G",11,46.7,22095,"home",8349,"2026-06-27T08:10:19.817Z"
"Row954",69,"R. Mendes","M",58,25.5,7073,"home",8349,"2026-06-27T08:10:19.817Z"
"Row955",68,"W. Pina","D",49.4,16.7,6789,"home",8349,"2026-06-27T08:10:19.817Z"
"Row2563",29,"A. Al-Khaibari","M",43.2,53.7,7883,"away",8349,"2026-06-27T08:10:19.817Z"
"Row2564",14,"M. Al-Harbi","D",55.5,93,8252,"away",8349,"2026-06-27T08:10:19.817Z"
"Row2565",72,"A. Al-Amri","D",37.2,35.3,7886,"away",8349,"2026-06-27T08:10:19.817Z"
"Row2566",61,"A. Lajami","D",31.1,60.1,8288,"away",8349,"2026-06-27T08:10:19.817Z"
"Row2567",86,"N. Al-Dawsari","M",45.4,61.1,7991,"away",8349,"2026-06-27T08:10:19.817Z"
"Row2568",22,"A. Al-Hamdan","F",61.9,77,8256,"away",8349,"2026-06-27T08:10:19.817Z"
"Row2569",36,"M. Al-Owais","G",7.6,47,17201,"away",8349,"2026-06-27T08:10:19.817Z"
"Row2570",63,"N. Boushal","D",42.4,85.2,7882,"away",8349,"2026-06-27T08:10:19.817Z"
"Row2571",30,"F. Al-Buraikan","F",60.7,44.2,8122,"away",8349,"2026-06-27T08:10:19.817Z"
"Row2572",44,"M. A. Juwayr","M",57.9,62,8139,"away",8349,"2026-06-27T08:10:19.817Z"
"Row2573",33,"M. A. Al-Shamat","M",58,32.6,8131,"away",8349,"2026-06-27T08:10:19.817Z"
"Row2574",38,"S. Mandash","F",48,21.8,7921,"away",8349,"2026-06-27T08:10:19.817Z"
"Row2575",91,"M. Kanno","M",53.1,55.6,7998,"away",8349,"2026-06-27T08:10:19.817Z"
"Row2576",75,"S. Abdulhamid","M",45.8,15.4,1418,"away",8349,"2026-06-27T08:10:19.817Z"
"Row2577",47,"S. Al-Dawsari","M",60.1,82.1,7999,"away",8349,"2026-06-27T08:10:19.817Z"
"Row2578",24,"H. Altambakti","D",37.2,70.7,8253,"away",8349,"2026-06-27T08:10:19.817Z"
"Row924",31,"H. Diarra","M",68.6,31.3,4743,"home",8348,"2026-06-27T03:10:32.400Z"
"Row925",35,"I. Sarr","F",67.1,47.8,1787,"home",8348,"2026-06-27T03:10:32.400Z"
"Row926",45,"I. Mbaye","F",69.9,14.3,2255,"home",8348,"2026-06-27T03:10:32.400Z"
"Row927",46,"A. Seck","D",38.3,35.8,15372,"home",8348,"2026-06-27T03:10:32.400Z"
"Row928",35,"I. Ndiaye","M",78.3,39.4,810,"home",8348,"2026-06-27T03:10:32.400Z"
"Row929",23,"P. I. Ciss","M",47.3,39,3864,"home",8348,"2026-06-27T03:10:32.400Z"
"Row930",20,"A. Diao","F",75.3,29,4105,"home",8348,"2026-06-27T03:10:32.400Z"
"Row931",17,"N. Jackson","F",74.5,60.2,2471,"home",8348,"2026-06-27T03:10:32.400Z"
"Row932",35,"M. Diaw","G",12.8,53.5,1426,"home",8348,"2026-06-27T03:10:32.400Z"
"Row933",72,"P. Gueye","M",58.5,59.1,1771,"home",8348,"2026-06-27T03:10:32.400Z"
"Row934",120,"I. Gueye","M",54.3,46.9,3800,"home",8348,"2026-06-27T03:10:32.400Z"
"Row935",71,"L. Camara","M",57.7,48.8,2228,"home",8348,"2026-06-27T03:10:32.400Z"
"Row936",98,"K. Diatta","M",56.5,18.3,2233,"home",8348,"2026-06-27T03:10:32.400Z"
"Row937",73,"S. Mané","M",72.9,72.8,7879,"home",8348,"2026-06-27T03:10:32.400Z"
"Row938",98,"I. Jakobs","D",61.6,82.6,3728,"home",8348,"2026-06-27T03:10:32.400Z"
"Row939",88,"M. Niakhaté","D",41.9,69.5,1106,"home",8348,"2026-06-27T03:10:32.400Z"
"Row2547",6,"A. Qasem","M",80.1,19.4,9358,"away",8348,"2026-06-27T03:10:32.400Z"
"Row2548",49,"F. Putros","D",40.5,17,54350,"away",8348,"2026-06-27T03:10:32.400Z"
"Row2549",14,"R. Sulaka","D",32.1,31.2,54349,"away",8348,"2026-06-27T03:10:32.400Z"
"Row2550",31,"A. Al-Hamadi","F",48.3,55.8,7175,"away",8348,"2026-06-27T03:10:32.400Z"
"Row2551",38,"A. Jasim","M",58.2,73,8100,"away",8348,"2026-06-27T03:10:32.400Z"
"Row2552",28,"J. Hassan","G",4.7,46.3,54105,"away",8348,"2026-06-27T03:10:32.400Z"
"Row2553",49,"A. Al-Ammari","M",42.7,60.2,13848,"away",8348,"2026-06-27T03:10:32.400Z"
"Row2554",18,"A. Yousif","F",38.1,45.8,55741,"away",8348,"2026-06-27T03:10:32.400Z"
"Row2555",26,"A. H. Maknazi","D",24.9,77.7,57036,"away",8348,"2026-06-27T03:10:32.400Z"
"Row2556",30,"K. Yakob","M",39.2,41.2,54111,"away",8348,"2026-06-27T03:10:32.400Z"
"Row2557",54,"A. Hashem","D",24.1,59.3,53948,"away",8348,"2026-06-27T03:10:32.400Z"
"Row2558",49,"I. Bayesh","M",41.6,28.8,8316,"away",8348,"2026-06-27T03:10:32.400Z"
"Row2559",30,"A. Basil","G",8.5,47.8,54109,"away",8348,"2026-06-27T03:10:32.400Z"
"Row2560",40,"M. Younus","D",24.2,31.5,54110,"away",8348,"2026-06-27T03:10:32.400Z"
"Row2561",48,"Z. Iqbal","M",40,41.7,4209,"away",8348,"2026-06-27T03:10:32.400Z"
"Row2562",60,"M. Doski","D",36.9,78.9,3221,"away",8348,"2026-06-27T03:10:32.400Z"
"Row908",35,"K. Thorstvedt","M",54.6,28.5,2850,"home",8347,"2026-06-27T03:10:19.706Z"
"Row909",49,"J. Larsen","F",62.8,53.6,531,"home",8347,"2026-06-27T03:10:19.706Z"
"Row910",47,"E. Selvik","G",7.7,49.8,6027,"home",8347,"2026-06-27T03:10:19.706Z"
"Row911",33,"F. A. Bjørkan","D",34.4,86,3671,"home",8347,"2026-06-27T03:10:19.706Z"
"Row912",34,"H. S. Falchener","D",24.7,29.8,16898,"home",8347,"2026-06-27T03:10:19.706Z"
"Row913",27,"M. Pedersen","M",37.8,90,1838,"home",8347,"2026-06-27T03:10:19.706Z"
"Row914",30,"M. Thorsby","M",50.4,35.7,2595,"home",8347,"2026-06-27T03:10:19.706Z"
"Row915",10,"S. K. Langås","D",38.5,27.1,6222,"home",8347,"2026-06-27T03:10:19.706Z"
"Row916",80,"F. Aursnes","M",42.2,15.9,2056,"home",8347,"2026-06-27T03:10:19.706Z"
"Row917",80,"P. Berg","M",50.4,50.3,3673,"home",8347,"2026-06-27T03:10:19.706Z"
"Row918",86,"L. Østigård","D",37.6,65.4,2590,"home",8347,"2026-06-27T03:10:19.706Z"
"Row919",4,"J. Hauge","F",54.5,43.1,3681,"home",8347,"2026-06-27T03:10:19.706Z"
"Row920",48,"O. Bobb","M",65,24.3,3651,"home",8347,"2026-06-27T03:10:19.706Z"
"Row921",5,"A. Nusa","F",47.7,80.8,2897,"home",8347,"2026-06-27T03:10:19.706Z"
"Row922",76,"T. Aasgaard","M",53.6,63.3,3021,"home",8347,"2026-06-27T03:10:19.706Z"
"Row923",59,"A. Schjelderup","M",59.4,78.8,2064,"home",8347,"2026-06-27T03:10:19.706Z"
"Row2531",35,"M. Maignan","G",9.8,49.3,1987,"away",8347,"2026-06-27T03:10:19.706Z"
"Row2532",28,"R. Cherki","M",58.3,43.3,856,"away",8347,"2026-06-27T03:10:19.706Z"
"Row2533",17,"I. Konaté","D",33.2,28.1,324,"away",8347,"2026-06-27T03:10:19.706Z"
"Row2534",69,"M. Olise","M",58.8,41.9,2467,"away",8347,"2026-06-27T03:10:19.706Z"
"Row2535",74,"T. Hernández","D",45.9,85,7994,"away",8347,"2026-06-27T03:10:19.706Z"
"Row2536",69,"M. Lacroix","D",32.6,64.9,424,"away",8347,"2026-06-27T03:10:19.706Z"
"Row2537",19,"B. Barcola","F",50.3,78.4,2261,"away",8347,"2026-06-27T03:10:19.706Z"
"Row2538",1,"J. Mateta","F",70.9,37.6,432,"away",8347,"2026-06-27T03:10:19.706Z"
"Row2539",48,"K. Mbappé","F",73.1,49,594,"away",8347,"2026-06-27T03:10:19.706Z"
"Row2540",106,"A. Tchouaméni","M",49.9,47.3,591,"away",8347,"2026-06-27T03:10:19.706Z"
"Row2541",14,"M. Gusto","D",52.4,13.5,393,"away",8347,"2026-06-27T03:10:19.706Z"
"Row2542",55,"O. Dembélé","F",71.6,24.8,2253,"away",8347,"2026-06-27T03:10:19.706Z"
"Row2543",76,"D. Upamecano","D",33.2,37.7,3463,"away",8347,"2026-06-27T03:10:19.706Z"
"Row2544",86,"J. Koundé","D",41.7,18,739,"away",8347,"2026-06-27T03:10:19.706Z"
"Row2545",85,"D. Doué","F",62.7,65.2,4324,"away",8347,"2026-06-27T03:10:19.706Z"
"Row2546",76,"M. Koné","M",54.3,57,1064,"away",8347,"2026-06-27T03:10:19.706Z"
"Row892",34,"B. A. Yılmaz","M",64.2,35.8,3734,"home",8346,"2026-06-26T10:10:29.110Z"
"Row893",56,"U. Çakır","G",11.7,48.2,3724,"home",8346,"2026-06-26T10:10:29.110Z"
"Row894",4,"İ. C. Kahveci","M",58.2,12.1,4577,"home",8346,"2026-06-26T10:10:29.110Z"
"Row895",48,"K. Yıldız","F",60.3,78.3,2184,"home",8346,"2026-06-26T10:10:29.110Z"
"Row896",6,"Ç. Söyüncü","D",26.6,40.8,4174,"home",8346,"2026-06-26T10:10:29.110Z"
"Row897",11,"C. Uzun","M",64.1,72.6,4308,"home",8346,"2026-06-26T10:10:29.110Z"
"Row898",8,"M. Müldür","D",77.7,8.2,3420,"home",8346,"2026-06-26T10:10:29.110Z"
"Row899",5,"K. Ayhan","D",66,56,4218,"home",8346,"2026-06-26T10:10:29.110Z"
"Row900",78,"O. Aydın","M",50.3,10.8,3412,"home",8346,"2026-06-26T10:10:29.110Z"
"Row901",69,"E. Elmalı","D",45.7,84.7,4217,"home",8346,"2026-06-26T10:10:29.110Z"
"Row902",63,"O. Kökçü","M",52.3,57.1,5835,"home",8346,"2026-06-26T10:10:29.110Z"
"Row903",78,"A. Güler","M",59.5,39.2,597,"home",8346,"2026-06-26T10:10:29.110Z"
"Row904",68,"O. Kabak","D",40.5,34.5,2389,"home",8346,"2026-06-26T10:10:29.110Z"
"Row905",71,"A. Bardakcı","D",32.5,71.3,3727,"home",8346,"2026-06-26T10:10:29.110Z"
"Row906",75,"Z. Çelik","D",34.4,17.7,1062,"home",8346,"2026-06-26T10:10:29.110Z"
"Row907",69,"S. Özcan","M",43.9,38.4,3916,"home",8346,"2026-06-26T10:10:29.110Z"
"Row2515",34,"T. Weah","M",63.7,91,1923,"away",8346,"2026-06-26T10:10:29.110Z"
"Row2516",12,"S. Dest","D",44.2,32.1,3503,"away",8346,"2026-06-26T10:10:29.110Z"
"Row2517",17,"A. Freeman","D",36.9,19.8,8860,"away",8346,"2026-06-26T10:10:29.110Z"
"Row2518",68,"J. Scally","D",46.4,15.1,2868,"away",8346,"2026-06-26T10:10:29.110Z"
"Row2519",27,"C. Pulišić","F",56.7,75.3,3820,"away",8346,"2026-06-26T10:10:29.110Z"
"Row2520",36,"R. Pepi","F",57.9,58.4,3513,"away",8346,"2026-06-26T10:10:29.110Z"
"Row2521",75,"M. McKenzie","D",33,66.6,1943,"away",8346,"2026-06-26T10:10:29.110Z"
"Row2522",74,"G. Reyna","M",57.4,54.4,2878,"away",8346,"2026-06-26T10:10:29.110Z"
"Row2523",15,"A. Zendejas","M",56.4,62,10111,"away",8346,"2026-06-26T10:10:29.110Z"
"Row2524",106,"S. Berhalter","M",51,53.5,9104,"away",8346,"2026-06-26T10:10:29.110Z"
"Row2525",48,"M. Turner","G",9.2,45.9,9514,"away",8346,"2026-06-26T10:10:29.110Z"
"Row2526",5,"M. Tillman","M",58.6,52.1,2143,"away",8346,"2026-06-26T10:10:29.110Z"
"Row2527",74,"W. McKennie","M",53.1,34.4,2179,"away",8346,"2026-06-26T10:10:29.110Z"
"Row2528",83,"A. Trusty","D",47.2,85.3,3385,"away",8346,"2026-06-26T10:10:29.110Z"
"Row2529",88,"M. Robinson","D",35.5,36.9,9151,"away",8346,"2026-06-26T10:10:29.110Z"
"Row2530",56,"B. Aaronson","M",66.3,31.6,380,"away",8346,"2026-06-26T10:10:29.110Z"
"Row876",31,"G. Ávalos","F",58.9,56.4,16919,"home",8345,"2026-06-26T10:10:19.516Z"
"Row877",62,"G. Gómez","D",34.1,47.9,26,"home",8345,"2026-06-26T10:10:19.516Z"
"Row878",33,"O. Gill","G",8.7,51.9,16917,"home",8345,"2026-06-26T10:10:19.516Z"
"Row879",35,"A. Maidana","D",33.9,88.7,16913,"home",8345,"2026-06-26T10:10:19.516Z"
"Row880",35,"Mauricio","M",57.9,57.7,42,"home",8345,"2026-06-26T10:10:19.516Z"
"Row881",15,"A. Arce","F",64.5,48.9,16914,"home",8345,"2026-06-26T10:10:19.516Z"
"Row882",6,"J. Alonso","D",35.8,92,4,"home",8345,"2026-06-26T10:10:19.516Z"
"Row883",8,"J. Canale","D",38,73.2,16912,"home",8345,"2026-06-26T10:10:19.516Z"
"Row884",1,"D. Bobadilla","M",42,69.9,143,"home",8345,"2026-06-26T10:10:19.516Z"
"Row885",56,"J. Enciso","M",57.1,75.6,1710,"home",8345,"2026-06-26T10:10:19.516Z"
"Row886",81,"O. Alderete","D",36.6,73.8,345,"home",8345,"2026-06-26T10:10:19.516Z"
"Row887",73,"G. Velázquez","D",38.8,20.3,16915,"home",8345,"2026-06-26T10:10:19.516Z"
"Row888",88,"M. Galarza","M",44.1,81.2,13574,"home",8345,"2026-06-26T10:10:19.516Z"
"Row889",69,"J. Cáceres","D",41.8,12.7,16918,"home",8345,"2026-06-26T10:10:19.516Z"
"Row890",71,"A. Cubas","M",44,49.4,9106,"home",8345,"2026-06-26T10:10:19.516Z"
"Row891",81,"D. Gómez","M",52.8,56.8,488,"home",8345,"2026-06-26T10:10:19.516Z"
"Row2501",44,"C. Metcalfe","M",56.3,71.7,2490,"away",8345,"2026-06-26T10:10:19.516Z"
"Row2502",37,"P. Beach","G",8.2,49,58824,"away",8345,"2026-06-26T10:10:19.516Z"
"Row2503",38,"N. Irankunda","F",58.1,50.9,6040,"away",8345,"2026-06-26T10:10:19.516Z"
"Row2504",23,"A. Hrustić","M",58,22.4,5369,"away",8345,"2026-06-26T10:10:19.516Z"
"Row2505",116,"A. Circati","D",44.3,18.8,4264,"away",8345,"2026-06-26T10:10:19.516Z"
"Row2506",62,"C. Volpato","M",66.5,27.3,2854,"away",8345,"2026-06-26T10:10:19.516Z"
"Row2507",55,"A. Behich","D",49.6,89.4,55294,"away",8345,"2026-06-26T10:10:19.516Z"
"Row2508",5,"T. Yengi","F",75.6,46.9,5936,"away",8345,"2026-06-26T10:10:19.516Z"
"Row2509",3,"P. Okon-Engstler","M",53.1,59.4,58823,"away",8345,"2026-06-26T10:10:19.516Z"
"Row2510",108,"H. Souttar","D",31.7,47,23925,"away",8345,"2026-06-26T10:10:19.516Z"
"Row2511",105,"J. Bos","D",61.1,15.6,4396,"away",8345,"2026-06-26T10:10:19.516Z"
"Row2512",85,"J. Irvine","M",51,35.7,2484,"away",8345,"2026-06-26T10:10:19.516Z"
"Row2513",90,"L. Herrington","D",31.9,75.3,12179,"away",8345,"2026-06-26T10:10:19.516Z"
"Row2514",81,"A. O'Neill","M",52,52.2,9142,"away",8345,"2026-06-26T10:10:19.516Z"
"Row860",17,"T. Watanabe","D",47,18.1,3363,"home",8343,"2026-06-26T07:10:23.969Z"
"Row861",11,"Y. Nagatomo","D",41.4,76.9,43687,"home",8343,"2026-06-26T07:10:23.969Z"
"Row862",106,"D. Kamada","M",51.9,60.9,430,"home",8343,"2026-06-26T07:10:23.969Z"
"Row863",10,"J. Ito","M",68.6,22.5,4564,"home",8343,"2026-06-26T07:10:23.969Z"
"Row864",6,"K. Ogawa","F",66.9,53.9,5458,"home",8343,"2026-06-26T07:10:23.969Z"
"Row865",39,"D. Maeda","F",55.2,70.5,3393,"home",8343,"2026-06-26T07:10:23.969Z"
"Row866",41,"S. Taniguchi","D",33.8,55.9,7374,"home",8343,"2026-06-26T07:10:23.969Z"
"Row867",54,"A. Seko","D",38.3,24.8,1431,"home",8343,"2026-06-26T07:10:23.969Z"
"Row868",114,"A. Tanaka","M",41,45.7,367,"home",8343,"2026-06-26T07:10:23.969Z"
"Row869",52,"R. Doan","M",54.4,35.7,1353,"home",8343,"2026-06-26T07:10:23.969Z"
"Row870",24,"A. Ueda","F",54.9,43.1,3369,"home",8343,"2026-06-26T07:10:23.969Z"
"Row871",32,"K. Itakura","D",34.8,54.7,3770,"home",8343,"2026-06-26T07:10:23.969Z"
"Row872",72,"Y. Sugawara","D",42.4,17.5,2497,"home",8343,"2026-06-26T07:10:23.969Z"
"Row873",44,"K. Nakamura","M",62.2,88.2,16971,"home",8343,"2026-06-26T07:10:23.969Z"
"Row874",45,"Z. Suzuki","G",8.6,49.8,4055,"home",8343,"2026-06-26T07:10:23.969Z"
"Row875",72,"H. Itō","D",37.6,83.7,2474,"home",8343,"2026-06-26T07:10:23.969Z"
"Row2485",15,"C. Starfelt","D",40.6,48.8,1253,"away",8343,"2026-06-26T07:10:23.969Z"
"Row2486",14,"D. Svensson","M",59.7,69.7,2162,"away",8343,"2026-06-26T07:10:23.969Z"
"Row2487",84,"G. Lagerbielke","D",40.5,26.3,884,"away",8343,"2026-06-26T07:10:23.969Z"
"Row2488",44,"A. Bernhardsson","F",53.6,16.6,28070,"away",8343,"2026-06-26T07:10:23.969Z"
"Row2489",11,"K. Sema","M",60.7,76.5,4232,"away",8343,"2026-06-26T07:10:23.969Z"
"Row2490",47,"L. Bergvall","M",58.5,50.4,726,"away",8343,"2026-06-26T07:10:23.969Z"
"Row2491",35,"I. Hien","D",38.6,48.1,1299,"away",8343,"2026-06-26T07:10:23.969Z"
"Row2492",51,"A. Elanga","F",64.8,24.8,710,"away",8343,"2026-06-26T07:10:23.969Z"
"Row2493",39,"E. Stroud","M",60,74.6,16077,"away",8343,"2026-06-26T07:10:23.969Z"
"Row2494",10,"B. Nygren","F",51.6,26.6,3394,"away",8343,"2026-06-26T07:10:23.969Z"
"Row2495",55,"V. Lindelöf","D",40.8,54.4,519,"away",8343,"2026-06-26T07:10:23.969Z"
"Row2496",30,"A. Isak","F",69.1,60.1,332,"away",8343,"2026-06-26T07:10:23.969Z"
"Row2497",60,"J. W. Zetterström","G",13.8,48.8,6221,"away",8343,"2026-06-26T07:10:23.969Z"
"Row2498",70,"G. Gudmundsson","D",38.3,76.6,370,"away",8343,"2026-06-26T07:10:23.969Z"
"Row2499",48,"V. Gyökeres","F",68.1,45.4,456,"away",8343,"2026-06-26T07:10:23.969Z"
"Row2500",62,"Y. Ayari","M",56.9,59.6,1632,"away",8343,"2026-06-26T07:10:23.969Z"
"Row844",10,"M. B. Ouanes","M",32.4,78.6,6745,"home",8344,"2026-06-26T07:10:19.473Z"
"Row845",12,"M. H. Mahmoud","M",28.3,34,7592,"home",8344,"2026-06-26T07:10:19.473Z"
"Row846",42,"I. Gharbi","M",45,39.8,3913,"home",8344,"2026-06-26T07:10:19.473Z"
"Row847",4,"F. Chaouat","F",59,52.3,15493,"home",8344,"2026-06-26T07:10:19.473Z"
"Row848",5,"S. Tounekti","M",81.8,9.4,3396,"home",8344,"2026-06-26T07:10:19.473Z"
"Row849",15,"E. Achouri","M",34.5,78.1,4243,"home",8344,"2026-06-26T07:10:19.473Z"
"Row850",30,"A. B. Slimane","M",55.4,26.2,6399,"home",8344,"2026-06-26T07:10:19.473Z"
"Row851",43,"M. Talbi","D",29.7,37.9,1467,"home",8344,"2026-06-26T07:10:19.473Z"
"Row852",54,"E. Skhiri","M",21.3,46,1352,"home",8344,"2026-06-26T07:10:19.473Z"
"Row853",20,"R. Khedira","M",40.4,56.6,2421,"home",8344,"2026-06-26T07:10:19.473Z"
"Row854",47,"A. Abdi","D",28.7,81.1,1498,"home",8344,"2026-06-26T07:10:19.473Z"
"Row855",45,"A. Dahmen","G",7.3,45.9,15490,"home",8344,"2026-06-26T07:10:19.473Z"
"Row856",57,"Y. Valery","D",43.5,12,6781,"home",8344,"2026-06-26T07:10:19.473Z"
"Row857",42,"M. Ben Hmida","D",23.6,76.5,14699,"home",8344,"2026-06-26T07:10:19.473Z"
"Row858",71,"H. Mejbri","M",49.5,56.1,415,"home",8344,"2026-06-26T07:10:19.473Z"
"Row859",38,"H. Mastouri","F",51.5,52.4,15492,"home",8344,"2026-06-26T07:10:19.473Z"
"Row2469",8,"M. Depay","F",69,59.3,3940,"away",8344,"2026-06-26T07:10:19.473Z"
"Row2470",18,"C. Summerville","M",70.5,15.3,4092,"away",8344,"2026-06-26T07:10:19.473Z"
"Row2471",10,"J. Kluivert","M",70,80.3,791,"away",8344,"2026-06-26T07:10:19.473Z"
"Row2472",110,"N. Aké","D",50.8,79.2,857,"away",8344,"2026-06-26T07:10:19.473Z"
"Row2473",34,"B. Verbruggen","G",10.7,53.5,482,"away",8344,"2026-06-26T07:10:19.473Z"
"Row2474",15,"N. Lang","F",63.3,86.2,1092,"away",8344,"2026-06-26T07:10:19.473Z"
"Row2475",18,"B. Brobbey","F",75,56.5,352,"away",8344,"2026-06-26T07:10:19.473Z"
"Row2476",24,"T. Koopmeiners","M",50.2,58.8,2178,"away",8344,"2026-06-26T07:10:19.473Z"
"Row2477",71,"R. Gravenberch","M",56.4,33.6,327,"away",8344,"2026-06-26T07:10:19.473Z"
"Row2478",43,"D. Malen","F",73.4,30.8,515,"away",8344,"2026-06-26T07:10:19.473Z"
"Row2479",52,"T. Reijnders","M",67.7,61,850,"away",8344,"2026-06-26T07:10:19.473Z"
"Row2480",163,"J. P. van Hecke","D",52,31.8,484,"away",8344,"2026-06-26T07:10:19.473Z"
"Row2481",80,"F. de Jong","M",56.9,52.5,3662,"away",8344,"2026-06-26T07:10:19.473Z"
"Row2482",130,"V. van Dijk","D",49.8,59.7,325,"away",8344,"2026-06-26T07:10:19.473Z"
"Row2483",100,"D. Dumfries","M",68.4,13.8,3981,"away",8344,"2026-06-26T07:10:19.473Z"
"Row2484",41,"C. Gakpo","M",74.7,83.5,331,"away",8344,"2026-06-26T07:10:19.473Z"
"Row828",35,"A. Franco","M",44.8,18.5,7,"home",8342,"2026-06-26T04:10:22.939Z"
"Row829",27,"E. Valencia","F",59.1,45.9,4754,"home",8342,"2026-06-26T04:10:22.939Z"
"Row830",34,"H. Galíndez","G",9,48.2,16887,"home",8342,"2026-06-26T04:10:22.939Z"
"Row831",11,"Á. Preciado","M",43.2,13.5,12202,"home",8342,"2026-06-26T04:10:22.939Z"
"Row832",22,"K. Rodríguez","F",63.9,64.2,3755,"home",8342,"2026-06-26T04:10:22.939Z"
"Row833",17,"P. Estupiñán","M",26.2,82.4,2003,"home",8342,"2026-06-26T04:10:22.939Z"
"Row834",2,"F. Torres","D",5.3,40.1,273,"home",8342,"2026-06-26T04:10:22.939Z"
"Row835",62,"N. Angulo","M",62.1,79.7,7347,"home",8342,"2026-06-26T04:10:22.939Z"
"Row836",90,"M. Caicedo","M",48.1,45.5,1345,"home",8342,"2026-06-26T04:10:22.939Z"
"Row837",7,"J. Caicedo","F",36.3,70.7,16891,"home",8342,"2026-06-26T04:10:22.939Z"
"Row838",50,"P. Hincapié","D",55.8,84.5,445,"home",8342,"2026-06-26T04:10:22.939Z"
"Row839",73,"W. Pacho","D",34.1,66.1,2245,"home",8342,"2026-06-26T04:10:22.939Z"
"Row840",42,"J. Yeboah","F",63.9,20.9,16888,"home",8342,"2026-06-26T04:10:22.939Z"
"Row841",63,"G. Plata","M",58.6,36.8,59,"home",8342,"2026-06-26T04:10:22.939Z"
"Row842",108,"P. Vite","M",45.7,68.5,9854,"home",8342,"2026-06-26T04:10:22.939Z"
"Row843",58,"J. Ordóñez","D",36.9,32,3536,"home",8342,"2026-06-26T04:10:22.939Z"
"Row2453",29,"K. Havertz","F",58.1,45.4,4941,"away",8342,"2026-06-26T04:10:22.939Z"
"Row2454",37,"F. Nmecha","M",51.5,31.2,2160,"away",8342,"2026-06-26T04:10:22.939Z"
"Row2455",60,"M. Neuer","G",13.7,51.6,2456,"away",8342,"2026-06-26T04:10:22.939Z"
"Row2456",59,"A. Pavlović","M",52.8,56.9,2462,"away",8342,"2026-06-26T04:10:22.939Z"
"Row2457",10,"D. Undav","F",66.5,55.9,1620,"away",8342,"2026-06-26T04:10:22.939Z"
"Row2458",46,"A. Stiller","M",47.3,52,1622,"away",8342,"2026-06-26T04:10:22.939Z"
"Row2459",22,"P. Groß","M",56.3,28.4,2173,"away",8342,"2026-06-26T04:10:22.939Z"
"Row2460",17,"M. Beier","F",68.7,9,3915,"away",8342,"2026-06-26T04:10:22.939Z"
"Row2461",43,"M. Thiaw","D",42.3,22.2,700,"away",8342,"2026-06-26T04:10:22.939Z"
"Row2462",65,"J. Musiala","M",58.4,59.9,8564,"away",8342,"2026-06-26T04:10:22.939Z"
"Row2463",87,"J. Kimmich","M",41.7,26.3,2461,"away",8342,"2026-06-26T04:10:22.939Z"
"Row2464",120,"J. Tah","D",40.3,44.4,2459,"away",8342,"2026-06-26T04:10:22.939Z"
"Row2465",89,"A. Rüdiger","D",37.2,70.6,588,"away",8342,"2026-06-26T04:10:22.939Z"
"Row2466",79,"D. Raum","D",56.5,84.4,2891,"away",8342,"2026-06-26T04:10:22.939Z"
"Row2467",68,"L. Sané","M",59.2,23.1,3732,"away",8342,"2026-06-26T04:10:22.939Z"
"Row2468",60,"F. Wirtz","M",61.7,60.7,330,"away",8342,"2026-06-26T04:10:22.939Z"
"Row812",22,"E. Room","G",10.9,46.3,22241,"home",8341,"2026-06-26T04:10:19.203Z"
"Row813",32,"J. Locadia","F",49.1,47.9,22227,"home",8341,"2026-06-26T04:10:19.203Z"
"Row814",52,"T. Chong","M",57.8,27,6073,"home",8341,"2026-06-26T04:10:19.203Z"
"Row815",50,"J. Gaari","D",40.2,30.5,22239,"home",8341,"2026-06-26T04:10:19.203Z"
"Row816",49,"J. Brenet","D",36.3,14.7,5931,"home",8341,"2026-06-26T04:10:19.203Z"
"Row817",73,"J. Bacuna","M",60,65.3,6672,"home",8341,"2026-06-26T04:10:19.203Z"
"Row818",67,"A. Obispo","D",28.4,55.9,3518,"home",8341,"2026-06-26T04:10:19.203Z"
"Row819",28,"J. Antonisse","M",56.3,70.3,11253,"home",8341,"2026-06-26T04:10:19.203Z"
"Row820",46,"L. Comenencia","D",42,50.7,7715,"home",8341,"2026-06-26T04:10:19.203Z"
"Row821",5,"G. Kastaneer","F",80.4,41.7,22229,"home",8341,"2026-06-26T04:10:19.203Z"
"Row822",16,"T. Noslin","M",73.3,14.7,5431,"home",8341,"2026-06-26T04:10:19.203Z"
"Row823",7,"S. Sambo","D",32.4,28.7,5279,"home",8341,"2026-06-26T04:10:19.203Z"
"Row824",84,"S. Floranus","D",40.5,76.1,5328,"home",8341,"2026-06-26T04:10:19.203Z"
"Row825",55,"D. Fonville","D",40,77.4,5451,"home",8341,"2026-06-26T04:10:19.203Z"
"Row826",66,"L. Bacuna","M",53,54.7,22231,"home",8341,"2026-06-26T04:10:19.203Z"
"Row827",8,"B. Kuwas","F",79.8,58.7,5413,"home",8341,"2026-06-26T04:10:19.203Z"
"Row2437",40,"Y. Fofana","G",9.6,47.8,6738,"away",8341,"2026-06-26T04:10:19.203Z"
"Row2438",21,"A. Bonny","F",45.4,48,3468,"away",8341,"2026-06-26T04:10:19.203Z"
"Row2439",130,"I. Sangaré","M",43.8,40.5,547,"away",8341,"2026-06-26T04:10:19.203Z"
"Row2440",64,"Y. Diomande","F",64.3,83.1,2895,"away",8341,"2026-06-26T04:10:19.203Z"
"Row2441",25,"J. M. Seri","M",43.9,54,15393,"away",8341,"2026-06-26T04:10:19.203Z"
"Row2442",42,"A. Diallo","M",58.7,15.9,1792,"away",8341,"2026-06-26T04:10:19.203Z"
"Row2443",63,"F. Kessié","M",55.7,54.5,8117,"away",8341,"2026-06-26T04:10:19.203Z"
"Row2444",26,"O. Diakité","F",57.3,20.9,7705,"away",8341,"2026-06-26T04:10:19.203Z"
"Row2445",12,"E. Wahi","F",67.6,48.4,3527,"away",8341,"2026-06-26T04:10:19.203Z"
"Row2446",66,"N. Pépé","F",64.2,31.4,1786,"away",8341,"2026-06-26T04:10:19.203Z"
"Row2447",21,"B. Touré","M",65,66.4,2385,"away",8341,"2026-06-26T04:10:19.203Z"
"Row2448",103,"C. Operi","D",43.5,85.1,6639,"away",8341,"2026-06-26T04:10:19.203Z"
"Row2449",91,"G. Doué","D",48,15.7,1702,"away",8341,"2026-06-26T04:10:19.203Z"
"Row2450",53,"C. I. Oulaï","M",48.8,72.1,6614,"away",8341,"2026-06-26T04:10:19.203Z"
"Row2451",85,"O. Diomande","D",34.9,65.4,1228,"away",8341,"2026-06-26T04:10:19.203Z"
"Row2452",71,"O. Kossounou","D",36.1,28.4,1298,"away",8341,"2026-06-26T04:10:19.203Z"
"Row796",59,"R. Hranáč","D",36,35.7,2378,"home",8340,"2026-06-25T09:10:22.116Z"
"Row797",30,"A. Hložek","F",53.9,60.6,5156,"home",8340,"2026-06-25T09:10:22.116Z"
"Row798",37,"L. Červ","M",47.8,47.5,3224,"home",8340,"2026-06-25T09:10:22.116Z"
"Row799",45,"P. Šulc","F",56.2,49.5,1112,"home",8340,"2026-06-25T09:10:22.116Z"
"Row800",27,"D. Višinský","M",53,77.3,3231,"home",8340,"2026-06-25T09:10:22.116Z"
"Row801",35,"L. Provod","F",60.4,30.3,3706,"home",8340,"2026-06-25T09:10:22.116Z"
"Row802",4,"T. Souček","M",62.7,49.7,1647,"home",8340,"2026-06-25T09:10:22.116Z"
"Row803",69,"D. Doudera","M",47.7,75.3,3705,"home",8340,"2026-06-25T09:10:22.116Z"
"Row804",51,"M. Kovář","G",9.2,47.1,3502,"home",8340,"2026-06-25T09:10:22.116Z"
"Row805",7,"P. Schick","F",58.8,45.6,2145,"home",8340,"2026-06-25T09:10:22.116Z"
"Row806",4,"T. Chorý","F",56.9,48.4,3708,"home",8340,"2026-06-25T09:10:22.116Z"
"Row807",83,"L. Krejčí","D",33.2,66.3,3904,"home",8340,"2026-06-25T09:10:22.116Z"
"Row808",9,"A. Sojka","M",51.9,57.2,12264,"home",8340,"2026-06-25T09:10:22.116Z"
"Row809",55,"T. Holeš","D",37.7,18.1,3710,"home",8340,"2026-06-25T09:10:22.116Z"
"Row810",70,"V. Coufal","D",56.6,18.4,2377,"home",8340,"2026-06-25T09:10:22.116Z"
"Row811",68,"M. Sadílek","M",47.4,65.8,3703,"home",8340,"2026-06-25T09:10:22.116Z"
"Row2421",39,"L. Romo","D",53.9,44.1,10370,"away",8340,"2026-06-25T09:10:22.116Z"
"Row2422",34,"R. Rangel","G",10.2,47.6,10161,"away",8340,"2026-06-25T09:10:22.116Z"
"Row2423",32,"G. Mora","M",58,39.8,10424,"away",8340,"2026-06-25T09:10:22.116Z"
"Row2424",12,"O. Vargas","M",38.3,48.8,9006,"away",8340,"2026-06-25T09:10:22.116Z"
"Row2425",34,"G. Martínez","F",53.4,53.2,10462,"away",8340,"2026-06-25T09:10:22.116Z"
"Row2426",72,"J. Sánchez","D",49.3,14.9,10045,"away",8340,"2026-06-25T09:10:22.116Z"
"Row2427",10,"S. Giménez","F",51.5,57.4,4328,"away",8340,"2026-06-25T09:10:22.116Z"
"Row2428",44,"M. Chávez","D",48.1,83.6,5481,"away",8340,"2026-06-25T09:10:22.116Z"
"Row2429",12,"J. Gallardo","D",29.2,78.2,10088,"away",8340,"2026-06-25T09:10:22.116Z"
"Row2430",54,"J. Quiñones","F",58.9,73.3,8296,"away",8340,"2026-06-25T09:10:22.116Z"
"Row2431",20,"Á. Fidalgo","M",52.8,62,9008,"away",8340,"2026-06-25T09:10:22.116Z"
"Row2432",9,"G. Ochoa","G",6,47.7,17093,"away",8340,"2026-06-25T09:10:22.116Z"
"Row2433",66,"C. Montes","D",34.5,39,17092,"away",8340,"2026-06-25T09:10:22.116Z"
"Row2434",56,"E. Álvarez","M",42.3,42.2,3411,"away",8340,"2026-06-25T09:10:22.116Z"
"Row2435",75,"R. Alvarado","F",56.6,28.4,10169,"away",8340,"2026-06-25T09:10:22.116Z"
"Row2436",70,"I. Reyes","D",29.7,71.7,10107,"away",8340,"2026-06-25T09:10:22.116Z"
"Row782",47,"T. Maseko","M",61.6,24.7,15830,"home",8339,"2026-06-25T09:10:18.388Z"
"Row783",46,"O. Appollis","M",53.2,74.9,15468,"home",8339,"2026-06-25T09:10:18.388Z"
"Row784",50,"R. Williams","G",9.7,44.7,14393,"home",8339,"2026-06-25T09:10:18.388Z"
"Row785",45,"E. Makgopa","F",51.9,45,15470,"home",8339,"2026-06-25T09:10:18.388Z"
"Row786",56,"T. Mbatha","M",45.5,38.6,15476,"home",8339,"2026-06-25T09:10:18.388Z"
"Row787",36,"A. Modiba","D",36.9,83.1,14397,"home",8339,"2026-06-25T09:10:18.388Z"
"Row788",13,"T. Moremi","M",44.1,71.6,15472,"home",8339,"2026-06-25T09:10:18.388Z"
"Row789",45,"R. Mofokeng","M",52.7,50.4,15469,"home",8339,"2026-06-25T09:10:18.388Z"
"Row790",10,"J. Adams","M",37.8,53.9,14398,"home",8339,"2026-06-25T09:10:18.388Z"
"Row791",10,"I. Rayners","F",36.7,28.6,14402,"home",8339,"2026-06-25T09:10:18.388Z"
"Row792",53,"M. Mbokazi","D",28,63.9,12123,"home",8339,"2026-06-25T09:10:18.388Z"
"Row793",67,"I. Okon","D",25.4,32.7,16737,"home",8339,"2026-06-25T09:10:18.388Z"
"Row794",85,"S. Sithole","M",40.1,55.2,1909,"home",8339,"2026-06-25T09:10:18.388Z"
"Row795",72,"K. Mudau","D",30.1,15.1,14394,"home",8339,"2026-06-25T09:10:18.388Z"
"Row2405",31,"H. Hee-chan","F",59.1,79.7,533,"away",8339,"2026-06-25T09:10:18.388Z"
"Row2406",27,"H. Oh","F",65.2,45.8,3131,"away",8339,"2026-06-25T09:10:18.388Z"
"Row2407",31,"T. Lee","M",55.1,87.4,17047,"away",8339,"2026-06-25T09:10:18.388Z"
"Row2408",100,"K. Min-jae","D",38.2,52,2458,"away",8339,"2026-06-25T09:10:18.388Z"
"Row2409",134,"G. Lee","D",44,76.4,43953,"away",8339,"2026-06-25T09:10:18.388Z"
"Row2410",58,"J. S. Park","M",46.9,40.5,17044,"away",8339,"2026-06-25T09:10:18.388Z"
"Row2411",45,"S. Paik","M",44,57.9,6092,"away",8339,"2026-06-25T09:10:18.388Z"
"Row2412",33,"S. Heung-min","F",63.7,61.3,9190,"away",8339,"2026-06-25T09:10:18.388Z"
"Row2413",55,"K. Seung-gyu","G",10.6,48,17046,"away",8339,"2026-06-25T09:10:18.388Z"
"Row2414",12,"G. Cho","F",72.5,47.1,3263,"away",8339,"2026-06-25T09:10:18.388Z"
"Row2415",95,"K. Lee","M",62.9,28.5,2250,"away",8339,"2026-06-25T09:10:18.388Z"
"Row2416",66,"Y. W. Seol","D",64,14.7,3056,"away",8339,"2026-06-25T09:10:18.388Z"
"Row2417",103,"H. Lee","D",45.2,20.1,3259,"away",8339,"2026-06-25T09:10:18.388Z"
"Row2418",52,"J. Castrop","M",59.1,82.6,2872,"away",8339,"2026-06-25T09:10:18.388Z"
"Row2419",94,"H. In-beom","M",51.7,48.9,4397,"away",8339,"2026-06-25T09:10:18.388Z"
"Row2420",67,"J. Kim","M",58,37.3,17043,"away",8339,"2026-06-25T09:10:18.388Z"
"Row766",28,"Bono","G",10.6,48.7,7990,"home",8337,"2026-06-25T06:10:23.640Z"
"Row767",29,"A. E. Kaabi","F",63.7,38.9,3486,"home",8337,"2026-06-25T06:10:23.640Z"
"Row768",117,"A. Hakimi","D",59.3,19.9,4241,"home",8337,"2026-06-25T06:10:23.640Z"
"Row769",43,"B. Díaz","M",60.6,33.2,598,"home",8337,"2026-06-25T06:10:23.640Z"
"Row770",72,"A. Salah-Eddine","D",46.6,82.2,3506,"home",8337,"2026-06-25T06:10:23.640Z"
"Row771",9,"A. Ounahi","M",66.6,50.6,1044,"home",8337,"2026-06-25T06:10:23.640Z"
"Row772",107,"B. E. Khannouss","M",62.6,68.8,1619,"home",8337,"2026-06-25T06:10:23.640Z"
"Row773",11,"N. Mazraoui","D",33.7,84.5,1799,"home",8337,"2026-06-25T06:10:23.640Z"
"Row774",9,"S. E. Mourabet","M",54.5,33.8,1706,"home",8337,"2026-06-25T06:10:23.640Z"
"Row775",52,"I. Saibari","M",65.6,59.1,3511,"home",8337,"2026-06-25T06:10:23.640Z"
"Row776",84,"C. Riad","D",33.8,65.8,8593,"home",8337,"2026-06-25T06:10:23.640Z"
"Row777",90,"S. Amrabat","M",44.4,50.8,2985,"home",8337,"2026-06-25T06:10:23.640Z"
"Row778",78,"R. Halhal","D",37.4,30.5,7757,"home",8337,"2026-06-25T06:10:23.640Z"
"Row779",22,"S. Rahimi","F",71.3,66.2,15371,"home",8337,"2026-06-25T06:10:23.640Z"
"Row780",14,"G. Yassine","M",62.2,18.8,8630,"home",8337,"2026-06-25T06:10:23.640Z"
"Row781",74,"N. El Aynaoui","M",51.2,37.2,1070,"home",8337,"2026-06-25T06:10:23.640Z"
"Row2389",20,"W. Isidor","F",43.7,49.9,353,"away",8337,"2026-06-25T06:10:23.640Z"
"Row2390",52,"J. Placide","G",10.4,49.2,26638,"away",8337,"2026-06-25T06:10:23.640Z"
"Row2391",44,"R. Providence","M",49.2,76.7,17101,"away",8337,"2026-06-25T06:10:23.640Z"
"Row2392",12,"L. D. Deedson","F",46.7,17.3,9717,"away",8337,"2026-06-25T06:10:23.640Z"
"Row2393",9,"D. Nazon","F",65,56,17100,"away",8337,"2026-06-25T06:10:23.640Z"
"Row2394",64,"R. Adé","D",28.3,32.3,17095,"away",8337,"2026-06-25T06:10:23.640Z"
"Row2395",56,"H. Delcroix","D",28.7,64,8568,"away",8337,"2026-06-25T06:10:23.640Z"
"Row2396",58,"J. Bellegarde","M",49.5,59.9,532,"away",8337,"2026-06-25T06:10:23.640Z"
"Row2397",38,"D. Jean Jacques","M",41.4,45.8,9069,"away",8337,"2026-06-25T06:10:23.640Z"
"Row2398",34,"J. Casimir","M",48.2,40,2103,"away",8337,"2026-06-25T06:10:23.640Z"
"Row2399",12,"C. Arcus","D",44.9,10,1387,"away",8337,"2026-06-25T06:10:23.640Z"
"Row2400",10,"D. Simon","M",51.4,27.1,59655,"away",8337,"2026-06-25T06:10:23.640Z"
"Row2401",45,"L. Joseph","F",59.5,45,3439,"away",8337,"2026-06-25T06:10:23.640Z"
"Row2402",46,"J. Duverne","D",38.1,14.9,4809,"away",8337,"2026-06-25T06:10:23.640Z"
"Row2403",7,"F. Pierrot","F",69.7,38.2,9020,"away",8337,"2026-06-25T06:10:23.640Z"
"Row2404",56,"M. Expérience","D",36.3,76.6,17099,"away",8337,"2026-06-25T06:10:23.640Z"
"Row751",37,"B. Doak","M",60.8,25.3,4027,"home",8338,"2026-06-25T06:10:18.648Z"
"Row752",42,"K. Tierney","D",59.2,87,3387,"home",8338,"2026-06-25T06:10:18.648Z"
"Row753",36,"L. Shankland","F",61.1,50.3,5774,"home",8338,"2026-06-25T06:10:18.648Z"
"Row754",51,"S. McTominay","M",54.4,33.7,1088,"home",8338,"2026-06-25T06:10:18.648Z"
"Row755",63,"J. Hendry","D",36.1,37.1,8032,"home",8338,"2026-06-25T06:10:18.648Z"
"Row756",51,"A. Robertson","D",45.2,82.6,326,"home",8338,"2026-06-25T06:10:18.648Z"
"Row757",65,"A. Gunn","G",8.8,51.2,4789,"home",8338,"2026-06-25T06:10:18.648Z"
"Row758",128,"L. Ferguson","M",49.2,47.6,966,"home",8338,"2026-06-25T06:10:18.648Z"
"Row759",11,"R. Christie","M",50.5,43.6,3900,"home",8338,"2026-06-25T06:10:18.648Z"
"Row760",6,"T. Ralston","D",45.9,25.4,3398,"home",8338,"2026-06-25T06:10:18.648Z"
"Row761",2,"F. Curtis","M",74.4,91.5,3029,"home",8338,"2026-06-25T06:10:18.648Z"
"Row762",51,"J. McGinn","M",60.7,64.9,510,"home",8338,"2026-06-25T06:10:18.648Z"
"Row763",64,"K. McLean","M",50.3,54.6,6386,"home",8338,"2026-06-25T06:10:18.648Z"
"Row764",84,"N. Patterson","D",40.9,15.9,818,"home",8338,"2026-06-25T06:10:18.648Z"
"Row765",62,"S. McKenna","D",35.6,68.4,3340,"home",8338,"2026-06-25T06:10:18.648Z"
"Row2373",35,"Alisson","G",10.4,51.5,322,"away",8338,"2026-06-25T06:10:18.648Z"
"Row2374",43,"M. Cunha","F",55.7,46.9,4119,"away",8338,"2026-06-25T06:10:18.648Z"
"Row2375",37,"Fabinho","M",42.3,55.1,8156,"away",8338,"2026-06-25T06:10:18.648Z"
"Row2376",21,"G. Martinelli","F",49.1,66.9,452,"away",8338,"2026-06-25T06:10:18.648Z"
"Row2377",24,"Neymar","F",66.1,67.3,215,"away",8338,"2026-06-25T06:10:18.648Z"
"Row2378",53,"D. Santos","D",51.2,90.7,16392,"away",8338,"2026-06-25T06:10:18.648Z"
"Row2379",115,"G. Magalhães","D",40.6,69.1,4072,"away",8338,"2026-06-25T06:10:18.648Z"
"Row2380",53,"Vinícius Jr.","F",73.7,73.8,595,"away",8338,"2026-06-25T06:10:18.648Z"
"Row2381",14,"Endrick","F",43.4,20.2,606,"away",8338,"2026-06-25T06:10:18.648Z"
"Row2382",14,"A. Sandro","D",47.3,83,51,"away",8338,"2026-06-25T06:10:18.648Z"
"Row2383",54,"Casemiro","M",42.6,50.3,1793,"away",8338,"2026-06-25T06:10:18.648Z"
"Row2384",54,"Rayan","M",55.9,21.6,663,"away",8338,"2026-06-25T06:10:18.648Z"
"Row2385",75,"B. Guimarães","M",52.2,42.6,709,"away",8338,"2026-06-25T06:10:18.648Z"
"Row2386",94,"Danilo","D",44,22.8,49,"away",8338,"2026-06-25T06:10:18.648Z"
"Row2387",97,"Marquinhos","D",39,39,2244,"away",8338,"2026-06-25T06:10:18.648Z"
"Row2388",81,"L. Paquetá","M",53.7,74,1642,"away",8338,"2026-06-25T06:10:18.648Z"
"Row735",31,"D. Sow","M",43.4,28,1550,"home",8335,"2026-06-25T03:10:23.013Z"
"Row736",54,"L. Jaquez","D",47,10.9,3119,"home",8335,"2026-06-25T03:10:23.013Z"
"Row737",35,"R. Vargas","M",53,82.2,3803,"home",8335,"2026-06-25T03:10:23.013Z"
"Row738",75,"R. Freuler","M",39.8,44.6,4266,"home",8335,"2026-06-25T03:10:23.013Z"
"Row739",38,"J. Manzambi","M",54.2,49.4,1178,"home",8335,"2026-06-25T03:10:23.013Z"
"Row740",36,"B. Embolo","F",63,54.1,2811,"home",8335,"2026-06-25T03:10:23.013Z"
"Row741",78,"R. Rodríguez","D",40.2,83.9,1582,"home",8335,"2026-06-25T03:10:23.013Z"
"Row742",6,"C. Itten","F",71.2,59.8,27743,"home",8335,"2026-06-25T03:10:23.013Z"
"Row743",18,"S. Widmer","M",39.5,18.6,1208,"home",8335,"2026-06-25T03:10:23.013Z"
"Row744",16,"M. Aebischer","M",51.7,38,1660,"home",8335,"2026-06-25T03:10:23.013Z"
"Row745",9,"D. Ndoye","M",48.7,79.2,551,"home",8335,"2026-06-25T03:10:23.013Z"
"Row746",78,"G. Xhaka","M",42.6,60.2,348,"home",8335,"2026-06-25T03:10:23.013Z"
"Row747",11,"C. Fassnacht","M",53.8,33.7,3204,"home",8335,"2026-06-25T03:10:23.013Z"
"Row748",73,"G. Kobel","G",9,50.3,2155,"home",8335,"2026-06-25T03:10:23.013Z"
"Row749",90,"M. Akanji","D",26.9,65.3,1679,"home",8335,"2026-06-25T03:10:23.013Z"
"Row750",86,"N. Elvedi","D",27.9,32.1,2869,"home",8335,"2026-06-25T03:10:23.013Z"
"Row2357",29,"A. Ahmed","M",56.8,81,8580,"away",8335,"2026-06-25T03:10:23.013Z"
"Row2358",16,"C. Larin","F",70.1,63.8,4164,"away",8335,"2026-06-25T03:10:23.013Z"
"Row2359",34,"T. Buchanan","M",59.5,19.5,1769,"away",8335,"2026-06-25T03:10:23.013Z"
"Row2360",37,"M. Crépeau","G",13.5,53.9,9267,"away",8335,"2026-06-25T03:10:23.013Z"
"Row2361",39,"S. Eustaquio","M",60.7,49.9,1011,"away",8335,"2026-06-25T03:10:23.013Z"
"Row2362",26,"L. Millar","M",70.6,59.5,6190,"away",8335,"2026-06-25T03:10:23.013Z"
"Row2363",10,"T. Oluwaseyi","F",69.9,77.4,1779,"away",8335,"2026-06-25T03:10:23.013Z"
"Row2364",11,"P. David","F",74.6,43.9,3754,"away",8335,"2026-06-25T03:10:23.013Z"
"Row2365",65,"N. Saliba","M",52.6,37.7,7351,"away",8335,"2026-06-25T03:10:23.013Z"
"Row2366",11,"J. Shaffelburg","M",65.2,73.2,9296,"away",8335,"2026-06-25T03:10:23.013Z"
"Row2367",48,"M. Choinière","M",52.6,60,9202,"away",8335,"2026-06-25T03:10:23.013Z"
"Row2368",53,"R. Laryea","D",51.7,75.5,9548,"away",8335,"2026-06-25T03:10:23.013Z"
"Row2369",47,"J. David","F",67.2,49.3,2186,"away",8335,"2026-06-25T03:10:23.013Z"
"Row2370",70,"L. D. Fougerolles","D",37.2,40.8,7612,"away",8335,"2026-06-25T03:10:23.013Z"
"Row2371",70,"D. Cornelius","D",44.4,67.9,4155,"away",8335,"2026-06-25T03:10:23.013Z"
"Row2372",76,"A. Johnston","D",49.5,21,4406,"away",8335,"2026-06-25T03:10:23.013Z"
"Row719",20,"E. Džeko","F",64,45.6,1343,"home",8336,"2026-06-25T03:10:18.357Z"
"Row720",34,"E. Demirović","F",57.9,52.4,4516,"home",8336,"2026-06-25T03:10:18.357Z"
"Row721",19,"A. Memić","M",37.4,25,3222,"home",8336,"2026-06-25T03:10:18.357Z"
"Row722",9,"E. Mahmić","M",59,48.4,53958,"home",8336,"2026-06-25T03:10:18.357Z"
"Row723",46,"I. Šunjić","M",54.8,53.8,3604,"home",8336,"2026-06-25T03:10:18.357Z"
"Row724",36,"A. Malić","D",57.5,12.6,2973,"home",8336,"2026-06-25T03:10:18.357Z"
"Row725",97,"I. Bašić","M",52.2,46.8,53960,"home",8336,"2026-06-25T03:10:18.357Z"
"Row726",100,"S. Radeljić","D",33.9,72.1,12458,"home",8336,"2026-06-25T03:10:18.357Z"
"Row727",5,"D. Burnić","M",39.5,88,41783,"home",8336,"2026-06-25T03:10:18.357Z"
"Row728",46,"E. Bajraktarević","F",66.6,17.8,3515,"home",8336,"2026-06-25T03:10:18.357Z"
"Row729",65,"K. Alajbegović","M",64.9,81.8,3046,"home",8336,"2026-06-25T03:10:18.357Z"
"Row730",37,"B. Tahirović","M",47.4,69.2,26812,"home",8336,"2026-06-25T03:10:18.357Z"
"Row731",19,"D. Hadžikadunić","D",36.2,30.4,29274,"home",8336,"2026-06-25T03:10:18.357Z"
"Row732",79,"N. Katić","D",36.8,31.6,27586,"home",8336,"2026-06-25T03:10:18.357Z"
"Row733",62,"N. Vasilj","G",12.6,50,2476,"home",8336,"2026-06-25T03:10:18.357Z"
"Row734",87,"S. Kolašinac","D",46,85.1,1312,"home",8336,"2026-06-25T03:10:18.357Z"
"Row2341",37,"E. Junior","M",55.2,61.2,53911,"away",8336,"2026-06-25T03:10:18.357Z"
"Row2342",60,"I. Laye","D",34.9,66.9,53910,"away",8336,"2026-06-25T03:10:18.357Z"
"Row2343",23,"H. A. Haydos","F",54.5,66.3,53923,"away",8336,"2026-06-25T03:10:18.357Z"
"Row2344",26,"J. G. Abdulsallam","M",49.5,22.2,53908,"away",8336,"2026-06-25T03:10:18.357Z"
"Row2345",38,"M. I. Abunada","G",9.3,51.6,53904,"away",8336,"2026-06-25T03:10:18.357Z"
"Row2346",24,"A. Al-Ganehi","M",53.3,23.9,53927,"away",8336,"2026-06-25T03:10:18.357Z"
"Row2347",44,"A. Hatem","M",47.7,42.9,53926,"away",8336,"2026-06-25T03:10:18.357Z"
"Row2348",65,"A. Afif","M",65.8,58.2,53913,"away",8336,"2026-06-25T03:10:18.357Z"
"Row2349",54,"S. Al-Brake","D",43.7,85.6,53925,"away",8336,"2026-06-25T03:10:18.357Z"
"Row2350",5,"A. Ali","M",74.2,38.3,53915,"away",8336,"2026-06-25T03:10:18.357Z"
"Row2351",7,"A. Alaaeldin","F",72.1,40.3,53917,"away",8336,"2026-06-25T03:10:18.357Z"
"Row2352",12,"M. N. Almanai","M",60.6,33.3,53914,"away",8336,"2026-06-25T03:10:18.357Z"
"Row2353",83,"B. Khoukhi","D",33.6,34.6,53907,"away",8336,"2026-06-25T03:10:18.357Z"
"Row2354",70,"P. Miguel","D",43.1,21,53906,"away",8336,"2026-06-25T03:10:18.357Z"
"Row2355",66,"K. Boudiaf","M",42,55.5,53916,"away",8336,"2026-06-25T03:10:18.357Z"
"Row2356",68,"A. Fathi","M",40.9,45.9,53909,"away",8336,"2026-06-25T03:10:18.357Z"
"Row705",43,"C. Vargas","G",10.2,49,10304,"home",8334,"2026-06-24T10:10:17.960Z"
"Row706",19,"L. J. Suárez ","F",67.2,47.1,1221,"home",8334,"2026-06-24T10:10:17.960Z"
"Row707",34,"J. Quintero","M",65.1,26.8,16387,"home",8334,"2026-06-24T10:10:17.960Z"
"Row708",7,"J. Córdoba","F",76.5,40.8,16388,"home",8334,"2026-06-24T10:10:17.960Z"
"Row709",11,"R. Ríos","M",46.1,23.3,3788,"home",8334,"2026-06-24T10:10:17.960Z"
"Row710",59,"J. Rodríguez","M",62.6,43.8,10128,"home",8334,"2026-06-24T10:10:17.960Z"
"Row711",79,"D. Muñoz","M",48,15.4,426,"home",8334,"2026-06-24T10:10:17.960Z"
"Row712",64,"L. Díaz","M",69,76.1,2465,"home",8334,"2026-06-24T10:10:17.960Z"
"Row713",95,"J. Mojica","D",50.9,84.9,2641,"home",8334,"2026-06-24T10:10:17.960Z"
"Row714",72,"J. Lucumí","D",36.1,70.1,949,"home",8334,"2026-06-24T10:10:17.960Z"
"Row715",72,"J. Arias","M",58.3,70.8,530,"home",8334,"2026-06-24T10:10:17.960Z"
"Row716",84,"G. Puerta","M",54.8,42.1,16386,"home",8334,"2026-06-24T10:10:17.960Z"
"Row717",77,"J. Lerma","M",46.1,53.6,428,"home",8334,"2026-06-24T10:10:17.960Z"
"Row718",94,"D. Sánchez","D",36.7,33.8,3726,"home",8334,"2026-06-24T10:10:17.960Z"
"Row2325",56,"C. Mbemba","D",30.6,27.4,1456,"away",8334,"2026-06-24T10:10:17.960Z"
"Row2326",25,"C. Bakambu","F",61.5,48.9,1588,"away",8334,"2026-06-24T10:10:17.960Z"
"Row2327",43,"A. Tuanzebe","D",29.3,53.6,2375,"away",8334,"2026-06-24T10:10:17.960Z"
"Row2328",30,"Y. Wissa","F",52.6,45.2,5140,"away",8334,"2026-06-24T10:10:17.960Z"
"Row2329",31,"N. Mukau","M",48.7,25,1453,"away",8334,"2026-06-24T10:10:17.960Z"
"Row2330",25,"N. Sadiki","M",43.4,63.5,349,"away",8334,"2026-06-24T10:10:17.960Z"
"Row2331",16,"Kayembe","D",57.2,84.8,4161,"away",8334,"2026-06-24T10:10:17.960Z"
"Row2332",54,"A. Wan-Bissaka","D",47.2,13.7,1635,"away",8334,"2026-06-24T10:10:17.960Z"
"Row2333",49,"A. Masuaku","D",40.1,87.2,3903,"away",8334,"2026-06-24T10:10:17.960Z"
"Row2334",14,"S. Banza","F",66.1,36,15423,"away",8334,"2026-06-24T10:10:17.960Z"
"Row2335",22,"C. Pickel","M",53.8,38,1295,"away",8334,"2026-06-24T10:10:17.960Z"
"Row2336",14,"N. Mbuku","M",59.6,51.2,15420,"away",8334,"2026-06-24T10:10:17.960Z"
"Row2337",40,"E. Kayembe","M",52,54.3,6695,"away",8334,"2026-06-24T10:10:17.960Z"
"Row2338",54,"L. Mpasi Nzau","G",9.6,49.2,1442,"away",8334,"2026-06-24T10:10:17.960Z"
"Row2339",46,"S. Moutoussamy","M",43.1,47.5,11283,"away",8334,"2026-06-24T10:10:17.960Z"
"Row2340",50,"S. Kapuadi","D",28.1,68.8,12599,"away",8334,"2026-06-24T10:10:17.960Z"
"Row690",62,"C. Martínez","M",62.7,27.5,16741,"home",8333,"2026-06-24T07:10:17.856Z"
"Row691",4,"T. Rodríguez","F",65,50.2,54044,"home",8333,"2026-06-24T07:10:17.856Z"
"Row692",47,"J. L. Rodríguez","M",68.7,81,10334,"home",8333,"2026-06-24T07:10:17.856Z"
"Row693",6,"C. Waterman","F",62.1,46.5,16744,"home",8333,"2026-06-24T07:10:17.856Z"
"Row694",86,"A. Andrade","D",42,75.8,16746,"home",8333,"2026-06-24T07:10:17.856Z"
"Row695",11,"É. Davis","D",37,64.7,16742,"home",8333,"2026-06-24T07:10:17.856Z"
"Row696",10,"A. Londoño","M",59.4,24.3,21220,"home",8333,"2026-06-24T07:10:17.856Z"
"Row697",56,"C. Blackman","D",53.7,87.8,12373,"home",8333,"2026-06-24T07:10:17.856Z"
"Row698",75,"J. Córdoba","D",40.7,55.8,6393,"home",8333,"2026-06-24T07:10:17.856Z"
"Row699",51,"J. Ramos","D",36.9,28.4,16748,"home",8333,"2026-06-24T07:10:17.856Z"
"Row700",66,"A. Murillo","D",57.7,20.1,4082,"home",8333,"2026-06-24T07:10:17.856Z"
"Row701",69,"C. Harvey","M",49.4,39.7,9102,"home",8333,"2026-06-24T07:10:17.856Z"
"Row702",30,"J. Fajardo","F",47.4,54.5,16745,"home",8333,"2026-06-24T07:10:17.856Z"
"Row703",39,"O. Mosquera","G",10.7,44.2,8050,"home",8333,"2026-06-24T07:10:17.856Z"
"Row704",72,"Y. Bárcenas","M",54,50.6,10252,"home",8333,"2026-06-24T07:10:17.856Z"
"Row2309",15,"M. Pašalić","M",44.6,40.5,1309,"away",8333,"2026-06-24T07:10:17.856Z"
"Row2310",12,"L. Sučić","M",54.6,31.8,1762,"away",8333,"2026-06-24T07:10:17.856Z"
"Row2311",100,"J. Šutalo","D",40.4,32.8,3767,"away",8333,"2026-06-24T07:10:17.856Z"
"Row2312",79,"M. Kovačić","M",52.1,61.9,4350,"away",8333,"2026-06-24T07:10:17.856Z"
"Row2313",68,"I. Perišić","M",46.8,81.5,3510,"away",8333,"2026-06-24T07:10:17.856Z"
"Row2314",69,"J. Stanišić","D",42.9,15.1,2468,"away",8333,"2026-06-24T07:10:17.856Z"
"Row2315",56,"M. Pašalić","M",59.9,23.9,9568,"away",8333,"2026-06-24T07:10:17.856Z"
"Row2316",15,"P. Musa","F",50.4,44.8,9331,"away",8333,"2026-06-24T07:10:17.856Z"
"Row2317",64,"M. Baturina","M",55.6,68,2833,"away",8333,"2026-06-24T07:10:17.856Z"
"Row2318",46,"J. Gvardiol","D",44.6,81.3,846,"away",8333,"2026-06-24T07:10:17.856Z"
"Row2319",25,"P. Sučić","M",43.8,66.4,1685,"away",8333,"2026-06-24T07:10:17.856Z"
"Row2320",37,"A. Budimir","F",52.1,48.4,2669,"away",8333,"2026-06-24T07:10:17.856Z"
"Row2321",43,"D. Livaković","G",9.7,52.1,1053,"away",8333,"2026-06-24T07:10:17.856Z"
"Row2322",101,"M. Pongračić","D",35.6,61.2,1322,"away",8333,"2026-06-24T07:10:17.856Z"
"Row2323",96,"L. Modrić","M",50.8,40.6,1993,"away",8333,"2026-06-24T07:10:17.856Z"
"Row2324",14,"A. Kramarić","F",42,61.4,2387,"away",8333,"2026-06-24T07:10:17.856Z"
"Row674",33,"J. Pickford","G",18.1,49.5,803,"home",8332,"2026-06-24T04:10:17.910Z"
"Row675",47,"J. Bellingham","M",63.5,35.6,592,"home",8332,"2026-06-24T04:10:17.910Z"
"Row676",17,"B. Saka","F",72.3,10.6,455,"home",8332,"2026-06-24T04:10:17.910Z"
"Row677",128,"E. Konsa","D",49.6,34.6,504,"home",8332,"2026-06-24T04:10:17.910Z"
"Row678",107,"E. Anderson","M",55.9,45.6,548,"home",8332,"2026-06-24T04:10:17.910Z"
"Row679",23,"N. O’Reilly","D",65.3,67.5,847,"home",8332,"2026-06-24T04:10:17.910Z"
"Row680",14,"M. Rashford","F",78.1,86.9,750,"home",8332,"2026-06-24T04:10:17.910Z"
"Row681",155,"M. Guéhi","D",49.3,63.3,425,"home",8332,"2026-06-24T04:10:17.910Z"
"Row682",77,"D. Rice","M",64.1,56.4,449,"home",8332,"2026-06-24T04:10:17.910Z"
"Row683",23,"H. Kane","F",68,57.3,2466,"home",8332,"2026-06-24T04:10:17.910Z"
"Row684",13,"M. Rogers","M",80.7,34.7,511,"home",8332,"2026-06-24T04:10:17.910Z"
"Row685",15,"E. Eze","M",64.2,63.5,454,"home",8332,"2026-06-24T04:10:17.910Z"
"Row686",55,"D. Spence","D",54.2,82.2,735,"home",8332,"2026-06-24T04:10:17.910Z"
"Row687",45,"A. Gordon","F",74,83.6,711,"home",8332,"2026-06-24T04:10:17.910Z"
"Row688",54,"N. Madueke","F",71.1,28.1,450,"home",8332,"2026-06-24T04:10:17.910Z"
"Row689",103,"R. James","D",51.6,17.4,400,"home",8332,"2026-06-24T04:10:17.910Z"
"Row2295",41,"J. A. Adjetey","D",20.1,31.3,3146,"away",8332,"2026-06-24T04:10:17.910Z"
"Row2296",44,"M. Senaya","D",35.9,15.8,4008,"away",8332,"2026-06-24T04:10:17.910Z"
"Row2297",35,"K. Sibo","M",34.4,65.5,1984,"away",8332,"2026-06-24T04:10:17.910Z"
"Row2298",23,"I. Williams","M",51.7,15.9,4436,"away",8332,"2026-06-24T04:10:17.910Z"
"Row2299",38,"J. Opoku","D",25.1,74.2,6638,"away",8332,"2026-06-24T04:10:17.910Z"
"Row2300",30,"A. Semenyo","M",65.3,75.8,792,"away",8332,"2026-06-24T04:10:17.910Z"
"Row2301",34,"B. Asare","G",9.6,52,16698,"away",8332,"2026-06-24T04:10:17.910Z"
"Row2302",40,"J. Ayew","F",58,70.5,6134,"away",8332,"2026-06-24T04:10:17.910Z"
"Row2303",37,"C. Yirenkyi","M",40.4,34.9,16696,"away",8332,"2026-06-24T04:10:17.910Z"
"Row2304",10,"P. K. Adu","F",71.2,44.3,3225,"away",8332,"2026-06-24T04:10:17.910Z"
"Row2305",9,"K. P. Oppong","D",10.6,27.6,1487,"away",8332,"2026-06-24T04:10:17.910Z"
"Row2306",11,"A. F. Issahaku","M",20.8,24,6131,"away",8332,"2026-06-24T04:10:17.910Z"
"Row2307",51,"G. Mensah","D",26.2,82,2095,"away",8332,"2026-06-24T04:10:17.910Z"
"Row2308",50,"T. Partey","M",27.3,52.9,1784,"away",8332,"2026-06-24T04:10:17.910Z"
"Row658",38,"C. Ronaldo","F",69.4,55.8,7880,"home",8331,"2026-06-24T01:13:18.672Z"
"Row659",28,"P. Neto","M",67.8,13.9,394,"home",8331,"2026-06-24T01:13:18.672Z"
"Row660",50,"J. Félix","F",62.2,75.9,7881,"home",8331,"2026-06-24T01:13:18.672Z"
"Row661",34,"D. Costa","G",9.7,50.3,996,"home",8331,"2026-06-24T01:13:18.672Z"
"Row662",24,"F. Trincão","M",62.9,50.9,1219,"home",8331,"2026-06-24T01:13:18.672Z"
"Row663",24,"B. Silva","M",54.4,38.6,848,"home",8331,"2026-06-24T01:13:18.672Z"
"Row664",108,"Vitinha","M",48.3,48.2,2248,"home",8331,"2026-06-24T01:13:18.672Z"
"Row665",13,"R. Leão","F",69.1,81.7,1997,"home",8331,"2026-06-24T01:13:18.672Z"
"Row666",45,"F. Conceição","F",59.8,14.4,2183,"home",8331,"2026-06-24T01:13:18.672Z"
"Row667",105,"B. Fernandes","M",61.9,56.8,1794,"home",8331,"2026-06-24T01:13:18.672Z"
"Row668",50,"N. Semedo","D",47.1,18.5,3407,"home",8331,"2026-06-24T01:13:18.672Z"
"Row669",109,"N. Mendes","D",56,85.1,3470,"home",8331,"2026-06-24T01:13:18.672Z"
"Row670",84,"R. Dias","D",36.1,37.6,845,"home",8331,"2026-06-24T01:13:18.672Z"
"Row671",71,"J. Neves","M",53.8,42.5,2247,"home",8331,"2026-06-24T01:13:18.672Z"
"Row672",53,"J. Cancelo","D",55.4,19.8,8331,"home",8331,"2026-06-24T01:13:18.672Z"
"Row673",85,"R. Veiga","D",38.7,68.4,1781,"home",8331,"2026-06-24T01:13:18.672Z"
"Row2280",44,"A. Khusanov","D",27.1,38.2,860,"away",8331,"2026-06-24T01:13:18.672Z"
"Row2281",33,"O. Khamrobekov","M",46,40.9,55374,"away",8331,"2026-06-24T01:13:18.672Z"
"Row2282",19,"S. Nasrullaev","D",47.3,84.2,55373,"away",8331,"2026-06-24T01:13:18.672Z"
"Row2283",22,"K. Alizhonov","D",42.5,76,55372,"away",8331,"2026-06-24T01:13:18.672Z"
"Row2284",23,"A. Mozgovoy","M",39.1,35,55375,"away",8331,"2026-06-24T01:13:18.672Z"
"Row2285",5,"I. Sergeev","F",43.8,52.8,55382,"away",8331,"2026-06-24T01:13:18.672Z"
"Row2286",2,"R. Jiyanov","M",38.5,3.8,55389,"away",8331,"2026-06-24T01:13:18.672Z"
"Row2287",61,"A. Ganiev","M",49.8,27.2,58271,"away",8331,"2026-06-24T01:13:18.672Z"
"Row2288",75,"B. Karimov","D",44.3,11.7,59413,"away",8331,"2026-06-24T01:13:18.672Z"
"Row2289",44,"A. Nematov","G",11.5,51.6,55384,"away",8331,"2026-06-24T01:13:18.672Z"
"Row2290",58,"E. Shomurodov","F",56.6,47.2,6643,"away",8331,"2026-06-24T01:13:18.672Z"
"Row2291",71,"O. Shukurov","M",41.5,56.3,55629,"away",8331,"2026-06-24T01:13:18.672Z"
"Row2292",59,"A. Abdullaev","M",37.7,20.9,55385,"away",8331,"2026-06-24T01:13:18.672Z"
"Row2293",36,"A. Fayzullaev","M",48.4,72.1,6642,"away",8331,"2026-06-24T01:13:18.672Z"
"Row2294",79,"R. Ashurmatov","D",31.1,75.5,55387,"away",8331,"2026-06-24T01:13:18.672Z"
"Row642",10,"M. A. Hasheesh","D",17.8,73.2,16707,"home",8330,"2026-06-23T11:13:18.249Z"
"Row643",8,"A. Al-Azaizah","M",60.2,18.3,8821,"home",8330,"2026-06-23T11:13:18.249Z"
"Row644",3,"S. Obaid","D",50.1,87.6,16718,"home",8330,"2026-06-23T11:13:18.249Z"
"Row645",6,"Shararh","M",39.3,12.2,16715,"home",8330,"2026-06-23T11:13:18.249Z"
"Row646",29,"M. Tamari","F",66.2,34.5,2809,"home",8330,"2026-06-23T11:13:18.249Z"
"Row647",52,"Y. Al-Arab","D",26.1,50.3,16702,"home",8330,"2026-06-23T11:13:18.249Z"
"Row648",47,"Y. Abu Laila","G",8.9,47.2,16700,"home",8330,"2026-06-23T11:13:18.249Z"
"Row649",60,"A. Nasib","D",29.9,20.8,16701,"home",8330,"2026-06-23T11:13:18.249Z"
"Row650",78,"M. A. Taha","M",35.1,78.6,16710,"home",8330,"2026-06-23T11:13:18.249Z"
"Row651",9,"O. A. Fakhouri","F",47.7,44.8,14727,"home",8330,"2026-06-23T11:13:18.249Z"
"Row652",54,"H. A. M. Abudahab","D",25,74.4,55288,"home",8330,"2026-06-23T11:13:18.249Z"
"Row653",71,"N. Al-Rashdan","M",45.5,40.7,16711,"home",8330,"2026-06-23T11:13:18.249Z"
"Row654",56,"E. Haddad","M",41.4,14.2,55790,"home",8330,"2026-06-23T11:13:18.249Z"
"Row655",47,"M. Al-Mardi","M",50.1,73.5,16713,"home",8330,"2026-06-23T11:13:18.249Z"
"Row656",46,"A. Olwan","F",51.8,38.4,55283,"home",8330,"2026-06-23T11:13:18.249Z"
"Row657",49,"N. Al Rawabdeh","M",37.3,64.1,16705,"home",8330,"2026-06-23T11:13:18.249Z"
"Row2264",70,"I. Maza","F",72.4,53.2,2140,"away",8330,"2026-06-23T11:13:18.249Z"
"Row2265",43,"L. Zidane","G",10.1,49.2,15394,"away",8330,"2026-06-23T11:13:18.249Z"
"Row2266",13,"Z. Belaid","D",36.3,48,15046,"away",8330,"2026-06-23T11:13:18.249Z"
"Row2267",113,"A. Mandi","D",42.7,29,1448,"away",8330,"2026-06-23T11:13:18.249Z"
"Row2268",88,"F. Chaïbi","M",58.2,65.6,1351,"away",8330,"2026-06-23T11:13:18.249Z"
"Row2269",15,"J. Hadjam","D",43.1,82.5,3202,"away",8330,"2026-06-23T11:13:18.249Z"
"Row2270",114,"R. Bensebaini","D",37.1,64.8,2169,"away",8330,"2026-06-23T11:13:18.249Z"
"Row2271",64,"R. Mahrez","M",71.6,20.8,8116,"away",8330,"2026-06-23T11:13:18.249Z"
"Row2272",24,"A. H. Moussa","M",82.1,21.5,3368,"away",8330,"2026-06-23T11:13:18.249Z"
"Row2273",31,"A. Gouiri","F",68.7,71.3,4540,"away",8330,"2026-06-23T11:13:18.249Z"
"Row2274",28,"A. N. Benbouali","F",74.4,36.2,16901,"away",8330,"2026-06-23T11:13:18.249Z"
"Row2275",58,"N. Bentaleb","M",50.9,45.8,1460,"away",8330,"2026-06-23T11:13:18.249Z"
"Row2276",69,"R. Zerrouki","M",50.4,57.4,5260,"away",8330,"2026-06-23T11:13:18.249Z"
"Row2277",95,"R. Aït-Nouri","D",58.1,86.7,861,"away",8330,"2026-06-23T11:13:18.249Z"
"Row2278",68,"H. Boudaoui","M",50.8,41.4,1504,"away",8330,"2026-06-23T11:13:18.249Z"
"Row2279",98,"R. Belghali","M",60.9,13.8,2616,"away",8330,"2026-06-23T11:13:18.249Z"
"Row626",5,"L. Østigård","D",20.6,58.6,2590,"home",8329,"2026-06-23T08:13:20.094Z"
"Row627",6,"O. Bobb","M",64.4,27.1,3651,"home",8329,"2026-06-23T08:13:20.094Z"
"Row628",20,"A. Nusa","F",60.5,66.9,2897,"home",8329,"2026-06-23T08:13:20.094Z"
"Row629",18,"A. Schjelderup","M",53.8,81.2,2064,"home",8329,"2026-06-23T08:13:20.094Z"
"Row630",35,"E. Haaland","F",69.9,47.3,852,"home",8329,"2026-06-23T08:13:20.094Z"
"Row631",20,"P. Berg","M",51.5,70.2,3673,"home",8329,"2026-06-23T08:13:20.094Z"
"Row632",31,"F. Aursnes","M",54.2,65.2,2056,"home",8329,"2026-06-23T08:13:20.094Z"
"Row633",62,"A. Sørloth","F",62.5,19,774,"home",8329,"2026-06-23T08:13:20.094Z"
"Row634",17,"J. Ryerson","M",45.3,18,2159,"home",8329,"2026-06-23T08:13:20.094Z"
"Row635",61,"T. Heggem","D",31.3,66.9,957,"home",8329,"2026-06-23T08:13:20.094Z"
"Row636",59,"Ø. Nyland","G",10.4,44.5,1561,"home",8329,"2026-06-23T08:13:20.094Z"
"Row637",46,"D. M. Wolfe","D",42,81.2,529,"home",8329,"2026-06-23T08:13:20.094Z"
"Row638",59,"K. Ajer","D",34.7,40.5,464,"home",8329,"2026-06-23T08:13:20.094Z"
"Row639",71,"S. Berge","M",47.3,42.1,829,"home",8329,"2026-06-23T08:13:20.094Z"
"Row640",73,"M. Ødegaard","M",56.8,32.6,447,"home",8329,"2026-06-23T08:13:20.094Z"
"Row641",53,"M. Pedersen","M",42.4,13.3,1838,"home",8329,"2026-06-23T08:13:20.094Z"
"Row2248",43,"P. Gueye","M",52.9,71.5,1771,"away",8329,"2026-06-23T08:13:20.094Z"
"Row2249",52,"L. Camara","M",59.1,30.6,2228,"away",8329,"2026-06-23T08:13:20.094Z"
"Row2250",28,"I. Mbaye","F",66.8,30.8,2255,"away",8329,"2026-06-23T08:13:20.094Z"
"Row2251",17,"M. Diaw","G",17.8,45.5,1426,"away",8329,"2026-06-23T08:13:20.094Z"
"Row2252",41,"N. Jackson","F",63.4,58.1,2471,"away",8329,"2026-06-23T08:13:20.094Z"
"Row2253",72,"S. Mané","M",67.8,78.9,7879,"away",8329,"2026-06-23T08:13:20.094Z"
"Row2254",31,"I. Jakobs","D",55.1,87,3728,"away",8329,"2026-06-23T08:13:20.094Z"
"Row2255",32,"E. Mendy","G",11.2,53,8110,"away",8329,"2026-06-23T08:13:20.094Z"
"Row2256",31,"P. Sarr","M",48.6,51,724,"away",8329,"2026-06-23T08:13:20.094Z"
"Row2257",29,"P. I. Ciss","M",41.4,45.8,3864,"away",8329,"2026-06-23T08:13:20.094Z"
"Row2258",90,"K. Diatta","M",54.1,15.4,2233,"away",8329,"2026-06-23T08:13:20.094Z"
"Row2259",46,"E. H. M. Diouf","D",42.1,83.8,1638,"away",8329,"2026-06-23T08:13:20.094Z"
"Row2260",43,"I. Sarr","F",67,32.6,1787,"away",8329,"2026-06-23T08:13:20.094Z"
"Row2261",59,"K. Koulibaly","D",37.3,31.3,7992,"away",8329,"2026-06-23T08:13:20.094Z"
"Row2262",81,"I. Gueye","M",54.8,51.8,3800,"away",8329,"2026-06-23T08:13:20.094Z"
"Row2263",97,"M. Niakhaté","D",36.3,69.5,1106,"away",8329,"2026-06-23T08:13:20.094Z"
"Row610",33,"E. Martínez","G",13.1,51.3,1629,"home",8327,"2026-06-23T01:13:19.108Z"
"Row611",29,"L. Martínez","F",44.7,53.2,1687,"home",8327,"2026-06-23T01:13:19.108Z"
"Row612",37,"N. Otamendi","D",33.8,28.8,2054,"home",8327,"2026-06-23T01:13:19.108Z"
"Row613",63,"R. De Paul","M",48.2,19.6,9057,"home",8327,"2026-06-23T01:13:19.108Z"
"Row614",14,"J. Álvarez","F",58.3,64.4,770,"home",8327,"2026-06-23T01:13:19.108Z"
"Row615",12,"L. Paredes","M",45.9,35.3,16872,"home",8327,"2026-06-23T01:13:19.108Z"
"Row616",9,"N. Tagliafico","D",39,78.6,1107,"home",8327,"2026-06-23T01:13:19.108Z"
"Row617",64,"N. Molina","D",38.6,16.1,761,"home",8327,"2026-06-23T01:13:19.108Z"
"Row618",20,"N. González","M",57.3,79.2,768,"home",8327,"2026-06-23T01:13:19.108Z"
"Row619",76,"L. Messi","F",59.6,42.2,9063,"home",8327,"2026-06-23T01:13:19.108Z"
"Row620",91,"L. Martínez","D",35.9,67.5,1800,"home",8327,"2026-06-23T01:13:19.108Z"
"Row621",98,"E. Fernández","M",47.1,67.6,387,"home",8327,"2026-06-23T01:13:19.108Z"
"Row622",78,"F. Medina","D",44.3,81.6,4603,"home",8327,"2026-06-23T01:13:19.108Z"
"Row623",66,"C. Romero","D",33.9,33.4,720,"home",8327,"2026-06-23T01:13:19.108Z"
"Row624",51,"T. Almada","M",50.2,69.1,773,"home",8327,"2026-06-23T01:13:19.108Z"
"Row625",90,"A. Mac Allister","M",44.8,39.4,328,"home",8327,"2026-06-23T01:13:19.108Z"
"Row2232",36,"A. Schlager","G",13.4,48.7,3034,"away",8327,"2026-06-23T01:13:19.108Z"
"Row2233",44,"P. Wanner","M",72.7,48.2,3522,"away",8327,"2026-06-23T01:13:19.108Z"
"Row2234",34,"M. Gregoritsch","F",63.6,51.4,8530,"away",8327,"2026-06-23T01:13:19.108Z"
"Row2235",32,"S. Posch","D",55,17.5,2832,"away",8327,"2026-06-23T01:13:19.108Z"
"Row2236",102,"K. Danso","D",45.6,35.3,721,"away",8327,"2026-06-23T01:13:19.108Z"
"Row2237",25,"A. Prass","M",59.2,89.1,2390,"away",8327,"2026-06-23T01:13:19.108Z"
"Row2238",15,"P. Wimmer","M",56.9,31.4,1375,"away",8327,"2026-06-23T01:13:19.108Z"
"Row2239",9,"C. Chukwuemeka","M",64,81.2,2170,"away",8327,"2026-06-23T01:13:19.108Z"
"Row2240",4,"M. Arnautović","F",51.2,53,3065,"away",8327,"2026-06-23T01:13:19.108Z"
"Row2241",66,"M. Sabitzer","M",68.7,81.9,2161,"away",8327,"2026-06-23T01:13:19.108Z"
"Row2242",35,"M. Friedl","D",44.3,80.1,2500,"away",8327,"2026-06-23T01:13:19.108Z"
"Row2243",52,"R. Schmid","M",62.8,30.4,2504,"away",8327,"2026-06-23T01:13:19.108Z"
"Row2244",64,"N. Seiwald","M",47.6,51.4,2893,"away",8327,"2026-06-23T01:13:19.108Z"
"Row2245",56,"D. Alaba","D",40.8,66.2,4020,"away",8327,"2026-06-23T01:13:19.108Z"
"Row2246",82,"X. Schlager","M",49.1,57.8,2892,"away",8327,"2026-06-23T01:13:19.108Z"
"Row2247",72,"K. Laimer","D",59.9,69.2,2457,"away",8327,"2026-06-23T01:13:19.108Z"
"Row594",54,"M. Crocombe","G",9.5,49.8,6460,"home",8326,"2026-06-22T09:00:34.504Z"
"Row595",44,"S. Singh","M",57.7,47.1,55975,"home",8326,"2026-06-22T09:00:34.504Z"
"Row596",18,"B. Old","M",48,69.1,29212,"home",8326,"2026-06-22T09:00:34.504Z"
"Row597",12,"F. De Vries","D",62.4,66,55976,"home",8326,"2026-06-22T09:00:34.504Z"
"Row598",47,"C. McCowatt","M",52.2,39.8,29409,"home",8326,"2026-06-22T09:00:34.504Z"
"Row599",52,"E. Just","M",50.8,62.3,5955,"home",8326,"2026-06-22T09:00:34.504Z"
"Row600",18,"T. Bindon","D",59.5,24.6,6069,"home",8326,"2026-06-22T09:00:34.504Z"
"Row601",9,"J. Randall","M",65.1,25.2,55983,"home",8326,"2026-06-22T09:00:34.504Z"
"Row602",14,"R. Thomas","M",67.9,20.6,5330,"home",8326,"2026-06-22T09:00:34.504Z"
"Row603",55,"C. Wood","F",62.6,60.6,4472,"home",8326,"2026-06-22T09:00:34.504Z"
"Row604",78,"M. Stamenić","M",41.6,60.6,6528,"home",8326,"2026-06-22T09:00:34.504Z"
"Row605",52,"T. Payne","D",39.3,17.7,55974,"home",8326,"2026-06-22T09:00:34.504Z"
"Row606",73,"M. Boxall","D",37.2,64.7,9105,"home",8326,"2026-06-22T09:00:34.504Z"
"Row607",78,"J. Bell","M",43.3,50.7,50286,"home",8326,"2026-06-22T09:00:34.504Z"
"Row608",55,"L. Cacace","M",43.7,82.5,6946,"home",8326,"2026-06-22T09:00:34.504Z"
"Row609",70,"F. Surman","D",33.2,33.7,9220,"home",8326,"2026-06-22T09:00:34.504Z"
"Row2215",41,"O. Marmoush","F",66.5,69.8,862,"away",8326,"2026-06-22T09:00:34.504Z"
"Row2216",45,"M. Shobeir","G",10.3,48.5,14675,"away",8326,"2026-06-22T09:00:34.504Z"
"Row2217",11,"H. Abdelmaguid","D",14.4,52.6,15373,"away",8326,"2026-06-22T09:00:34.504Z"
"Row2218",53,"R. Rabia","D",34.3,60.2,15355,"away",8326,"2026-06-22T09:00:34.504Z"
"Row2219",38,"H. Fathy","M",34.3,67.2,15354,"away",8326,"2026-06-22T09:00:34.504Z"
"Row2220",54,"M. Ziko","M",60.5,28.7,14729,"away",8326,"2026-06-22T09:00:34.504Z"
"Row2221",9,"H. Abdelkarim","F",54.7,59.4,15835,"away",8326,"2026-06-22T09:00:34.504Z"
"Row2222",112,"M. Attia","M",52.4,55.4,14681,"away",8326,"2026-06-22T09:00:34.504Z"
"Row2223",7,"Zizo","M",69.2,38.3,14682,"away",8326,"2026-06-22T09:00:34.504Z"
"Row2224",98,"M. Hany","D",49.8,15.9,14676,"away",8326,"2026-06-22T09:00:34.504Z"
"Row2225",18,"M. Trézéguet","M",53.6,72.5,14684,"away",8326,"2026-06-22T09:00:34.504Z"
"Row2226",66,"M. Salah","M",70.8,37,333,"away",8326,"2026-06-22T09:00:34.504Z"
"Row2227",73,"Y. Ibrahim","D",33.8,34.2,14678,"away",8326,"2026-06-22T09:00:34.504Z"
"Row2228",4,"M. Abdelmonem","D",42.8,47,16690,"away",8326,"2026-06-22T09:00:34.504Z"
"Row2229",71,"M. Lasheen","M",44.1,42.5,14721,"away",8326,"2026-06-22T09:00:34.504Z"
"Row2230",94,"A. Aboul-Fetouh","D",49.5,84.6,15374,"away",8326,"2026-06-22T09:00:34.504Z"
"Row2231",78,"E. Ashour","M",64.1,61,14683,"away",8326,"2026-06-22T09:00:34.504Z"
"Row580",26,"F. Viñas","F",68.5,40.4,1973,"home",8325,"2026-06-22T06:00:34.450Z"
"Row581",13,"D. Núñez","F",73.7,43.9,8000,"home",8325,"2026-06-22T06:00:34.450Z"
"Row582",21,"N. De la Cruz","M",55.8,49.1,61,"home",8325,"2026-06-22T06:00:34.450Z"
"Row583",19,"B. Rodríguez","M",88.1,82.3,10110,"home",8325,"2026-06-22T06:00:34.450Z"
"Row584",103,"M. Olivera","D",51.8,68.1,1089,"home",8325,"2026-06-22T06:00:34.450Z"
"Row585",40,"M. Araújo","D",76.4,66,1215,"home",8325,"2026-06-22T06:00:34.450Z"
"Row586",75,"M. Ugarte","M",55.9,49.1,1806,"home",8325,"2026-06-22T06:00:34.450Z"
"Row587",40,"F. Muslera","G",11.2,51.3,16896,"home",8325,"2026-06-22T06:00:34.450Z"
"Row588",83,"S. Cáceres","D",46.3,34.1,10103,"home",8325,"2026-06-22T06:00:34.450Z"
"Row589",75,"G. Varela","D",57.4,15.3,48,"home",8325,"2026-06-22T06:00:34.450Z"
"Row590",72,"A. Canobbio","M",65.3,15.8,2908,"home",8325,"2026-06-22T06:00:34.450Z"
"Row591",71,"J. Sanabria","D",62,87.8,10229,"home",8325,"2026-06-22T06:00:34.450Z"
"Row592",89,"F. Valverde","M",63.6,60.4,593,"home",8325,"2026-06-22T06:00:34.450Z"
"Row593",99,"R. Bentancur","M",53.9,37.7,723,"home",8325,"2026-06-22T06:00:34.450Z"
"Row2199",49,"Vozinha","G",10,48.6,22095,"away",8325,"2026-06-22T06:00:34.450Z"
"Row2200",30,"G. Tavares","F",51.6,51.1,22070,"away",8325,"2026-06-22T06:00:34.450Z"
"Row2201",21,"T. Arcanjo","M",39.7,35.6,2701,"away",8325,"2026-06-22T06:00:34.450Z"
"Row2202",18,"G. Rodrigues","M",53.7,80.7,22074,"away",8325,"2026-06-22T06:00:34.450Z"
"Row2203",25,"D. Duarte","M",37.7,49.2,3314,"away",8325,"2026-06-22T06:00:34.450Z"
"Row2204",14,"H. Varela","M",47.2,71,3176,"away",8325,"2026-06-22T06:00:34.450Z"
"Row2205",45,"R. Mendes","M",37.1,29,7073,"away",8325,"2026-06-22T06:00:34.450Z"
"Row2206",53,"S. Moreira","D",30,16.2,9199,"away",8325,"2026-06-22T06:00:34.450Z"
"Row2207",55,"K. Lenini","M",38.9,55.2,22076,"away",8325,"2026-06-22T06:00:34.450Z"
"Row2208",40,"J. Monteiro","M",53.6,63.9,5331,"away",8325,"2026-06-22T06:00:34.450Z"
"Row2209",69,"Pico","D",28.6,35.2,22089,"away",8325,"2026-06-22T06:00:34.450Z"
"Row2210",18,"L. Duarte","M",55.6,55.9,22077,"away",8325,"2026-06-22T06:00:34.450Z"
"Row2211",24,"N. Da Costa","F",59.4,48.4,6645,"away",8325,"2026-06-22T06:00:34.450Z"
"Row2212",16,"Y. Semedo","M",38.6,42.8,22079,"away",8325,"2026-06-22T06:00:34.450Z"
"Row2213",67,"S. L. Cabral","D",43.3,81.3,1235,"away",8325,"2026-06-22T06:00:34.450Z"
"Row2214",80,"Diney","D",24.1,63.3,22092,"away",8325,"2026-06-22T06:00:34.450Z"
"Row564",41,"T. Courtois","G",10.7,53.1,585,"home",8324,"2026-06-22T03:00:34.629Z"
"Row565",31,"R. Lukaku","F",76.2,48.8,8676,"home",8324,"2026-06-22T03:00:34.629Z"
"Row566",37,"A. Saelemaekers","M",73.5,20.9,1991,"home",8324,"2026-06-22T03:00:34.629Z"
"Row567",42,"T. Castagne","D",51,18.2,834,"home",8324,"2026-06-22T03:00:34.629Z"
"Row568",38,"H. Vanaken","M",54.3,54.4,3542,"home",8324,"2026-06-22T03:00:34.629Z"
"Row569",20,"D. Lukebakio","M",71.3,16.7,3974,"home",8324,"2026-06-22T03:00:34.629Z"
"Row570",14,"A. Theate","D",39.4,65.6,1349,"home",8324,"2026-06-22T03:00:34.629Z"
"Row571",89,"M. De Cuyper","D",55.4,81.2,491,"home",8324,"2026-06-22T03:00:34.629Z"
"Row572",10,"M. Fernandez","F",78.7,61.6,1464,"home",8324,"2026-06-22T03:00:34.629Z"
"Row573",68,"T. Meunier","D",58.9,18.3,1446,"home",8324,"2026-06-22T03:00:34.629Z"
"Row574",77,"Y. Tielemans","M",55.1,51.5,514,"home",8324,"2026-06-22T03:00:34.629Z"
"Row575",119,"B. Mechele","D",44.3,62,3537,"home",8324,"2026-06-22T03:00:34.629Z"
"Row576",95,"N. Ngoy","D",47.9,34.8,1447,"home",8324,"2026-06-22T03:00:34.629Z"
"Row577",88,"L. Trossard","F",63.4,74.1,3461,"home",8324,"2026-06-22T03:00:34.629Z"
"Row578",86,"K. De Bruyne","M",70.5,54.7,4374,"home",8324,"2026-06-22T03:00:34.629Z"
"Row579",83,"N. Raskin","M",54.8,57,3015,"home",8324,"2026-06-22T03:00:34.629Z"
"Row2183",20,"S. Hardani","D",34,11.5,16837,"away",8324,"2026-06-22T03:00:34.629Z"
"Row2184",37,"R. Rezaeian","M",43.4,23.9,16838,"away",8324,"2026-06-22T03:00:34.629Z"
"Row2185",40,"H. Kanaani","D",31.9,32.3,16829,"away",8324,"2026-06-22T03:00:34.629Z"
"Row2186",24,"M. Mohebi","F",40.6,80.1,16834,"away",8324,"2026-06-22T03:00:34.629Z"
"Row2187",26,"E. Hajsafi","D",29.4,80.6,16836,"away",8324,"2026-06-22T03:00:34.629Z"
"Row2188",27,"A. Jahanbakhsh","F",48.1,23.6,7605,"away",8324,"2026-06-22T03:00:34.629Z"
"Row2189",44,"S. Ghoddos","M",37.5,46.3,16833,"away",8324,"2026-06-22T03:00:34.629Z"
"Row2190",8,"S. Moghanlou","F",59.7,66.2,55325,"away",8324,"2026-06-22T03:00:34.629Z"
"Row2191",23,"M. Mohammadi","D",40.1,90.5,16832,"away",8324,"2026-06-22T03:00:34.629Z"
"Row2192",54,"A. Nemati","D",38.2,68,16831,"away",8324,"2026-06-22T03:00:34.629Z"
"Row2193",12,"A. Hosseinzadeh","F",60.1,46.1,55326,"away",8324,"2026-06-22T03:00:34.629Z"
"Row2194",69,"S. Khalilzadeh","D",25.2,57.4,16830,"away",8324,"2026-06-22T03:00:34.629Z"
"Row2195",31,"M. Torabi","F",52.1,73.1,53954,"away",8324,"2026-06-22T03:00:34.629Z"
"Row2196",59,"S. Ezatolahi","M",36.8,54.6,53951,"away",8324,"2026-06-22T03:00:34.629Z"
"Row2197",61,"A. Beiranvand","G",9.1,46,16827,"away",8324,"2026-06-22T03:00:34.629Z"
"Row2198",57,"M. Taremi","F",52.9,42.1,3487,"away",8324,"2026-06-22T03:00:34.629Z"
"Row548",22,"N. Williams","M",58.6,84.7,571,"home",8323,"2026-06-22T00:00:34.226Z"
"Row549",50,"U. Simón","G",11.5,46,562,"home",8323,"2026-06-22T00:00:34.226Z"
"Row550",55,"L. Yamal","M",71.3,19,745,"home",8323,"2026-06-22T00:00:34.226Z"
"Row551",32,"M. Oyarzabal","F",72.2,56.9,3890,"home",8323,"2026-06-22T00:00:34.226Z"
"Row552",57,"D. Olmo","M",60.8,42.3,746,"home",8323,"2026-06-22T00:00:34.226Z"
"Row553",103,"P. Porro","D",55.1,15.3,719,"home",8323,"2026-06-22T00:00:34.226Z"
"Row554",93,"Pedri","M",61.5,60.9,744,"home",8323,"2026-06-22T00:00:34.226Z"
"Row555",116,"P. Cubarsí","D",37.9,30.3,740,"home",8323,"2026-06-22T00:00:34.226Z"
"Row556",12,"F. Torres","F",67.2,48.8,749,"home",8323,"2026-06-22T00:00:34.226Z"
"Row557",140,"Rodri","M",51.9,49.3,4267,"home",8323,"2026-06-22T00:00:34.226Z"
"Row558",63,"A. Baena","M",71.3,79.5,769,"home",8323,"2026-06-22T00:00:34.226Z"
"Row559",29,"F. Ruiz","M",50.6,55.7,2249,"home",8323,"2026-06-22T00:00:34.226Z"
"Row560",30,"Y. Pino","F",64.6,21.8,431,"home",8323,"2026-06-22T00:00:34.226Z"
"Row561",25,"M. Merino","M",59.8,42.5,451,"home",8323,"2026-06-22T00:00:34.226Z"
"Row562",85,"M. Cucurella","D",55.6,84.1,386,"home",8323,"2026-06-22T00:00:34.226Z"
"Row563",102,"A. Laporte","D",40.9,67,565,"home",8323,"2026-06-22T00:00:34.226Z"
"Row2168",21,"A. Al-Hejji","M",55.5,43,8308,"away",8323,"2026-06-22T00:00:34.226Z"
"Row2169",45,"M. Al-Harbi","D",39.8,85.1,8252,"away",8323,"2026-06-22T00:00:34.226Z"
"Row2170",35,"A. Al-Amri","D",28.1,30.4,7886,"away",8323,"2026-06-22T00:00:34.226Z"
"Row2171",28,"A. Al-Khaibari","M",37.4,30.4,7883,"away",8323,"2026-06-22T00:00:34.226Z"
"Row2172",14,"A. Al-Hamdan","F",58.5,61.4,8256,"away",8323,"2026-06-22T00:00:34.226Z"
"Row2173",32,"M. Kanno","M",50.1,29.6,7998,"away",8323,"2026-06-22T00:00:34.226Z"
"Row2174",31,"M. A. Al-Shamat","M",60.2,19.1,8131,"away",8323,"2026-06-22T00:00:34.226Z"
"Row2175",52,"H. Altambakti","D",30.6,73.2,8253,"away",8323,"2026-06-22T00:00:34.226Z"
"Row2176",32,"F. Al-Buraikan","F",50.3,49.2,8122,"away",8323,"2026-06-22T00:00:34.226Z"
"Row2177",50,"M. Al-Owais","G",7.9,49.6,17201,"away",8323,"2026-06-22T00:00:34.226Z"
"Row2178",74,"S. Abdulhamid","M",43.5,15,1418,"away",8323,"2026-06-22T00:00:34.226Z"
"Row2179",64,"N. Al-Dawsari","M",48.5,53,7991,"away",8323,"2026-06-22T00:00:34.226Z"
"Row2180",50,"A. Lajami","D",29.9,48.1,8288,"away",8323,"2026-06-22T00:00:34.226Z"
"Row2181",29,"M. A. Juwayr","M",49,24.7,8139,"away",8323,"2026-06-22T00:00:34.226Z"
"Row2182",50,"S. Al-Dawsari","M",52.7,68.4,7999,"away",8323,"2026-06-22T00:00:34.226Z"
"Row532",54,"A. B. Slimane","M",49.4,45.7,6399,"home",8319,"2026-06-21T12:00:33.999Z"
"Row533",17,"S. Tounekti","M",58.2,59.4,3396,"home",8319,"2026-06-21T12:00:33.999Z"
"Row534",32,"D. Bronn","D",37.1,25.5,7603,"home",8319,"2026-06-21T12:00:33.999Z"
"Row535",22,"I. Gharbi","M",48.5,69,3913,"home",8319,"2026-06-21T12:00:33.999Z"
"Row536",7,"R. Khedira","M",46.8,65.6,2421,"home",8319,"2026-06-21T12:00:33.999Z"
"Row537",48,"Y. Valery","D",58.4,7.2,6781,"home",8319,"2026-06-21T12:00:33.999Z"
"Row538",61,"H. Mejbri","M",59.9,58.6,415,"home",8319,"2026-06-21T12:00:33.999Z"
"Row539",18,"E. Saad","F",62.4,35.8,2415,"home",8319,"2026-06-21T12:00:33.999Z"
"Row540",14,"F. Chaouat","F",53.4,47.3,15493,"home",8319,"2026-06-21T12:00:33.999Z"
"Row541",34,"A. Dahmen","G",10,51.8,15490,"home",8319,"2026-06-21T12:00:33.999Z"
"Row542",46,"M. Ben Hmida","D",29.5,85.2,14699,"home",8319,"2026-06-21T12:00:33.999Z"
"Row543",54,"A. Abdi","D",44.4,88.4,1498,"home",8319,"2026-06-21T12:00:33.999Z"
"Row544",8,"E. Achouri","M",30.1,18.1,4243,"home",8319,"2026-06-21T12:00:33.999Z"
"Row545",76,"O. Rekik","D",41,57,17112,"home",8319,"2026-06-21T12:00:33.999Z"
"Row546",66,"M. Talbi","D",34.9,52.3,1467,"home",8319,"2026-06-21T12:00:33.999Z"
"Row547",54,"E. Skhiri","M",39.2,59.6,1352,"home",8319,"2026-06-21T12:00:33.999Z"
"Row2152",34,"A. Ueda","F",61.1,46.6,3369,"away",8319,"2026-06-21T12:00:33.999Z"
"Row2153",51,"R. Doan","M",59.6,8.3,1353,"away",8319,"2026-06-21T12:00:33.999Z"
"Row2154",8,"Y. Suzuki","M",68.9,70,1180,"away",8319,"2026-06-21T12:00:33.999Z"
"Row2155",30,"Z. Suzuki","G",10.4,47.3,4055,"away",8319,"2026-06-21T12:00:33.999Z"
"Row2156",109,"K. Itakura","D",33.4,51.2,3770,"away",8319,"2026-06-21T12:00:33.999Z"
"Row2157",80,"J. Ito","M",63.3,18.6,4564,"away",8319,"2026-06-21T12:00:33.999Z"
"Row2158",96,"T. Tomiyasu","D",47.2,17.7,8740,"away",8319,"2026-06-21T12:00:33.999Z"
"Row2159",3,"K. Goto","F",46.1,78.5,7392,"away",8319,"2026-06-21T12:00:33.999Z"
"Row2160",19,"A. Seko","D",39.8,18.6,1431,"away",8319,"2026-06-21T12:00:33.999Z"
"Row2161",45,"D. Kamada","M",63.2,76.2,430,"away",8319,"2026-06-21T12:00:33.999Z"
"Row2162",7,"J. Suzuki","D",35.8,93.7,3558,"away",8319,"2026-06-21T12:00:33.999Z"
"Row2163",93,"A. Tanaka","M",46.6,54.8,367,"away",8319,"2026-06-21T12:00:33.999Z"
"Row2164",24,"Y. Sugawara","D",60.5,9.7,2497,"away",8319,"2026-06-21T12:00:33.999Z"
"Row2165",50,"K. Nakamura","M",54.2,89.8,16971,"away",8319,"2026-06-21T12:00:33.999Z"
"Row2166",101,"H. Itō","D",43.7,83.1,2474,"away",8319,"2026-06-21T12:00:33.999Z"
"Row2167",88,"K. Sano","M",50.4,37,1196,"away",8319,"2026-06-21T12:00:33.999Z"
"Row517",2,"J. Caicedo","F",84,65.7,16891,"home",8322,"2026-06-21T08:00:33.889Z"
"Row518",32,"H. Galíndez","G",11.4,49,16887,"home",8322,"2026-06-21T08:00:33.889Z"
"Row519",148,"M. Caicedo","M",53.2,51.8,1345,"home",8322,"2026-06-21T08:00:33.889Z"
"Row520",101,"W. Pacho","D",38.9,54,2245,"home",8322,"2026-06-21T08:00:33.889Z"
"Row521",14,"Á. Preciado","M",64.6,14.3,12202,"home",8322,"2026-06-21T08:00:33.889Z"
"Row522",28,"N. Angulo","M",76.1,79.2,7347,"home",8322,"2026-06-21T08:00:33.889Z"
"Row523",93,"G. Plata","M",68.4,46.3,59,"home",8322,"2026-06-21T08:00:33.889Z"
"Row524",35,"K. Rodríguez","F",71.8,64.2,3755,"home",8322,"2026-06-21T08:00:33.889Z"
"Row525",37,"E. Valencia","F",73.9,60.4,4754,"home",8322,"2026-06-21T08:00:33.889Z"
"Row526",112,"P. Hincapié","D",55,75.3,445,"home",8322,"2026-06-21T08:00:33.889Z"
"Row527",72,"P. Estupiñán","M",61.1,86.2,2003,"home",8322,"2026-06-21T08:00:33.889Z"
"Row528",67,"J. Yeboah","F",67,19.6,16888,"home",8322,"2026-06-21T08:00:33.889Z"
"Row529",94,"A. Franco","M",47.8,22.6,7,"home",8322,"2026-06-21T08:00:33.889Z"
"Row530",51,"J. Alcivar","M",48.9,41.5,16889,"home",8322,"2026-06-21T08:00:33.889Z"
"Row531",123,"P. Vite","M",59,56.4,9854,"home",8322,"2026-06-21T08:00:33.889Z"
"Row2136",9,"R. v. Eijma","D",22.2,67.9,22240,"away",8322,"2026-06-21T08:00:33.889Z"
"Row2137",38,"A. Obispo","D",22,46.9,3518,"away",8322,"2026-06-21T08:00:33.889Z"
"Row2138",30,"D. Fonville","D",37.3,83.4,5451,"away",8322,"2026-06-21T08:00:33.889Z"
"Row2139",11,"J. Margaritha","M",37.4,31.3,22233,"away",8322,"2026-06-21T08:00:33.889Z"
"Row2140",6,"G. Roemeratoe","M",18.1,31.5,22234,"away",8322,"2026-06-21T08:00:33.889Z"
"Row2141",6,"K. Gorré","M",40.9,73.2,22232,"away",8322,"2026-06-21T08:00:33.889Z"
"Row2142",44,"L. Comenencia","D",35.7,33.6,7715,"away",8322,"2026-06-21T08:00:33.889Z"
"Row2143",71,"E. Room","G",6.4,46.6,22241,"away",8322,"2026-06-21T08:00:33.889Z"
"Row2144",69,"J. Brenet","D",35.9,17.3,5931,"away",8322,"2026-06-21T08:00:33.889Z"
"Row2145",15,"G. Kastaneer","F",48.6,62.3,22229,"away",8322,"2026-06-21T08:00:33.889Z"
"Row2146",46,"S. Floranus","D",28.1,73.6,5328,"away",8322,"2026-06-21T08:00:33.889Z"
"Row2147",41,"J. Locadia","F",52.3,47.2,22227,"away",8322,"2026-06-21T08:00:33.889Z"
"Row2148",48,"T. Chong","M",48.9,27.2,6073,"away",8322,"2026-06-21T08:00:33.889Z"
"Row2149",45,"J. Bacuna","M",56.2,67,6672,"away",8322,"2026-06-21T08:00:33.889Z"
"Row2150",38,"J. Gaari","D",22.7,28.4,22239,"away",8322,"2026-06-21T08:00:33.889Z"
"Row2151",49,"L. Bacuna","M",41.1,54.9,22231,"away",8322,"2026-06-21T08:00:33.889Z"
"Row501",16,"D. Undav","F",67.4,54.3,1620,"home",8321,"2026-06-21T04:00:33.780Z"
"Row502",46,"L. Sané","M",63.9,17.2,3732,"home",8321,"2026-06-21T04:00:33.780Z"
"Row503",39,"A. Rüdiger","D",38.9,40.6,588,"home",8321,"2026-06-21T04:00:33.780Z"
"Row504",51,"J. Musiala","M",65.7,56.8,8564,"home",8321,"2026-06-21T04:00:33.780Z"
"Row505",33,"M. Neuer","G",12.7,49.5,2456,"home",8321,"2026-06-21T04:00:33.780Z"
"Row506",19,"N. Amiri","M",55.9,49.7,3934,"home",8321,"2026-06-21T04:00:33.780Z"
"Row507",24,"J. Leweling","M",63.5,24.2,1621,"home",8321,"2026-06-21T04:00:33.780Z"
"Row508",107,"F. Nmecha","M",52.1,41.7,2160,"home",8321,"2026-06-21T04:00:33.780Z"
"Row509",54,"K. Havertz","F",60.4,32.7,4941,"home",8321,"2026-06-21T04:00:33.780Z"
"Row510",54,"N. Schlotterbeck","D",46.2,66.8,2158,"home",8321,"2026-06-21T04:00:33.780Z"
"Row511",115,"J. Tah","D",41.9,56.4,2459,"home",8321,"2026-06-21T04:00:33.780Z"
"Row512",2,"L. Goretzka","M",16.1,37,2470,"home",8321,"2026-06-21T04:00:33.780Z"
"Row513",81,"A. Pavlović","M",53.8,56,2462,"home",8321,"2026-06-21T04:00:33.780Z"
"Row514",121,"F. Wirtz","M",60,74.2,330,"home",8321,"2026-06-21T04:00:33.780Z"
"Row515",66,"N. Brown","D",56,77.5,1350,"home",8321,"2026-06-21T04:00:33.780Z"
"Row516",97,"J. Kimmich","M",51.7,28.8,2461,"home",8321,"2026-06-21T04:00:33.780Z"
"Row2120",45,"A. Diallo","M",52.1,24.1,1792,"away",8321,"2026-06-21T04:00:33.780Z"
"Row2121",33,"A. Bonny","F",64.1,58.4,3468,"away",8321,"2026-06-21T04:00:33.780Z"
"Row2122",11,"N. Pépé","F",45.3,12.8,1786,"away",8321,"2026-06-21T04:00:33.780Z"
"Row2123",15,"S. Fofana","M",53.4,70,4130,"away",8321,"2026-06-21T04:00:33.780Z"
"Row2124",12,"E. Guessand","F",61.5,48.9,509,"away",8321,"2026-06-21T04:00:33.780Z"
"Row2125",15,"S. Adingra","M",58.5,81.6,358,"away",8321,"2026-06-21T04:00:33.780Z"
"Row2126",61,"I. Sangaré","M",41.2,50.2,547,"away",8321,"2026-06-21T04:00:33.780Z"
"Row2127",17,"G. Doué","D",46.5,10.6,1702,"away",8321,"2026-06-21T04:00:33.780Z"
"Row2128",69,"O. Kossounou","D",30.4,31,1298,"away",8321,"2026-06-21T04:00:33.780Z"
"Row2129",77,"E. Agbadou","D",29.6,71,524,"away",8321,"2026-06-21T04:00:33.780Z"
"Row2130",80,"G. Konan","D",43.9,87,1886,"away",8321,"2026-06-21T04:00:33.780Z"
"Row2131",72,"W. Singo","D",44.1,13.5,4214,"away",8321,"2026-06-21T04:00:33.780Z"
"Row2132",52,"F. Kessié","M",48.7,38.5,8117,"away",8321,"2026-06-21T04:00:33.780Z"
"Row2133",86,"C. I. Oulaï","M",45.6,58,6614,"away",8321,"2026-06-21T04:00:33.780Z"
"Row2134",58,"Y. Diomande","F",62.9,71.8,2895,"away",8321,"2026-06-21T04:00:33.780Z"
"Row2135",64,"Y. Fofana","G",9.3,46.2,6738,"away",8321,"2026-06-21T04:00:33.780Z"
"Row485",14,"D. Malen","F",80,19.5,515,"home",8320,"2026-06-21T01:00:33.681Z"
"Row486",31,"T. Reijnders","M",58.2,57.2,850,"home",8320,"2026-06-21T01:00:33.681Z"
"Row487",25,"C. Summerville","M",55.3,24.3,4092,"home",8320,"2026-06-21T01:00:33.681Z"
"Row488",67,"M. van de Ven","D",46,85.1,736,"home",8320,"2026-06-21T01:00:33.681Z"
"Row489",35,"T. Koopmeiners","M",44.1,59.8,2178,"home",8320,"2026-06-21T01:00:33.681Z"
"Row490",12,"G. Til","M",49.8,67.2,3512,"home",8320,"2026-06-21T01:00:33.681Z"
"Row491",19,"B. Brobbey","F",68,64.3,352,"home",8320,"2026-06-21T01:00:33.681Z"
"Row492",53,"R. Gravenberch","M",51.5,38.5,327,"home",8320,"2026-06-21T01:00:33.681Z"
"Row493",10,"M. Depay","F",58.6,61.2,3940,"home",8320,"2026-06-21T01:00:33.681Z"
"Row494",66,"D. Dumfries","M",54.7,16.9,3981,"home",8320,"2026-06-21T01:00:33.681Z"
"Row495",59,"C. Gakpo","M",67.8,81,331,"home",8320,"2026-06-21T01:00:33.681Z"
"Row496",71,"F. de Jong","M",49.8,61.4,3662,"home",8320,"2026-06-21T01:00:33.681Z"
"Row497",56,"B. Verbruggen","G",9.2,51,482,"home",8320,"2026-06-21T01:00:33.681Z"
"Row498",2,"N. Lang","F",72.8,95.8,1092,"home",8320,"2026-06-21T01:00:33.681Z"
"Row499",100,"V. van Dijk","D",36,62.2,325,"home",8320,"2026-06-21T01:00:33.681Z"
"Row500",96,"J. P. van Hecke","D",38.2,33.6,484,"home",8320,"2026-06-21T01:00:33.681Z"
"Row2104",35,"V. Gyökeres","F",66.4,48.4,456,"away",8320,"2026-06-21T01:00:33.681Z"
"Row2105",42,"A. Bernhardsson","F",46.4,15.3,28070,"away",8320,"2026-06-21T01:00:33.681Z"
"Row2106",45,"K. Nordfeldt","G",8.3,48,15999,"away",8320,"2026-06-21T01:00:33.681Z"
"Row2107",35,"J. Karlström","M",50.6,50.2,2568,"away",8320,"2026-06-21T01:00:33.681Z"
"Row2108",29,"L. Bergvall","M",52.3,40.4,726,"away",8320,"2026-06-21T01:00:33.681Z"
"Row2109",26,"A. Elanga","F",75.6,26.7,710,"away",8320,"2026-06-21T01:00:33.681Z"
"Row2110",33,"B. Zeneli","M",47.3,57.1,8600,"away",8320,"2026-06-21T01:00:33.681Z"
"Row2111",36,"B. Nygren","F",60.8,38.9,3394,"away",8320,"2026-06-21T01:00:33.681Z"
"Row2112",85,"G. Lagerbielke","D",37.2,21.7,884,"away",8320,"2026-06-21T01:00:33.681Z"
"Row2113",56,"Y. Ayari","M",56.9,53.4,1632,"away",8320,"2026-06-21T01:00:33.681Z"
"Row2114",49,"G. Gudmundsson","D",45.7,82.1,370,"away",8320,"2026-06-21T01:00:33.681Z"
"Row2115",12,"T. Ali","M",71.3,81.3,4400,"away",8320,"2026-06-21T01:00:33.681Z"
"Row2116",84,"I. Hien","D",31,38.5,1299,"away",8320,"2026-06-21T01:00:33.681Z"
"Row2117",74,"V. Lindelöf","D",33.9,67.8,519,"away",8320,"2026-06-21T01:00:33.681Z"
"Row2118",5,"E. Stroud","M",34.6,73.5,16077,"away",8320,"2026-06-21T01:00:33.681Z"
"Row2119",49,"A. Isak","F",59,58.8,332,"away",8320,"2026-06-21T01:00:33.681Z"
"Row469",8,"K. Aktürkoğlu","F",82.8,45.4,3415,"home",8315,"2026-06-20T11:00:33.287Z"
"Row470",104,"A. Güler","M",64.1,35.4,597,"home",8315,"2026-06-20T11:00:33.287Z"
"Row471",85,"F. Kadıoğlu","D",60.3,84.8,486,"home",8315,"2026-06-20T11:00:33.287Z"
"Row472",104,"M. Demiral","D",49.7,38,8112,"home",8315,"2026-06-20T11:00:33.287Z"
"Row473",26,"E. Elmalı","D",55.3,78,4217,"home",8315,"2026-06-20T11:00:33.287Z"
"Row474",12,"O. Kökçü","M",60.8,26.6,5835,"home",8315,"2026-06-20T11:00:33.287Z"
"Row475",29,"B. A. Yılmaz","M",78.2,26.4,3734,"home",8315,"2026-06-20T11:00:33.287Z"
"Row476",41,"Y. Akgün","M",68,24.2,4435,"home",8315,"2026-06-20T11:00:33.287Z"
"Row477",7,"D. Gül","F",68.6,56.2,3449,"home",8315,"2026-06-20T11:00:33.287Z"
"Row478",40,"U. Çakır","G",21.4,49.1,3724,"home",8315,"2026-06-20T11:00:33.287Z"
"Row479",32,"C. Uzun","M",63.9,69.5,4308,"home",8315,"2026-06-20T11:00:33.287Z"
"Row480",133,"A. Bardakcı","D",47.2,71.7,3727,"home",8315,"2026-06-20T11:00:33.287Z"
"Row481",97,"K. Yıldız","F",74.1,80.6,2184,"home",8315,"2026-06-20T11:00:33.287Z"
"Row482",98,"M. Müldür","D",62.6,18.9,3420,"home",8315,"2026-06-20T11:00:33.287Z"
"Row483",84,"İ. Yüksek","M",52.3,52.7,4172,"home",8315,"2026-06-20T11:00:33.287Z"
"Row484",121,"H. Çalhanoğlu","M",57.6,57.2,1684,"home",8315,"2026-06-20T11:00:33.287Z"
"Row2088",8,"A. Maidana","D",52.6,40.2,16913,"away",8315,"2026-06-20T11:00:33.287Z"
"Row2089",5,"G. Ávalos","F",75.1,52.5,16919,"away",8315,"2026-06-20T11:00:33.287Z"
"Row2090",15,"D. Bobadilla","M",30.6,26.1,143,"away",8315,"2026-06-20T11:00:33.287Z"
"Row2091",59,"O. Gill","G",9.2,49.6,16917,"away",8315,"2026-06-20T11:00:33.287Z"
"Row2092",20,"I. Pitta","F",51.2,51.9,286,"away",8315,"2026-06-20T11:00:33.287Z"
"Row2093",31,"G. Gómez","D",24.6,41.6,26,"away",8315,"2026-06-20T11:00:33.287Z"
"Row2094",43,"J. Enciso","M",58.7,55.6,1710,"away",8315,"2026-06-20T11:00:33.287Z"
"Row2095",8,"J. Canale","D",53.4,79.7,16912,"away",8315,"2026-06-20T11:00:33.287Z"
"Row2096",12,"G. Velázquez","D",36.7,16.4,16915,"away",8315,"2026-06-20T11:00:33.287Z"
"Row2097",67,"J. Cáceres","D",30.7,15.6,16918,"away",8315,"2026-06-20T11:00:33.287Z"
"Row2098",29,"O. Alderete","D",28.1,56.1,345,"away",8315,"2026-06-20T11:00:33.287Z"
"Row2099",44,"J. Alonso","D",29.2,79.4,4,"away",8315,"2026-06-20T11:00:33.287Z"
"Row2100",59,"A. Cubas","M",34.4,46.8,9106,"away",8315,"2026-06-20T11:00:33.287Z"
"Row2101",27,"M. Almirón","M",37.7,43.4,9678,"away",8315,"2026-06-20T11:00:33.287Z"
"Row2102",57,"D. Gómez","M",43.1,48.1,488,"away",8315,"2026-06-20T11:00:33.287Z"
"Row2103",59,"M. Galarza","M",42.5,59.5,13574,"away",8315,"2026-06-20T11:00:33.287Z"
"Row453",47,"Alisson","G",10.2,47.8,322,"home",8318,"2026-06-20T08:30:33.141Z"
"Row454",31,"Rayan","M",55.3,19.6,663,"home",8318,"2026-06-20T08:30:33.141Z"
"Row455",47,"M. Cunha","F",58.4,50.6,4119,"home",8318,"2026-06-20T08:30:33.141Z"
"Row456",38,"Vinícius Jr.","F",66,78.4,595,"home",8318,"2026-06-20T08:30:33.141Z"
"Row457",31,"Raphinha","M",73,14.5,747,"home",8318,"2026-06-20T08:30:33.141Z"
"Row458",9,"Endrick","F",61.7,36,606,"home",8318,"2026-06-20T08:30:33.141Z"
"Row459",19,"G. Martinelli","F",57.2,66.4,452,"home",8318,"2026-06-20T08:30:33.141Z"
"Row460",103,"G. Magalhães","D",35.1,67.8,4072,"home",8318,"2026-06-20T08:30:33.141Z"
"Row461",72,"L. Paquetá","M",47.8,72.1,1642,"home",8318,"2026-06-20T08:30:33.141Z"
"Row462",82,"Danilo","D",40,17.9,49,"home",8318,"2026-06-20T08:30:33.141Z"
"Row463",63,"D. Santos","D",51.1,90.2,16392,"home",8318,"2026-06-20T08:30:33.141Z"
"Row464",9,"Éderson","M",70.3,32.7,1302,"home",8318,"2026-06-20T08:30:33.141Z"
"Row465",7,"D. Santos","M",47.8,59.7,3877,"home",8318,"2026-06-20T08:30:33.141Z"
"Row466",104,"Marquinhos","D",30.8,34,2244,"home",8318,"2026-06-20T08:30:33.141Z"
"Row467",54,"B. Guimarães","M",47.2,38.3,709,"home",8318,"2026-06-20T08:30:33.141Z"
"Row468",90,"Casemiro","M",42,54,1793,"home",8318,"2026-06-20T08:30:33.141Z"
"Row2072",45,"J. Placide","G",12.7,45.9,26638,"away",8318,"2026-06-20T08:30:33.141Z"
"Row2073",30,"R. Providence","M",63.4,80.1,17101,"away",8318,"2026-06-20T08:30:33.141Z"
"Row2074",26,"F. Pierrot","F",59.1,47.1,9020,"away",8318,"2026-06-20T08:30:33.141Z"
"Row2075",29,"C. Arcus","D",45.1,15,1387,"away",8318,"2026-06-20T08:30:33.141Z"
"Row2076",13,"L. Joseph","F",64.8,51.3,3439,"away",8318,"2026-06-20T08:30:33.141Z"
"Row2077",62,"J. Bellegarde","M",53.7,56.6,532,"away",8318,"2026-06-20T08:30:33.141Z"
"Row2078",25,"W. Isidor","F",64.5,53.8,353,"away",8318,"2026-06-20T08:30:33.141Z"
"Row2079",17,"L. D. Deedson","F",70.4,60.4,9717,"away",8318,"2026-06-20T08:30:33.141Z"
"Row2080",65,"R. Adé","D",35.2,46.4,17095,"away",8318,"2026-06-20T08:30:33.141Z"
"Row2081",73,"D. Jean Jacques","M",48.8,39.1,9069,"away",8318,"2026-06-20T08:30:33.141Z"
"Row2082",11,"D. Etienne","F",81.7,76.8,9553,"away",8318,"2026-06-20T08:30:33.141Z"
"Row2083",76,"M. Expérience","D",48.2,84.1,17099,"away",8318,"2026-06-20T08:30:33.141Z"
"Row2084",33,"J. Casimir","M",60.3,24,2103,"away",8318,"2026-06-20T08:30:33.141Z"
"Row2085",39,"D. Simon","M",51,55.1,59655,"away",8318,"2026-06-20T08:30:33.141Z"
"Row2086",73,"J. Duverne","D",38.2,17.9,4809,"away",8318,"2026-06-20T08:30:33.141Z"
"Row2087",71,"H. Delcroix","D",35,70,8568,"away",8318,"2026-06-20T08:30:33.141Z"
"Row437",35,"K. Tierney","D",53.9,79.6,3387,"home",8317,"2026-06-20T06:00:33.092Z"
"Row438",48,"N. Patterson","D",45,13,818,"home",8317,"2026-06-20T06:00:33.092Z"
"Row439",15,"C. Adams","F",50.5,52.7,1843,"home",8317,"2026-06-20T06:00:33.092Z"
"Row440",46,"R. Christie","M",48.4,42.9,3900,"home",8317,"2026-06-20T06:00:33.092Z"
"Row441",37,"J. McGinn","M",62.5,41.5,510,"home",8317,"2026-06-20T06:00:33.092Z"
"Row442",49,"A. Gunn","G",11.3,49,4789,"home",8317,"2026-06-20T06:00:33.092Z"
"Row443",20,"B. Doak","M",67.2,13.1,4027,"home",8317,"2026-06-20T06:00:33.092Z"
"Row444",5,"R. Stewart","F",83.7,64,7003,"home",8317,"2026-06-20T06:00:33.092Z"
"Row445",21,"K. McLean","M",53.2,53.5,6386,"home",8317,"2026-06-20T06:00:33.092Z"
"Row446",70,"G. Hanley","D",32.2,30.3,5890,"home",8317,"2026-06-20T06:00:33.092Z"
"Row447",15,"L. Dykes","F",62.7,57.9,6100,"home",8317,"2026-06-20T06:00:33.092Z"
"Row448",59,"S. McTominay","M",51,59.1,1088,"home",8317,"2026-06-20T06:00:33.092Z"
"Row449",7,"T. Ralston","D",49.6,26.4,3398,"home",8317,"2026-06-20T06:00:33.092Z"
"Row450",82,"A. Robertson","D",42.4,84.5,326,"home",8317,"2026-06-20T06:00:33.092Z"
"Row451",97,"L. Ferguson","M",43.2,55.3,966,"home",8317,"2026-06-20T06:00:33.092Z"
"Row452",87,"J. Hendry","D",34,64.5,8032,"home",8317,"2026-06-20T06:00:33.092Z"
"Row2057",38,"I. Saibari","M",63.4,54.6,3511,"away",8317,"2026-06-20T06:00:33.092Z"
"Row2058",50,"Bono","G",9.7,51.5,7990,"away",8317,"2026-06-20T06:00:33.092Z"
"Row2059",115,"A. Hakimi","D",52.6,16.4,4241,"away",8317,"2026-06-20T06:00:33.092Z"
"Row2060",7,"C. Talbi","M",54.8,82.2,350,"away",8317,"2026-06-20T06:00:33.092Z"
"Row2061",66,"B. Díaz","M",59.1,22.4,598,"away",8317,"2026-06-20T06:00:33.092Z"
"Row2062",4,"S. Rahimi","F",54,32.1,15371,"away",8317,"2026-06-20T06:00:33.092Z"
"Row2063",87,"A. Ounahi","M",55,37.2,1044,"away",8317,"2026-06-20T06:00:33.092Z"
"Row2064",12,"A. Amaimouni Echghouyab","F",65.9,10.7,8503,"away",8317,"2026-06-20T06:00:33.092Z"
"Row2065",107,"N. El Aynaoui","M",43.2,50.6,1070,"away",8317,"2026-06-20T06:00:33.092Z"
"Row2066",80,"A. Bouaddi","M",46.5,40.1,1451,"away",8317,"2026-06-20T06:00:33.092Z"
"Row2067",59,"B. E. Khannouss","M",58.7,71,1619,"away",8317,"2026-06-20T06:00:33.092Z"
"Row2068",78,"N. Mazraoui","D",39.7,83,1799,"away",8317,"2026-06-20T06:00:33.092Z"
"Row2069",8,"S. E. Mourabet","M",58.2,44.9,1706,"away",8317,"2026-06-20T06:00:33.092Z"
"Row2070",111,"I. Diop","D",30.7,26.4,4377,"away",8317,"2026-06-20T06:00:33.092Z"
"Row2071",81,"C. Riad","D",30.8,63.1,8593,"away",8317,"2026-06-20T06:00:33.092Z"
"Row421",42,"F. Balogun","F",67.5,53.7,2232,"home",8316,"2026-06-20T03:00:33.604Z"
"Row422",37,"M. Freese","G",8.8,50.2,9116,"home",8316,"2026-06-20T03:00:33.604Z"
"Row423",44,"S. Dest","D",67.8,16.9,3503,"home",8316,"2026-06-20T03:00:33.604Z"
"Row424",124,"C. Richards","D",36.9,38,423,"home",8316,"2026-06-20T03:00:33.604Z"
"Row425",1,"G. Reyna","M",47.9,76,2878,"home",8316,"2026-06-20T03:00:33.604Z"
"Row426",19,"S. Berhalter","M",49.1,58.7,9104,"home",8316,"2026-06-20T03:00:33.604Z"
"Row427",44,"R. Pepi","F",55.1,68.7,3513,"home",8316,"2026-06-20T03:00:33.604Z"
"Row428",14,"A. Trusty","D",40.5,82.7,3385,"home",8316,"2026-06-20T03:00:33.604Z"
"Row429",9,"J. Scally","D",42.4,25,2868,"home",8316,"2026-06-20T03:00:33.604Z"
"Row430",99,"T. Adams","M",45.2,52.7,788,"home",8316,"2026-06-20T03:00:33.604Z"
"Row431",3,"H. Wright","F",61.9,77.7,6430,"home",8316,"2026-06-20T03:00:33.604Z"
"Row432",78,"A. Robinson","D",48.5,87.1,4559,"home",8316,"2026-06-20T03:00:33.604Z"
"Row433",66,"W. McKennie","M",60.6,30.5,2179,"home",8316,"2026-06-20T03:00:33.604Z"
"Row434",92,"M. Tillman","M",63.8,65.8,2143,"home",8316,"2026-06-20T03:00:33.604Z"
"Row435",99,"A. Freeman","D",46.2,19.8,8860,"home",8316,"2026-06-20T03:00:33.604Z"
"Row436",92,"T. Ream","D",39.1,71.9,9229,"home",8316,"2026-06-20T03:00:33.604Z"
"Row2041",14,"M. Touré","F",59.6,50.9,8991,"away",8316,"2026-06-20T03:00:33.604Z"
"Row2042",28,"C. Burgess","D",17.8,75.6,6525,"away",8316,"2026-06-20T03:00:33.604Z"
"Row2043",37,"M. Leckie","M",60.5,39.8,57496,"away",8316,"2026-06-20T03:00:33.604Z"
"Row2044",21,"N. Velupillay","M",45.3,80.8,55793,"away",8316,"2026-06-20T03:00:33.604Z"
"Row2045",45,"J. Geria","D",39.7,17.8,42887,"away",8316,"2026-06-20T03:00:33.604Z"
"Row2046",28,"C. Metcalfe","M",47.6,29.5,2490,"away",8316,"2026-06-20T03:00:33.604Z"
"Row2047",57,"P. Okon-Engstler","M",42.4,65.7,58823,"away",8316,"2026-06-20T03:00:33.604Z"
"Row2048",33,"C. Volpato","M",68,40.6,2854,"away",8316,"2026-06-20T03:00:33.604Z"
"Row2049",23,"N. Irankunda","F",70.7,40.5,6040,"away",8316,"2026-06-20T03:00:33.604Z"
"Row2050",28,"P. Beach","G",10.1,49.4,58824,"away",8316,"2026-06-20T03:00:33.604Z"
"Row2051",58,"J. Bos","D",46.7,85.8,4396,"away",8316,"2026-06-20T03:00:33.604Z"
"Row2052",12,"J. Irvine","M",69.6,46.9,2484,"away",8316,"2026-06-20T03:00:33.604Z"
"Row2053",65,"J. Italiano","M",53.9,17.2,30894,"away",8316,"2026-06-20T03:00:33.604Z"
"Row2054",66,"A. O'Neill","M",46.6,44.2,9142,"away",8316,"2026-06-20T03:00:33.604Z"
"Row2055",68,"A. Circati","D",37.5,48.1,4264,"away",8316,"2026-06-20T03:00:33.604Z"
"Row2056",52,"H. Souttar","D",39.7,45.5,23925,"away",8316,"2026-06-20T03:00:33.604Z"
"Row405",46,"J. Sánchez","D",41.8,16.7,10045,"home",8314,"2026-06-19T09:00:32.527Z"
"Row406",39,"R. Jiménez","F",59.2,48.1,833,"home",8314,"2026-06-19T09:00:32.527Z"
"Row407",26,"B. Gutiérrez","M",51.4,41.2,9355,"home",8314,"2026-06-19T09:00:32.527Z"
"Row408",57,"R. Rangel","G",9.6,49.9,10161,"home",8314,"2026-06-19T09:00:32.527Z"
"Row409",47,"R. Alvarado","F",42.1,20.1,10169,"home",8314,"2026-06-19T09:00:32.527Z"
"Row410",8,"I. Reyes","D",27.3,25.1,10107,"home",8314,"2026-06-19T09:00:32.527Z"
"Row411",10,"S. Giménez","F",65,80.9,4328,"home",8314,"2026-06-19T09:00:32.527Z"
"Row412",70,"E. Lira","D",46.7,52.7,10043,"home",8314,"2026-06-19T09:00:32.527Z"
"Row413",20,"O. Vargas","M",63.1,69.3,9006,"home",8314,"2026-06-19T09:00:32.527Z"
"Row414",11,"O. Pineda","M",55.6,63.7,11161,"home",8314,"2026-06-19T09:00:32.527Z"
"Row415",62,"L. Romo","D",47.3,53.3,10370,"home",8314,"2026-06-19T09:00:32.527Z"
"Row416",9,"C. Huerta","M",51.8,83.7,7775,"home",8314,"2026-06-19T09:00:32.527Z"
"Row417",53,"J. Quiñones","F",54.5,72.9,8296,"home",8314,"2026-06-19T09:00:32.527Z"
"Row418",68,"J. Vásquez","D",31.6,65.9,2591,"home",8314,"2026-06-19T09:00:32.527Z"
"Row419",99,"E. Álvarez","M",32.2,39.8,3411,"home",8314,"2026-06-19T09:00:32.527Z"
"Row420",78,"J. Gallardo","D",41.7,87.3,10088,"home",8314,"2026-06-19T09:00:32.527Z"
"Row2025",37,"M. Kim","D",47.7,14.8,17042,"away",8314,"2026-06-19T09:00:32.527Z"
"Row2026",47,"Y. W. Seol","D",56.3,92.1,3056,"away",8314,"2026-06-19T09:00:32.527Z"
"Row2027",26,"S. Heung-min","F",69.5,58.6,9190,"away",8314,"2026-06-19T09:00:32.527Z"
"Row2028",47,"J. Lee","M",51.7,72.8,1197,"away",8314,"2026-06-19T09:00:32.527Z"
"Row2029",25,"H. Hee-chan","F",54,66.8,533,"away",8314,"2026-06-19T09:00:32.527Z"
"Row2030",16,"J. Eom","M",57.2,66.7,6533,"away",8314,"2026-06-19T09:00:32.527Z"
"Row2031",11,"H. Oh","F",67.6,48.6,3131,"away",8314,"2026-06-19T09:00:32.527Z"
"Row2032",23,"Y. Hyun-Jun","F",40.4,16.3,3392,"away",8314,"2026-06-19T09:00:32.527Z"
"Row2033",72,"S. Paik","M",48.3,53.4,6092,"away",8314,"2026-06-19T09:00:32.527Z"
"Row2034",109,"K. Min-jae","D",36.4,49.9,2458,"away",8314,"2026-06-19T09:00:32.527Z"
"Row2035",111,"G. Lee","D",38,71.6,43953,"away",8314,"2026-06-19T09:00:32.527Z"
"Row2036",101,"H. Lee","D",42.7,20.9,3259,"away",8314,"2026-06-19T09:00:32.527Z"
"Row2037",8,"G. Cho","F",79.7,38.7,3263,"away",8314,"2026-06-19T09:00:32.527Z"
"Row2038",67,"K. Seung-gyu","G",12.3,46.2,17046,"away",8314,"2026-06-19T09:00:32.527Z"
"Row2039",79,"H. In-beom","M",50.4,45.7,4397,"away",8314,"2026-06-19T09:00:32.527Z"
"Row2040",75,"K. Lee","M",53.6,48.4,2250,"away",8314,"2026-06-19T09:00:32.527Z"
"Row389",25,"M. Crépeau","G",21.7,51.5,9267,"home",8313,"2026-06-19T06:00:32.465Z"
"Row390",43,"J. Shaffelburg","M",65,83.5,9296,"home",8313,"2026-06-19T06:00:32.465Z"
"Row391",46,"N. Saliba","M",67.3,66.4,7351,"home",8313,"2026-06-19T06:00:32.465Z"
"Row392",51,"A. Ahmed","M",79.9,69.7,8580,"home",8313,"2026-06-19T06:00:32.465Z"
"Row393",42,"M. Bombito","D",62,40,4514,"home",8313,"2026-06-19T06:00:32.465Z"
"Row394",15,"T. Oluwaseyi","F",69.9,76.9,1779,"home",8313,"2026-06-19T06:00:32.465Z"
"Row395",117,"S. Eustaquio","M",68.9,56,1011,"home",8313,"2026-06-19T06:00:32.465Z"
"Row396",20,"N. Sigur","D",85.7,19.4,16947,"home",8313,"2026-06-19T06:00:32.465Z"
"Row397",37,"C. Larin","F",80,58.7,4164,"home",8313,"2026-06-19T06:00:32.465Z"
"Row398",69,"T. Buchanan","M",81.2,18.8,1769,"home",8313,"2026-06-19T06:00:32.465Z"
"Row399",69,"I. Koné","M",65.3,41.8,2848,"home",8313,"2026-06-19T06:00:32.465Z"
"Row400",47,"J. David","F",77.7,44.8,2186,"home",8313,"2026-06-19T06:00:32.465Z"
"Row401",91,"A. Johnston","D",73.9,20.4,4406,"home",8313,"2026-06-19T06:00:32.465Z"
"Row402",39,"D. Cornelius","D",54.4,61.8,4155,"home",8313,"2026-06-19T06:00:32.465Z"
"Row403",63,"L. D. Fougerolles","D",56.3,45,7612,"home",8313,"2026-06-19T06:00:32.465Z"
"Row404",89,"R. Laryea","D",62.9,71.2,9548,"home",8313,"2026-06-19T06:00:32.465Z"
"Row2009",19,"J. G. Abdulsallam","M",34.4,27.3,53908,"away",8313,"2026-06-19T06:00:32.465Z"
"Row2010",19,"S. Al-Brake","D",21.8,65.9,53925,"away",8313,"2026-06-19T06:00:32.465Z"
"Row2011",23,"A. Al-Hussain","D",32.1,26.1,53920,"away",8313,"2026-06-19T06:00:32.465Z"
"Row2012",51,"M. I. Abunada","G",7.5,48.4,53904,"away",8313,"2026-06-19T06:00:32.465Z"
"Row2013",22,"Y. Abdurisag","F",36.9,68,53912,"away",8313,"2026-06-19T06:00:32.465Z"
"Row2014",2,"L. Mendes","D",15.4,56.2,53919,"away",8313,"2026-06-19T06:00:32.465Z"
"Row2015",32,"A. Madibo","M",26.5,45,53918,"away",8313,"2026-06-19T06:00:32.465Z"
"Row2016",19,"H. Al-Amin","D",42,84.9,35888,"away",8313,"2026-06-19T06:00:32.465Z"
"Row2017",28,"E. Junior","M",31.3,29.4,53911,"away",8313,"2026-06-19T06:00:32.465Z"
"Row2018",34,"P. Miguel","D",20.5,27.2,53906,"away",8313,"2026-06-19T06:00:32.465Z"
"Row2019",13,"M. N. Almanai","M",24.6,56.5,53914,"away",8313,"2026-06-19T06:00:32.465Z"
"Row2020",13,"A. Fathi","M",20.4,55.1,53909,"away",8313,"2026-06-19T06:00:32.465Z"
"Row2021",28,"A. Afif","M",47.5,72.9,53913,"away",8313,"2026-06-19T06:00:32.465Z"
"Row2022",37,"I. Laye","D",28.6,57.7,53910,"away",8313,"2026-06-19T06:00:32.465Z"
"Row2023",43,"A. A. Oui","D",19.2,20.2,53905,"away",8313,"2026-06-19T06:00:32.465Z"
"Row2024",56,"B. Khoukhi","D",20.8,52.9,53907,"away",8313,"2026-06-19T06:00:32.465Z"
"Row373",45,"F. Rieder","M",66.6,56,2404,"home",8312,"2026-06-19T03:00:32.442Z"
"Row374",54,"S. Widmer","M",42.8,15.2,1208,"home",8312,"2026-06-19T03:00:32.442Z"
"Row375",35,"B. Embolo","F",68.6,52.4,2811,"home",8312,"2026-06-19T03:00:32.442Z"
"Row376",25,"J. Manzambi","M",70.4,37.4,1178,"home",8312,"2026-06-19T03:00:32.442Z"
"Row377",16,"R. Vargas","M",79.6,76.2,3803,"home",8312,"2026-06-19T03:00:32.442Z"
"Row378",52,"M. Aebischer","M",58.1,46.9,1660,"home",8312,"2026-06-19T03:00:32.442Z"
"Row379",48,"D. Ndoye","M",73.7,74.9,551,"home",8312,"2026-06-19T03:00:32.442Z"
"Row380",12,"L. Jaquez","D",45.7,12.7,3119,"home",8312,"2026-06-19T03:00:32.442Z"
"Row381",105,"M. Akanji","D",37.8,61.8,1679,"home",8312,"2026-06-19T03:00:32.442Z"
"Row382",12,"D. Sow","M",52,51.1,1550,"home",8312,"2026-06-19T03:00:32.442Z"
"Row383",3,"C. Itten","F",60.6,43.9,27743,"home",8312,"2026-06-19T03:00:32.442Z"
"Row384",49,"G. Kobel","G",11.4,47.7,2155,"home",8312,"2026-06-19T03:00:32.442Z"
"Row385",87,"R. Rodríguez","D",59.1,86.1,1582,"home",8312,"2026-06-19T03:00:32.442Z"
"Row386",90,"N. Elvedi","D",37,32.3,2869,"home",8312,"2026-06-19T03:00:32.442Z"
"Row387",127,"G. Xhaka","M",52.2,58.5,348,"home",8312,"2026-06-19T03:00:32.442Z"
"Row388",95,"R. Freuler","M",51.2,46,4266,"home",8312,"2026-06-19T03:00:32.442Z"
"Row1993",29,"B. Tahirović","M",44.9,53.8,26812,"away",8312,"2026-06-19T03:00:32.442Z"
"Row1994",16,"E. Bajraktarević","F",55.7,44.6,3515,"away",8312,"2026-06-19T03:00:32.442Z"
"Row1995",17,"I. Bašić","M",53.4,56.6,53960,"away",8312,"2026-06-19T03:00:32.442Z"
"Row1996",5,"J. Lukić","F",66.7,59,10686,"away",8312,"2026-06-19T03:00:32.442Z"
"Row1997",4,"A. Hadžiahmetović","M",57.5,69.8,6193,"away",8312,"2026-06-19T03:00:32.442Z"
"Row1998",70,"N. Katić","D",24.1,31.6,27586,"away",8312,"2026-06-19T03:00:32.442Z"
"Row1999",3,"E. Mahmić","M",75.8,61.2,53958,"away",8312,"2026-06-19T03:00:32.442Z"
"Row2000",75,"T. Muharemović","D",29.4,59.5,2846,"away",8312,"2026-06-19T03:00:32.442Z"
"Row2001",27,"E. Demirović","F",58,54.9,4516,"away",8312,"2026-06-19T03:00:32.442Z"
"Row2002",63,"A. Dedić","D",34.8,28.5,2052,"away",8312,"2026-06-19T03:00:32.442Z"
"Row2003",47,"A. Memić","M",48.2,71.7,3222,"away",8312,"2026-06-19T03:00:32.442Z"
"Row2004",41,"E. Džeko","F",47.3,54.5,1343,"away",8312,"2026-06-19T03:00:32.442Z"
"Row2005",75,"S. Kolašinac","D",44.9,83,1312,"away",8312,"2026-06-19T03:00:32.442Z"
"Row2006",53,"I. Šunjić","M",37.3,52.9,3604,"away",8312,"2026-06-19T03:00:32.442Z"
"Row2007",47,"K. Alajbegović","M",61.8,80.1,3046,"away",8312,"2026-06-19T03:00:32.442Z"
"Row2008",60,"N. Vasilj","G",12.5,49.5,2476,"away",8312,"2026-06-19T03:00:32.442Z"
"Row357",37,"V. Darida","M",43.3,61.8,53970,"home",8311,"2026-06-19T00:00:32.322Z"
"Row358",57,"V. Coufal","D",52.4,17.6,2377,"home",8311,"2026-06-19T00:00:32.322Z"
"Row359",37,"M. Kovář","G",9,49.2,3502,"home",8311,"2026-06-19T00:00:32.322Z"
"Row360",50,"T. Holeš","D",36.5,27.5,3710,"home",8311,"2026-06-19T00:00:32.322Z"
"Row361",33,"A. Hložek","F",61.3,60.3,5156,"home",8311,"2026-06-19T00:00:32.322Z"
"Row362",43,"P. Schick","F",56.6,47.8,2145,"home",8311,"2026-06-19T00:00:32.322Z"
"Row363",31,"P. Šulc","F",59.2,55.4,1112,"home",8311,"2026-06-19T00:00:32.322Z"
"Row364",25,"J. Zelený","D",54.7,80.1,26388,"home",8311,"2026-06-19T00:00:32.322Z"
"Row365",43,"M. Sadílek","M",50.1,62.8,3703,"home",8311,"2026-06-19T00:00:32.322Z"
"Row366",12,"L. Provod","F",68.5,44.1,3706,"home",8311,"2026-06-19T00:00:32.322Z"
"Row367",19,"T. Souček","M",47.6,52.9,1647,"home",8311,"2026-06-19T00:00:32.322Z"
"Row368",40,"L. Červ","M",43.4,49.4,3224,"home",8311,"2026-06-19T00:00:32.322Z"
"Row369",14,"D. Zima","D",29.4,27.3,3700,"home",8311,"2026-06-19T00:00:32.322Z"
"Row370",50,"A. Sojka","M",46.4,85.5,12264,"home",8311,"2026-06-19T00:00:32.322Z"
"Row371",56,"R. Hranáč","D",27.3,41.8,2378,"home",8311,"2026-06-19T00:00:32.322Z"
"Row372",88,"L. Krejčí","D",37.2,74.3,3904,"home",8311,"2026-06-19T00:00:32.322Z"
"Row1979",51,"T. Mbatha","M",47.4,50.2,15476,"away",8311,"2026-06-19T00:00:32.322Z"
"Row1980",22,"I. Rayners","F",70.1,60.1,14402,"away",8311,"2026-06-19T00:00:32.322Z"
"Row1981",31,"R. Mofokeng","M",66.5,49.4,15469,"away",8311,"2026-06-19T00:00:32.322Z"
"Row1982",135,"T. Mokoena","M",47.1,49.1,14399,"away",8311,"2026-06-19T00:00:32.322Z"
"Row1983",88,"K. Mudau","D",48.9,16.2,14394,"away",8311,"2026-06-19T00:00:32.322Z"
"Row1984",21,"E. Makgopa","F",62.1,36.7,15470,"away",8311,"2026-06-19T00:00:32.322Z"
"Row1985",12,"K. Sebelebele","M",52.4,23.1,24227,"away",8311,"2026-06-19T00:00:32.322Z"
"Row1986",26,"J. Adams","M",49.3,50,14398,"away",8311,"2026-06-19T00:00:32.322Z"
"Row1987",74,"R. Williams","G",15.3,53.1,14393,"away",8311,"2026-06-19T00:00:32.322Z"
"Row1988",45,"T. Maseko","M",65.6,20.6,15830,"away",8311,"2026-06-19T00:00:32.322Z"
"Row1989",104,"I. Okon","D",35,29.3,16737,"away",8311,"2026-06-19T00:00:32.322Z"
"Row1990",99,"M. Mbokazi","D",29.7,67.2,12123,"away",8311,"2026-06-19T00:00:32.322Z"
"Row1991",91,"A. Modiba","D",52.7,81.3,14397,"away",8311,"2026-06-19T00:00:32.322Z"
"Row1992",61,"O. Appollis","M",67,63.6,15468,"away",8311,"2026-06-19T00:00:32.322Z"
"Row342",10,"O. Urunov","M",49.6,69.4,55630,"home",8310,"2026-06-18T10:00:31.860Z"
"Row343",46,"U. Yusupov","G",10,49.7,55371,"home",8310,"2026-06-18T10:00:31.860Z"
"Row344",34,"E. Shomurodov","F",60.1,58.8,6643,"home",8310,"2026-06-18T10:00:31.860Z"
"Row345",39,"A. Fayzullaev","M",58.8,33.4,6642,"home",8310,"2026-06-18T10:00:31.860Z"
"Row346",14,"S. Nasrullaev","D",47.9,89,55373,"home",8310,"2026-06-18T10:00:31.860Z"
"Row347",47,"A. Mozgovoy","M",44.6,49.3,55375,"home",8310,"2026-06-18T10:00:31.860Z"
"Row348",21,"F. Sayfiev","D",65.3,90.5,55388,"home",8310,"2026-06-18T10:00:31.860Z"
"Row349",30,"D. Khamdamov","M",51.6,34.4,59376,"home",8310,"2026-06-18T10:00:31.860Z"
"Row350",28,"J. Urozov","D",40.5,80,59373,"home",8310,"2026-06-18T10:00:31.860Z"
"Row351",13,"Azizbek Amanov","M",68.9,58.2,56128,"home",8310,"2026-06-18T10:00:31.860Z"
"Row352",51,"A. Khusanov","D",32.1,26.8,860,"home",8310,"2026-06-18T10:00:31.860Z"
"Row353",55,"B. Karimov","D",45.6,12.4,59413,"home",8310,"2026-06-18T10:00:31.860Z"
"Row354",62,"R. Ashurmatov","D",31,78.1,55387,"home",8310,"2026-06-18T10:00:31.860Z"
"Row355",73,"O. Shukurov","M",46.3,62.7,55629,"home",8310,"2026-06-18T10:00:31.860Z"
"Row356",59,"A. Abdullaev","M",32.4,45.6,55385,"home",8310,"2026-06-18T10:00:31.860Z"
"Row1963",19,"L. J. Suárez ","F",65.1,48.1,1221,"away",8310,"2026-06-18T10:00:31.860Z"
"Row1964",2,"A. Gómez","M",24.9,23.9,662,"away",8310,"2026-06-18T10:00:31.860Z"
"Row1965",92,"J. Lerma","M",52.3,46.4,428,"away",8310,"2026-06-18T10:00:31.860Z"
"Row1966",54,"L. Díaz","M",65.2,73.5,2465,"away",8310,"2026-06-18T10:00:31.860Z"
"Row1967",15,"J. Campaz","M",65.6,32.8,16391,"away",8310,"2026-06-18T10:00:31.860Z"
"Row1968",13,"R. Ríos","M",48.3,24.1,3788,"away",8310,"2026-06-18T10:00:31.860Z"
"Row1969",61,"J. Arias","M",63.9,63.4,530,"away",8310,"2026-06-18T10:00:31.860Z"
"Row1970",11,"C. Hernández","F",60.6,37.7,1578,"away",8310,"2026-06-18T10:00:31.860Z"
"Row1971",54,"C. Vargas","G",9.5,51.1,10304,"away",8310,"2026-06-18T10:00:31.860Z"
"Row1972",1,"K. Castaño","M",27,36.2,16385,"away",8310,"2026-06-18T10:00:31.860Z"
"Row1973",96,"D. Sánchez","D",37.8,30.3,3726,"away",8310,"2026-06-18T10:00:31.860Z"
"Row1974",55,"J. Mojica","D",49.3,86.7,2641,"away",8310,"2026-06-18T10:00:31.860Z"
"Row1975",78,"D. Muñoz","M",46.3,13.6,426,"away",8310,"2026-06-18T10:00:31.860Z"
"Row1976",68,"G. Puerta","M",56.7,34.2,16386,"away",8310,"2026-06-18T10:00:31.860Z"
"Row1977",67,"J. Rodríguez","M",59,47.6,10128,"away",8310,"2026-06-18T10:00:31.860Z"
"Row1978",86,"J. Lucumí","D",35.9,62.7,949,"away",8310,"2026-06-18T10:00:31.860Z"
"Row326",23,"L. A. Zigi","G",8.1,48.2,7215,"home",8309,"2026-06-18T07:00:31.810Z"
"Row327",24,"B. Asare","G",6.8,47.9,16698,"home",8309,"2026-06-18T07:00:31.810Z"
"Row328",34,"E. Nuamah","F",57.4,17.3,24027,"home",8309,"2026-06-18T07:00:31.810Z"
"Row329",26,"A. F. Issahaku","M",62.7,21.9,6131,"home",8309,"2026-06-18T07:00:31.810Z"
"Row330",14,"P. K. Adu","F",47.5,82.6,3225,"home",8309,"2026-06-18T07:00:31.810Z"
"Row331",61,"J. Opoku","D",29.7,64.2,6638,"home",8309,"2026-06-18T07:00:31.810Z"
"Row332",80,"J. A. Adjetey","D",32.9,28.9,3146,"home",8309,"2026-06-18T07:00:31.810Z"
"Row333",31,"K. Sulemana","F",59.3,77.8,1310,"home",8309,"2026-06-18T07:00:31.810Z"
"Row334",47,"A. Semenyo","M",59.3,80,792,"home",8309,"2026-06-18T07:00:31.810Z"
"Row335",82,"G. Mensah","D",39.7,84.4,2095,"home",8309,"2026-06-18T07:00:31.810Z"
"Row336",60,"C. Yirenkyi","M",49.1,38.4,16696,"home",8309,"2026-06-18T07:00:31.810Z"
"Row337",23,"K. Sibo","M",42.9,53.8,1984,"home",8309,"2026-06-18T07:00:31.810Z"
"Row338",15,"B. Thomas-Asante","F",69.6,59.8,6887,"home",8309,"2026-06-18T07:00:31.810Z"
"Row339",42,"E. Owusu","M",48.6,55.9,4009,"home",8309,"2026-06-18T07:00:31.810Z"
"Row340",63,"M. Senaya","D",42.9,11.4,4008,"home",8309,"2026-06-18T07:00:31.810Z"
"Row341",54,"J. Ayew","F",62.6,53.3,6134,"home",8309,"2026-06-18T07:00:31.810Z"
"Row1948",14,"I. Díaz","M",66.5,62.6,10127,"away",8309,"2026-06-18T07:00:31.810Z"
"Row1949",11,"A. Godoy","M",44.6,68.3,9054,"away",8309,"2026-06-18T07:00:31.810Z"
"Row1950",118,"J. Ramos","D",37.1,23.8,16748,"away",8309,"2026-06-18T07:00:31.810Z"
"Row1951",91,"A. Murillo","D",45.1,11,4082,"away",8309,"2026-06-18T07:00:31.810Z"
"Row1952",47,"J. L. Rodríguez","M",64.9,80.2,10334,"away",8309,"2026-06-18T07:00:31.810Z"
"Row1953",40,"O. Mosquera","G",13.2,49.1,8050,"away",8309,"2026-06-18T07:00:31.810Z"
"Row1954",133,"A. Andrade","D",37.9,81.6,16746,"away",8309,"2026-06-18T07:00:31.810Z"
"Row1955",120,"J. Córdoba","D",31,56.7,6393,"away",8309,"2026-06-18T07:00:31.810Z"
"Row1956",9,"J. Fajardo","F",47.5,59.1,16745,"away",8309,"2026-06-18T07:00:31.810Z"
"Row1957",16,"C. Waterman","F",75.2,50.7,16744,"away",8309,"2026-06-18T07:00:31.810Z"
"Row1958",38,"C. Martínez","M",62.7,18.8,16741,"away",8309,"2026-06-18T07:00:31.810Z"
"Row1959",91,"C. Harvey","M",47.4,40.7,9102,"away",8309,"2026-06-18T07:00:31.810Z"
"Row1960",22,"A. Londoño","M",47.7,34.7,21220,"away",8309,"2026-06-18T07:00:31.810Z"
"Row1961",73,"C. Blackman","D",50.9,91.2,12373,"away",8309,"2026-06-18T07:00:31.810Z"
"Row1962",77,"Y. Bárcenas","M",51.8,60.4,10252,"away",8309,"2026-06-18T07:00:31.810Z"
"Row310",29,"N. Madueke","F",69.6,20,450,"home",8308,"2026-06-18T04:00:31.820Z"
"Row311",18,"A. Gordon","F",66.3,61.9,711,"home",8308,"2026-06-18T04:00:31.820Z"
"Row312",43,"H. Kane","F",57.8,56,2466,"home",8308,"2026-06-18T04:00:31.820Z"
"Row313",17,"M. Rashford","F",60.3,78.7,750,"home",8308,"2026-06-18T04:00:31.820Z"
"Row314",15,"B. Saka","F",46.6,20.6,455,"home",8308,"2026-06-18T04:00:31.820Z"
"Row315",14,"M. Rogers","M",56,41,511,"home",8308,"2026-06-18T04:00:31.820Z"
"Row316",12,"D. Spence","D",46.9,10.7,735,"home",8308,"2026-06-18T04:00:31.820Z"
"Row317",8,"M. Guéhi","D",29.8,67.4,425,"home",8308,"2026-06-18T04:00:31.820Z"
"Row318",51,"J. Bellingham","M",51.7,42.9,592,"home",8308,"2026-06-18T04:00:31.820Z"
"Row319",84,"J. Pickford","G",13.7,51.5,803,"home",8308,"2026-06-18T04:00:31.820Z"
"Row320",81,"J. Stones","D",30.9,69.8,854,"home",8308,"2026-06-18T04:00:31.820Z"
"Row321",60,"D. Rice","M",61.4,58.4,449,"home",8308,"2026-06-18T04:00:31.820Z"
"Row322",67,"R. James","D",44.5,24.4,400,"home",8308,"2026-06-18T04:00:31.820Z"
"Row323",70,"N. O’Reilly","D",44.7,83.5,847,"home",8308,"2026-06-18T04:00:31.820Z"
"Row324",88,"E. Konsa","D",32.8,33.5,504,"home",8308,"2026-06-18T04:00:31.820Z"
"Row325",93,"E. Anderson","M",43.1,49.2,548,"home",8308,"2026-06-18T04:00:31.820Z"
"Row1932",56,"D. Livaković","G",8.2,48,1053,"away",8308,"2026-06-18T04:00:31.820Z"
"Row1933",31,"P. Musa","F",60.2,37.1,9331,"away",8308,"2026-06-18T04:00:31.820Z"
"Row1934",35,"M. Pašalić","M",41.5,50.6,1309,"away",8308,"2026-06-18T04:00:31.820Z"
"Row1935",37,"L. Modrić","M",45,50.3,1993,"away",8308,"2026-06-18T04:00:31.820Z"
"Row1936",20,"M. Pašalić","M",51.7,20.4,9568,"away",8308,"2026-06-18T04:00:31.820Z"
"Row1937",39,"M. Kovačić","M",45.3,50.7,4350,"away",8308,"2026-06-18T04:00:31.820Z"
"Row1938",11,"I. Matanović","F",62.3,49.5,1183,"away",8308,"2026-06-18T04:00:31.820Z"
"Row1939",50,"M. Baturina","M",56.8,60.9,2833,"away",8308,"2026-06-18T04:00:31.820Z"
"Row1940",59,"I. Perišić","M",59.5,80,3510,"away",8308,"2026-06-18T04:00:31.820Z"
"Row1941",7,"N. Vlašić","M",56.5,82.6,1844,"away",8308,"2026-06-18T04:00:31.820Z"
"Row1942",61,"L. Vušković","D",39.1,58.4,1591,"away",8308,"2026-06-18T04:00:31.820Z"
"Row1943",15,"A. Kramarić","F",58.4,67.6,2387,"away",8308,"2026-06-18T04:00:31.820Z"
"Row1944",62,"J. Stanišić","D",41.1,14.3,2468,"away",8308,"2026-06-18T04:00:31.820Z"
"Row1945",65,"J. Gvardiol","D",41,76.1,846,"away",8308,"2026-06-18T04:00:31.820Z"
"Row1946",91,"J. Šutalo","D",33.3,31.2,3767,"away",8308,"2026-06-18T04:00:31.820Z"
"Row1947",65,"P. Sučić","M",53,37,1685,"away",8308,"2026-06-18T04:00:31.820Z"
"Row295",29,"C. Ronaldo","F",70.8,61.1,7880,"home",8307,"2026-06-18T01:00:31.916Z"
"Row296",26,"B. Silva","M",52.9,24,848,"home",8307,"2026-06-18T01:00:31.916Z"
"Row297",41,"F. Conceição","F",71.3,17.5,2183,"home",8307,"2026-06-18T01:00:31.916Z"
"Row298",120,"T. Araújo","D",39.3,24.1,2067,"home",8307,"2026-06-18T01:00:31.916Z"
"Row299",3,"G. Ramos","F",68.3,88.4,2256,"home",8307,"2026-06-18T01:00:31.916Z"
"Row300",114,"R. Veiga","D",38,68.2,1781,"home",8307,"2026-06-18T01:00:31.916Z"
"Row301",111,"J. Cancelo","D",49.8,28.8,8331,"home",8307,"2026-06-18T01:00:31.916Z"
"Row302",95,"N. Mendes","D",55.1,85.4,3470,"home",8307,"2026-06-18T01:00:31.916Z"
"Row303",56,"P. Neto","M",70.5,87.8,394,"home",8307,"2026-06-18T01:00:31.916Z"
"Row304",141,"Vitinha","M",47.9,57.1,2248,"home",8307,"2026-06-18T01:00:31.916Z"
"Row305",45,"D. Costa","G",12.2,50.5,996,"home",8307,"2026-06-18T01:00:31.916Z"
"Row306",14,"R. Leão","F",71.6,88.4,1997,"home",8307,"2026-06-18T01:00:31.916Z"
"Row307",22,"N. Semedo","D",66.1,16.8,3407,"home",8307,"2026-06-18T01:00:31.916Z"
"Row308",103,"B. Fernandes","M",57.8,64.3,1794,"home",8307,"2026-06-18T01:00:31.916Z"
"Row309",103,"J. Neves","M",54.3,47.1,2247,"home",8307,"2026-06-18T01:00:31.916Z"
"Row1916",31,"A. Tuanzebe","D",27.2,48.5,2375,"away",8307,"2026-06-18T01:00:31.916Z"
"Row1917",41,"E. Kayembe","M",46.7,51.4,6695,"away",8307,"2026-06-18T01:00:31.916Z"
"Row1918",44,"Y. Wissa","F",56.3,43.6,5140,"away",8307,"2026-06-18T01:00:31.916Z"
"Row1919",39,"A. Masuaku","D",50.5,79.9,3903,"away",8307,"2026-06-18T01:00:31.916Z"
"Row1920",40,"L. Mpasi Nzau","G",10.7,51.4,1442,"away",8307,"2026-06-18T01:00:31.916Z"
"Row1921",15,"N. Sadiki","M",52.1,63.9,349,"away",8307,"2026-06-18T01:00:31.916Z"
"Row1922",33,"S. Kapuadi","D",28.5,73.8,12599,"away",8307,"2026-06-18T01:00:31.916Z"
"Row1923",44,"S. Moutoussamy","M",45.1,46.5,11283,"away",8307,"2026-06-18T01:00:31.916Z"
"Row1924",37,"N. Mukau","M",48.7,22.1,1453,"away",8307,"2026-06-18T01:00:31.916Z"
"Row1925",33,"C. Bakambu","F",67.1,43.5,1588,"away",8307,"2026-06-18T01:00:31.916Z"
"Row1926",54,"C. Mbemba","D",29.9,26.4,1456,"away",8307,"2026-06-18T01:00:31.916Z"
"Row1927",52,"A. Wan-Bissaka","D",42.3,16.4,1635,"away",8307,"2026-06-18T01:00:31.916Z"
"Row1928",10,"C. Pickel","M",50.5,22.1,1295,"away",8307,"2026-06-18T01:00:31.916Z"
"Row1929",15,"Kayembe","D",33.2,87,4161,"away",8307,"2026-06-18T01:00:31.916Z"
"Row1930",7,"S. Banza","F",50,26.6,15423,"away",8307,"2026-06-18T01:00:31.916Z"
"Row1931",9,"G. Kalulu","D",53.6,9,15422,"away",8307,"2026-06-18T01:00:31.916Z"
"Row279",22,"M. Arnautović","F",65.1,54.7,3065,"home",8303,"2026-06-17T12:00:31.411Z"
"Row280",50,"A. Schlager","G",14.3,55.4,3034,"home",8303,"2026-06-17T12:00:31.411Z"
"Row281",31,"S. Kalajdžić","F",70.5,58,4824,"home",8303,"2026-06-17T12:00:31.411Z"
"Row282",34,"P. Wanner","M",51.5,44.2,3522,"home",8303,"2026-06-17T12:00:31.411Z"
"Row283",33,"K. Danso","D",37.7,67.5,721,"home",8303,"2026-06-17T12:00:31.411Z"
"Row284",28,"C. Chukwuemeka","M",65.3,41.1,2170,"home",8303,"2026-06-17T12:00:31.411Z"
"Row285",82,"X. Schlager","M",47.1,58.9,2892,"home",8303,"2026-06-17T12:00:31.411Z"
"Row286",18,"P. Wimmer","M",51.3,19.4,1375,"home",8303,"2026-06-17T12:00:31.411Z"
"Row287",111,"P. Lienhart","D",37,32.2,1174,"home",8303,"2026-06-17T12:00:31.411Z"
"Row288",43,"P. Mwene","M",56.7,87.3,1198,"home",8303,"2026-06-17T12:00:31.411Z"
"Row289",77,"D. Alaba","D",43.3,68.7,4020,"home",8303,"2026-06-17T12:00:31.411Z"
"Row290",99,"S. Posch","D",49.1,15.6,2832,"home",8303,"2026-06-17T12:00:31.411Z"
"Row291",95,"N. Seiwald","M",48.6,44.5,2893,"home",8303,"2026-06-17T12:00:31.411Z"
"Row292",69,"K. Laimer","D",59.1,67.9,2457,"home",8303,"2026-06-17T12:00:31.411Z"
"Row293",67,"M. Sabitzer","M",63.5,80.3,2161,"home",8303,"2026-06-17T12:00:31.411Z"
"Row294",48,"R. Schmid","M",56.9,28.8,2504,"home",8303,"2026-06-17T12:00:31.411Z"
"Row1900",31,"O. A. Fakhouri","F",65,50.3,14727,"away",8303,"2026-06-17T12:00:31.411Z"
"Row1901",38,"M. Tamari","F",66.8,40,2809,"away",8303,"2026-06-17T12:00:31.411Z"
"Row1902",36,"Y. Abu Laila","G",10.2,48.7,16700,"away",8303,"2026-06-17T12:00:31.411Z"
"Row1903",53,"A. Nasib","D",35.9,29.3,16701,"away",8303,"2026-06-17T12:00:31.411Z"
"Row1904",42,"E. Haddad","M",53.3,17.8,55790,"away",8303,"2026-06-17T12:00:31.411Z"
"Row1905",20,"S. A. Rousan","D",34.1,24.9,56086,"away",8303,"2026-06-17T12:00:31.411Z"
"Row1906",71,"N. Al Rawabdeh","M",39.9,57.1,16705,"away",8303,"2026-06-17T12:00:31.411Z"
"Row1907",22,"S. Obaid","D",27.2,76.6,16718,"away",8303,"2026-06-17T12:00:31.411Z"
"Row1908",17,"M. Al-Mardi","M",51.8,59.5,16713,"away",8303,"2026-06-17T12:00:31.411Z"
"Row1909",11,"M. A. Daoud","M",43.9,13.6,16720,"away",8303,"2026-06-17T12:00:31.411Z"
"Row1910",3,"A. Al-Azaizah","M",76,33.7,8821,"away",8303,"2026-06-17T12:00:31.411Z"
"Row1911",77,"Y. Al-Arab","D",27,59.2,16702,"away",8303,"2026-06-17T12:00:31.411Z"
"Row1912",52,"M. Abualnadi","D",29.7,77.5,16717,"away",8303,"2026-06-17T12:00:31.411Z"
"Row1913",59,"M. A. Taha","M",50.6,86.2,16710,"away",8303,"2026-06-17T12:00:31.411Z"
"Row1914",60,"N. Al-Rashdan","M",46.8,48.7,16711,"away",8303,"2026-06-17T12:00:31.411Z"
"Row1915",56,"A. Olwan","F",65.1,58.8,55283,"away",8303,"2026-06-17T12:00:31.411Z"
"Row263",29,"L. Martínez","F",54.3,52.3,1687,"home",8306,"2026-06-17T09:00:31.349Z"
"Row264",45,"E. Martínez","G",12.1,49.7,1629,"home",8306,"2026-06-17T09:00:31.349Z"
"Row265",28,"G. Montiel","D",36.7,12.5,23014,"home",8306,"2026-06-17T09:00:31.349Z"
"Row266",40,"N. Molina","D",30.8,12,761,"home",8306,"2026-06-17T09:00:31.349Z"
"Row267",20,"N. González","M",48.4,78.4,768,"home",8306,"2026-06-17T09:00:31.349Z"
"Row268",64,"L. Messi","F",57,40.1,9063,"home",8306,"2026-06-17T09:00:31.349Z"
"Row269",49,"T. Almada","M",48.9,67.4,773,"home",8306,"2026-06-17T09:00:31.349Z"
"Row270",19,"J. Álvarez","F",66,66.4,770,"home",8306,"2026-06-17T09:00:31.349Z"
"Row271",18,"N. Otamendi","D",22,19.9,2054,"home",8306,"2026-06-17T09:00:31.349Z"
"Row272",12,"N. Paz","M",39.6,28.4,2829,"home",8306,"2026-06-17T09:00:31.349Z"
"Row273",94,"E. Fernández","M",46.5,63.1,387,"home",8306,"2026-06-17T09:00:31.349Z"
"Row274",79,"L. Martínez","D",34.1,64.3,1800,"home",8306,"2026-06-17T09:00:31.349Z"
"Row275",85,"C. Romero","D",34.2,31.8,720,"home",8306,"2026-06-17T09:00:31.349Z"
"Row276",85,"A. Mac Allister","M",44.1,44.4,328,"home",8306,"2026-06-17T09:00:31.349Z"
"Row277",78,"R. De Paul","M",44.5,22.5,9057,"home",8306,"2026-06-17T09:00:31.349Z"
"Row278",52,"F. Medina","D",46.2,82.5,4603,"home",8306,"2026-06-17T09:00:31.349Z"
"Row1884",38,"H. Boudaoui","M",53,42.9,1504,"away",8306,"2026-06-17T09:00:31.349Z"
"Row1885",27,"A. Gouiri","F",66.6,58.9,4540,"away",8306,"2026-06-17T09:00:31.349Z"
"Row1886",37,"A. H. Moussa","M",67.2,25.2,3368,"away",8306,"2026-06-17T09:00:31.349Z"
"Row1887",28,"R. Mahrez","M",58.6,21.6,8116,"away",8306,"2026-06-17T09:00:31.349Z"
"Row1888",8,"M. E. A. Amoura","F",61.5,49.2,1376,"away",8306,"2026-06-17T09:00:31.349Z"
"Row1889",31,"H. Aouar","M",59.1,63.9,8230,"away",8306,"2026-06-17T09:00:31.349Z"
"Row1890",112,"R. Bensebaini","D",39.9,69.8,2169,"away",8306,"2026-06-17T09:00:31.349Z"
"Row1891",68,"F. Chaïbi","M",63.7,74.9,1351,"away",8306,"2026-06-17T09:00:31.349Z"
"Row1892",88,"R. Aït-Nouri","D",55.8,89.7,861,"away",8306,"2026-06-17T09:00:31.349Z"
"Row1893",47,"L. Zidane","G",17.7,50,15394,"away",8306,"2026-06-17T09:00:31.349Z"
"Row1894",65,"I. Maza","F",57.6,61.7,2140,"away",8306,"2026-06-17T09:00:31.349Z"
"Row1895",18,"A. Boulbina","M",63,86.1,15396,"away",8306,"2026-06-17T09:00:31.349Z"
"Row1896",24,"R. Zerrouki","M",56.9,48.5,5260,"away",8306,"2026-06-17T09:00:31.349Z"
"Row1897",63,"N. Bentaleb","M",47.3,62.8,1460,"away",8306,"2026-06-17T09:00:31.349Z"
"Row1898",126,"A. Mandi","D",39.5,32.5,1448,"away",8306,"2026-06-17T09:00:31.349Z"
"Row1899",55,"R. Belghali","M",47.9,14.7,2616,"away",8306,"2026-06-17T09:00:31.349Z"
"Row247",33,"H. Ali","D",42.7,11.5,13840,"home",8305,"2026-06-17T06:00:31.804Z"
"Row248",16,"M. Farji","M",44.6,90.5,29732,"home",8305,"2026-06-17T06:00:31.804Z"
"Row249",36,"A. Jasim","M",60.9,79.4,8100,"home",8305,"2026-06-17T06:00:31.804Z"
"Row250",39,"A. Hussein","F",61.6,55.4,54107,"home",8305,"2026-06-17T06:00:31.804Z"
"Row251",10,"A. Qasem","M",38.7,31.1,9358,"home",8305,"2026-06-17T06:00:31.804Z"
"Row252",24,"Z. Iqbal","M",45.6,48,4209,"home",8305,"2026-06-17T06:00:31.804Z"
"Row253",3,"M. Ali","F",62,46.1,53950,"home",8305,"2026-06-17T06:00:31.804Z"
"Row254",49,"Z. Ismail","M",41.8,36.1,59649,"home",8305,"2026-06-17T06:00:31.804Z"
"Row255",7,"M. Saadoon","D",35.6,19.1,53946,"home",8305,"2026-06-17T06:00:31.804Z"
"Row256",72,"M. Doski","D",42.4,91.3,3221,"home",8305,"2026-06-17T06:00:31.804Z"
"Row257",45,"I. Bayesh","M",51.8,25,8316,"home",8305,"2026-06-17T06:00:31.804Z"
"Row258",36,"A. Al-Hamadi","F",65.8,65.7,7175,"home",8305,"2026-06-17T06:00:31.804Z"
"Row259",48,"J. Hassan","G",7.3,50.2,54105,"home",8305,"2026-06-17T06:00:31.804Z"
"Row260",65,"A. Al-Ammari","M",46.9,60.6,13848,"home",8305,"2026-06-17T06:00:31.804Z"
"Row261",75,"A. Hashem","D",30.7,71.4,53948,"home",8305,"2026-06-17T06:00:31.804Z"
"Row262",59,"Z. Tahseen","D",29.6,30.3,53947,"home",8305,"2026-06-17T06:00:31.804Z"
"Row1868",27,"E. Haaland","F",73.6,55.6,852,"away",8305,"2026-06-17T06:00:31.804Z"
"Row1869",34,"A. Sørloth","F",65.3,22.4,774,"away",8305,"2026-06-17T06:00:31.804Z"
"Row1870",42,"Ø. Nyland","G",12.5,48.4,1561,"away",8305,"2026-06-17T06:00:31.804Z"
"Row1871",67,"D. M. Wolfe","D",43.7,82.9,529,"away",8305,"2026-06-17T06:00:31.804Z"
"Row1872",11,"A. Schjelderup","M",64.4,77.9,2064,"away",8305,"2026-06-17T06:00:31.804Z"
"Row1873",24,"L. Østigård","D",38.5,70.2,2590,"away",8305,"2026-06-17T06:00:31.804Z"
"Row1874",21,"K. Thorstvedt","M",60,44.2,2850,"away",8305,"2026-06-17T06:00:31.804Z"
"Row1875",93,"K. Ajer","D",34.8,30.4,464,"away",8305,"2026-06-17T06:00:31.804Z"
"Row1876",108,"S. Berge","M",43.9,47.4,829,"away",8305,"2026-06-17T06:00:31.804Z"
"Row1877",14,"P. Berg","M",59.6,36.2,3673,"away",8305,"2026-06-17T06:00:31.804Z"
"Row1878",45,"F. Aursnes","M",44.5,64.8,2056,"away",8305,"2026-06-17T06:00:31.804Z"
"Row1879",57,"M. Ødegaard","M",57.7,31.8,447,"away",8305,"2026-06-17T06:00:31.804Z"
"Row1880",45,"A. Nusa","F",62.8,84.6,2897,"away",8305,"2026-06-17T06:00:31.804Z"
"Row1881",29,"O. Bobb","M",62.2,12.6,3651,"away",8305,"2026-06-17T06:00:31.804Z"
"Row1882",98,"T. Heggem","D",31,69.1,957,"away",8305,"2026-06-17T06:00:31.804Z"
"Row1883",92,"J. Ryerson","M",57.8,20.6,2159,"away",8305,"2026-06-17T06:00:31.804Z"
"Row234",43,"K. Mbappé","F",71.9,58.4,594,"home",8304,"2026-06-17T03:00:30.980Z"
"Row235",45,"O. Dembélé","F",60.8,42.5,2253,"home",8304,"2026-06-17T03:00:30.980Z"
"Row236",13,"B. Barcola","F",63.2,83.8,2261,"home",8304,"2026-06-17T03:00:30.980Z"
"Row237",14,"R. Cherki","M",39.4,26.1,856,"home",8304,"2026-06-17T03:00:30.980Z"
"Row238",96,"J. Koundé","D",48.7,12,739,"home",8304,"2026-06-17T03:00:30.980Z"
"Row239",61,"M. Maignan","G",11.4,49.9,1987,"home",8304,"2026-06-17T03:00:30.980Z"
"Row240",69,"D. Doué","F",55.6,74.9,4324,"home",8304,"2026-06-17T03:00:30.980Z"
"Row241",71,"T. Hernández","D",44.9,82.2,7994,"home",8304,"2026-06-17T03:00:30.980Z"
"Row242",72,"A. Rabiot","M",50.6,57.8,1994,"home",8304,"2026-06-17T03:00:30.980Z"
"Row243",89,"A. Tchouaméni","M",43.4,46.6,591,"home",8304,"2026-06-17T03:00:30.980Z"
"Row244",108,"D. Upamecano","D",33.5,31.4,3463,"home",8304,"2026-06-17T03:00:30.980Z"
"Row245",84,"M. Olise","M",59.3,38.7,2467,"home",8304,"2026-06-17T03:00:30.980Z"
"Row246",84,"W. Saliba","D",32.4,65.5,3460,"home",8304,"2026-06-17T03:00:30.980Z"
"Row1852",34,"I. Sarr","F",64.2,28.2,1787,"away",8304,"2026-06-17T03:00:30.980Z"
"Row1853",61,"S. Mané","M",43.1,78.6,7879,"away",8304,"2026-06-17T03:00:30.980Z"
"Row1854",6,"A. B. Dieng","F",57.8,49.8,1479,"away",8304,"2026-06-17T03:00:30.980Z"
"Row1855",63,"E. Mendy","G",9.9,53.6,8110,"away",8304,"2026-06-17T03:00:30.980Z"
"Row1856",47,"N. Jackson","F",56.1,63.1,2471,"away",8304,"2026-06-17T03:00:30.980Z"
"Row1857",17,"I. Mbaye","F",68,19.2,2255,"away",8304,"2026-06-17T03:00:30.980Z"
"Row1858",18,"H. Diarra","M",45.3,44.6,4743,"away",8304,"2026-06-17T03:00:30.980Z"
"Row1859",50,"L. Camara","M",53.9,38.1,2228,"away",8304,"2026-06-17T03:00:30.980Z"
"Row1860",85,"E. H. M. Diouf","D",50.5,87.3,1638,"away",8304,"2026-06-17T03:00:30.980Z"
"Row1861",16,"I. Ndiaye","M",74.5,45.3,810,"away",8304,"2026-06-17T03:00:30.980Z"
"Row1862",17,"P. I. Ciss","M",53.9,44.4,3864,"away",8304,"2026-06-17T03:00:30.980Z"
"Row1863",75,"I. Gueye","M",40.5,44.7,3800,"away",8304,"2026-06-17T03:00:30.980Z"
"Row1864",67,"P. Gueye","M",45.8,57.7,1771,"away",8304,"2026-06-17T03:00:30.980Z"
"Row1865",79,"K. Diatta","M",43.3,12.4,2233,"away",8304,"2026-06-17T03:00:30.980Z"
"Row1866",64,"K. Koulibaly","D",31.5,32.5,7992,"away",8304,"2026-06-17T03:00:30.980Z"
"Row1867",92,"M. Niakhaté","D",33.7,71,1106,"away",8304,"2026-06-17T03:00:30.980Z"
"Row219",62,"M. Taremi","F",60.9,66.9,3487,"home",8302,"2026-06-16T09:00:30.994Z"
"Row220",31,"A. Yousefi","M",57.3,61.4,16828,"home",8302,"2026-06-16T09:00:30.994Z"
"Row221",38,"A. Beiranvand","G",8.6,49.7,16827,"home",8302,"2026-06-16T09:00:30.994Z"
"Row222",15,"A. Hosseinzadeh","F",59.9,87.8,55326,"home",8302,"2026-06-16T09:00:30.994Z"
"Row223",70,"M. Mohammadi","D",46.8,87.6,16832,"home",8302,"2026-06-16T09:00:30.994Z"
"Row224",21,"A. Alipourghara","F",51.7,67.6,21423,"home",8302,"2026-06-16T09:00:30.994Z"
"Row225",29,"M. Ghayedi","M",67.6,75,55770,"home",8302,"2026-06-16T09:00:30.994Z"
"Row226",12,"E. Hajsafi","D",54.2,61.6,16836,"home",8302,"2026-06-16T09:00:30.994Z"
"Row227",78,"A. Nemati","D",30.2,64,16831,"home",8302,"2026-06-16T09:00:30.994Z"
"Row228",79,"R. Rezaeian","M",48.9,18,16838,"home",8302,"2026-06-16T09:00:30.994Z"
"Row229",50,"S. Moghanlou","F",57,41.4,55325,"home",8302,"2026-06-16T09:00:30.994Z"
"Row230",50,"M. Mohebi","F",59.6,42.1,16834,"home",8302,"2026-06-16T09:00:30.994Z"
"Row231",46,"S. Ghoddos","M",52.6,43.8,16833,"home",8302,"2026-06-16T09:00:30.994Z"
"Row232",71,"S. Khalilzadeh","D",30.4,32.9,16830,"home",8302,"2026-06-16T09:00:30.994Z"
"Row233",71,"S. Ezatolahi","M",42,48,53951,"home",8302,"2026-06-16T09:00:30.994Z"
"Row1836",44,"C. Wood","F",71.8,57.7,4472,"away",8302,"2026-06-16T09:00:30.994Z"
"Row1837",45,"L. Cacace","M",52.8,79.5,6946,"away",8302,"2026-06-16T09:00:30.994Z"
"Row1838",20,"C. Elliot","D",33.6,11.1,59660,"away",8302,"2026-06-16T09:00:30.994Z"
"Row1839",17,"R. Thomas","M",52.5,48.9,5330,"away",8302,"2026-06-16T09:00:30.994Z"
"Row1840",11,"B. Old","M",47.3,80.4,29212,"away",8302,"2026-06-16T09:00:30.994Z"
"Row1841",53,"T. Payne","D",45.3,15.1,55974,"away",8302,"2026-06-16T09:00:30.994Z"
"Row1842",77,"S. Singh","M",57.5,37.6,55975,"away",8302,"2026-06-16T09:00:30.994Z"
"Row1843",5,"T. Bindon","D",40.5,89.1,6069,"away",8302,"2026-06-16T09:00:30.994Z"
"Row1844",1,"J. Randall","M",92.7,88.5,55983,"away",8302,"2026-06-16T09:00:30.994Z"
"Row1845",53,"M. Crocombe","G",11,51.1,6460,"away",8302,"2026-06-16T09:00:30.994Z"
"Row1846",86,"M. Stamenić","M",48.6,55.8,6528,"away",8302,"2026-06-16T09:00:30.994Z"
"Row1847",71,"J. Bell","M",44.7,38.3,50286,"away",8302,"2026-06-16T09:00:30.994Z"
"Row1848",80,"F. Surman","D",29.9,36.2,9220,"away",8302,"2026-06-16T09:00:30.994Z"
"Row1849",80,"M. Boxall","D",35.1,69.1,9105,"away",8302,"2026-06-16T09:00:30.994Z"
"Row1850",61,"E. Just","M",57.4,66.3,5955,"away",8302,"2026-06-16T09:00:30.994Z"
"Row1851",57,"C. McCowatt","M",55.3,29.6,29409,"away",8302,"2026-06-16T09:00:30.994Z"
"Row203",51,"M. A. Juwayr","M",58.2,51.7,8139,"home",8301,"2026-06-16T06:00:30.430Z"
"Row204",51,"S. Abdulhamid","M",36.1,20.6,1418,"home",8301,"2026-06-16T06:00:30.430Z"
"Row205",52,"F. Al-Buraikan","F",52.3,53.6,8122,"home",8301,"2026-06-16T06:00:30.430Z"
"Row206",25,"N. Al-Dawsari","M",41.1,71.1,7991,"home",8301,"2026-06-16T06:00:30.430Z"
"Row207",50,"M. A. Al-Shamat","M",48.3,25.7,8131,"home",8301,"2026-06-16T06:00:30.430Z"
"Row208",8,"N. Boushal","D",37.8,9.5,7882,"home",8301,"2026-06-16T06:00:30.430Z"
"Row209",2,"A. Al-Hejji","M",54.1,73.3,8308,"home",8301,"2026-06-16T06:00:30.430Z"
"Row210",56,"S. Al-Dawsari","M",54.3,76.1,7999,"home",8301,"2026-06-16T06:00:30.430Z"
"Row211",1,"A. Al-Hamdan","F",23.7,50.8,8256,"home",8301,"2026-06-16T06:00:30.430Z"
"Row212",51,"A. Al-Amri","D",33.2,38.8,7886,"home",8301,"2026-06-16T06:00:30.430Z"
"Row213",47,"A. Al-Khaibari","M",40,68.9,7883,"home",8301,"2026-06-16T06:00:30.430Z"
"Row214",53,"M. Al-Owais","G",6.6,50.6,17201,"home",8301,"2026-06-16T06:00:30.430Z"
"Row215",9,"A. Lajami","D",7.6,53.5,8288,"home",8301,"2026-06-16T06:00:30.430Z"
"Row216",64,"M. Kanno","M",42.7,34.9,7998,"home",8301,"2026-06-16T06:00:30.430Z"
"Row217",43,"H. Altambakti","D",30,67.5,8253,"home",8301,"2026-06-16T06:00:30.430Z"
"Row218",63,"M. Al-Harbi","D",35.3,84.2,8252,"home",8301,"2026-06-16T06:00:30.430Z"
"Row1820",37,"F. Viñas","F",65.3,40.7,1973,"away",8301,"2026-06-16T06:00:30.430Z"
"Row1821",13,"D. Núñez","F",70.6,42.4,8000,"away",8301,"2026-06-16T06:00:30.430Z"
"Row1822",51,"M. Viña","D",51.5,86.5,3968,"away",8301,"2026-06-16T06:00:30.430Z"
"Row1823",33,"N. De la Cruz","M",71.6,50.3,61,"away",8301,"2026-06-16T06:00:30.430Z"
"Row1824",111,"R. Bentancur","M",51.1,45.7,723,"away",8301,"2026-06-16T06:00:30.430Z"
"Row1825",2,"R. Aguirre","F",90.2,41.8,10112,"away",8301,"2026-06-16T06:00:30.430Z"
"Row1826",141,"M. Olivera","D",48.9,67,1089,"away",8301,"2026-06-16T06:00:30.430Z"
"Row1827",107,"S. Cáceres","D",43.8,30.1,10103,"away",8301,"2026-06-16T06:00:30.430Z"
"Row1828",72,"F. Valverde","M",68.2,36.1,593,"away",8301,"2026-06-16T06:00:30.430Z"
"Row1829",87,"M. Ugarte","M",49.6,55.9,1806,"away",8301,"2026-06-16T06:00:30.430Z"
"Row1830",43,"A. Canobbio","M",68.6,13,2908,"away",8301,"2026-06-16T06:00:30.430Z"
"Row1831",25,"B. Rodríguez","M",82.2,84.7,10110,"away",8301,"2026-06-16T06:00:30.430Z"
"Row1832",44,"M. Araújo","D",71.9,75.4,1215,"away",8301,"2026-06-16T06:00:30.430Z"
"Row1833",48,"J. Sanabria","D",67.7,81.9,10229,"away",8301,"2026-06-16T06:00:30.430Z"
"Row1834",45,"F. Muslera","G",14.1,50.7,16896,"away",8301,"2026-06-16T06:00:30.430Z"
"Row1835",86,"G. Varela","D",57.8,16.8,48,"away",8301,"2026-06-16T06:00:30.430Z"
"Row187",37,"T. Courtois","G",10.5,43.3,585,"home",8300,"2026-06-16T03:00:30.451Z"
"Row188",54,"A. Onana","M",52.7,47.1,508,"home",8300,"2026-06-16T03:00:30.451Z"
"Row189",29,"N. Raskin","M",46.3,44.2,3015,"home",8300,"2026-06-16T03:00:30.451Z"
"Row190",54,"C. De Ketelaere","F",61.3,38,1305,"home",8300,"2026-06-16T03:00:30.451Z"
"Row191",5,"M. Fernandez","F",66.6,58.7,1464,"home",8300,"2026-06-16T03:00:30.451Z"
"Row192",55,"T. Castagne","D",51.2,81.9,834,"home",8300,"2026-06-16T03:00:30.451Z"
"Row193",10,"R. Lukaku","F",67.6,47.8,8676,"home",8300,"2026-06-16T03:00:30.451Z"
"Row194",24,"M. De Cuyper","D",48.8,80.6,491,"home",8300,"2026-06-16T03:00:30.451Z"
"Row195",8,"H. Vanaken","M",57.9,65.8,3542,"home",8300,"2026-06-16T03:00:30.451Z"
"Row196",80,"T. Meunier","D",52.4,18.6,1446,"home",8300,"2026-06-16T03:00:30.451Z"
"Row197",64,"L. Trossard","F",63.7,55.5,3461,"home",8300,"2026-06-16T03:00:30.451Z"
"Row198",94,"N. Ngoy","D",43.4,38.2,1447,"home",8300,"2026-06-16T03:00:30.451Z"
"Row199",61,"K. De Bruyne","M",66.2,55.6,4374,"home",8300,"2026-06-16T03:00:30.451Z"
"Row200",80,"B. Mechele","D",42.6,60,3537,"home",8300,"2026-06-16T03:00:30.451Z"
"Row201",71,"Y. Tielemans","M",58.7,45.3,514,"home",8300,"2026-06-16T03:00:30.451Z"
"Row202",63,"J. Doku","M",64.2,63.8,853,"home",8300,"2026-06-16T03:00:30.451Z"
"Row1804",43,"M. Salah","M",55.3,33,333,"away",8300,"2026-06-16T03:00:30.451Z"
"Row1805",41,"O. Marmoush","F",66.8,58,862,"away",8300,"2026-06-16T03:00:30.451Z"
"Row1806",70,"A. Aboul-Fetouh","D",44,85,15374,"away",8300,"2026-06-16T03:00:30.451Z"
"Row1807",14,"Zizo","M",66.2,19.6,14682,"away",8300,"2026-06-16T03:00:30.451Z"
"Row1808",10,"H. Abdelkarim","F",44.8,46.8,15835,"away",8300,"2026-06-16T03:00:30.451Z"
"Row1809",8,"I. Adel","M",73.4,81.1,15358,"away",8300,"2026-06-16T03:00:30.451Z"
"Row1810",27,"R. Rabia","D",30.5,65.6,15355,"away",8300,"2026-06-16T03:00:30.451Z"
"Row1811",13,"K. Hafez","D",57.1,81.2,14728,"away",8300,"2026-06-16T03:00:30.451Z"
"Row1812",80,"M. Attia","M",42.7,45,14681,"away",8300,"2026-06-16T03:00:30.451Z"
"Row1813",67,"Y. Ibrahim","D",28.8,34.5,14678,"away",8300,"2026-06-16T03:00:30.451Z"
"Row1814",48,"M. Ziko","M",53.5,25.6,14729,"away",8300,"2026-06-16T03:00:30.451Z"
"Row1815",46,"M. Shobeir","G",8.5,49.2,14675,"away",8300,"2026-06-16T03:00:30.451Z"
"Row1816",66,"M. Hany","D",44.6,17.5,14676,"away",8300,"2026-06-16T03:00:30.451Z"
"Row1817",60,"H. Fathy","M",35.1,65.1,15354,"away",8300,"2026-06-16T03:00:30.451Z"
"Row1818",56,"E. Ashour","M",48.5,79.3,14683,"away",8300,"2026-06-16T03:00:30.451Z"
"Row1819",66,"M. Lasheen","M",44.2,53.1,14721,"away",8300,"2026-06-16T03:00:30.451Z"
"Row172",36,"U. Simón","G",12.5,54.2,562,"home",8299,"2026-06-16T00:00:30.819Z"
"Row173",52,"Gavi","M",71.6,77.6,4900,"home",8299,"2026-06-16T00:00:30.819Z"
"Row174",122,"P. Cubarsí","D",52.4,36.2,740,"home",8299,"2026-06-16T00:00:30.819Z"
"Row175",137,"A. Laporte","D",56.2,66.3,565,"home",8299,"2026-06-16T00:00:30.819Z"
"Row176",31,"M. Oyarzabal","F",79.5,45.9,3890,"home",8299,"2026-06-16T00:00:30.819Z"
"Row177",142,"Pedri","M",72.1,52.5,744,"home",8299,"2026-06-16T00:00:30.819Z"
"Row178",16,"M. Merino","M",74.5,32.7,451,"home",8299,"2026-06-16T00:00:30.819Z"
"Row179",94,"F. Ruiz","M",65.9,39.8,2249,"home",8299,"2026-06-16T00:00:30.819Z"
"Row180",116,"M. Llorente","D",63.3,13.5,3832,"home",8299,"2026-06-16T00:00:30.819Z"
"Row181",3,"N. Williams","M",80.6,86.4,571,"home",8299,"2026-06-16T00:00:30.819Z"
"Row182",13,"D. Olmo","M",59.8,45.3,746,"home",8299,"2026-06-16T00:00:30.819Z"
"Row183",145,"Rodri","M",63.7,54.8,4267,"home",8299,"2026-06-16T00:00:30.819Z"
"Row184",90,"M. Cucurella","D",70.4,83,386,"home",8299,"2026-06-16T00:00:30.819Z"
"Row185",70,"F. Torres","F",75.8,20.2,749,"home",8299,"2026-06-16T00:00:30.819Z"
"Row186",40,"L. Yamal","M",80.7,14.3,745,"home",8299,"2026-06-16T00:00:30.819Z"
"Row1788",19,"D. R. Livramento","F",52.2,57.8,2276,"away",8299,"2026-06-16T00:00:30.819Z"
"Row1789",48,"K. Lenini","M",26.4,49.5,22076,"away",8299,"2026-06-16T00:00:30.819Z"
"Row1790",38,"J. Monteiro","M",28.2,67,5331,"away",8299,"2026-06-16T00:00:30.819Z"
"Row1791",29,"J. Cabral","F",32.1,73.8,1241,"away",8299,"2026-06-16T00:00:30.819Z"
"Row1792",35,"R. Mendes","M",36.9,27.5,7073,"away",8299,"2026-06-16T00:00:30.819Z"
"Row1793",26,"W. Semedo","M",31.2,83.8,22075,"away",8299,"2026-06-16T00:00:30.819Z"
"Row1794",21,"N. Da Costa","F",37.9,43.5,6645,"away",8299,"2026-06-16T00:00:30.819Z"
"Row1795",18,"D. Duarte","M",31.9,48.1,3314,"away",8299,"2026-06-16T00:00:30.819Z"
"Row1796",18,"L. Duarte","M",38.6,39.8,22077,"away",8299,"2026-06-16T00:00:30.819Z"
"Row1797",15,"J. Paulo","M",32.6,84.7,11206,"away",8299,"2026-06-16T00:00:30.819Z"
"Row1798",53,"S. L. Cabral","D",23.7,84.4,1235,"away",8299,"2026-06-16T00:00:30.819Z"
"Row1799",4,"T. Arcanjo","M",61.2,53.6,2701,"away",8299,"2026-06-16T00:00:30.819Z"
"Row1800",66,"Pico","D",18.7,30.7,22089,"away",8299,"2026-06-16T00:00:30.819Z"
"Row1801",83,"Vozinha","G",7.7,47.3,22095,"away",8299,"2026-06-16T00:00:30.819Z"
"Row1802",50,"S. Moreira","D",31.9,14.4,9199,"away",8299,"2026-06-16T00:00:30.819Z"
"Row1803",78,"Diney","D",19.4,69.9,22092,"away",8299,"2026-06-16T00:00:30.819Z"
"Row157",33,"J. Karlström","M",44.8,41.1,2568,"home",8298,"2026-06-15T10:00:30.270Z"
"Row158",39,"K. Nordfeldt","G",12.1,46.1,15999,"home",8298,"2026-06-15T10:00:30.270Z"
"Row159",67,"G. Lagerbielke","D",44.6,18.6,884,"home",8298,"2026-06-15T10:00:30.270Z"
"Row160",31,"B. Nygren","F",57.6,22.1,3394,"home",8298,"2026-06-15T10:00:30.270Z"
"Row161",18,"L. Bergvall","M",60.8,32.2,726,"home",8298,"2026-06-15T10:00:30.270Z"
"Row162",14,"E. Stroud","M",61.7,86.4,16077,"home",8298,"2026-06-15T10:00:30.270Z"
"Row163",46,"V. Gyökeres","F",74.7,44.5,456,"home",8298,"2026-06-15T10:00:30.270Z"
"Row164",60,"A. Bernhardsson","F",51.9,19,28070,"home",8298,"2026-06-15T10:00:30.270Z"
"Row165",3,"M. Svanberg","M",71.7,42.8,1377,"home",8298,"2026-06-15T10:00:30.270Z"
"Row166",57,"G. Gudmundsson","D",41.3,84.9,370,"home",8298,"2026-06-15T10:00:30.270Z"
"Row167",61,"Y. Ayari","M",56.3,70.5,1632,"home",8298,"2026-06-15T10:00:30.270Z"
"Row168",7,"D. Svensson","M",77.1,3.4,2162,"home",8298,"2026-06-15T10:00:30.270Z"
"Row169",73,"V. Lindelöf","D",38.9,75.3,519,"home",8298,"2026-06-15T10:00:30.270Z"
"Row170",77,"I. Hien","D",33.7,45.7,1299,"home",8298,"2026-06-15T10:00:30.270Z"
"Row171",40,"A. Isak","F",68.5,55.2,332,"home",8298,"2026-06-15T10:00:30.270Z"
"Row1772",34,"A. Chamakh","G",7.6,52.4,17110,"away",8298,"2026-06-15T10:00:30.270Z"
"Row1773",43,"Y. Valery","D",64.4,11,6781,"away",8298,"2026-06-15T10:00:30.270Z"
"Row1774",29,"R. Khedira","M",48.1,34.6,2421,"away",8298,"2026-06-15T10:00:30.270Z"
"Row1775",44,"E. Saad","F",63.8,45.4,2415,"away",8298,"2026-06-15T10:00:30.270Z"
"Row1776",10,"S. Tounekti","M",70.3,88.9,3396,"away",8298,"2026-06-15T10:00:30.270Z"
"Row1777",16,"M. H. Mahmoud","M",29.4,9.6,7592,"away",8298,"2026-06-15T10:00:30.270Z"
"Row1778",4,"E. Achouri","M",68.6,27.8,4243,"away",8298,"2026-06-15T10:00:30.270Z"
"Row1779",43,"A. B. Slimane","M",59.5,55.3,6399,"away",8298,"2026-06-15T10:00:30.270Z"
"Row1780",52,"E. Skhiri","M",42.3,51.9,1352,"away",8298,"2026-06-15T10:00:30.270Z"
"Row1781",86,"H. Mejbri","M",51.8,61.5,415,"away",8298,"2026-06-15T10:00:30.270Z"
"Row1782",3,"F. Chaouat","F",60.1,57,15493,"away",8298,"2026-06-15T10:00:30.270Z"
"Row1783",88,"M. Ben Hmida","D",35.3,78.6,14699,"away",8298,"2026-06-15T10:00:30.270Z"
"Row1784",7,"I. Gharbi","M",40.4,32.9,3913,"away",8298,"2026-06-15T10:00:30.270Z"
"Row1785",62,"O. Rekik","D",43.5,17.5,17112,"away",8298,"2026-06-15T10:00:30.270Z"
"Row1786",57,"M. Talbi","D",31.9,49.4,1467,"away",8298,"2026-06-15T10:00:30.270Z"
"Row1787",53,"A. Abdi","D",47.2,89.4,1498,"away",8298,"2026-06-15T10:00:30.270Z"
"Row141",28,"B. Touré","M",56.9,77.8,2385,"home",8297,"2026-06-15T07:00:30.095Z"
"Row142",32,"A. Diallo","M",62.3,37.2,1792,"home",8297,"2026-06-15T07:00:30.095Z"
"Row143",5,"O. Kossounou","D",19.8,42.1,1298,"home",8297,"2026-06-15T07:00:30.095Z"
"Row144",18,"E. Wahi","F",68.6,51.4,3527,"home",8297,"2026-06-15T07:00:30.095Z"
"Row145",19,"A. Bonny","F",60.1,47.7,3468,"home",8297,"2026-06-15T07:00:30.095Z"
"Row146",52,"N. Pépé","F",59.8,33,1786,"home",8297,"2026-06-15T07:00:30.095Z"
"Row147",14,"I. Sangaré","M",47.4,72.1,547,"home",8297,"2026-06-15T07:00:30.095Z"
"Row148",82,"W. Singo","D",31.9,28.2,4214,"home",8297,"2026-06-15T07:00:30.095Z"
"Row149",87,"G. Doué","D",43.9,14.7,1702,"home",8297,"2026-06-15T07:00:30.095Z"
"Row150",24,"C. I. Oulaï","M",50.2,61.4,6614,"home",8297,"2026-06-15T07:00:30.095Z"
"Row151",53,"S. Fofana","M",52.5,60.5,4130,"home",8297,"2026-06-15T07:00:30.095Z"
"Row152",87,"Y. Diomande","F",65.6,43.1,2895,"home",8297,"2026-06-15T07:00:30.095Z"
"Row153",91,"E. Agbadou","D",27.7,65.5,524,"home",8297,"2026-06-15T07:00:30.095Z"
"Row154",36,"Y. Fofana","G",9.7,49.8,6738,"home",8297,"2026-06-15T07:00:30.095Z"
"Row155",68,"G. Konan","D",39.3,85.7,1886,"home",8297,"2026-06-15T07:00:30.095Z"
"Row156",77,"F. Kessié","M",46.5,38,8117,"home",8297,"2026-06-15T07:00:30.095Z"
"Row1757",30,"A. Minda","F",59.4,79.1,7284,"away",8297,"2026-06-15T07:00:30.095Z"
"Row1758",28,"E. Valencia","F",58.8,65.8,4754,"away",8297,"2026-06-15T07:00:30.095Z"
"Row1759",16,"J. Porozo","D",35.9,33.5,10286,"away",8297,"2026-06-15T07:00:30.095Z"
"Row1760",90,"M. Caicedo","M",52.5,48.4,1345,"away",8297,"2026-06-15T07:00:30.095Z"
"Row1761",108,"W. Pacho","D",29.7,68.4,2245,"away",8297,"2026-06-15T07:00:30.095Z"
"Row1762",71,"G. Plata","M",59.8,33,59,"away",8297,"2026-06-15T07:00:30.095Z"
"Row1763",103,"P. Vite","M",43.2,60.4,9854,"away",8297,"2026-06-15T07:00:30.095Z"
"Row1764",48,"H. Galíndez","G",8.8,50.2,16887,"away",8297,"2026-06-15T07:00:30.095Z"
"Row1765",88,"J. Ordóñez","D",35.3,31.9,3536,"away",8297,"2026-06-15T07:00:30.095Z"
"Row1766",23,"Á. Preciado","M",61,19.5,12202,"away",8297,"2026-06-15T07:00:30.095Z"
"Row1767",23,"N. Angulo","M",65.9,76.9,7347,"away",8297,"2026-06-15T07:00:30.095Z"
"Row1768",11,"K. Rodríguez","F",75.8,49.3,3755,"away",8297,"2026-06-15T07:00:30.095Z"
"Row1769",68,"A. Franco","M",44.6,18.8,7,"away",8297,"2026-06-15T07:00:30.095Z"
"Row1770",64,"P. Hincapié","D",51.6,83.3,445,"away",8297,"2026-06-15T07:00:30.095Z"
"Row1771",42,"J. Yeboah","F",61.8,23.5,16888,"away",8297,"2026-06-15T07:00:30.095Z"
"Row125",39,"T. Reijnders","M",66.5,57.8,850,"home",8296,"2026-06-15T04:00:29.838Z"
"Row126",29,"D. Malen","F",74.2,53.3,515,"home",8296,"2026-06-15T04:00:29.838Z"
"Row127",15,"N. Aké","D",41.6,84.3,857,"home",8296,"2026-06-15T04:00:29.838Z"
"Row128",6,"T. Koopmeiners","M",73.4,55.6,2178,"home",8296,"2026-06-15T04:00:29.838Z"
"Row129",15,"Q. Timber","M",54.1,38.6,3373,"home",8296,"2026-06-15T04:00:29.838Z"
"Row130",120,"V. van Dijk","D",45.4,62.4,325,"home",8296,"2026-06-15T04:00:29.838Z"
"Row131",13,"M. Depay","F",58.2,63,3940,"home",8296,"2026-06-15T04:00:29.838Z"
"Row132",2,"B. Brobbey","F",56.5,30.9,352,"home",8296,"2026-06-15T04:00:29.838Z"
"Row133",69,"M. van de Ven","D",52.6,85.1,736,"home",8296,"2026-06-15T04:00:29.838Z"
"Row134",111,"J. P. van Hecke","D",49.1,34.5,484,"home",8296,"2026-06-15T04:00:29.838Z"
"Row135",40,"R. Gravenberch","M",56.5,41.4,327,"home",8296,"2026-06-15T04:00:29.838Z"
"Row136",58,"C. Gakpo","M",64.8,85.6,331,"home",8296,"2026-06-15T04:00:29.838Z"
"Row137",40,"B. Verbruggen","G",12.7,46.2,482,"home",8296,"2026-06-15T04:00:29.838Z"
"Row138",63,"D. Dumfries","M",57.3,16.4,3981,"home",8296,"2026-06-15T04:00:29.838Z"
"Row139",96,"F. de Jong","M",51.4,58.3,3662,"home",8296,"2026-06-15T04:00:29.838Z"
"Row140",43,"C. Summerville","M",66.5,19.7,4092,"home",8296,"2026-06-15T04:00:29.838Z"
"Row1741",37,"Z. Suzuki","G",10,47.2,4055,"away",8296,"2026-06-15T04:00:29.838Z"
"Row1742",28,"T. Kubo","M",48.3,41.6,1748,"away",8296,"2026-06-15T04:00:29.838Z"
"Row1743",24,"D. Maeda","F",53.8,66.5,3393,"away",8296,"2026-06-15T04:00:29.838Z"
"Row1744",33,"R. Doan","M",53.9,11,1353,"away",8296,"2026-06-15T04:00:29.838Z"
"Row1745",25,"A. Ueda","F",47.7,41.1,3369,"away",8296,"2026-06-15T04:00:29.838Z"
"Row1746",27,"J. Ito","M",77,14.1,4564,"away",8296,"2026-06-15T04:00:29.838Z"
"Row1747",27,"T. Tomiyasu","D",48.9,28.7,8740,"away",8296,"2026-06-15T04:00:29.838Z"
"Row1748",4,"K. Ogawa","F",57.9,62.6,5458,"away",8296,"2026-06-15T04:00:29.838Z"
"Row1749",65,"H. Itō","D",45.1,81.6,2474,"away",8296,"2026-06-15T04:00:29.838Z"
"Row1750",19,"Y. Sugawara","D",57.6,12.7,2497,"away",8296,"2026-06-15T04:00:29.838Z"
"Row1751",48,"T. Watanabe","D",41.9,18.6,3363,"away",8296,"2026-06-15T04:00:29.838Z"
"Row1752",56,"K. Nakamura","M",55.9,84.6,16971,"away",8296,"2026-06-15T04:00:29.838Z"
"Row1753",50,"K. Sano","M",47.9,41.7,1196,"away",8296,"2026-06-15T04:00:29.838Z"
"Row1754",86,"D. Kamada","M",53.2,64.9,430,"away",8296,"2026-06-15T04:00:29.838Z"
"Row1755",3,"K. Shiogai","F",24.1,30.3,5459,"away",8296,"2026-06-15T04:00:29.838Z"
"Row1756",65,"S. Taniguchi","D",35,49.7,7374,"away",8296,"2026-06-15T04:00:29.838Z"
"Row109",21,"D. Undav","F",57.1,60.3,1620,"home",8295,"2026-06-15T01:00:29.838Z"
"Row110",29,"M. Neuer","G",11.8,48.7,2456,"home",8295,"2026-06-15T01:00:29.838Z"
"Row111",15,"W. Anton","D",25.9,25.1,2157,"home",8295,"2026-06-15T01:00:29.838Z"
"Row112",14,"D. Raum","D",68,79.6,2891,"home",8295,"2026-06-15T01:00:29.838Z"
"Row113",64,"N. Brown","D",59.8,74.6,1350,"home",8295,"2026-06-15T01:00:29.838Z"
"Row114",51,"J. Musiala","M",69.7,48.9,8564,"home",8295,"2026-06-15T01:00:29.838Z"
"Row115",119,"N. Schlotterbeck","D",45.6,67.8,2158,"home",8295,"2026-06-15T01:00:29.838Z"
"Row116",19,"L. Goretzka","M",57.7,45.1,2470,"home",8295,"2026-06-15T01:00:29.838Z"
"Row117",101,"A. Pavlović","M",54,54.2,2462,"home",8295,"2026-06-15T01:00:29.838Z"
"Row118",19,"A. Rüdiger","D",31.2,44.6,588,"home",8295,"2026-06-15T01:00:29.838Z"
"Row119",93,"F. Wirtz","M",65.1,59.7,330,"home",8295,"2026-06-15T01:00:29.838Z"
"Row120",82,"J. Tah","D",44.1,40.7,2459,"home",8295,"2026-06-15T01:00:29.838Z"
"Row121",81,"L. Sané","M",66.4,22.6,3732,"home",8295,"2026-06-15T01:00:29.838Z"
"Row122",94,"J. Kimmich","M",54.2,21.3,2461,"home",8295,"2026-06-15T01:00:29.838Z"
"Row123",61,"F. Nmecha","M",64,41.1,2160,"home",8295,"2026-06-15T01:00:29.838Z"
"Row124",60,"K. Havertz","F",66.3,48.3,4941,"home",8295,"2026-06-15T01:00:29.838Z"
"Row1727",56,"S. Floranus","D",38,22.3,5328,"away",8295,"2026-06-15T01:00:29.838Z"
"Row1728",43,"T. Chong","M",53.6,42.6,6073,"away",8295,"2026-06-15T01:00:29.838Z"
"Row1729",28,"J. Locadia","F",58.2,56.2,22227,"away",8295,"2026-06-15T01:00:29.838Z"
"Row1730",18,"S. Hansen","F",38.2,71.5,5631,"away",8295,"2026-06-15T01:00:29.838Z"
"Row1731",9,"G. Kastaneer","F",61.6,57.5,22229,"away",8295,"2026-06-15T01:00:29.838Z"
"Row1732",31,"J. Antonisse","M",62.7,44.3,11253,"away",8295,"2026-06-15T01:00:29.838Z"
"Row1733",65,"A. Obispo","D",25.5,65.7,3518,"away",8295,"2026-06-15T01:00:29.838Z"
"Row1734",12,"J. Margaritha","M",68.9,68,22233,"away",8295,"2026-06-15T01:00:29.838Z"
"Row1735",53,"E. Room","G",7.2,48.3,22241,"away",8295,"2026-06-15T01:00:29.838Z"
"Row1736",54,"R. Bazoer","D",26.1,37.5,6904,"away",8295,"2026-06-15T01:00:29.838Z"
"Row1737",59,"L. Comenencia","D",41.8,41.8,7715,"away",8295,"2026-06-15T01:00:29.838Z"
"Row1738",84,"J. Bacuna","M",44,57.9,6672,"away",8295,"2026-06-15T01:00:29.838Z"
"Row1739",90,"L. Bacuna","M",37.6,37.8,22231,"away",8295,"2026-06-15T01:00:29.838Z"
"Row1740",50,"D. Fonville","D",31.8,83.3,5451,"away",8295,"2026-06-15T01:00:29.838Z"
"Row93",53,"A. O'Neill","M",46.3,50.9,9142,"home",8291,"2026-06-14T12:00:29.550Z"
"Row94",23,"N. Irankunda","F",59.8,65,6040,"home",8291,"2026-06-14T12:00:29.550Z"
"Row95",22,"M. Touré","F",70.8,36.5,8991,"home",8291,"2026-06-14T12:00:29.550Z"
"Row96",55,"C. Burgess","D",23.7,71.6,6525,"home",8291,"2026-06-14T12:00:29.550Z"
"Row97",49,"C. Metcalfe","M",51.7,26,2490,"home",8291,"2026-06-14T12:00:29.550Z"
"Row98",62,"A. Circati","D",38.9,24.7,4264,"home",8291,"2026-06-14T12:00:29.550Z"
"Row99",9,"J. Irvine","M",40.3,46.7,2484,"home",8291,"2026-06-14T12:00:29.550Z"
"Row100",12,"N. Velupillay","M",36.9,56.6,55793,"home",8291,"2026-06-14T12:00:29.550Z"
"Row101",49,"J. Bos","D",43.8,82.9,4396,"home",8291,"2026-06-14T12:00:29.550Z"
"Row102",60,"P. Okon-Engstler","M",40.5,59,58823,"home",8291,"2026-06-14T12:00:29.550Z"
"Row103",48,"J. Italiano","M",40.5,17.4,30894,"home",8291,"2026-06-14T12:00:29.550Z"
"Row104",21,"T. Yengi","F",62.3,36.5,5936,"home",8291,"2026-06-14T12:00:29.550Z"
"Row105",9,"J. Geria","D",32.5,23.8,42887,"home",8291,"2026-06-14T12:00:29.550Z"
"Row106",54,"H. Souttar","D",25.4,42,23925,"home",8291,"2026-06-14T12:00:29.550Z"
"Row107",15,"A. Behich","D",19.5,71.7,55294,"home",8291,"2026-06-14T12:00:29.550Z"
"Row108",67,"P. Beach","G",6,49.5,58824,"home",8291,"2026-06-14T12:00:29.550Z"
"Row1711",30,"B. A. Yılmaz","M",78,88.1,3734,"away",8291,"2026-06-14T12:00:29.550Z"
"Row1712",25,"K. Aktürkoğlu","F",74.3,47.4,3415,"away",8291,"2026-06-14T12:00:29.550Z"
"Row1713",56,"Z. Çelik","D",60.3,17.7,1062,"away",8291,"2026-06-14T12:00:29.550Z"
"Row1714",36,"U. Çakır","G",15.2,52.5,3724,"away",8291,"2026-06-14T12:00:29.550Z"
"Row1715",26,"Y. Akgün","M",74.8,20.5,4435,"away",8291,"2026-06-14T12:00:29.550Z"
"Row1716",138,"A. Bardakcı","D",42.8,72.1,3727,"away",8291,"2026-06-14T12:00:29.550Z"
"Row1717",134,"F. Kadıoğlu","D",56.8,82.5,486,"away",8291,"2026-06-14T12:00:29.550Z"
"Row1718",117,"A. Güler","M",67.4,39.4,597,"away",8291,"2026-06-14T12:00:29.550Z"
"Row1719",54,"O. Kökçü","M",68.5,53.1,5835,"away",8291,"2026-06-14T12:00:29.550Z"
"Row1720",134,"H. Çalhanoğlu","M",58.5,58.8,1684,"away",8291,"2026-06-14T12:00:29.550Z"
"Row1721",20,"M. Müldür","D",65.5,10.2,3420,"away",8291,"2026-06-14T12:00:29.550Z"
"Row1722",19,"S. Özcan","M",49.9,54.8,3916,"away",8291,"2026-06-14T12:00:29.550Z"
"Row1723",3,"D. Gül","F",78.9,50,3449,"away",8291,"2026-06-14T12:00:29.550Z"
"Row1724",62,"K. Yıldız","F",70.1,77.2,2184,"away",8291,"2026-06-14T12:00:29.550Z"
"Row1725",82,"İ. Yüksek","M",54.5,37.2,4172,"away",8291,"2026-06-14T12:00:29.550Z"
"Row1726",87,"M. Demiral","D",45.3,45.4,8112,"away",8291,"2026-06-14T12:00:29.550Z"
"Row79",31,"F. Pierrot","F",58.1,53.3,9020,"home",8294,"2026-06-14T09:00:29.353Z"
"Row80",57,"C. Arcus","D",47.9,18.8,1387,"home",8294,"2026-06-14T09:00:29.353Z"
"Row81",30,"L. D. Deedson","F",63.1,20.9,9717,"home",8294,"2026-06-14T09:00:29.353Z"
"Row82",24,"W. Isidor","F",62,53,353,"home",8294,"2026-06-14T09:00:29.353Z"
"Row83",43,"J. Placide","G",13,48.3,26638,"home",8294,"2026-06-14T09:00:29.353Z"
"Row84",35,"J. Casimir","M",61.7,43.4,2103,"home",8294,"2026-06-14T09:00:29.353Z"
"Row85",7,"Y. Fortune","F",55.4,88,17098,"home",8294,"2026-06-14T09:00:29.353Z"
"Row86",11,"L. Joseph","F",79.4,54.3,3439,"home",8294,"2026-06-14T09:00:29.353Z"
"Row87",51,"R. Providence","M",67.6,78.4,17101,"home",8294,"2026-06-14T09:00:29.353Z"
"Row88",93,"J. Bellegarde","M",52.5,61.2,532,"home",8294,"2026-06-14T09:00:29.353Z"
"Row89",84,"M. Expérience","D",48.4,83.9,17099,"home",8294,"2026-06-14T09:00:29.353Z"
"Row90",87,"R. Adé","D",39.4,35.7,17095,"home",8294,"2026-06-14T09:00:29.353Z"
"Row91",96,"H. Delcroix","D",36.5,67.8,8568,"home",8294,"2026-06-14T09:00:29.353Z"
"Row92",81,"D. Jean Jacques","M",49.4,42.7,9069,"home",8294,"2026-06-14T09:00:29.353Z"
"Row1695",31,"J. McGinn","M",60.5,65.1,510,"away",8294,"2026-06-14T09:00:29.353Z"
"Row1696",41,"L. Shankland","F",59.2,52.6,5774,"away",8294,"2026-06-14T09:00:29.353Z"
"Row1697",54,"A. Gunn","G",9.6,48.8,4789,"away",8294,"2026-06-14T09:00:29.353Z"
"Row1698",27,"C. Adams","F",65.2,54.1,1843,"away",8294,"2026-06-14T09:00:29.353Z"
"Row1699",45,"B. Doak","M",64,13.4,4027,"away",8294,"2026-06-14T09:00:29.353Z"
"Row1700",15,"L. Dykes","F",53.1,55.2,6100,"away",8294,"2026-06-14T09:00:29.353Z"
"Row1701",5,"F. Curtis","M",71.3,85,3029,"away",8294,"2026-06-14T09:00:29.353Z"
"Row1702",18,"R. Christie","M",36.7,16.5,3900,"away",8294,"2026-06-14T09:00:29.353Z"
"Row1703",15,"N. Patterson","D",31.6,18.8,818,"away",8294,"2026-06-14T09:00:29.353Z"
"Row1704",7,"K. McLean","M",37,35.9,6386,"away",8294,"2026-06-14T09:00:29.353Z"
"Row1705",62,"J. Hendry","D",31.8,69.8,8032,"away",8294,"2026-06-14T09:00:29.353Z"
"Row1706",51,"S. McTominay","M",48.1,40.1,1088,"away",8294,"2026-06-14T09:00:29.353Z"
"Row1707",75,"A. Robertson","D",48,89,326,"away",8294,"2026-06-14T09:00:29.353Z"
"Row1708",71,"L. Ferguson","M",41.3,50.3,966,"away",8294,"2026-06-14T09:00:29.353Z"
"Row1709",60,"A. Hickey","D",45.9,14.7,2373,"away",8294,"2026-06-14T09:00:29.353Z"
"Row1710",73,"G. Hanley","D",30.6,33.3,5890,"away",8294,"2026-06-14T09:00:29.353Z"
"Row63",37,"R. Ibañez","D",47.9,11.5,8113,"home",8293,"2026-06-14T06:00:29.420Z"
"Row64",24,"I. Thiago","F",62.1,51,473,"home",8293,"2026-06-14T06:00:29.420Z"
"Row65",38,"Alisson","G",12.7,47.4,322,"home",8293,"2026-06-14T06:00:29.420Z"
"Row66",19,"L. Henrique","M",47.7,15,16393,"home",8293,"2026-06-14T06:00:29.420Z"
"Row67",75,"L. Paquetá","M",52.9,56.5,1642,"home",8293,"2026-06-14T06:00:29.420Z"
"Row68",51,"Danilo","D",44.2,20.9,49,"home",8293,"2026-06-14T06:00:29.420Z"
"Row69",23,"M. Cunha","F",55.2,67.8,4119,"home",8293,"2026-06-14T06:00:29.420Z"
"Row70",64,"B. Guimarães","M",52.5,45.4,709,"home",8293,"2026-06-14T06:00:29.420Z"
"Row71",65,"Vinícius Jr.","F",63.8,79.8,595,"home",8293,"2026-06-14T06:00:29.420Z"
"Row72",42,"Casemiro","M",46,49.1,1793,"home",8293,"2026-06-14T06:00:29.420Z"
"Row73",29,"Fabinho","M",46.4,60.9,8156,"home",8293,"2026-06-14T06:00:29.420Z"
"Row74",59,"Raphinha","M",63.3,38.3,747,"home",8293,"2026-06-14T06:00:29.420Z"
"Row75",106,"G. Magalhães","D",32.6,61.5,4072,"home",8293,"2026-06-14T06:00:29.420Z"
"Row76",6,"D. Santos","M",63.1,42.9,3877,"home",8293,"2026-06-14T06:00:29.420Z"
"Row77",90,"D. Santos","D",39.8,84.6,16392,"home",8293,"2026-06-14T06:00:29.420Z"
"Row78",95,"Marquinhos","D",39.1,31.8,2244,"home",8293,"2026-06-14T06:00:29.420Z"
"Row1679",38,"I. Saibari","M",63.9,43.9,3511,"away",8293,"2026-06-14T06:00:29.420Z"
"Row1680",43,"B. Díaz","M",63.3,27.5,598,"away",8293,"2026-06-14T06:00:29.420Z"
"Row1681",16,"C. Talbi","M",65.1,59,350,"away",8293,"2026-06-14T06:00:29.420Z"
"Row1682",66,"N. Mazraoui","D",37.2,80.2,1799,"away",8293,"2026-06-14T06:00:29.420Z"
"Row1683",59,"A. Ounahi","M",54.6,57.5,1044,"away",8293,"2026-06-14T06:00:29.420Z"
"Row1684",52,"C. Riad","D",33.9,69.3,8593,"away",8293,"2026-06-14T06:00:29.420Z"
"Row1685",60,"I. Diop","D",37.5,27,4377,"away",8293,"2026-06-14T06:00:29.420Z"
"Row1686",8,"S. Rahimi","F",51.5,29.5,15371,"away",8293,"2026-06-14T06:00:29.420Z"
"Row1687",56,"Bono","G",10.7,51.5,7990,"away",8293,"2026-06-14T06:00:29.420Z"
"Row1688",13,"A. Salah-Eddine","D",55.4,85.2,3506,"away",8293,"2026-06-14T06:00:29.420Z"
"Row1689",51,"B. E. Khannouss","M",51.6,74.8,1619,"away",8293,"2026-06-14T06:00:29.420Z"
"Row1690",13,"A. Amaimouni Echghouyab","F",74.8,26.3,8503,"away",8293,"2026-06-14T06:00:29.420Z"
"Row1691",30,"S. E. Mourabet","M",61.6,40.8,1706,"away",8293,"2026-06-14T06:00:29.420Z"
"Row1692",81,"N. El Aynaoui","M",49.6,42.5,1070,"away",8293,"2026-06-14T06:00:29.420Z"
"Row1693",95,"A. Bouaddi","M",47.5,45,1451,"away",8293,"2026-06-14T06:00:29.420Z"
"Row1694",98,"A. Hakimi","D",51.7,16.5,4241,"away",8293,"2026-06-14T06:00:29.420Z"
"Row47",30,"A. A. Oui","D",29.7,19.6,53905,"home",8292,"2026-06-14T03:00:29.282Z"
"Row48",45,"H. Al-Amin","D",37.8,85.3,35888,"home",8292,"2026-06-14T03:00:29.282Z"
"Row49",35,"A. Madibo","M",38.8,37.4,53918,"home",8292,"2026-06-14T03:00:29.282Z"
"Row50",30,"Y. Abdurisag","F",48.7,56.9,53912,"home",8292,"2026-06-14T03:00:29.282Z"
"Row51",37,"E. Junior","M",52.1,57.2,53911,"home",8292,"2026-06-14T03:00:29.282Z"
"Row52",20,"J. G. Abdulsallam","M",28.4,24.9,53908,"home",8292,"2026-06-14T03:00:29.282Z"
"Row53",13,"A. Alaaeldin","F",45,35.7,53917,"home",8292,"2026-06-14T03:00:29.282Z"
"Row54",29,"K. Boudiaf","M",36,63.3,53916,"home",8292,"2026-06-14T03:00:29.282Z"
"Row55",22,"A. Fathi","M",40.1,45,53909,"home",8292,"2026-06-14T03:00:29.282Z"
"Row56",12,"M. N. Almanai","M",37.8,34.6,53914,"home",8292,"2026-06-14T03:00:29.282Z"
"Row57",45,"A. Afif","M",52.9,45.8,53913,"home",8292,"2026-06-14T03:00:29.282Z"
"Row58",3,"H. A. Haydos","F",42.6,18.1,53923,"home",8292,"2026-06-14T03:00:29.282Z"
"Row59",48,"I. Laye","D",31,66.6,53910,"home",8292,"2026-06-14T03:00:29.282Z"
"Row60",61,"B. Khoukhi","D",26.2,40.4,53907,"home",8292,"2026-06-14T03:00:29.282Z"
"Row61",51,"P. Miguel","D",27.5,28.3,53906,"home",8292,"2026-06-14T03:00:29.282Z"
"Row62",59,"M. I. Abunad","G",7.8,50.9,53904,"home",8292,"2026-06-14T03:00:29.282Z"
"Row1663",22,"B. Embolo","F",81.5,47.8,2811,"away",8292,"2026-06-14T03:00:29.282Z"
"Row1664",39,"G. Kobel","G",9.3,50.7,2155,"away",8292,"2026-06-14T03:00:29.282Z"
"Row1665",14,"Z. Amdouni","F",66.2,75.8,22868,"away",8292,"2026-06-14T03:00:29.282Z"
"Row1666",11,"F. Rieder","M",78,20.9,2404,"away",8292,"2026-06-14T03:00:29.282Z"
"Row1667",110,"N. Elvedi","D",47.8,39.2,2869,"away",8292,"2026-06-14T03:00:29.282Z"
"Row1668",121,"M. Akanji","D",46.4,59.1,1679,"away",8292,"2026-06-14T03:00:29.282Z"
"Row1669",22,"J. Manzambi","M",70.4,35.3,1178,"away",8292,"2026-06-14T03:00:29.282Z"
"Row1670",70,"R. Vargas","M",79.2,79.4,3803,"away",8292,"2026-06-14T03:00:29.282Z"
"Row1671",10,"M. Muheim","M",48,87.4,1596,"away",8292,"2026-06-14T03:00:29.282Z"
"Row1672",43,"D. Ndoye","M",70.8,29,551,"away",8292,"2026-06-14T03:00:29.282Z"
"Row1673",11,"A. Jashari","M",56.8,59,2005,"away",8292,"2026-06-14T03:00:29.282Z"
"Row1674",51,"M. Aebischer","M",63.2,29.8,1660,"away",8292,"2026-06-14T03:00:29.282Z"
"Row1675",97,"D. Zakaria","M",64.1,16.4,3616,"away",8292,"2026-06-14T03:00:29.282Z"
"Row1676",85,"G. Xhaka","M",58.3,42.2,348,"away",8292,"2026-06-14T03:00:29.282Z"
"Row1677",66,"R. Freuler","M",64.8,65.6,4266,"away",8292,"2026-06-14T03:00:29.282Z"
"Row1678",94,"R. Rodríguez","D",57.3,81.2,1582,"away",8292,"2026-06-14T03:00:29.282Z"
"Row32",37,"C. Pulišić","F",67.9,80.9,3820,"home",8290,"2026-06-13T09:00:28.665Z"
"Row33",99,"A. Robinson","D",57.4,85.3,4559,"home",8290,"2026-06-13T09:00:28.665Z"
"Row34",9,"R. Pepi","F",78.5,62,3513,"home",8290,"2026-06-13T09:00:28.665Z"
"Row35",16,"G. Reyna","M",60,60.4,2878,"home",8290,"2026-06-13T09:00:28.665Z"
"Row36",30,"M. Freese","G",10.7,50.6,9116,"home",8290,"2026-06-13T09:00:28.665Z"
"Row37",113,"T. Ream","D",38.5,68,9229,"home",8290,"2026-06-13T09:00:28.665Z"
"Row38",35,"F. Balogun","F",64.7,54.4,2232,"home",8290,"2026-06-13T09:00:28.665Z"
"Row39",111,"A. Freeman","D",51.9,17.7,8860,"home",8290,"2026-06-13T09:00:28.665Z"
"Row40",102,"C. Richards","D",40.4,41.4,423,"home",8290,"2026-06-13T09:00:28.665Z"
"Row41",21,"T. Weah","M",59.7,28.3,1923,"home",8290,"2026-06-13T09:00:28.665Z"
"Row42",67,"W. McKennie","M",69.1,38.6,2179,"home",8290,"2026-06-13T09:00:28.665Z"
"Row43",39,"S. Berhalter","M",57.2,58.2,9104,"home",8290,"2026-06-13T09:00:28.665Z"
"Row44",59,"S. Dest","D",73.3,17.8,3503,"home",8290,"2026-06-13T09:00:28.665Z"
"Row45",90,"T. Adams","M",48.2,44.9,788,"home",8290,"2026-06-13T09:00:28.665Z"
"Row46",82,"M. Tillman","M",64.8,58,2143,"home",8290,"2026-06-13T09:00:28.665Z"
"Row1647",46,"M. Almirón","M",43.9,54.4,9678,"away",8290,"2026-06-13T09:00:28.665Z"
"Row1648",24,"D. Bobadilla","M",29.8,56.7,143,"away",8290,"2026-06-13T09:00:28.665Z"
"Row1649",49,"O. Alderete","D",24.5,59.6,345,"away",8290,"2026-06-13T09:00:28.665Z"
"Row1650",25,"A. Sanabria","F",60.9,46.8,983,"away",8290,"2026-06-13T09:00:28.665Z"
"Row1651",53,"J. Enciso","M",50.4,69.9,1710,"away",8290,"2026-06-13T09:00:28.665Z"
"Row1652",44,"O. Gill","G",9.8,50.5,16917,"away",8290,"2026-06-13T09:00:28.665Z"
"Row1653",34,"Mauricio","M",39.8,62.4,42,"away",8290,"2026-06-13T09:00:28.665Z"
"Row1654",18,"A. Arce","F",51.3,57.5,16914,"away",8290,"2026-06-13T09:00:28.665Z"
"Row1655",72,"J. Cáceres","D",37.5,13.8,16918,"away",8290,"2026-06-13T09:00:28.665Z"
"Row1656",7,"R. Sosa","F",35.1,27.4,37,"away",8290,"2026-06-13T09:00:28.665Z"
"Row1657",51,"G. Gómez","D",28.1,32.3,26,"away",8290,"2026-06-13T09:00:28.665Z"
"Row1658",13,"G. Velázquez","D",30.7,19.8,16915,"away",8290,"2026-06-13T09:00:28.665Z"
"Row1659",20,"Kaku","M",27.4,33.9,54884,"away",8290,"2026-06-13T09:00:28.665Z"
"Row1660",56,"J. Alonso","D",33.7,81.7,4,"away",8290,"2026-06-13T09:00:28.665Z"
"Row1661",69,"A. Cubas","M",34.5,51.4,9106,"away",8290,"2026-06-13T09:00:28.665Z"
"Row1662",56,"D. Gómez","M",44.7,32.9,488,"away",8290,"2026-06-13T09:00:28.665Z"
"Row16",42,"M. Crépeau","G",15,50,9267,"home",8289,"2026-06-13T03:00:28.543Z"
"Row17",33,"T. Buchanan","M",67.2,14.4,1769,"home",8289,"2026-06-13T03:00:28.543Z"
"Row18",52,"T. Oluwaseyi","F",71,56.8,1779,"home",8289,"2026-06-13T03:00:28.543Z"
"Row19",19,"P. David","F",67.4,73.3,3754,"home",8289,"2026-06-13T03:00:28.543Z"
"Row20",17,"J. Shaffelburg","M",55.3,87.4,9296,"home",8289,"2026-06-13T03:00:28.543Z"
"Row21",32,"A. Ahmed","M",60.6,17.6,8580,"home",8289,"2026-06-13T03:00:28.543Z"
"Row22",8,"C. Larin","F",44,51.5,4164,"home",8289,"2026-06-13T03:00:28.543Z"
"Row23",29,"J. David","F",72.9,52.9,2186,"home",8289,"2026-06-13T03:00:28.543Z"
"Row24",75,"R. Laryea","D",47.2,81.2,9548,"home",8289,"2026-06-13T03:00:28.543Z"
"Row25",6,"J. Osorio","M",46.6,49.5,9550,"home",8289,"2026-06-13T03:00:28.543Z"
"Row26",57,"L. Millar","M",70.1,86.1,6190,"home",8289,"2026-06-13T03:00:28.543Z"
"Row27",103,"D. Cornelius","D",41,67.6,4155,"home",8289,"2026-06-13T03:00:28.543Z"
"Row28",76,"S. Eustaquio","M",61.7,50.6,1011,"home",8289,"2026-06-13T03:00:28.543Z"
"Row29",99,"I. Koné","M",51.7,53.3,2848,"home",8289,"2026-06-13T03:00:28.543Z"
"Row30",69,"A. Johnston","D",52.8,16.3,4406,"home",8289,"2026-06-13T03:00:28.543Z"
"Row31",90,"L. D. Fougerolles","D",42,38.4,7612,"home",8289,"2026-06-13T03:00:28.543Z"
"Row1631",47,"N. Vasilj","G",10,49.6,2476,"away",8289,"2026-06-13T03:00:28.543Z"
"Row1632",39,"I. Bašić","M",46.6,33.9,53960,"away",8289,"2026-06-13T03:00:28.543Z"
"Row1633",31,"A. Memić","M",48.7,75.3,3222,"away",8289,"2026-06-13T03:00:28.543Z"
"Row1634",28,"A. Gigović","M",47.4,30.7,4150,"away",8289,"2026-06-13T03:00:28.543Z"
"Row1635",25,"S. Baždar","F",65.2,46.8,13780,"away",8289,"2026-06-13T03:00:28.543Z"
"Row1636",5,"D. Burnić","M",69.2,74.5,41783,"away",8289,"2026-06-13T03:00:28.543Z"
"Row1637",13,"K. Alajbegović","M",60.8,72.3,3046,"away",8289,"2026-06-13T03:00:28.543Z"
"Row1638",20,"I. Šunjić","M",44.6,41.7,3604,"away",8289,"2026-06-13T03:00:28.543Z"
"Row1639",54,"B. Tahirović","M",45.8,55.8,26812,"away",8289,"2026-06-13T03:00:28.543Z"
"Row1640",41,"E. Bajraktarević","F",45.1,15.4,3515,"away",8289,"2026-06-13T03:00:28.543Z"
"Row1641",67,"S. Kolašinac","D",34.4,79,1312,"away",8289,"2026-06-13T03:00:28.543Z"
"Row1642",74,"N. Katić","D",32.3,32.2,27586,"away",8289,"2026-06-13T03:00:28.543Z"
"Row1643",70,"A. Dedić","D",34.2,17,2052,"away",8289,"2026-06-13T03:00:28.543Z"
"Row1644",44,"J. Lukić","F",57.3,56.2,10686,"away",8289,"2026-06-13T03:00:28.543Z"
"Row1645",51,"E. Demirović","F",53.6,51.9,4516,"away",8289,"2026-06-13T03:00:28.543Z"
"Row1646",76,"T. Muharemović","D",30.5,59.5,2846,"away",8289,"2026-06-13T03:00:28.543Z"
"Row0",11,"J. Eom","M",52.7,83.6,6533,"home",8288,"2026-06-12T10:05:33.753Z"
"Row1",17,"H. Hee-chan","F",56.6,69.6,533,"home",8288,"2026-06-12T10:05:33.753Z"
"Row2",106,"H. In-beom","M",49.1,44.3,4397,"home",8288,"2026-06-12T10:05:33.753Z"
"Row3",54,"J. Lee","M",56.5,64.1,1197,"home",8288,"2026-06-12T10:05:33.753Z"
"Row4",13,"H. Oh","F",65.4,39.7,3131,"home",8288,"2026-06-12T10:05:33.753Z"
"Row5",7,"J. Kim","M",66.9,24.6,17043,"home",8288,"2026-06-12T10:05:33.753Z"
"Row6",88,"G. Lee","D",39,75.8,43953,"home",8288,"2026-06-12T10:05:33.753Z"
"Row7",17,"J. S. Park","M",45.8,42.6,17044,"home",8288,"2026-06-12T10:05:33.753Z"
"Row8",56,"T. Lee","M",51.3,82.8,17047,"home",8288,"2026-06-12T10:05:33.753Z"
"Row9",65,"K. Lee","M",59.4,28.8,2250,"home",8288,"2026-06-12T10:05:33.753Z"
"Row10",42,"S. Heung-min","F",67.9,56,9190,"home",8288,"2026-06-12T10:05:33.753Z"
"Row11",95,"H. Lee","D",37,20.8,3259,"home",8288,"2026-06-12T10:05:33.753Z"
"Row12",76,"K. Min-jae","D",35.9,48.7,2458,"home",8288,"2026-06-12T10:05:33.753Z"
"Row13",52,"K. Seung-gyu","G",10.2,49.9,17046,"home",8288,"2026-06-12T10:05:33.753Z"
"Row14",60,"Y. W. Seol","D",53.4,11.7,3056,"home",8288,"2026-06-12T10:05:33.753Z"
"Row15",74,"S. Paik","M",50.7,53.3,6092,"home",8288,"2026-06-12T10:05:33.753Z"
"Row1616",35,"P. Šulc","F",59.3,65,1112,"away",8288,"2026-06-12T10:05:33.753Z"
"Row1617",39,"L. Provod","F",59.4,60.4,3706,"away",8288,"2026-06-12T10:05:33.753Z"
"Row1618",52,"M. Kovář","G",11.4,48.4,3502,"away",8288,"2026-06-12T10:05:33.753Z"
"Row1619",16,"P. Schick","F",63.1,47.5,2145,"away",8288,"2026-06-12T10:05:33.753Z"
"Row1620",22,"T. Chorý","F",64,44.7,3708,"away",8288,"2026-06-12T10:05:33.753Z"
"Row1621",59,"J. Zelený","D",46.7,87,26388,"away",8288,"2026-06-12T10:05:33.753Z"
"Row1622",19,"M. Sadílek","M",65.9,68.3,3703,"away",8288,"2026-06-12T10:05:33.753Z"
"Row1623",12,"A. Hložek","F",63.5,66.1,5156,"away",8288,"2026-06-12T10:05:33.753Z"
"Row1624",52,"S. Chaloupek","D",42.3,28.3,3701,"away",8288,"2026-06-12T10:05:33.753Z"
"Row1625",56,"A. Sojka","M",51.3,61,12264,"away",8288,"2026-06-12T10:05:33.753Z"
"Row1626",3,"M. Chytil","F",68.2,31.8,3712,"away",8288,"2026-06-12T10:05:33.753Z"
"Row1627",55,"T. Souček","M",44.2,60.4,1647,"away",8288,"2026-06-12T10:05:33.753Z"
"Row1628",53,"R. Hranáč","D",34.7,45.4,2378,"away",8288,"2026-06-12T10:05:33.753Z"
"Row1629",61,"V. Coufal","D",57.6,16.9,2377,"away",8288,"2026-06-12T10:05:33.753Z"
"Row1630",72,"L. Krejčí","D",43,71.9,3904,"away",8288,"2026-06-12T10:05:33.753Z"
