"row ID","event_id","sequence","reason","type","minute","away_score","home_score","assist","player","is_home","sequence (#1)","goal_type","player_id","added_time","player_in","player_out","player_in_id","player_out_id","length","card_type","decision","confirmed","is_manager","text","received_at","is_live"
"Row103_1",8390,0,,"period",120,0,1,,,,,,,,,,,,,,,,,"Extra time","2026-07-20T03:00:04.811Z",0
"Row103_2",8390,1,,"injuryTime",120,,,,,,,,,,,,,,5,,,,,,"2026-07-20T03:00:04.811Z",
"Row103_3",8390,2,"Foul","card",111,,,,"A. Mac Allister",0,,,328,,,,,,,"yellow",,,,,"2026-07-20T03:00:04.811Z",
"Row103_4",8390,3,,"goal",106,0,1,"N. Williams","F. Torres",1,,"regular",749,,,,,,,,,,,,"2026-07-20T03:00:04.811Z",
"Row103_5",8390,4,,"injuryTime",105,,,,,,,,,,,,,,3,,,,,,"2026-07-20T03:00:04.811Z",
"Row103_6",8390,5,,"substitution",102,,,,,0,,,,,"M. Senesi","J. Álvarez",2370,770,,,,,,,"2026-07-20T03:00:04.811Z",
"Row103_7",8390,6,,"substitution",99,,,,,1,,,,,"M. Zubimendi","Rodri",448,4267,,,,,,,"2026-07-20T03:00:04.811Z",
"Row103_8",8390,7,,"substitution",99,,,,,1,,,,,"E. García","A. Laporte",743,565,,,,,,,"2026-07-20T03:00:04.811Z",
"Row103_9",8390,8,,"period",90,0,0,,,,,,,,,,,,,,,,,"FT","2026-07-20T03:00:04.811Z",0
"Row103_10",8390,9,"Foul","card",90,,,,"E. Fernández",0,,,387,3,,,,,,"yellowRed",,,,,"2026-07-20T03:00:04.811Z",
"Row103_11",8390,10,,"injuryTime",90,,,,,,,,,,,,,,4,,,,,,"2026-07-20T03:00:04.811Z",
"Row103_12",8390,11,"Argument","card",83,,,,"E. Fernández",0,,,387,,,,,,,"yellow",,,,,"2026-07-20T03:00:04.811Z",
"Row103_13",8390,12,,"substitution",75,,,,,1,,,,,"N. Williams","A. Baena",571,769,,,,,,,"2026-07-20T03:00:04.811Z",
"Row103_14",8390,13,,"substitution",75,,,,,1,,,,,"M. Merino","D. Olmo",451,746,,,,,,,"2026-07-20T03:00:04.811Z",
"Row103_15",8390,14,,"substitution",70,,,,,0,,,,,"F. Medina","C. Romero",4603,720,,,,,,,"2026-07-20T03:00:04.811Z",
"Row103_16",8390,15,,"substitution",70,,,,,0,,,,,"G. Simeone","R. De Paul",767,9057,,,,,,,"2026-07-20T03:00:04.811Z",
"Row103_17",8390,16,,"substitution",62,,,,,1,,,,,"Pedri","F. Ruiz",744,2249,,,,,,,"2026-07-20T03:00:04.811Z",
"Row103_18",8390,17,,"substitution",62,,,,,1,,,,,"F. Torres","M. Oyarzabal",749,3890,,,,,,,"2026-07-20T03:00:04.811Z",
"Row103_19",8390,18,,"substitution",58,,,,,0,,,,,"N. Molina","G. Montiel",761,23014,,,,,,,"2026-07-20T03:00:04.811Z",
"Row103_20",8390,19,"Unsporting behaviour","card",52,,,,"L. Paredes",0,,,16872,,,,,,,"yellow",,,,,"2026-07-20T03:00:04.811Z",
"Row103_21",8390,20,,"substitution",46,,,,,0,,,,,"L. Paredes","N. González",16872,768,,,,,,,"2026-07-20T03:00:04.811Z",
"Row103_22",8390,21,,"period",45,0,0,,,,,,,,,,,,,,,,,"HT","2026-07-20T03:00:04.811Z",0
"Row103_23",8390,22,,"injuryTime",45,,,,,,,,,,,,,,4,,,,,,"2026-07-20T03:00:04.811Z",
"Row103_24",8390,23,,"substitution",44,,,,,0,,,,,"N. Otamendi","L. Martínez",2054,1800,,,,,,,"2026-07-20T03:00:04.811Z",
"Row103_25",8390,24,"Foul","card",41,,,,"L. Martínez",0,,,1800,,,,,,,"yellow",,,,,"2026-07-20T03:00:04.811Z",
"Row103_26",8390,25,"Argument","card",-5,,,,"Lionel Scaloni",0,,,,,,,,,,"yellow",,,1,,"2026-07-20T03:00:04.811Z",
"Row103_27",8390,26,"Argument","card",-5,,,,"C. Romero",0,,,720,,,,,,,"yellow",,,,,"2026-07-20T03:00:04.811Z",
"Row102_1",8389,0,,"period",90,6,4,,,,,,,,,,,,,,,,,"FT","2026-07-19T05:00:04.948Z",0
"Row102_2",8389,1,,"goal",90,6,4,,"J. Bellingham",0,,"regular",592,8,,,,,,,,,,,"2026-07-19T05:00:04.948Z",
"Row102_3",8389,2,,"goal",90,5,4,"D. Upamecano","O. Dembélé",1,,"regular",2253,6,,,,,,,,,,,"2026-07-19T05:00:04.948Z",
"Row102_4",8389,3,,"substitution",90,,,,,0,,,,3,"T. Chalobah","M. Guéhi",383,425,,,,,,,"2026-07-19T05:00:04.948Z",
"Row102_5",8389,4,,"substitution",90,,,,,1,,,,1,"J. Koundé","M. Gusto",739,393,,,,,,,"2026-07-19T05:00:04.948Z",
"Row102_6",8389,5,,"injuryTime",90,,,,,,,,,,,,,,7,,,,,,"2026-07-19T05:00:04.948Z",
"Row102_7",8389,6,,"goal",87,5,3,,"B. Saka",0,,"penalty",455,,,,,,,,,,,,"2026-07-19T05:00:04.948Z",
"Row102_8",8389,7,,"substitution",83,,,,,0,,,,,"R. James","J. Quansah",400,2149,,,,,,,"2026-07-19T05:00:04.948Z",
"Row102_9",8389,8,,"substitution",79,,,,,0,,,,,"J. Bellingham","E. Eze",592,454,,,,,,,"2026-07-19T05:00:04.948Z",
"Row102_10",8389,9,,"substitution",79,,,,,0,,,,,"E. Anderson","I. Toney",548,8120,,,,,,,"2026-07-19T05:00:04.948Z",
"Row102_11",8389,10,,"goal",66,4,3,"M. Olise","K. Mbappé",1,,"regular",594,,,,,,,,,,,,"2026-07-19T05:00:04.948Z",
"Row102_12",8389,11,,"goal",54,4,2,"K. Mbappé","B. Barcola",1,,"regular",2261,,,,,,,,,,,,"2026-07-19T05:00:04.948Z",
"Row102_13",8389,12,,"goal",48,4,1,"M. Olise","K. Mbappé",1,,"regular",594,,,,,,,,,,,,"2026-07-19T05:00:04.948Z",
"Row102_14",8389,13,,"substitution",46,,,,,0,,,,,"O. Watkins","M. Rashford",512,750,,,,,,,"2026-07-19T05:00:04.948Z",
"Row102_15",8389,14,,"substitution",46,,,,,1,,,,,"B. Barcola","D. Doué",2261,4324,,,,,,,"2026-07-19T05:00:04.948Z",
"Row102_16",8389,15,,"substitution",46,,,,,1,,,,,"O. Dembélé","R. Cherki",2253,856,,,,,,,"2026-07-19T05:00:04.948Z",
"Row102_17",8389,16,,"substitution",46,,,,,1,,,,,"D. Upamecano","I. Konaté",3463,324,,,,,,,"2026-07-19T05:00:04.948Z",
"Row102_18",8389,17,,"substitution",46,,,,,1,,,,,"L. Digne","T. Hernández",513,7994,,,,,,,"2026-07-19T05:00:04.948Z",
"Row102_19",8389,18,,"period",45,4,0,,,,,,,,,,,,,,,,,"HT","2026-07-19T05:00:04.948Z",0
"Row102_20",8389,19,,"goal",45,4,0,"E. Eze","B. Saka",0,,"regular",455,1,,,,,,,,,,,"2026-07-19T05:00:04.948Z",
"Row102_21",8389,20,,"injuryTime",45,,,,,,,,,,,,,,4,,,,,,"2026-07-19T05:00:04.948Z",
"Row102_22",8389,21,,"goal",37,3,0,"M. Rashford","B. Saka",0,,"regular",455,,,,,,,,,,,,"2026-07-19T05:00:04.948Z",
"Row102_23",8389,22,,"goal",18,2,0,"D. Rice","E. Konsa",0,,"regular",504,,,,,,,,,,,,"2026-07-19T05:00:04.948Z",
"Row102_24",8389,23,,"goal",3,1,0,,"D. Rice",0,,"regular",449,,,,,,,,,,,,"2026-07-19T05:00:04.948Z",
"Row101_1",8388,0,,"period",90,2,1,,,,,,,,,,,,,,,,,"FT","2026-07-16T03:00:06.510Z",0
"Row101_2",8388,1,,"substitution",90,,,,,1,,,,6,"I. Toney","J. Stones",8120,854,,,,,,,"2026-07-16T03:00:06.510Z",
"Row101_3",8388,2,,"substitution",90,,,,,1,,,,6,"M. Rashford","D. Spence",750,735,,,,,,,"2026-07-16T03:00:06.510Z",
"Row101_4",8388,3,,"card",90,,,,"R. De Paul",0,,,9057,4,,,,,,"yellow",,,,,"2026-07-16T03:00:06.510Z",
"Row101_5",8388,4,,"goal",90,2,1,"L. Messi","L. Martínez",0,,"regular",1687,2,,,,,,,,,,,"2026-07-16T03:00:06.510Z",
"Row101_6",8388,5,,"injuryTime",90,,,,,,,,,,,,,,9,,,,,,"2026-07-16T03:00:06.510Z",
"Row101_7",8388,6,,"goal",86,1,1,"L. Messi","E. Fernández",0,,"regular",387,,,,,,,,,,,,"2026-07-16T03:00:06.510Z",
"Row101_8",8388,7,,"substitution",82,,,,,1,,,,,"D. Burn","R. James",701,400,,,,,,,"2026-07-16T03:00:06.510Z",
"Row101_9",8388,8,,"substitution",82,,,,,1,,,,,"N. O’Reilly","D. Rice",847,449,,,,,,,"2026-07-16T03:00:06.510Z",
"Row101_10",8388,9,,"substitution",81,,,,,0,,,,,"L. Martínez","N. Tagliafico",1687,1107,,,,,,,"2026-07-16T03:00:06.510Z",
"Row101_11",8388,10,,"substitution",72,,,,,0,,,,,"N. Otamendi","L. Martínez",2054,1800,,,,,,,"2026-07-16T03:00:06.510Z",
"Row101_12",8388,11,,"substitution",72,,,,,0,,,,,"G. Montiel","N. Molina",23014,761,,,,,,,"2026-07-16T03:00:06.510Z",
"Row101_13",8388,12,,"substitution",72,,,,,0,,,,,"R. De Paul","G. Simeone",9057,767,,,,,,,"2026-07-16T03:00:06.510Z",
"Row101_14",8388,13,,"substitution",72,,,,,1,,,,,"E. Konsa","A. Gordon",504,711,,,,,,,"2026-07-16T03:00:06.510Z",
"Row101_15",8388,14,,"substitution",64,,,,,0,,,,,"N. González","L. Paredes",768,16872,,,,,,,"2026-07-16T03:00:06.510Z",
"Row101_16",8388,15,,"goal",55,0,1,"M. Rogers","A. Gordon",1,,"regular",711,,,,,,,,,,,,"2026-07-16T03:00:06.510Z",
"Row101_17",8388,16,,"card",51,,,,"C. Romero",0,,,720,,,,,,,"yellow",,,,,"2026-07-16T03:00:06.510Z",
"Row101_18",8388,17,,"period",45,0,0,,,,,,,,,,,,,,,,,"HT","2026-07-16T03:00:06.510Z",0
"Row101_19",8388,18,,"injuryTime",45,,,,,,,,,,,,,,3,,,,,,"2026-07-16T03:00:06.510Z",
"Row101_20",8388,19,,"card",42,,,,"L. Martínez",0,,,1800,,,,,,,"yellow",,,,,"2026-07-16T03:00:06.510Z",
"Row101_21",8388,20,,"card",37,,,,"E. Anderson",1,,,548,,,,,,,"yellow",,,,,"2026-07-16T03:00:06.510Z",
"Row100_1",8387,0,,"period",90,2,0,,,,,,,,,,,,,,,,,"FT","2026-07-14T21:55:34.182Z",0
"Row100_2",8387,1,,"injuryTime",90,,,,,,,,,,,,,,7,,,,,,"2026-07-14T21:55:34.182Z",
"Row100_3",8387,2,,"card",86,,,,"K. Mbappé",1,,,594,,,,,,,"yellow",,,,,"2026-07-14T21:55:34.182Z",
"Row100_4",8387,3,,"substitution",84,,,,,0,,,,,"N. Williams","A. Baena",571,769,,,,,,,"2026-07-14T21:55:34.182Z",
"Row100_5",8387,4,,"substitution",84,,,,,0,,,,,"M. Llorente","P. Porro",3832,719,,,,,,,"2026-07-14T21:55:34.182Z",
"Row100_6",8387,5,,"substitution",78,,,,,0,,,,,"Pedri","F. Ruiz",744,2249,,,,,,,"2026-07-14T21:55:34.182Z",
"Row100_7",8387,6,,"substitution",78,,,,,0,,,,,"M. Merino","D. Olmo",451,746,,,,,,,"2026-07-14T21:55:34.182Z",
"Row100_8",8387,7,,"substitution",74,,,,,0,,,,,"F. Torres","M. Oyarzabal",749,3890,,,,,,,"2026-07-14T21:55:34.182Z",
"Row100_9",8387,8,,"substitution",72,,,,,1,,,,,"R. Cherki","M. Olise",856,2467,,,,,,,"2026-07-14T21:55:34.182Z",
"Row100_10",8387,9,,"substitution",72,,,,,1,,,,,"T. Hernández","L. Digne",7994,513,,,,,,,"2026-07-14T21:55:34.182Z",
"Row100_11",8387,10,,"goal",58,2,0,"D. Olmo","P. Porro",0,"[ {
  ""pid"" : 2249,
  ""pos"" : {
    ""x"" : 27.4,
    ""y"" : 50.4
  },
  ""event"" : ""ball-touch"",
  ""player"" : ""F. Ruiz""
}, {
  ""end"" : {
    ""x"" : 26.8,
    ""y"" : 48.2
  },
  ""pid"" : 4267,
  ""pos"" : {
    ""x"" : 27.6,
    ""y"" : 42.7
  },
  ""event"" : ""pass"",
  ""player"" : ""Rodri""
}, {
  ""end"" : {
    ""x"" : 26.4,
    ""y"" : 81.2
  },
  ""pid"" : 2249,
  ""pos"" : {
    ""x"" : 27.5,
    ""y"" : 52.1
  },
  ""event"" : ""pass"",
  ""player"" : ""F. Ruiz""
}, {
  ""end"" : {
    ""x"" : 20.5,
    ""y"" : 60.5
  },
  ""pid"" : 719,
  ""pos"" : {
    ""x"" : 24.5,
    ""y"" : 72.8
  },
  ""event"" : ""pass"",
  ""player"" : ""P. Porro""
}, {
  ""end"" : {
    ""x"" : 16.8,
    ""y"" : 66.4
  },
  ""pid"" : 746,
  ""pos"" : {
    ""x"" : 21.2,
    ""y"" : 61.5
  },
  ""event"" : ""pass"",
  ""assist"" : true,
  ""player"" : ""D. Olmo""
}, {
  ""gk"" : {
    ""x"" : 6.2,
    ""y"" : 54.2
  },
  ""gm"" : {
    ""x"" : 63.98,
    ""y"" : 86.33
  },
  ""pid"" : 719,
  ""pos"" : {
    ""x"" : 11.2,
    ""y"" : 57.3
  },
  ""body"" : ""right-foot"",
  ""event"" : ""goal"",
  ""player"" : ""P. Porro""
} ]","regular",719,,,,,,,,,,,,"2026-07-14T21:55:34.182Z",
"Row100_12",8387,11,,"substitution",57,,,,,1,,,,,"D. Doué","B. Barcola",4324,2261,,,,,,,"2026-07-14T21:55:34.182Z",
"Row100_13",8387,12,,"substitution",46,,,,,1,,,,,"M. Koné","A. Rabiot",1064,1994,,,,,,,"2026-07-14T21:55:34.182Z",
"Row100_14",8387,13,,"period",45,1,0,,,,,,,,,,,,,,,,,"HT","2026-07-14T21:55:34.182Z",0
"Row100_15",8387,14,,"injuryTime",45,,,,,,,,,,,,,,6,,,,,,"2026-07-14T21:55:34.182Z",
"Row100_16",8387,15,,"card",31,,,,"M. Cucurella",0,,,386,,,,,,,"yellow",,,,,"2026-07-14T21:55:34.182Z",
"Row100_17",8387,16,,"substitution",30,,,,,1,,,,,"M. Lacroix","W. Saliba",424,3460,,,,,,,"2026-07-14T21:55:34.182Z",
"Row100_18",8387,17,,"goal",22,1,0,,"M. Oyarzabal",0,"[ {
  ""gk"" : {
    ""x"" : 0.5,
    ""y"" : 49.8
  },
  ""gm"" : {
    ""x"" : 72.58,
    ""y"" : 66.33
  },
  ""pid"" : 3890,
  ""pos"" : {
    ""x"" : 11.5,
    ""y"" : 50
  },
  ""body"" : ""left-foot"",
  ""event"" : ""goal"",
  ""player"" : ""M. Oyarzabal""
} ]","penalty",3890,,,,,,,,,,,,"2026-07-14T21:55:34.182Z",
"Row100_19",8387,18,,"card",9,,,,"A. Rabiot",1,,,1994,,,,,,,"yellow",,,,,"2026-07-14T21:55:34.182Z",
"Row99_1",8386,0,,"period",120,1,3,,,,,,,,,,,,,,,,,"ET","2026-07-12T09:01:23.051Z",0
"Row99_2",8386,1,,"goal",120,1,3,,"L. Martínez",1,,"regular",1687,1,,,,,,,,,,,"2026-07-12T09:01:23.051Z",
"Row99_3",8386,2,,"injuryTime",120,,,,,,,,,,,,,,4,,,,,,"2026-07-12T09:01:23.051Z",
"Row99_4",8386,3,,"substitution",115,,,,,0,,,,,"R. Vargas","R. Freuler",3803,4266,,,,,,,"2026-07-12T09:01:23.051Z",
"Row99_5",8386,4,,"card",114,,,,"J. López",1,,,34,,,,,,,"yellow",,,,,"2026-07-12T09:01:23.051Z",
"Row99_6",8386,5,,"goal",112,1,2,"J. López","J. Álvarez",1,,"regular",770,,,,,,,,,,,,"2026-07-12T09:01:23.051Z",
"Row99_7",8386,6,,"substitution",110,,,,,1,,,,,"J. López","L. Paredes",34,16872,,,,,,,"2026-07-12T09:01:23.051Z",
"Row99_8",8386,7,,"substitution",106,,,,,1,,,,,"N. Otamendi","C. Romero",2054,720,,,,,,,"2026-07-12T09:01:23.051Z",
"Row99_9",8386,8,,"injuryTime",105,,,,,,,,,,,,,,1,,,,,,"2026-07-12T09:01:23.051Z",
"Row99_10",8386,9,,"card",98,,,,"L. Martínez",1,,,1687,,,,,,,"yellow",,,,,"2026-07-12T09:01:23.051Z",
"Row99_11",8386,10,,"card",97,,,,"T. Almada",1,,,773,,,,,,,"yellow",,,,,"2026-07-12T09:01:23.051Z",
"Row99_12",8386,11,,"substitution",96,,,,,0,,,,,"A. Jashari","D. Zakaria",2005,3616,,,,,,,"2026-07-12T09:01:23.051Z",
"Row99_13",8386,12,,"substitution",91,,,,,1,,,,,"T. Almada","E. Fernández",773,387,,,,,,,"2026-07-12T09:01:23.051Z",
"Row99_14",8386,13,,"period",90,1,1,,,,,,,,,,,,,,,,,"FT","2026-07-12T09:01:23.051Z",0
"Row99_15",8386,14,,"substitution",90,,,,,0,,,,5,"E. Cömert","R. Rodríguez",942,1582,,,,,,,"2026-07-12T09:01:23.051Z",
"Row99_16",8386,15,,"injuryTime",90,,,,,,,,,,,,,,9,,,,,,"2026-07-12T09:01:23.051Z",
"Row99_17",8386,16,,"substitution",86,,,,,0,,,,,"M. Muheim","F. Rieder",1596,2404,,,,,,,"2026-07-12T09:01:23.051Z",
"Row99_18",8386,17,,"substitution",86,,,,,0,,,,,"Z. Amdouni","D. Ndoye",22868,551,,,,,,,"2026-07-12T09:01:23.051Z",
"Row99_19",8386,18,,"substitution",86,,,,,0,,,,,"S. Widmer","D. Sow",1208,1550,,,,,,,"2026-07-12T09:01:23.051Z",
"Row99_20",8386,19,,"substitution",85,,,,,1,,,,,"L. Martínez","R. De Paul",1687,9057,,,,,,,"2026-07-12T09:01:23.051Z",
"Row99_21",8386,20,,"substitution",85,,,,,1,,,,,"G. Montiel","N. Molina",23014,761,,,,,,,"2026-07-12T09:01:23.051Z",
"Row99_22",8386,21,,"substitution",78,,,,,1,,,,,"N. González","N. Tagliafico",768,1107,,,,,,,"2026-07-12T09:01:23.051Z",
"Row99_23",8386,22,,"card",72,,,,"B. Embolo",0,,,2811,,,,,,,"yellowRed",,,,,"2026-07-12T09:01:23.051Z",
"Row99_24",8386,23,,"varDecision",71,,,,"L. Paredes",1,,,16872,,,,,,,,"mistakenIdentity",0,,,"2026-07-12T09:01:23.051Z",
"Row99_25",8386,24,,"goal",67,1,1,"R. Rodríguez","D. Ndoye",0,,"regular",551,,,,,,,,,,,,"2026-07-12T09:01:23.051Z",
"Row99_26",8386,25,,"period",45,0,1,,,,,,,,,,,,,,,,,"HT","2026-07-12T09:01:23.051Z",0
"Row99_27",8386,26,,"injuryTime",45,,,,,,,,,,,,,,4,,,,,,"2026-07-12T09:01:23.051Z",
"Row99_28",8386,27,,"card",44,,,,"B. Embolo",0,,,2811,,,,,,,"yellow",,,,,"2026-07-12T09:01:23.051Z",
"Row99_29",8386,28,,"goal",10,0,1,"L. Messi","A. Mac Allister",1,,"regular",328,,,,,,,,,,,,"2026-07-12T09:01:23.051Z",
"Row98_1",8385,0,,"period",120,2,1,,,,,,,,,,,,,,,,,"ET","2026-07-12T05:01:22.542Z",0
"Row98_2",8385,1,,"injuryTime",120,,,,,,,,,,,,,,2,,,,,,"2026-07-12T05:01:22.542Z",
"Row98_3",8385,2,,"card",117,,,,"K. Ajer",1,,,464,,,,,,,"yellow",,,,,"2026-07-12T05:01:22.542Z",
"Row98_4",8385,3,,"substitution",111,,,,,0,,,,,"D. Burn","J. Bellingham",701,592,,,,,,,"2026-07-12T05:01:22.542Z",
"Row98_5",8385,4,,"substitution",106,,,,,1,,,,,"J. Larsen","E. Haaland",531,852,,,,,,,"2026-07-12T05:01:22.542Z",
"Row98_6",8385,5,,"injuryTime",105,,,,,,,,,,,,,,3,,,,,,"2026-07-12T05:01:22.542Z",
"Row98_7",8385,6,,"varDecision",101,,,,"D. Spence",0,,,735,,,,,,,,"penaltyAwarded",0,,,"2026-07-12T05:01:22.542Z",
"Row98_8",8385,7,,"goal",93,2,1,,"J. Bellingham",0,,"regular",592,,,,,,,,,,,,"2026-07-12T05:01:22.542Z",
"Row98_9",8385,8,,"substitution",91,,,,,1,,,,,"L. Østigård","T. Heggem",2590,957,,,,,,,"2026-07-12T05:01:22.542Z",
"Row98_10",8385,9,,"period",90,1,1,,,,,,,,,,,,,,,,,"FT","2026-07-12T05:01:22.542Z",0
"Row98_11",8385,10,,"substitution",90,,,,,1,,,,,"M. Pedersen","D. M. Wolfe",1838,529,,,,,,,"2026-07-12T05:01:22.542Z",
"Row98_12",8385,11,,"injuryTime",90,,,,,,,,,,,,,,7,,,,,,"2026-07-12T05:01:22.542Z",
"Row98_13",8385,12,,"substitution",89,,,,,0,,,,,"M. Rogers","E. Konsa",511,504,,,,,,,"2026-07-12T05:01:22.542Z",
"Row98_14",8385,13,,"substitution",86,,,,,0,,,,,"D. Spence","N. O’Reilly",735,847,,,,,,,"2026-07-12T05:01:22.542Z",
"Row98_15",8385,14,,"substitution",71,,,,,0,,,,,"R. James","A. Gordon",400,711,,,,,,,"2026-07-12T05:01:22.542Z",
"Row98_16",8385,15,,"substitution",68,,,,,1,,,,,"A. Nusa","A. Schjelderup",2897,2064,,,,,,,"2026-07-12T05:01:22.542Z",
"Row98_17",8385,16,,"substitution",68,,,,,1,,,,,"O. Bobb","A. Sørloth",3651,774,,,,,,,"2026-07-12T05:01:22.542Z",
"Row98_18",8385,17,,"substitution",60,,,,,1,,,,,"F. Aursnes","J. Ryerson",2056,2159,,,,,,,"2026-07-12T05:01:22.542Z",
"Row98_19",8385,18,,"varDecision",56,,,,"T. Heggem",1,,,957,,,,,,,,"goalAwarded",0,,,"2026-07-12T05:01:22.542Z",
"Row98_20",8385,19,,"substitution",46,,,,,0,,,,,"B. Saka","N. Madueke",455,450,,,,,,,"2026-07-12T05:01:22.542Z",
"Row98_21",8385,20,,"substitution",46,,,,,0,,,,,"E. Eze","D. Rice",454,449,,,,,,,"2026-07-12T05:01:22.542Z",
"Row98_22",8385,21,,"period",45,1,1,,,,,,,,,,,,,,,,,"HT","2026-07-12T05:01:22.542Z",0
"Row98_23",8385,22,,"goal",45,1,1,"A. Gordon","J. Bellingham",0,,"regular",592,2,,,,,,,,,,,"2026-07-12T05:01:22.542Z",
"Row98_24",8385,23,,"injuryTime",45,,,,,,,,,,,,,,4,,,,,,"2026-07-12T05:01:22.542Z",
"Row98_25",8385,24,,"goal",36,0,1,"M. Ødegaard","A. Schjelderup",1,,"regular",2064,,,,,,,,,,,,"2026-07-12T05:01:22.542Z",
"Row97_1",8384,0,,"period",90,1,2,,,,,,,,,,,,,,,,,"FT","2026-07-11T03:01:22.258Z",0
"Row97_2",8384,1,,"card",90,,,,"A. Witsel",0,,,1042,5,,,,,,"yellow",,,,,"2026-07-11T03:01:22.258Z",
"Row97_3",8384,2,,"card",90,,,,"A. Laporte",1,,,565,3,,,,,,"yellow",,,,,"2026-07-11T03:01:22.258Z",
"Row97_4",8384,3,,"injuryTime",90,,,,,,,,,,,,,,7,,,,,,"2026-07-11T03:01:22.258Z",
"Row97_5",8384,4,,"goal",88,1,2,,"M. Merino",1,"[ {
  ""end"" : {
    ""x"" : 49,
    ""y"" : 71.1
  },
  ""pid"" : 740,
  ""pos"" : {
    ""x"" : 38.5,
    ""y"" : 55.6
  },
  ""event"" : ""pass"",
  ""player"" : ""P. Cubarsí""
}, {
  ""end"" : {
    ""x"" : 84.3,
    ""y"" : 92.8
  },
  ""pid"" : 744,
  ""pos"" : {
    ""x"" : 49,
    ""y"" : 71.1
  },
  ""event"" : ""ball-movement"",
  ""player"" : ""Pedri""
}, {
  ""end"" : {
    ""x"" : 84.3,
    ""y"" : 92.8
  },
  ""pid"" : 744,
  ""pos"" : {
    ""x"" : 66.3,
    ""y"" : 75.8
  },
  ""event"" : ""pass"",
  ""player"" : ""Pedri""
}, {
  ""end"" : {
    ""x"" : 72,
    ""y"" : 70.8
  },
  ""pid"" : 386,
  ""pos"" : {
    ""x"" : 84.4,
    ""y"" : 90.3
  },
  ""event"" : ""pass"",
  ""player"" : ""M. Cucurella""
}, {
  ""end"" : {
    ""x"" : 72.2,
    ""y"" : 37.7
  },
  ""pid"" : 744,
  ""pos"" : {
    ""x"" : 72.2,
    ""y"" : 60
  },
  ""event"" : ""pass"",
  ""player"" : ""Pedri""
}, {
  ""gm"" : {
    ""x"" : 36.02,
    ""y"" : 88.33
  },
  ""pid"" : 740,
  ""pos"" : {
    ""x"" : 74.9,
    ""y"" : 33.1
  },
  ""event"" : ""save"",
  ""player"" : ""P. Cubarsí""
}, {
  ""gk"" : {
    ""x"" : 98,
    ""y"" : 50.4
  },
  ""gm"" : {
    ""x"" : 34.41,
    ""y"" : 54.67
  },
  ""pid"" : 451,
  ""pos"" : {
    ""x"" : 95.2,
    ""y"" : 51.9
  },
  ""body"" : ""left-foot"",
  ""event"" : ""goal"",
  ""player"" : ""M. Merino""
} ]","regular",451,,,,,,,,,,,,"2026-07-11T03:01:22.258Z",
"Row97_6",8384,5,,"substitution",86,,,,,1,,,,,"M. Merino","D. Olmo",451,746,,,,,,,"2026-07-11T03:01:22.258Z",
"Row97_7",8384,6,,"substitution",86,,,,,0,,,,,"A. Saelemaekers","K. De Bruyne",1991,4374,,,,,,,"2026-07-11T03:01:22.258Z",
"Row97_8",8384,7,,"card",85,,,,"K. De Bruyne",0,,,4374,,,,,,,"yellow",,,,,"2026-07-11T03:01:22.258Z",
"Row97_9",8384,8,,"substitution",79,,,,,1,,,,,"N. Williams","M. Oyarzabal",571,3890,,,,,,,"2026-07-11T03:01:22.258Z",
"Row97_10",8384,9,,"substitution",71,,,,,0,,,,,"S. Lammens","T. Courtois",1788,585,,,,,,,"2026-07-11T03:01:22.258Z",
"Row97_11",8384,10,,"substitution",61,,,,,0,,,,,"J. Seys","M. De Cuyper",3538,491,,,,,,,"2026-07-11T03:01:22.258Z",
"Row97_12",8384,11,,"substitution",60,,,,,0,,,,,"R. Lukaku","H. Vanaken",8676,3542,,,,,,,"2026-07-11T03:01:22.258Z",
"Row97_13",8384,12,,"substitution",60,,,,,0,,,,,"A. Witsel","L. Trossard",1042,3461,,,,,,,"2026-07-11T03:01:22.258Z",
"Row97_14",8384,13,,"substitution",55,,,,,1,,,,,"Pedri","F. Ruiz",744,2249,,,,,,,"2026-07-11T03:01:22.258Z",
"Row97_15",8384,14,,"substitution",55,,,,,1,,,,,"F. Torres","A. Baena",749,769,,,,,,,"2026-07-11T03:01:22.258Z",
"Row97_16",8384,15,,"period",45,1,1,,,,,,,,,,,,,,,,,"HT","2026-07-11T03:01:22.258Z",0
"Row97_17",8384,16,,"injuryTime",45,,,,,,,,,,,,,,5,,,,,,"2026-07-11T03:01:22.258Z",
"Row97_18",8384,17,,"card",43,,,,"P. Cubarsí",1,,,740,,,,,,,"yellow",,,,,"2026-07-11T03:01:22.258Z",
"Row97_19",8384,18,,"goal",41,1,1,"T. Castagne","C. De Ketelaere",0,"[ {
  ""end"" : {
    ""x"" : 28.2,
    ""y"" : 83.2
  },
  ""pid"" : 834,
  ""pos"" : {
    ""x"" : 28.2,
    ""y"" : 81.2
  },
  ""event"" : ""pass"",
  ""player"" : ""T. Castagne""
}, {
  ""end"" : {
    ""x"" : 24.3,
    ""y"" : 74.8
  },
  ""pid"" : 3461,
  ""pos"" : {
    ""x"" : 25.6,
    ""y"" : 84.1
  },
  ""event"" : ""pass"",
  ""player"" : ""L. Trossard""
}, {
  ""end"" : {
    ""x"" : 11.6,
    ""y"" : 90.2
  },
  ""pid"" : 4374,
  ""pos"" : {
    ""x"" : 24.3,
    ""y"" : 74.8
  },
  ""event"" : ""pass"",
  ""player"" : ""K. De Bruyne""
}, {
  ""end"" : {
    ""x"" : 7.3,
    ""y"" : 52.8
  },
  ""pid"" : 834,
  ""pos"" : {
    ""x"" : 10.4,
    ""y"" : 90
  },
  ""event"" : ""cross"",
  ""assist"" : true,
  ""player"" : ""T. Castagne""
}, {
  ""gk"" : {
    ""x"" : 1.6,
    ""y"" : 52.9
  },
  ""gm"" : {
    ""x"" : 46.77,
    ""y"" : 83.17
  },
  ""pid"" : 1305,
  ""pos"" : {
    ""x"" : 7.3,
    ""y"" : 52.8
  },
  ""body"" : ""head"",
  ""event"" : ""goal"",
  ""player"" : ""C. De Ketelaere""
} ]","regular",1305,,,,,,,,,,,,"2026-07-11T03:01:22.258Z",
"Row97_20",8384,19,,"goal",30,0,1,,"F. Ruiz",1,"[ {
  ""end"" : {
    ""x"" : 66.9,
    ""y"" : 6.3
  },
  ""pid"" : 740,
  ""pos"" : {
    ""x"" : 46.7,
    ""y"" : 29.7
  },
  ""event"" : ""pass"",
  ""player"" : ""P. Cubarsí""
}, {
  ""end"" : {
    ""x"" : 68.5,
    ""y"" : 18.8
  },
  ""pid"" : 719,
  ""pos"" : {
    ""x"" : 72.3,
    ""y"" : 7.4
  },
  ""event"" : ""pass"",
  ""player"" : ""P. Porro""
}, {
  ""end"" : {
    ""x"" : 90.2,
    ""y"" : 19.7
  },
  ""pid"" : 745,
  ""pos"" : {
    ""x"" : 68.5,
    ""y"" : 18.8
  },
  ""event"" : ""pass"",
  ""player"" : ""L. Yamal""
}, {
  ""end"" : {
    ""x"" : 87.3,
    ""y"" : 42.9
  },
  ""pid"" : 719,
  ""pos"" : {
    ""x"" : 90.2,
    ""y"" : 19.7
  },
  ""event"" : ""pass"",
  ""player"" : ""P. Porro""
}, {
  ""gm"" : {
    ""x"" : 55.91,
    ""y"" : 88.33
  },
  ""pid"" : 746,
  ""pos"" : {
    ""x"" : 87.3,
    ""y"" : 42.9
  },
  ""event"" : ""save"",
  ""player"" : ""D. Olmo""
}, {
  ""gk"" : {
    ""x"" : 98.9,
    ""y"" : 50.4
  },
  ""gm"" : {
    ""x"" : 44.62,
    ""y"" : 62
  },
  ""pid"" : 2249,
  ""pos"" : {
    ""x"" : 93,
    ""y"" : 52.8
  },
  ""body"" : ""right-foot"",
  ""event"" : ""goal"",
  ""player"" : ""F. Ruiz""
} ]","regular",2249,,,,,,,,,,,,"2026-07-11T03:01:22.258Z",
"Row96_1",8383,0,,"period",90,0,2,,,,,,,,,,,,,,,,,"FT","2026-07-10T04:01:21.569Z",0
"Row96_2",8383,1,,"injuryTime",90,,,,,,,,,,,,,,6,,,,,,"2026-07-10T04:01:21.569Z",
"Row96_3",8383,2,,"substitution",87,,,,,1,,,,,"M. Gusto","J. Koundé",393,739,,,,,,,"2026-07-10T04:01:21.569Z",
"Row96_4",8383,3,,"substitution",85,,,,,0,,,,,"A. Sbai","C. Talbi",1395,350,,,,,,,"2026-07-10T04:01:21.569Z",
"Row96_5",8383,4,,"substitution",77,,,,,1,,,,,"B. Barcola","D. Doué",2261,4324,,,,,,,"2026-07-10T04:01:21.569Z",
"Row96_6",8383,5,,"substitution",77,,,,,1,,,,,"J. Mateta","K. Mbappé",432,594,,,,,,,"2026-07-10T04:01:21.569Z",
"Row96_7",8383,6,,"substitution",74,,,,,0,,,,,"Z. E. Ouahdi","A. Salah-Eddine",3122,3506,,,,,,,"2026-07-10T04:01:21.569Z",
"Row96_8",8383,7,,"substitution",74,,,,,0,,,,,"G. Yassine","B. Díaz",8630,598,,,,,,,"2026-07-10T04:01:21.569Z",
"Row96_9",8383,8,,"substitution",70,,,,,1,,,,,"W. Zaïre-Emery","M. Koné",2243,1064,,,,,,,"2026-07-10T04:01:21.569Z",
"Row96_10",8383,9,,"goal",66,0,2,"K. Mbappé","O. Dembélé",1,,"regular",2253,,,,,,,,,,,,"2026-07-10T04:01:21.569Z",
"Row96_11",8383,10,,"card",63,,,,"I. Diop",0,,,4377,,,,,,,"yellow",,,,,"2026-07-10T04:01:21.569Z",
"Row96_12",8383,11,,"substitution",62,,,,,0,,,,,"S. Rahimi","B. E. Khannouss",15371,1619,,,,,,,"2026-07-10T04:01:21.569Z",
"Row96_13",8383,12,,"substitution",62,,,,,0,,,,,"S. Amrabat","A. Bouaddi",2985,1451,,,,,,,"2026-07-10T04:01:21.569Z",
"Row96_14",8383,13,,"goal",60,0,1,"D. Doué","K. Mbappé",1,,"regular",594,,,,,,,,,,,,"2026-07-10T04:01:21.569Z",
"Row96_15",8383,14,,"period",45,0,0,,,,,,,,,,,,,,,,,"HT","2026-07-10T04:01:21.569Z",0
"Row96_16",8383,15,,"injuryTime",45,,,,,,,,,,,,,,5,,,,,,"2026-07-10T04:01:21.569Z",
"Row95_1",8382,0,,"period",999,3,4,,,,,,,,,,,,,,,,,"PEN","2026-07-08T04:04:34.872Z",0
"Row95_2",8382,1,,"period",120,0,0,,,,,,,,,,,,,,,,,"ET","2026-07-08T04:04:34.872Z",0
"Row95_3",8382,2,,"injuryTime",120,,,,,,,,,,,,,,1,,,,,,"2026-07-08T04:04:34.872Z",
"Row95_4",8382,3,,"substitution",119,,,,,0,,,,,"Y. Mina","J. Lucumí",3921,949,,,,,,,"2026-07-08T04:04:34.872Z",
"Row95_5",8382,4,,"card",105,,,,"M. Muheim",1,,,1596,,,,,,,"yellow",,,,,"2026-07-08T04:04:34.872Z",
"Row95_6",8382,5,,"injuryTime",105,,,,,,,,,,,,,,1,,,,,,"2026-07-08T04:04:34.872Z",
"Row95_7",8382,6,,"substitution",103,,,,,1,,,,,"Z. Amdouni","F. Rieder",22868,2404,,,,,,,"2026-07-08T04:04:34.872Z",
"Row95_8",8382,7,,"card",95,,,,"D. Sánchez",0,,,3726,,,,,,,"yellow",,,,,"2026-07-08T04:04:34.872Z",
"Row95_9",8382,8,,"period",90,0,0,,,,,,,,,,,,,,,,,"FT","2026-07-08T04:04:34.872Z",0
"Row95_10",8382,9,,"substitution",90,,,,,1,,,,2,"R. Vargas","D. Ndoye",3803,551,,,,,,,"2026-07-08T04:04:34.872Z",
"Row95_11",8382,10,,"injuryTime",90,,,,,,,,,,,,,,5,,,,,,"2026-07-08T04:04:34.872Z",
"Row95_12",8382,11,,"substitution",87,,,,,1,,,,,"S. Widmer","D. Zakaria",1208,3616,,,,,,,"2026-07-08T04:04:34.872Z",
"Row95_13",8382,12,,"substitution",87,,,,,1,,,,,"C. Itten","B. Embolo",27743,2811,,,,,,,"2026-07-08T04:04:34.872Z",
"Row95_14",8382,13,,"substitution",82,,,,,0,,,,,"R. Ríos","J. Lerma",3788,428,,,,,,,"2026-07-08T04:04:34.872Z",
"Row95_15",8382,14,,"substitution",82,,,,,0,,,,,"C. Hernández","L. J. Suárez ",1578,1221,,,,,,,"2026-07-08T04:04:34.872Z",
"Row95_16",8382,15,,"substitution",71,,,,,1,,,,,"M. Muheim","R. Rodríguez",1596,1582,,,,,,,"2026-07-08T04:04:34.872Z",
"Row95_17",8382,16,,"substitution",66,,,,,0,,,,,"J. Campaz","J. Arias",16391,530,,,,,,,"2026-07-08T04:04:34.872Z",
"Row95_18",8382,17,,"substitution",66,,,,,0,,,,,"J. Quintero","J. Rodríguez",16387,10128,,,,,,,"2026-07-08T04:04:34.872Z",
"Row95_19",8382,18,,"card",60,,,,"L. J. Suárez ",0,,,1221,,,,,,,"yellow",,,,,"2026-07-08T04:04:34.872Z",
"Row95_20",8382,19,,"card",59,,,,"D. Zakaria",1,,,3616,,,,,,,"yellow",,,,,"2026-07-08T04:04:34.872Z",
"Row95_21",8382,20,,"card",51,,,,"G. Xhaka",1,,,348,,,,,,,"yellow",,,,,"2026-07-08T04:04:34.872Z",
"Row95_22",8382,21,,"substitution",46,,,,,1,,,,,"D. Sow","A. Jashari",1550,2005,,,,,,,"2026-07-08T04:04:34.872Z",
"Row95_23",8382,22,,"period",45,0,0,,,,,,,,,,,,,,,,,"HT","2026-07-08T04:04:34.872Z",0
"Row95_24",8382,23,,"injuryTime",45,,,,,,,,,,,,,,3,,,,,,"2026-07-08T04:04:34.872Z",
"Row94_1",8381,0,,"period",90,2,3,,,,,,,,,,,,,,,,,"FT","2026-07-08T00:04:34.064Z",0
"Row94_2",8381,1,,"card",90,,,,"M. Attia",0,,,14681,8,,,,,,"yellow",,,,,"2026-07-08T00:04:34.064Z",
"Row94_3",8381,2,,"substitution",90,,,,,0,,,,6,"Zizo","M. Lasheen",14682,14721,,,,,,,"2026-07-08T00:04:34.064Z",
"Row94_4",8381,3,,"substitution",90,,,,,1,,,,5,"N. Otamendi","C. Romero",2054,720,,,,,,,"2026-07-08T00:04:34.064Z",
"Row94_5",8381,4,,"substitution",90,,,,,1,,,,5,"F. Medina","J. Álvarez",4603,770,,,,,,,"2026-07-08T00:04:34.064Z",
"Row94_6",8381,5,,"card",90,,,,"H. Fathy",0,,,15354,4,,,,,,"yellow",,,,,"2026-07-08T00:04:34.064Z",
"Row94_7",8381,6,,"card",90,,,,"M. Shobeir",0,,,14675,3,,,,,,"yellow",,,,,"2026-07-08T00:04:34.064Z",
"Row94_8",8381,7,,"goal",90,2,3,"L. Martínez","E. Fernández",1,"[ {
  ""end"" : {
    ""x"" : 77.8,
    ""y"" : 13.2
  },
  ""pid"" : 770,
  ""pos"" : {
    ""x"" : 32.4,
    ""y"" : 66.4
  },
  ""event"" : ""pass"",
  ""player"" : ""J. Álvarez""
}, {
  ""end"" : {
    ""x"" : 91.8,
    ""y"" : 54.8
  },
  ""pid"" : 1687,
  ""pos"" : {
    ""x"" : 85.5,
    ""y"" : 11.5
  },
  ""event"" : ""cross"",
  ""assist"" : true,
  ""player"" : ""L. Martínez""
}, {
  ""gk"" : {
    ""x"" : 98.8,
    ""y"" : 50.5
  },
  ""gm"" : {
    ""x"" : 68.82,
    ""y"" : 77.83
  },
  ""pid"" : 387,
  ""pos"" : {
    ""x"" : 91.8,
    ""y"" : 54.8
  },
  ""body"" : ""head"",
  ""event"" : ""goal"",
  ""player"" : ""E. Fernández""
} ]","regular",387,2,,,,,,,,,,,"2026-07-08T00:04:34.064Z",
"Row94_9",8381,8,,"injuryTime",90,,,,,,,,,,,,,,7,,,,,,"2026-07-08T00:04:34.064Z",
"Row94_10",8381,9,,"goal",83,2,2,"G. Montiel","L. Messi",1,"[ {
  ""end"" : {
    ""x"" : 89.5,
    ""y"" : 44.8
  },
  ""pid"" : 23014,
  ""pos"" : {
    ""x"" : 94.1,
    ""y"" : 47.2
  },
  ""event"" : ""pass"",
  ""assist"" : true,
  ""player"" : ""G. Montiel""
}, {
  ""gk"" : {
    ""x"" : 99.4,
    ""y"" : 49.6
  },
  ""gm"" : {
    ""x"" : 40.86,
    ""y"" : 63
  },
  ""pid"" : 9063,
  ""pos"" : {
    ""x"" : 89.5,
    ""y"" : 44.8
  },
  ""body"" : ""left-foot"",
  ""event"" : ""goal"",
  ""player"" : ""L. Messi""
} ]","regular",9063,,,,,,,,,,,,"2026-07-08T00:04:34.064Z",
"Row94_11",8381,10,,"substitution",80,,,,,0,,,,,"O. Marmoush","M. Ziko",862,14729,,,,,,,"2026-07-08T00:04:34.064Z",
"Row94_12",8381,11,,"goal",79,2,1,"L. Messi","C. Romero",1,"[ {
  ""end"" : {
    ""x"" : 69.1,
    ""y"" : 66.6
  },
  ""pid"" : 16872,
  ""pos"" : {
    ""x"" : 61.3,
    ""y"" : 44.1
  },
  ""event"" : ""pass"",
  ""player"" : ""L. Paredes""
}, {
  ""end"" : {
    ""x"" : 67.6,
    ""y"" : 49.2
  },
  ""pid"" : 387,
  ""pos"" : {
    ""x"" : 70.5,
    ""y"" : 63.3
  },
  ""event"" : ""pass"",
  ""player"" : ""E. Fernández""
}, {
  ""end"" : {
    ""x"" : 74.9,
    ""y"" : 29.8
  },
  ""pid"" : 16872,
  ""pos"" : {
    ""x"" : 67.1,
    ""y"" : 46.3
  },
  ""event"" : ""pass"",
  ""player"" : ""L. Paredes""
}, {
  ""end"" : {
    ""x"" : 74.1,
    ""y"" : 16
  },
  ""pid"" : 770,
  ""pos"" : {
    ""x"" : 74.5,
    ""y"" : 28.2
  },
  ""event"" : ""pass"",
  ""player"" : ""J. Álvarez""
}, {
  ""end"" : {
    ""x"" : 92.4,
    ""y"" : 47.6
  },
  ""pid"" : 9063,
  ""pos"" : {
    ""x"" : 73.2,
    ""y"" : 22.3
  },
  ""event"" : ""cross"",
  ""assist"" : true,
  ""player"" : ""L. Messi""
}, {
  ""gk"" : {
    ""x"" : 98.5,
    ""y"" : 48.6
  },
  ""gm"" : {
    ""x"" : 70.43,
    ""y"" : 66.33
  },
  ""pid"" : 720,
  ""pos"" : {
    ""x"" : 92.4,
    ""y"" : 47.6
  },
  ""body"" : ""head"",
  ""event"" : ""goal"",
  ""player"" : ""C. Romero""
} ]","regular",720,,,,,,,,,,,,"2026-07-08T00:04:34.064Z",
"Row94_13",8381,12,,"substitution",73,,,,,0,,,,,"M. Trézéguet","H. Hassan",14684,1971,,,,,,,"2026-07-08T00:04:34.064Z",
"Row94_14",8381,13,,"substitution",73,,,,,1,,,,,"G. Montiel","N. Molina",23014,761,,,,,,,"2026-07-08T00:04:34.064Z",
"Row94_15",8381,14,,"goal",67,2,0,"H. Hassan","M. Ziko",0,"[ {
  ""end"" : {
    ""x"" : 66.8,
    ""y"" : 38.8
  },
  ""pid"" : 14681,
  ""pos"" : {
    ""x"" : 85.8,
    ""y"" : 44.9
  },
  ""event"" : ""clearance"",
  ""player"" : ""M. Attia""
}, {
  ""pid"" : 333,
  ""pos"" : {
    ""x"" : 66.8,
    ""y"" : 38.8
  },
  ""event"" : ""ball-movement"",
  ""player"" : ""M. Salah""
}, {
  ""pid"" : 333,
  ""pos"" : {
    ""x"" : 32.8,
    ""y"" : 46.6
  },
  ""event"" : ""ball-touch"",
  ""player"" : ""M. Salah""
}, {
  ""end"" : {
    ""x"" : 7.7,
    ""y"" : 51.2
  },
  ""pid"" : 1971,
  ""pos"" : {
    ""x"" : 3.4,
    ""y"" : 68.9
  },
  ""event"" : ""pass"",
  ""assist"" : true,
  ""player"" : ""H. Hassan""
}, {
  ""gk"" : {
    ""x"" : 0.7,
    ""y"" : 52
  },
  ""gm"" : {
    ""x"" : 51.08,
    ""y"" : 71.5
  },
  ""pid"" : 14729,
  ""pos"" : {
    ""x"" : 7.7,
    ""y"" : 51.2
  },
  ""body"" : ""right-foot"",
  ""event"" : ""goal"",
  ""player"" : ""M. Ziko""
} ]","regular",14729,,,,,,,,,,,,"2026-07-08T00:04:34.064Z",
"Row94_16",8381,15,,"substitution",66,,,,,1,,,,,"L. Martínez","R. De Paul",1687,9057,,,,,,,"2026-07-08T00:04:34.064Z",
"Row94_17",8381,16,,"substitution",66,,,,,1,,,,,"N. González","N. Tagliafico",768,1107,,,,,,,"2026-07-08T00:04:34.064Z",
"Row94_18",8381,17,,"varDecision",59,,,,"M. Ziko",0,,,14729,,,,,,,,"goalAwarded",0,,,"2026-07-08T00:04:34.064Z",
"Row94_19",8381,18,,"substitution",46,,,,,0,,,,,"H. Fathy","E. Ashour",15354,14683,,,,,,,"2026-07-08T00:04:34.064Z",
"Row94_20",8381,19,,"period",45,1,0,,,,,,,,,,,,,,,,,"HT","2026-07-08T00:04:34.064Z",0
"Row94_21",8381,20,,"injuryTime",45,,,,,,,,,,,,,,5,,,,,,"2026-07-08T00:04:34.064Z",
"Row94_22",8381,21,,"goal",15,1,0,"M. Attia","Y. Ibrahim",0,"[ {
  ""end"" : {
    ""x"" : 13.9,
    ""y"" : 88.2
  },
  ""pid"" : 333,
  ""pos"" : {
    ""x"" : 0.5,
    ""y"" : 99.5
  },
  ""event"" : ""pass"",
  ""player"" : ""M. Salah""
}, {
  ""end"" : {
    ""x"" : 19.2,
    ""y"" : 77
  },
  ""pid"" : 14683,
  ""pos"" : {
    ""x"" : 14,
    ""y"" : 86.7
  },
  ""event"" : ""pass"",
  ""player"" : ""E. Ashour""
}, {
  ""end"" : {
    ""x"" : 15,
    ""y"" : 89.3
  },
  ""pid"" : 14681,
  ""pos"" : {
    ""x"" : 20.5,
    ""y"" : 76.2
  },
  ""event"" : ""pass"",
  ""player"" : ""M. Attia""
}, {
  ""end"" : {
    ""x"" : 25.1,
    ""y"" : 73.4
  },
  ""pid"" : 14683,
  ""pos"" : {
    ""x"" : 20.1,
    ""y"" : 84.2
  },
  ""event"" : ""pass"",
  ""player"" : ""E. Ashour""
}, {
  ""end"" : {
    ""x"" : 6.8,
    ""y"" : 46.2
  },
  ""pid"" : 14681,
  ""pos"" : {
    ""x"" : 26.6,
    ""y"" : 78.5
  },
  ""event"" : ""cross"",
  ""assist"" : true,
  ""player"" : ""M. Attia""
}, {
  ""gk"" : {
    ""x"" : 0.7,
    ""y"" : 48.4
  },
  ""gm"" : {
    ""x"" : 68.82,
    ""y"" : 74.67
  },
  ""pid"" : 14678,
  ""pos"" : {
    ""x"" : 6.8,
    ""y"" : 46.2
  },
  ""body"" : ""head"",
  ""event"" : ""goal"",
  ""player"" : ""Y. Ibrahim""
} ]","regular",14678,,,,,,,,,,,,"2026-07-08T00:04:34.064Z",
"Row94_23",8381,22,,"card",-5,,,,"H. Hassan",0,,,1971,,,,,,,"yellow",,,,,"2026-07-08T00:04:34.064Z",
"Row94_24",8381,23,,"card",-5,,,,"H. Hassan",0,,,,,,,,,,"yellow",,,1,,"2026-07-08T00:04:34.064Z",
"Row93_1",8380,0,,"period",90,4,1,,,,,,,,,,,,,,,,,"FT","2026-07-07T08:04:33.853Z",0
"Row93_2",8380,1,,"goal",90,4,1,"H. Vanaken","R. Lukaku",0,"[ {
  ""gk"" : {
    ""x"" : 1.6,
    ""y"" : 44.9
  },
  ""gm"" : {
    ""x"" : 69.35,
    ""y"" : 87.33
  },
  ""pid"" : 8676,
  ""pos"" : {
    ""x"" : 9.2,
    ""y"" : 33.3
  },
  ""body"" : ""right-foot"",
  ""event"" : ""goal"",
  ""player"" : ""R. Lukaku""
} ]","regular",8676,3,,,,,,,,,,,"2026-07-07T08:04:33.853Z",
"Row93_3",8380,2,,"substitution",90,,,,,1,,,,2,"H. Wright","F. Balogun",6430,2232,,,,,,,"2026-07-07T08:04:33.853Z",
"Row93_4",8380,3,,"substitution",90,,,,,1,,,,2,"M. Arfsten","A. Robinson",9209,4559,,,,,,,"2026-07-07T08:04:33.853Z",
"Row93_5",8380,4,,"injuryTime",90,,,,,,,,,,,,,,4,,,,,,"2026-07-07T08:04:33.853Z",
"Row93_6",8380,5,,"substitution",89,,,,,0,,,,,"A. Witsel","N. Raskin",1042,3015,,,,,,,"2026-07-07T08:04:33.853Z",
"Row93_7",8380,6,,"substitution",89,,,,,0,,,,,"A. Saelemaekers","L. Trossard",1991,3461,,,,,,,"2026-07-07T08:04:33.853Z",
"Row93_8",8380,7,,"substitution",72,,,,,1,,,,,"R. Pepi","T. Adams",3513,788,,,,,,,"2026-07-07T08:04:33.853Z",
"Row93_9",8380,8,,"card",69,,,,"M. Tillman",1,,,2143,,,,,,,"yellow",,,,,"2026-07-07T08:04:33.853Z",
"Row93_10",8380,9,,"substitution",67,,,,,0,,,,,"R. Lukaku","C. De Ketelaere",8676,1305,,,,,,,"2026-07-07T08:04:33.853Z",
"Row93_11",8380,10,,"substitution",67,,,,,0,,,,,"J. Doku","D. Lukebakio",853,3974,,,,,,,"2026-07-07T08:04:33.853Z",
"Row93_12",8380,11,,"substitution",59,,,,,1,,,,,"S. Berhalter","C. Pulišić",9104,3820,,,,,,,"2026-07-07T08:04:33.853Z",
"Row93_13",8380,12,,"goal",57,3,1,"C. De Ketelaere","H. Vanaken",0,"[ {
  ""gk"" : {
    ""x"" : 21.5,
    ""y"" : 44.4
  },
  ""gm"" : {
    ""x"" : 70.97,
    ""y"" : 86.33
  },
  ""pid"" : 3542,
  ""pos"" : {
    ""x"" : 29.6,
    ""y"" : 42.7
  },
  ""body"" : ""right-foot"",
  ""event"" : ""goal"",
  ""player"" : ""H. Vanaken""
} ]","regular",3542,,,,,,,,,,,,"2026-07-07T08:04:33.853Z",
"Row93_14",8380,13,,"substitution",46,,,,,1,,,,,"G. Reyna","S. Dest",2878,3503,,,,,,,"2026-07-07T08:04:33.853Z",
"Row93_15",8380,14,,"period",45,2,1,,,,,,,,,,,,,,,,,"HT","2026-07-07T08:04:33.853Z",0
"Row93_16",8380,15,,"injuryTime",45,,,,,,,,,,,,,,6,,,,,,"2026-07-07T08:04:33.853Z",
"Row93_17",8380,16,,"card",35,,,,"W. McKennie",1,,,2179,,,,,,,"yellow",,,,,"2026-07-07T08:04:33.853Z",
"Row93_18",8380,17,,"goal",33,2,1,"L. Trossard","C. De Ketelaere",0,"[ {
  ""end"" : {
    ""x"" : 37.2,
    ""y"" : 95
  },
  ""pid"" : 1305,
  ""pos"" : {
    ""x"" : 44.2,
    ""y"" : 78.4
  },
  ""event"" : ""pass"",
  ""player"" : ""C. De Ketelaere""
}, {
  ""end"" : {
    ""x"" : 36.4,
    ""y"" : 90
  },
  ""pid"" : 3974,
  ""pos"" : {
    ""x"" : 36.6,
    ""y"" : 95.1
  },
  ""event"" : ""pass"",
  ""player"" : ""D. Lukebakio""
}, {
  ""end"" : {
    ""x"" : 32.2,
    ""y"" : 69.6
  },
  ""pid"" : 1305,
  ""pos"" : {
    ""x"" : 29.6,
    ""y"" : 73.3
  },
  ""event"" : ""pass"",
  ""player"" : ""C. De Ketelaere""
}, {
  ""end"" : {
    ""x"" : 24.8,
    ""y"" : 16.5
  },
  ""pid"" : 514,
  ""pos"" : {
    ""x"" : 32,
    ""y"" : 63.4
  },
  ""event"" : ""pass"",
  ""player"" : ""Y. Tielemans""
}, {
  ""end"" : {
    ""x"" : 3.1,
    ""y"" : 51.9
  },
  ""pid"" : 3461,
  ""pos"" : {
    ""x"" : 24.8,
    ""y"" : 16.5
  },
  ""event"" : ""ball-movement"",
  ""player"" : ""L. Trossard""
}, {
  ""end"" : {
    ""x"" : 3.1,
    ""y"" : 51.9
  },
  ""pid"" : 3461,
  ""pos"" : {
    ""x"" : 1.4,
    ""y"" : 20.7
  },
  ""event"" : ""cross"",
  ""assist"" : true,
  ""player"" : ""L. Trossard""
}, {
  ""gk"" : {
    ""x"" : 0.7,
    ""y"" : 50.2
  },
  ""gm"" : {
    ""x"" : 69.89,
    ""y"" : 55.67
  },
  ""pid"" : 1305,
  ""pos"" : {
    ""x"" : 3.1,
    ""y"" : 51.9
  },
  ""body"" : ""head"",
  ""event"" : ""goal"",
  ""player"" : ""C. De Ketelaere""
} ]","regular",1305,,,,,,,,,,,,"2026-07-07T08:04:33.853Z",
"Row93_19",8380,18,,"goal",31,1,1,,"M. Tillman",1,"[ {
  ""gk"" : {
    ""x"" : 98.9,
    ""y"" : 51.4
  },
  ""gm"" : {
    ""x"" : 53.76,
    ""y"" : 60
  },
  ""pid"" : 2143,
  ""pos"" : {
    ""x"" : 76.3,
    ""y"" : 51.9
  },
  ""body"" : ""right-foot"",
  ""event"" : ""goal"",
  ""player"" : ""M. Tillman""
} ]","regular",2143,,,,,,,,,,,,"2026-07-07T08:04:33.853Z",
"Row93_20",8380,19,,"substitution",21,,,,,0,,,,,"H. Vanaken","A. Onana",3542,508,,,,,,,"2026-07-07T08:04:33.853Z",
"Row93_21",8380,20,,"goal",9,1,0,"N. Raskin","C. De Ketelaere",0,"[ {
  ""end"" : {
    ""x"" : 2.4,
    ""y"" : 49.4
  },
  ""pid"" : 3015,
  ""pos"" : {
    ""x"" : 7.4,
    ""y"" : 31.3
  },
  ""event"" : ""pass"",
  ""assist"" : true,
  ""player"" : ""N. Raskin""
}, {
  ""gk"" : {
    ""x"" : 1.8,
    ""y"" : 46.8
  },
  ""gm"" : {
    ""x"" : 55.38,
    ""y"" : 78.83
  },
  ""pid"" : 1305,
  ""pos"" : {
    ""x"" : 2.4,
    ""y"" : 49.4
  },
  ""body"" : ""right-foot"",
  ""event"" : ""goal"",
  ""player"" : ""C. De Ketelaere""
} ]","regular",1305,,,,,,,,,,,,"2026-07-07T08:04:33.853Z",
"Row92_1",8379,0,,"period",90,1,0,,,,,,,,,,,,,,,,,"FT","2026-07-07T03:04:34.178Z",0
"Row92_2",8379,1,,"card",90,,,,"F. Torres",0,,,749,9,,,,,,"yellow",,,,,"2026-07-07T03:04:34.178Z",
"Row92_3",8379,2,,"substitution",90,,,,,0,,,,7,"B. Iglesias","M. Oyarzabal",1260,3890,,,,,,,"2026-07-07T03:04:34.178Z",
"Row92_4",8379,3,,"card",90,,,,"R. Veiga",1,,,1781,4,,,,,,"yellow",,,,,"2026-07-07T03:04:34.178Z",
"Row92_5",8379,4,,"goal",90,1,0,"F. Torres","M. Merino",0,,"regular",451,1,,,,,,,,,,,"2026-07-07T03:04:34.178Z",
"Row92_6",8379,5,,"injuryTime",90,,,,,,,,,,,,,,6,,,,,,"2026-07-07T03:04:34.178Z",
"Row92_7",8379,6,,"card",89,,,,"B. Silva",1,,,848,,,,,,,"yellow",,,,,"2026-07-07T03:04:34.178Z",
"Row92_8",8379,7,,"substitution",85,,,,,0,,,,,"M. Merino","D. Olmo",451,746,,,,,,,"2026-07-07T03:04:34.178Z",
"Row92_9",8379,8,,"substitution",85,,,,,0,,,,,"F. Ruiz","Pedri",2249,744,,,,,,,"2026-07-07T03:04:34.178Z",
"Row92_10",8379,9,,"substitution",83,,,,,1,,,,,"B. Silva","Vitinha",848,2248,,,,,,,"2026-07-07T03:04:34.178Z",
"Row92_11",8379,10,,"substitution",83,,,,,1,,,,,"F. Conceição","P. Neto",2183,394,,,,,,,"2026-07-07T03:04:34.178Z",
"Row92_12",8379,11,,"substitution",75,,,,,0,,,,,"F. Torres","A. Baena",749,769,,,,,,,"2026-07-07T03:04:34.178Z",
"Row92_13",8379,12,,"substitution",71,,,,,1,,,,,"D. Dalot","J. Cancelo",1795,8331,,,,,,,"2026-07-07T03:04:34.178Z",
"Row92_14",8379,13,,"substitution",71,,,,,1,,,,,"R. Leão","J. Félix",1997,7881,,,,,,,"2026-07-07T03:04:34.178Z",
"Row92_15",8379,14,,"substitution",56,,,,,1,,,,,"N. Semedo","N. Mendes",3407,3470,,,,,,,"2026-07-07T03:04:34.178Z",
"Row92_16",8379,15,,"period",45,0,0,,,,,,,,,,,,,,,,,"HT","2026-07-07T03:04:34.178Z",0
"Row92_17",8379,16,,"injuryTime",45,,,,,,,,,,,,,,6,,,,,,"2026-07-07T03:04:34.178Z",
"Row91_1",8378,0,,"period",90,3,2,,,,,,,,,,,,,,,,,"FT","2026-07-06T09:04:33.169Z",0
"Row91_2",8378,1,,"substitution",90,,,,,1,,,,9,"","S. Giménez",,4328,,,,,,,"2026-07-06T09:04:33.169Z",
"Row91_3",8378,2,,"card",90,,,,"J. Vásquez",1,,,2591,8,,,,,,"yellow",,,,,"2026-07-06T09:04:33.169Z",
"Row91_4",8378,3,,"substitution",90,,,,,0,,,,,"M. Rogers","H. Kane",511,2466,,,,,,,"2026-07-06T09:04:33.169Z",
"Row91_5",8378,4,,"injuryTime",90,,,,,,,,,,,,,,11,,,,,,"2026-07-06T09:04:33.169Z",
"Row91_6",8378,5,,"substitution",81,,,,,1,,,,,"G. Martínez","J. Quiñones",10462,8296,,,,,,,"2026-07-06T09:04:33.169Z",
"Row91_7",8378,6,,"substitution",79,,,,,1,,,,,"Á. Fidalgo","J. Sánchez",9008,10045,,,,,,,"2026-07-06T09:04:33.169Z",
"Row91_8",8378,7,,"substitution",75,,,,,0,,,,,"D. Burn","E. Anderson",701,548,,,,,,,"2026-07-06T09:04:33.169Z",
"Row91_9",8378,8,,"substitution",74,,,,,0,,,,,"D. Spence","N. O’Reilly",735,847,,,,,,,"2026-07-06T09:04:33.169Z",
"Row91_10",8378,9,,"card",72,,,,"N. O’Reilly",0,,,847,,,,,,,"yellow",,,,,"2026-07-06T09:04:33.169Z",
"Row91_11",8378,10,,"card",71,,,,"J. Sánchez",1,,,10045,,,,,,,"yellow",,,,,"2026-07-06T09:04:33.169Z",
"Row91_12",8378,11,,"goal",69,3,2,,"R. Jiménez",1,"[ {
  ""gk"" : {
    ""x"" : 99.7,
    ""y"" : 50
  },
  ""gm"" : {
    ""x"" : 38.71,
    ""y"" : 93.67
  },
  ""pid"" : 833,
  ""pos"" : {
    ""x"" : 88.5,
    ""y"" : 50
  },
  ""body"" : ""right-foot"",
  ""event"" : ""goal"",
  ""player"" : ""R. Jiménez""
} ]","penalty",833,,,,,,,,,,,,"2026-07-06T09:04:33.169Z",
"Row91_13",8378,12,,"card",68,,,,"M. Guéhi",0,,,425,,,,,,,"yellow",,,,,"2026-07-06T09:04:33.169Z",
"Row91_14",8378,13,,"varDecision",67,,,,"B. Gutiérrez",1,,,9355,,,,,,,,"penaltyNotAwarded",0,,,"2026-07-06T09:04:33.169Z",
"Row91_15",8378,14,,"substitution",61,,,,,1,,,,,"B. Gutiérrez","L. Romo",9355,10370,,,,,,,"2026-07-06T09:04:33.169Z",
"Row91_16",8378,15,,"substitution",61,,,,,1,,,,,"S. Giménez","G. Mora",4328,10424,,,,,,,"2026-07-06T09:04:33.169Z",
"Row91_17",8378,16,,"goal",60,3,1,,"H. Kane",0,"[ {
  ""gk"" : {
    ""x"" : 0.3,
    ""y"" : 49.8
  },
  ""gm"" : {
    ""x"" : 29.03,
    ""y"" : 75.67
  },
  ""pid"" : 2466,
  ""pos"" : {
    ""x"" : 11.5,
    ""y"" : 50
  },
  ""body"" : ""right-foot"",
  ""event"" : ""goal"",
  ""player"" : ""H. Kane""
} ]","penalty",2466,,,,,,,,,,,,"2026-07-06T09:04:33.169Z",
"Row91_18",8378,17,,"substitution",57,,,,,0,,,,,"J. Stones","B. Saka",854,455,,,,,,,"2026-07-06T09:04:33.169Z",
"Row91_19",8378,18,,"card",54,,,,"J. Quansah",0,,,2149,,,,,,,"red",,,,,"2026-07-06T09:04:33.169Z",
"Row91_20",8378,19,,"varDecision",53,,,,"J. Quansah",0,,,2149,,,,,,,,"cardUpgrade",0,,,"2026-07-06T09:04:33.169Z",
"Row91_21",8378,20,,"substitution",46,,,,,1,,,,,"E. Álvarez","C. Montes",3411,17092,,,,,,,"2026-07-06T09:04:33.169Z",
"Row91_22",8378,21,,"period",45,2,1,,,,,,,,,,,,,,,,,"HT","2026-07-06T09:04:33.169Z",0
"Row91_23",8378,22,,"injuryTime",45,,,,,,,,,,,,,,5,,,,,,"2026-07-06T09:04:33.169Z",
"Row91_24",8378,23,,"goal",42,2,1,,"J. Quiñones",1,"[ {
  ""gk"" : {
    ""x"" : 98.9,
    ""y"" : 49.3
  },
  ""gm"" : {
    ""x"" : 43.01,
    ""y"" : 45.17
  },
  ""pid"" : 8296,
  ""pos"" : {
    ""x"" : 90.9,
    ""y"" : 49.1
  },
  ""body"" : ""right-foot"",
  ""event"" : ""goal"",
  ""player"" : ""J. Quiñones""
} ]","regular",8296,,,,,,,,,,,,"2026-07-06T09:04:33.169Z",
"Row91_25",8378,24,,"goal",38,2,0,"H. Kane","J. Bellingham",0,"[ {
  ""end"" : {
    ""x"" : 26.1,
    ""y"" : 46.6
  },
  ""pid"" : 711,
  ""pos"" : {
    ""x"" : 35.5,
    ""y"" : 33.3
  },
  ""event"" : ""pass"",
  ""player"" : ""A. Gordon""
}, {
  ""end"" : {
    ""x"" : 8.7,
    ""y"" : 66.1
  },
  ""pid"" : 592,
  ""pos"" : {
    ""x"" : 24,
    ""y"" : 46
  },
  ""event"" : ""pass"",
  ""player"" : ""J. Bellingham""
}, {
  ""end"" : {
    ""x"" : 3.8,
    ""y"" : 47.8
  },
  ""pid"" : 2466,
  ""pos"" : {
    ""x"" : 8.7,
    ""y"" : 66.4
  },
  ""event"" : ""pass"",
  ""assist"" : true,
  ""player"" : ""H. Kane""
}, {
  ""gk"" : {
    ""x"" : 0.9,
    ""y"" : 50.2
  },
  ""gm"" : {
    ""x"" : 31.72,
    ""y"" : 57.83
  },
  ""pid"" : 592,
  ""pos"" : {
    ""x"" : 3.8,
    ""y"" : 47.8
  },
  ""body"" : ""right-foot"",
  ""event"" : ""goal"",
  ""player"" : ""J. Bellingham""
} ]","regular",592,,,,,,,,,,,,"2026-07-06T09:04:33.169Z",
"Row91_26",8378,25,,"goal",36,1,0,"B. Saka","J. Bellingham",0,"[ {
  ""end"" : {
    ""x"" : 14,
    ""y"" : 97.8
  },
  ""pid"" : 449,
  ""pos"" : {
    ""x"" : 33.2,
    ""y"" : 88.3
  },
  ""event"" : ""pass"",
  ""player"" : ""D. Rice""
}, {
  ""end"" : {
    ""x"" : 4.8,
    ""y"" : 45.5
  },
  ""pid"" : 455,
  ""pos"" : {
    ""x"" : 14,
    ""y"" : 97.8
  },
  ""event"" : ""ball-movement"",
  ""player"" : ""B. Saka""
}, {
  ""end"" : {
    ""x"" : 4.8,
    ""y"" : 45.5
  },
  ""pid"" : 455,
  ""pos"" : {
    ""x"" : 3.7,
    ""y"" : 76.6
  },
  ""event"" : ""cross"",
  ""assist"" : true,
  ""player"" : ""B. Saka""
}, {
  ""gk"" : {
    ""x"" : 0.9,
    ""y"" : 51.3
  },
  ""gm"" : {
    ""x"" : 36.02,
    ""y"" : 91.5
  },
  ""pid"" : 592,
  ""pos"" : {
    ""x"" : 4.8,
    ""y"" : 45.5
  },
  ""body"" : ""head"",
  ""event"" : ""goal"",
  ""player"" : ""J. Bellingham""
} ]","regular",592,,,,,,,,,,,,"2026-07-06T09:04:33.169Z",
"Row91_27",8378,26,,"card",1,,,,"D. Rice",0,,,449,,,,,,,"yellow",,,,,"2026-07-06T09:04:33.169Z",
"Row91_28",8378,27,,"card",-5,,,,"J. Henderson",0,,,474,,,,,,,"yellow",,,,,"2026-07-06T09:04:33.169Z",
"Row90_1",8377,0,,"period",90,2,1,,,,,,,,,,,,,,,,,"FT","2026-07-06T04:00:07.899Z",0
"Row90_2",8377,1,,"goal",90,2,1,,"Neymar",1,"[ {
  ""gk"" : {
    ""x"" : 100,
    ""y"" : 50
  },
  ""gm"" : {
    ""x"" : 63.44,
    ""y"" : 94.67
  },
  ""pid"" : 215,
  ""pos"" : {
    ""x"" : 88.5,
    ""y"" : 50
  },
  ""body"" : ""right-foot"",
  ""event"" : ""goal"",
  ""player"" : ""Neymar""
} ]","penalty",215,10,,,,,,,,,,,"2026-07-06T04:00:07.899Z",
"Row90_3",8377,2,,"card",90,,,,"Neymar",1,,,215,6,,,,,,"yellow",,,,,"2026-07-06T04:00:07.899Z",
"Row90_4",8377,3,,"substitution",90,,,,,0,,,,5,"L. Østigård","D. M. Wolfe",2590,529,,,,,,,"2026-07-06T04:00:07.899Z",
"Row90_5",8377,4,,"goal",90,2,0,"A. Schjelderup","E. Haaland",0,"[ {
  ""end"" : {
    ""x"" : 29.5,
    ""y"" : 22.7
  },
  ""pid"" : 1561,
  ""pos"" : {
    ""x"" : 96.1,
    ""y"" : 50.7
  },
  ""event"" : ""pass"",
  ""player"" : ""Ø. Nyland""
}, {
  ""end"" : {
    ""x"" : 20.9,
    ""y"" : 15
  },
  ""pid"" : 852,
  ""pos"" : {
    ""x"" : 29.5,
    ""y"" : 22.7
  },
  ""event"" : ""pass"",
  ""player"" : ""E. Haaland""
}, {
  ""end"" : {
    ""x"" : 15.2,
    ""y"" : 27.4
  },
  ""pid"" : 2064,
  ""pos"" : {
    ""x"" : 14.9,
    ""y"" : 10.4
  },
  ""event"" : ""pass"",
  ""assist"" : true,
  ""player"" : ""A. Schjelderup""
}, {
  ""gk"" : {
    ""x"" : 0.6,
    ""y"" : 48.4
  },
  ""gm"" : {
    ""x"" : 72.58,
    ""y"" : 99
  },
  ""pid"" : 852,
  ""pos"" : {
    ""x"" : 17.9,
    ""y"" : 32.6
  },
  ""body"" : ""left-foot"",
  ""event"" : ""goal"",
  ""player"" : ""E. Haaland""
} ]","regular",852,,,,,,,,,,,,"2026-07-06T04:00:07.899Z",
"Row90_6",8377,5,,"injuryTime",90,,,,,,,,,,,,,,7,,,,,,"2026-07-06T04:00:07.899Z",
"Row90_7",8377,6,,"goal",79,1,0,"A. Schjelderup","E. Haaland",0,"[ {
  ""end"" : {
    ""x"" : 62.7,
    ""y"" : 73.3
  },
  ""pid"" : 2056,
  ""pos"" : {
    ""x"" : 39.7,
    ""y"" : 95.3
  },
  ""event"" : ""pass"",
  ""player"" : ""F. Aursnes""
}, {
  ""end"" : {
    ""x"" : 48,
    ""y"" : 39.4
  },
  ""pid"" : 464,
  ""pos"" : {
    ""x"" : 58.2,
    ""y"" : 68.7
  },
  ""event"" : ""pass"",
  ""player"" : ""K. Ajer""
}, {
  ""end"" : {
    ""x"" : 40.1,
    ""y"" : 12.8
  },
  ""pid"" : 957,
  ""pos"" : {
    ""x"" : 38.8,
    ""y"" : 36.1
  },
  ""event"" : ""pass"",
  ""player"" : ""T. Heggem""
}, {
  ""end"" : {
    ""x"" : 24.1,
    ""y"" : 4.1
  },
  ""pid"" : 529,
  ""pos"" : {
    ""x"" : 34.7,
    ""y"" : 15.5
  },
  ""event"" : ""pass"",
  ""player"" : ""D. M. Wolfe""
}, {
  ""end"" : {
    ""x"" : 8.5,
    ""y"" : 51.9
  },
  ""pid"" : 2064,
  ""pos"" : {
    ""x"" : 24.1,
    ""y"" : 4.1
  },
  ""event"" : ""ball-movement"",
  ""player"" : ""A. Schjelderup""
}, {
  ""end"" : {
    ""x"" : 8.5,
    ""y"" : 51.9
  },
  ""pid"" : 2064,
  ""pos"" : {
    ""x"" : 13,
    ""y"" : 16.8
  },
  ""event"" : ""cross"",
  ""assist"" : true,
  ""player"" : ""A. Schjelderup""
}, {
  ""gk"" : {
    ""x"" : 0.6,
    ""y"" : 49.6
  },
  ""gm"" : {
    ""x"" : 62.9,
    ""y"" : 84.17
  },
  ""pid"" : 852,
  ""pos"" : {
    ""x"" : 8.5,
    ""y"" : 51.9
  },
  ""body"" : ""head"",
  ""event"" : ""goal"",
  ""player"" : ""E. Haaland""
} ]","regular",852,,,,,,,,,,,,"2026-07-06T04:00:07.899Z",
"Row90_8",8377,7,,"substitution",79,,,,,1,,,,,"Éderson","B. Guimarães",1302,709,,,,,,,"2026-07-06T04:00:07.899Z",
"Row90_9",8377,8,,"substitution",67,,,,,1,,,,,"D. Santos","Rayan",3877,663,,,,,,,"2026-07-06T04:00:07.899Z",
"Row90_10",8377,9,,"substitution",67,,,,,1,,,,,"Neymar","G. Martinelli",215,452,,,,,,,"2026-07-06T04:00:07.899Z",
"Row90_11",8377,10,,"substitution",63,,,,,0,,,,,"F. Aursnes","J. Ryerson",2056,2159,,,,,,,"2026-07-06T04:00:07.899Z",
"Row90_12",8377,11,,"substitution",58,,,,,1,,,,,"Endrick","M. Cunha",606,4119,,,,,,,"2026-07-06T04:00:07.899Z",
"Row90_13",8377,12,,"substitution",46,,,,,0,,,,,"A. Schjelderup","A. Nusa",2064,2897,,,,,,,"2026-07-06T04:00:07.899Z",
"Row90_14",8377,13,,"substitution",46,,,,,0,,,,,"O. Bobb","A. Sørloth",3651,774,,,,,,,"2026-07-06T04:00:07.899Z",
"Row90_15",8377,14,,"period",45,0,0,,,,,,,,,,,,,,,,,"HT","2026-07-06T04:00:07.899Z",0
"Row90_16",8377,15,,"injuryTime",45,,,,,,,,,,,,,,6,,,,,,"2026-07-06T04:00:07.899Z",
"Row90_17",8377,16,,"varDecision",12,,,,"M. Cunha",1,,,4119,,,,,,,,"penaltyNotAwarded",0,,,"2026-07-06T04:00:07.899Z",
"Row89_1",8376,0,,"period",90,1,0,,,,,,,,,,,,,,,,,"FT","2026-07-05T05:03:55.016Z",0
"Row89_2",8376,1,,"card",90,,,,"M. Olise",0,,,2467,7,,,,,,"yellow",,,,,"2026-07-05T05:03:55.016Z",
"Row89_3",8376,2,,"injuryTime",90,,,,,,,,,,,,,,10,,,,,,"2026-07-05T05:03:55.016Z",
"Row89_4",8376,3,,"substitution",84,,,,,0,,,,,"R. Cherki","O. Dembélé",856,2253,,,,,,,"2026-07-05T05:03:55.016Z",
"Row89_5",8376,4,,"card",81,,,,"M. Koné",0,,,1064,,,,,,,"yellow",,,,,"2026-07-05T05:03:55.016Z",
"Row89_6",8376,5,,"substitution",71,,,,,1,,,,,"G. Ávalos","M. Almirón",16919,9678,,,,,,,"2026-07-05T05:03:55.016Z",
"Row89_7",8376,6,,"substitution",71,,,,,1,,,,,"Mauricio","G. Gómez",42,26,,,,,,,"2026-07-05T05:03:55.016Z",
"Row89_8",8376,7,,"goal",70,1,0,,"K. Mbappé",0,,"penalty",594,,,,,,,,,,,,"2026-07-05T05:03:55.016Z",
"Row89_9",8376,8,,"varDecision",68,,,,"D. Doué",0,,,4324,,,,,,,,"penaltyNotAwarded",0,,,"2026-07-05T05:03:55.016Z",
"Row89_10",8376,9,,"substitution",61,,,,,0,,,,,"D. Doué","B. Barcola",4324,2261,,,,,,,"2026-07-05T05:03:55.016Z",
"Row89_11",8376,10,,"substitution",61,,,,,1,,,,,"G. Caballero","J. Enciso",225,1710,,,,,,,"2026-07-05T05:03:55.016Z",
"Row89_12",8376,11,,"substitution",58,,,,,1,,,,,"J. Canale","O. Alderete",16912,345,,,,,,,"2026-07-05T05:03:55.016Z",
"Row89_13",8376,12,,"period",45,0,0,,,,,,,,,,,,,,,,,"HT","2026-07-05T05:03:55.016Z",0
"Row89_14",8376,13,,"injuryTime",45,,,,,,,,,,,,,,3,,,,,,"2026-07-05T05:03:55.016Z",
"Row89_15",8376,14,,"card",19,,,,"B. Barcola",0,,,2261,,,,,,,"yellow",,,,,"2026-07-05T05:03:55.016Z",
"Row88_1",8375,0,,"period",90,3,0,,,,,,,,,,,,,,,,,"FT","2026-07-05T01:03:54.948Z",0
"Row88_2",8375,1,,"goal",90,3,0,"B. Díaz","S. Rahimi",0,"[ {
  ""pid"" : 15371,
  ""pos"" : {
    ""x"" : 43,
    ""y"" : 52.5
  },
  ""event"" : ""ball-touch"",
  ""player"" : ""S. Rahimi""
}, {
  ""end"" : {
    ""x"" : 35.2,
    ""y"" : 62.3
  },
  ""pid"" : 1706,
  ""pos"" : {
    ""x"" : 46.9,
    ""y"" : 45.5
  },
  ""event"" : ""pass"",
  ""player"" : ""S. E. Mourabet""
}, {
  ""end"" : {
    ""x"" : 12.8,
    ""y"" : 38.7
  },
  ""pid"" : 598,
  ""pos"" : {
    ""x"" : 26.7,
    ""y"" : 59
  },
  ""event"" : ""pass"",
  ""assist"" : true,
  ""player"" : ""B. Díaz""
}, {
  ""gk"" : {
    ""x"" : 6.8,
    ""y"" : 44.8
  },
  ""gm"" : {
    ""x"" : 65.59,
    ""y"" : 94.67
  },
  ""pid"" : 15371,
  ""pos"" : {
    ""x"" : 12.8,
    ""y"" : 38.7
  },
  ""body"" : ""left-foot"",
  ""event"" : ""goal"",
  ""player"" : ""S. Rahimi""
} ]","regular",15371,8,,,,,,,,,,,"2026-07-05T01:03:54.948Z",
"Row88_3",8375,2,,"injuryTime",90,,,,,,,,,,,,,,8,,,,,,"2026-07-05T01:03:54.948Z",
"Row88_4",8375,3,,"substitution",87,,,,,1,,,,,"J. Nelson","T. Buchanan",9128,1769,,,,,,,"2026-07-05T01:03:54.948Z",
"Row88_5",8375,4,,"substitution",87,,,,,1,,,,,"J. Osorio","N. Sigur",9550,16947,,,,,,,"2026-07-05T01:03:54.948Z",
"Row88_6",8375,5,,"substitution",87,,,,,0,,,,,"S. E. Mourabet","A. Ounahi",1706,1044,,,,,,,"2026-07-05T01:03:54.948Z",
"Row88_7",8375,6,,"substitution",87,,,,,0,,,,,"M. Saadane","I. Diop",8257,4377,,,,,,,"2026-07-05T01:03:54.948Z",
"Row88_8",8375,7,,"goal",82,2,0,"B. Díaz","A. Ounahi",0,"[ {
  ""gk"" : {
    ""x"" : 3.3,
    ""y"" : 52.2
  },
  ""gm"" : {
    ""x"" : 70.97,
    ""y"" : 53.67
  },
  ""pid"" : 1044,
  ""pos"" : {
    ""x"" : 13.8,
    ""y"" : 56.9
  },
  ""body"" : ""right-foot"",
  ""event"" : ""goal"",
  ""player"" : ""A. Ounahi""
} ]","regular",1044,,,,,,,,,,,,"2026-07-05T01:03:54.948Z",
"Row88_9",8375,8,,"substitution",78,,,,,1,,,,,"J. Shaffelburg","R. Laryea",9296,9548,,,,,,,"2026-07-05T01:03:54.948Z",
"Row88_10",8375,9,,"substitution",78,,,,,1,,,,,"P. David","A. Ahmed",3754,8580,,,,,,,"2026-07-05T01:03:54.948Z",
"Row88_11",8375,10,,"card",67,,,,"C. Larin",1,,,4164,,,,,,,"yellow",,,,,"2026-07-05T01:03:54.948Z",
"Row88_12",8375,11,,"substitution",63,,,,,1,,,,,"C. Larin","T. Oluwaseyi",4164,1779,,,,,,,"2026-07-05T01:03:54.948Z",
"Row88_13",8375,12,,"substitution",63,,,,,0,,,,,"S. Amrabat","A. Bouaddi",2985,1451,,,,,,,"2026-07-05T01:03:54.948Z",
"Row88_14",8375,13,,"substitution",63,,,,,0,,,,,"C. Talbi","B. E. Khannouss",350,1619,,,,,,,"2026-07-05T01:03:54.948Z",
"Row88_15",8375,14,,"goal",50,1,0,"A. Hakimi","A. Ounahi",0,"[ {
  ""end"" : {
    ""x"" : 18.1,
    ""y"" : 52.3
  },
  ""pid"" : 4241,
  ""pos"" : {
    ""x"" : 10.2,
    ""y"" : 88.8
  },
  ""event"" : ""pass"",
  ""assist"" : true,
  ""player"" : ""A. Hakimi""
}, {
  ""gk"" : {
    ""x"" : 0.9,
    ""y"" : 50
  },
  ""gm"" : {
    ""x"" : 70.97,
    ""y"" : 93.67
  },
  ""pid"" : 1044,
  ""pos"" : {
    ""x"" : 18.1,
    ""y"" : 52.3
  },
  ""body"" : ""right-foot"",
  ""event"" : ""goal"",
  ""player"" : ""A. Ounahi""
} ]","regular",1044,,,,,,,,,,,,"2026-07-05T01:03:54.948Z",
"Row88_16",8375,15,,"card",49,,,,"L. D. Fougerolles",1,,,7612,,,,,,,"yellow",,,,,"2026-07-05T01:03:54.948Z",
"Row88_17",8375,16,,"period",45,0,0,,,,,,,,,,,,,,,,,"HT","2026-07-05T01:03:54.948Z",0
"Row88_18",8375,17,,"card",45,,,,"B. E. Khannouss",0,,,1619,6,,,,,,"yellow",,,,,"2026-07-05T01:03:54.948Z",
"Row88_19",8375,18,,"card",45,,,,"A. Ounahi",0,,,1044,,,,,,,"yellow",,,,,"2026-07-05T01:03:54.948Z",
"Row88_20",8375,19,,"injuryTime",45,,,,,,,,,,,,,,6,,,,,,"2026-07-05T01:03:54.948Z",
"Row88_21",8375,20,,"card",43,,,,"J. David",1,,,2186,,,,,,,"yellow",,,,,"2026-07-05T01:03:54.948Z",
"Row88_22",8375,21,,"card",40,,,,"R. Laryea",1,,,9548,,,,,,,"yellow",,,,,"2026-07-05T01:03:54.948Z",
"Row88_23",8375,22,,"card",40,,,,"A. Hakimi",0,,,4241,,,,,,,"yellow",,,,,"2026-07-05T01:03:54.948Z",
"Row88_24",8375,23,,"substitution",22,,,,,0,,,,,"S. Rahimi","I. Saibari",15371,3511,,,,,,,"2026-07-05T01:03:54.948Z",
"Row88_25",8375,24,,"card",20,,,,"R. Halhal",0,,,7757,,,,,,,"yellow",,,,,"2026-07-05T01:03:54.948Z",
"Row87_1",8374,0,,"period",90,0,1,,,,,,,,,,,,,,,,,"FT","2026-07-04T09:33:54.482Z",0
"Row87_2",8374,1,,"substitution",90,,,,,1,,,,,"J. Campaz","L. Díaz",16391,2465,,,,,,,"2026-07-04T09:33:54.482Z",
"Row87_3",8374,2,,"injuryTime",90,,,,,,,,,,,,,,6,,,,,,"2026-07-04T09:33:54.482Z",
"Row87_4",8374,3,,"substitution",79,,,,,0,,,,,"P. K. Adu","C. Yirenkyi",3225,16696,,,,,,,"2026-07-04T09:33:54.482Z",
"Row87_5",8374,4,,"substitution",79,,,,,0,,,,,"E. Nuamah","J. Ayew",24027,6134,,,,,,,"2026-07-04T09:33:54.482Z",
"Row87_6",8374,5,,"card",78,,,,"R. Ríos",1,,,3788,,,,,,,"yellow",,,,,"2026-07-04T09:33:54.482Z",
"Row87_7",8374,6,,"card",76,,,,"A. Seidu",0,,,2817,,,,,,,"yellow",,,,,"2026-07-04T09:33:54.482Z",
"Row87_8",8374,7,,"substitution",72,,,,,1,,,,,"J. Quintero","J. Arias",16387,530,,,,,,,"2026-07-04T09:33:54.482Z",
"Row87_9",8374,8,,"card",66,,,,"A. F. Issahaku",0,,,6131,,,,,,,"yellow",,,,,"2026-07-04T09:33:54.482Z",
"Row87_10",8374,9,,"substitution",62,,,,,0,,,,,"A. F. Issahaku","I. Williams",6131,4436,,,,,,,"2026-07-04T09:33:54.482Z",
"Row87_11",8374,10,,"substitution",62,,,,,0,,,,,"E. Owusu","K. Sibo",4009,1984,,,,,,,"2026-07-04T09:33:54.482Z",
"Row87_12",8374,11,,"varDecision",57,,,,"L. Díaz",1,,,2465,,,,,,,,"goalAwarded",0,,,"2026-07-04T09:33:54.482Z",
"Row87_13",8374,12,,"card",50,,,,"C. Yirenkyi",0,,,16696,,,,,,,"yellow",,,,,"2026-07-04T09:33:54.482Z",
"Row87_14",8374,13,,"substitution",46,,,,,1,,,,,"R. Ríos","J. Rodríguez",3788,10128,,,,,,,"2026-07-04T09:33:54.482Z",
"Row87_15",8374,14,,"period",45,0,1,,,,,,,,,,,,,,,,,"HT","2026-07-04T09:33:54.482Z",0
"Row87_16",8374,15,,"injuryTime",45,,,,,,,,,,,,,,6,,,,,,"2026-07-04T09:33:54.482Z",
"Row87_17",8374,16,,"goal",14,0,1,"L. J. Suárez ","J. Arias",1,,"regular",530,,,,,,,,,,,,"2026-07-04T09:33:54.482Z",
"Row87_18",8374,17,,"substitution",13,,,,,0,,,,,"A. Seidu","M. Senaya",2817,4008,,,,,,,"2026-07-04T09:33:54.482Z",
"Row87_19",8374,18,,"card",12,,,,"J. Arias",1,,,530,,,,,,,"yellow",,,,,"2026-07-04T09:33:54.482Z",
"Row87_20",8374,19,,"substitution",8,,,,,1,,,,,"L. J. Suárez ","J. Córdoba",1221,16388,,,,,,,"2026-07-04T09:33:54.482Z",
"Row86_1",8373,0,,"period",120,2,3,,,,,,,,,,,,,,,,,"ET","2026-07-04T06:03:54.467Z",0
"Row86_2",8373,1,,"injuryTime",120,,,,,,,,,,,,,,3,,,,,,"2026-07-04T06:03:54.467Z",
"Row86_3",8373,2,,"card",115,,,,"G. Montiel",1,,,23014,,,,,,,"yellow",,,,,"2026-07-04T06:03:54.467Z",
"Row86_4",8373,3,,"goal",111,2,3,,"Diney",1,,"ownGoal",22092,,,,,,,,,,,,"2026-07-04T06:03:54.467Z",
"Row86_5",8373,4,,"injuryTime",105,,,,,,,,,,,,,,3,,,,,,"2026-07-04T06:03:54.467Z",
"Row86_6",8373,5,,"substitution",104,,,,,1,,,,,"G. Montiel","N. Molina",23014,761,,,,,,,"2026-07-04T06:03:54.467Z",
"Row86_7",8373,6,,"goal",103,2,2,,"S. L. Cabral",0,,"regular",1235,,,,,,,,,,,,"2026-07-04T06:03:54.467Z",
"Row86_8",8373,7,,"substitution",100,,,,,0,,,,,"G. Tavares","K. Lenini",22070,22076,,,,,,,"2026-07-04T06:03:54.467Z",
"Row86_9",8373,8,,"substitution",100,,,,,0,,,,,"Y. Semedo","D. Duarte",22079,3314,,,,,,,"2026-07-04T06:03:54.467Z",
"Row86_10",8373,9,,"goal",93,1,2,"A. Mac Allister","L. Martínez",1,,"regular",1800,,,,,,,,,,,,"2026-07-04T06:03:54.467Z",
"Row86_11",8373,10,,"period",90,1,1,,,,,,,,,,,,,,,,,"FT","2026-07-04T06:03:54.467Z",0
"Row86_12",8373,11,,"injuryTime",90,,,,,,,,,,,,,,8,,,,,,"2026-07-04T06:03:54.467Z",
"Row86_13",8373,12,,"substitution",86,,,,,1,,,,,"N. Tagliafico","F. Medina",1107,4603,,,,,,,"2026-07-04T06:03:54.467Z",
"Row86_14",8373,13,,"substitution",84,,,,,1,,,,,"L. Paredes","R. De Paul",16872,9057,,,,,,,"2026-07-04T06:03:54.467Z",
"Row86_15",8373,14,,"substitution",80,,,,,0,,,,,"H. Varela","J. Cabral",3176,1241,,,,,,,"2026-07-04T06:03:54.467Z",
"Row86_16",8373,15,,"substitution",80,,,,,0,,,,,"W. Semedo","R. Mendes",22075,7073,,,,,,,"2026-07-04T06:03:54.467Z",
"Row86_17",8373,16,,"card",68,,,,"K. Lenini",0,,,22076,,,,,,,"yellow",,,,,"2026-07-04T06:03:54.467Z",
"Row86_18",8373,17,,"substitution",67,,,,,0,,,,,"D. R. Livramento","N. Da Costa",2276,6645,,,,,,,"2026-07-04T06:03:54.467Z",
"Row86_19",8373,18,,"substitution",67,,,,,0,,,,,"J. Monteiro","L. Duarte",5331,22077,,,,,,,"2026-07-04T06:03:54.467Z",
"Row86_20",8373,19,,"substitution",63,,,,,1,,,,,"N. González","T. Almada",768,773,,,,,,,"2026-07-04T06:03:54.467Z",
"Row86_21",8373,20,,"substitution",63,,,,,1,,,,,"J. Álvarez","L. Martínez",770,1687,,,,,,,"2026-07-04T06:03:54.467Z",
"Row86_22",8373,21,,"goal",59,1,1,"R. Mendes","D. Duarte",0,,"regular",3314,,,,,,,,,,,,"2026-07-04T06:03:54.467Z",
"Row86_23",8373,22,,"period",45,0,1,,,,,,,,,,,,,,,,,"HT","2026-07-04T06:03:54.467Z",0
"Row86_24",8373,23,,"injuryTime",45,,,,,,,,,,,,,,4,,,,,,"2026-07-04T06:03:54.467Z",
"Row86_25",8373,24,,"goal",29,0,1,"L. Martínez","L. Messi",1,,"regular",9063,,,,,,,,,,,,"2026-07-04T06:03:54.467Z",
"Row85_1",8372,0,,"period",999,4,2,,,,,,,,,,,,,,,,,"PEN","2026-07-04T02:03:59.746Z",0
"Row85_2",8372,1,,"period",120,1,1,,,,,,,,,,,,,,,,,"ET","2026-07-04T02:03:59.746Z",0
"Row85_3",8372,2,,"substitution",120,,,,,0,,,,1,"M. Saber","M. Attia",15357,14681,,,,,,,"2026-07-04T02:03:59.746Z",
"Row85_4",8372,3,,"card",120,,,,"Y. Ibrahim",0,,,14678,,,,,,,"yellow",,,,,"2026-07-04T02:03:59.746Z",
"Row85_5",8372,4,,"injuryTime",120,,,,,,,,,,,,,,1,,,,,,"2026-07-04T02:03:59.746Z",
"Row85_6",8372,5,,"substitution",119,,,,,1,,,,,"M. Ryan","P. Beach",2111,58824,,,,,,,"2026-07-04T02:03:59.746Z",
"Row85_7",8372,6,,"substitution",106,,,,,0,,,,,"H. Abdelkarim","O. Marmoush",15835,862,,,,,,,"2026-07-04T02:03:59.746Z",
"Row85_8",8372,7,,"card",105,,,,"H. Hassan",0,,,1971,,,,,,,"yellow",,,,,"2026-07-04T02:03:59.746Z",
"Row85_9",8372,8,,"substitution",91,,,,,1,,,,,"A. Mabil","C. Metcalfe",30428,2490,,,,,,,"2026-07-04T02:03:59.746Z",
"Row85_10",8372,9,,"substitution",91,,,,,1,,,,,"P. Okon-Engstler","A. O'Neill",58823,9142,,,,,,,"2026-07-04T02:03:59.746Z",
"Row85_11",8372,10,,"period",90,1,1,,,,,,,,,,,,,,,,,"FT","2026-07-04T02:03:59.746Z",0
"Row85_12",8372,11,,"injuryTime",90,,,,,,,,,,,,,,5,,,,,,"2026-07-04T02:03:59.746Z",
"Row85_13",8372,12,,"substitution",80,,,,,0,,,,,"M. Trézéguet","K. Hafez",14684,14728,,,,,,,"2026-07-04T02:03:59.746Z",
"Row85_14",8372,13,,"substitution",74,,,,,1,,,,,"M. Touré","N. Irankunda",8991,6040,,,,,,,"2026-07-04T02:03:59.746Z",
"Row85_15",8372,14,,"substitution",74,,,,,1,,,,,"A. Hrustić","C. Volpato",5369,2854,,,,,,,"2026-07-04T02:03:59.746Z",
"Row85_16",8372,15,,"substitution",67,,,,,0,,,,,"H. Abdelmaguid","H. Fathy",15373,15354,,,,,,,"2026-07-04T02:03:59.746Z",
"Row85_17",8372,16,,"substitution",67,,,,,0,,,,,"H. Hassan","M. Ziko",1971,14729,,,,,,,"2026-07-04T02:03:59.746Z",
"Row85_18",8372,17,,"goal",55,1,1,,"M. Hany",1,,"ownGoal",14676,,,,,,,,,,,,"2026-07-04T02:03:59.746Z",
"Row85_19",8372,18,,"substitution",46,,,,,1,,,,,"K. Trewin","J. Bos",12181,4396,,,,,,,"2026-07-04T02:03:59.746Z",
"Row85_20",8372,19,,"period",45,1,0,,,,,,,,,,,,,,,,,"HT","2026-07-04T02:03:59.746Z",0
"Row85_21",8372,20,,"injuryTime",45,,,,,,,,,,,,,,5,,,,,,"2026-07-04T02:03:59.746Z",
"Row85_22",8372,21,,"goal",13,1,0,"K. Hafez","E. Ashour",0,,"regular",14683,,,,,,,,,,,,"2026-07-04T02:03:59.746Z",
"Row84_1",8371,0,,"period",90,0,2,,,,,,,,,,,,,,,,,"FT","2026-07-03T11:03:54.022Z",0
"Row84_2",8371,1,,"injuryTime",90,,,,,,,,,,,,,,6,,,,,,"2026-07-03T11:03:54.022Z",
"Row84_3",8371,2,,"substitution",87,,,,,1,,,,,"M. Aebischer","D. Ndoye",1660,551,,,,,,,"2026-07-03T11:03:54.022Z",
"Row84_4",8371,3,,"substitution",87,,,,,1,,,,,"S. Widmer","D. Zakaria",1208,3616,,,,,,,"2026-07-03T11:03:54.022Z",
"Row84_5",8371,4,,"substitution",82,,,,,1,,,,,"Z. Amdouni","B. Embolo",22868,2811,,,,,,,"2026-07-03T11:03:54.022Z",
"Row84_6",8371,5,,"substitution",82,,,,,0,,,,,"A. Boulbina","R. Belghali",15396,2616,,,,,,,"2026-07-03T11:03:54.022Z",
"Row84_7",8371,6,,"card",72,,,,"H. Boudaoui",0,,,1504,,,,,,,"yellow",,,,,"2026-07-03T11:03:54.022Z",
"Row84_8",8371,7,,"substitution",71,,,,,0,,,,,"H. Boudaoui","N. Bentaleb",1504,1460,,,,,,,"2026-07-03T11:03:54.022Z",
"Row84_9",8371,8,,"substitution",71,,,,,0,,,,,"A. H. Moussa","R. Mahrez",3368,8116,,,,,,,"2026-07-03T11:03:54.022Z",
"Row84_10",8371,9,,"substitution",70,,,,,1,,,,,"N. Okafor","J. Manzambi",374,1178,,,,,,,"2026-07-03T11:03:54.022Z",
"Row84_11",8371,10,,"substitution",70,,,,,1,,,,,"F. Rieder","R. Vargas",2404,3803,,,,,,,"2026-07-03T11:03:54.022Z",
"Row84_12",8371,11,,"substitution",58,,,,,0,,,,,"A. Gouiri","R. Zerrouki",4540,5260,,,,,,,"2026-07-03T11:03:54.022Z",
"Row84_13",8371,12,,"substitution",58,,,,,0,,,,,"J. Hadjam","H. Aouar",3202,8230,,,,,,,"2026-07-03T11:03:54.022Z",
"Row84_14",8371,13,,"goal",46,0,2,,"D. Ndoye",1,,"regular",551,,,,,,,,,,,,"2026-07-03T11:03:54.022Z",
"Row84_15",8371,14,,"period",45,0,1,,,,,,,,,,,,,,,,,"HT","2026-07-03T11:03:54.022Z",0
"Row84_16",8371,15,,"injuryTime",45,,,,,,,,,,,,,,4,,,,,,"2026-07-03T11:03:54.022Z",
"Row84_17",8371,16,,"card",36,,,,"F. Chaïbi",0,,,1351,,,,,,,"yellow",,,,,"2026-07-03T11:03:54.022Z",
"Row84_18",8371,17,,"goal",10,0,1,"J. Manzambi","B. Embolo",1,,"regular",2811,,,,,,,,,,,,"2026-07-03T11:03:54.022Z",
"Row83_1",8370,0,,"period",90,1,2,,,,,,,,,,,,,,,,,"FT","2026-07-03T07:03:53.939Z",0
"Row83_2",8370,1,,"varDecision",90,,,,"J. Gvardiol",0,,,846,15,,,,,,,"goalAwarded",0,,,"2026-07-03T07:03:53.939Z",
"Row83_3",8370,2,,"card",90,,,,"I. Perišić",0,,,3510,8,,,,,,"yellow",,,,,"2026-07-03T07:03:53.939Z",
"Row83_4",8370,3,,"substitution",90,,,,,0,,,,6,"A. Kramarić","M. Kovačić",2387,4350,,,,,,,"2026-07-03T07:03:53.939Z",
"Row83_5",8370,4,,"goal",90,1,2,"R. Leão","G. Ramos",1,"[ {
  ""end"" : {
    ""x"" : 60.5,
    ""y"" : 73.9
  },
  ""pid"" : 1997,
  ""pos"" : {
    ""x"" : 70.9,
    ""y"" : 97.3
  },
  ""event"" : ""pass"",
  ""player"" : ""R. Leão""
}, {
  ""end"" : {
    ""x"" : 60.8,
    ""y"" : 38.2
  },
  ""pid"" : 1781,
  ""pos"" : {
    ""x"" : 60.5,
    ""y"" : 73.9
  },
  ""event"" : ""pass"",
  ""player"" : ""R. Veiga""
}, {
  ""end"" : {
    ""x"" : 54.9,
    ""y"" : 68.5
  },
  ""pid"" : 845,
  ""pos"" : {
    ""x"" : 61.4,
    ""y"" : 34.2
  },
  ""event"" : ""pass"",
  ""player"" : ""R. Dias""
}, {
  ""end"" : {
    ""x"" : 76.7,
    ""y"" : 96.4
  },
  ""pid"" : 1781,
  ""pos"" : {
    ""x"" : 54.9,
    ""y"" : 68.5
  },
  ""event"" : ""pass"",
  ""player"" : ""R. Veiga""
}, {
  ""end"" : {
    ""x"" : 90.9,
    ""y"" : 49.1
  },
  ""pid"" : 1997,
  ""pos"" : {
    ""x"" : 76.6,
    ""y"" : 89.3
  },
  ""event"" : ""cross"",
  ""assist"" : true,
  ""player"" : ""R. Leão""
}, {
  ""gk"" : {
    ""x"" : 98.4,
    ""y"" : 50.2
  },
  ""gm"" : {
    ""x"" : 68.28,
    ""y"" : 70.5
  },
  ""pid"" : 2256,
  ""pos"" : {
    ""x"" : 90.9,
    ""y"" : 49.1
  },
  ""body"" : ""head"",
  ""event"" : ""goal"",
  ""player"" : ""G. Ramos""
} ]","regular",2256,4,,,,,,,,,,,"2026-07-03T07:03:53.939Z",
"Row83_6",8370,5,,"substitution",90,,,,,0,,,,2,"J. Gvardiol","N. Vlašić",846,1844,,,,,,,"2026-07-03T07:03:53.939Z",
"Row83_7",8370,6,,"injuryTime",90,,,,,,,,,,,,,,10,,,,,,"2026-07-03T07:03:53.939Z",
"Row83_8",8370,7,,"substitution",81,,,,,1,,,,,"R. Neves","C. Ronaldo",7995,7880,,,,,,,"2026-07-03T07:03:53.939Z",
"Row83_9",8370,8,,"substitution",68,,,,,0,,,,,"M. Pašalić","M. Baturina",1309,2833,,,,,,,"2026-07-03T07:03:53.939Z",
"Row83_10",8370,9,,"goal",68,1,1,,"C. Ronaldo",1,"[ {
  ""gk"" : {
    ""x"" : 99.1,
    ""y"" : 50
  },
  ""gm"" : {
    ""x"" : 46.77,
    ""y"" : 69.33
  },
  ""pid"" : 7880,
  ""pos"" : {
    ""x"" : 88.5,
    ""y"" : 50
  },
  ""body"" : ""right-foot"",
  ""event"" : ""goal"",
  ""player"" : ""C. Ronaldo""
} ]","penalty",7880,,,,,,,,,,,,"2026-07-03T07:03:53.939Z",
"Row83_11",8370,10,,"varDecision",65,,,,"R. Veiga",1,,,1781,,,,,,,,"penaltyNotAwarded",0,,,"2026-07-03T07:03:53.939Z",
"Row83_12",8370,11,,"substitution",63,,,,,1,,,,,"G. Ramos","J. Cancelo",2256,8331,,,,,,,"2026-07-03T07:03:53.939Z",
"Row83_13",8370,12,,"substitution",63,,,,,1,,,,,"N. Semedo","B. Fernandes",3407,1794,,,,,,,"2026-07-03T07:03:53.939Z",
"Row83_14",8370,13,,"substitution",63,,,,,1,,,,,"F. Conceição","P. Neto",2183,394,,,,,,,"2026-07-03T07:03:53.939Z",
"Row83_15",8370,14,,"substitution",62,,,,,1,,,,,"B. Silva","Vitinha",848,2248,,,,,,,"2026-07-03T07:03:53.939Z",
"Row83_16",8370,15,,"card",59,,,,"L. Modrić",0,,,1993,,,,,,,"yellow",,,,,"2026-07-03T07:03:53.939Z",
"Row83_17",8370,16,,"goal",53,1,0,,"I. Perišić",0,"[ {
  ""gk"" : {
    ""x"" : 4,
    ""y"" : 42.6
  },
  ""gm"" : {
    ""x"" : 53.76,
    ""y"" : 86.33
  },
  ""pid"" : 3510,
  ""pos"" : {
    ""x"" : 8.2,
    ""y"" : 36.4
  },
  ""body"" : ""left-foot"",
  ""event"" : ""goal"",
  ""player"" : ""I. Perišić""
} ]","regular",3510,,,,,,,,,,,,"2026-07-03T07:03:53.939Z",
"Row83_18",8370,17,,"substitution",46,,,,,0,,,,,"I. Matanović","A. Budimir",1183,2669,,,,,,,"2026-07-03T07:03:53.939Z",
"Row83_19",8370,18,,"period",45,0,0,,,,,,,,,,,,,,,,,"HT","2026-07-03T07:03:53.939Z",0
"Row83_20",8370,19,,"injuryTime",45,,,,,,,,,,,,,,4,,,,,,"2026-07-03T07:03:53.939Z",
"Row83_21",8370,20,,"card",17,,,,"R. Dias",1,,,845,,,,,,,"yellow",,,,,"2026-07-03T07:03:53.939Z",
"Row82_1",8369,0,,"period",90,0,3,,,,,,,,,,,,,,,,,"FT","2026-07-03T03:03:53.835Z",0
"Row82_2",8369,1,,"substitution",90,,,,,1,,,,3,"Pubill","A. Laporte",778,565,,,,,,,"2026-07-03T03:03:53.835Z",
"Row82_3",8369,2,,"substitution",90,,,,,1,,,,3,"F. Ruiz","Pedri",2249,744,,,,,,,"2026-07-03T03:03:53.835Z",
"Row82_4",8369,3,,"injuryTime",90,,,,,,,,,,,,,,6,,,,,,"2026-07-03T03:03:53.835Z",
"Row82_5",8369,4,,"goal",89,0,3,"M. Cucurella","M. Oyarzabal",1,"[ {
  ""end"" : {
    ""x"" : 56.1,
    ""y"" : 22.4
  },
  ""pid"" : 749,
  ""pos"" : {
    ""x"" : 59.8,
    ""y"" : 8.3
  },
  ""event"" : ""pass"",
  ""player"" : ""F. Torres""
}, {
  ""end"" : {
    ""x"" : 52.8,
    ""y"" : 59.1
  },
  ""pid"" : 3890,
  ""pos"" : {
    ""x"" : 54.9,
    ""y"" : 25.4
  },
  ""event"" : ""pass"",
  ""player"" : ""M. Oyarzabal""
}, {
  ""end"" : {
    ""x"" : 43.4,
    ""y"" : 66.4
  },
  ""pid"" : 744,
  ""pos"" : {
    ""x"" : 52.8,
    ""y"" : 59.1
  },
  ""event"" : ""pass"",
  ""player"" : ""Pedri""
}, {
  ""end"" : {
    ""x"" : 67.5,
    ""y"" : 93.2
  },
  ""pid"" : 565,
  ""pos"" : {
    ""x"" : 45,
    ""y"" : 69.4
  },
  ""event"" : ""pass"",
  ""player"" : ""A. Laporte""
}, {
  ""end"" : {
    ""x"" : 89.9,
    ""y"" : 50.2
  },
  ""pid"" : 386,
  ""pos"" : {
    ""x"" : 76.5,
    ""y"" : 92
  },
  ""event"" : ""pass"",
  ""assist"" : true,
  ""player"" : ""M. Cucurella""
}, {
  ""gk"" : {
    ""x"" : 96.7,
    ""y"" : 50
  },
  ""gm"" : {
    ""x"" : 70.43,
    ""y"" : 96.83
  },
  ""pid"" : 3890,
  ""pos"" : {
    ""x"" : 89.9,
    ""y"" : 50.2
  },
  ""body"" : ""right-foot"",
  ""event"" : ""goal"",
  ""player"" : ""M. Oyarzabal""
} ]","regular",3890,,,,,,,,,,,,"2026-07-03T03:03:53.835Z",
"Row82_6",8369,5,,"substitution",85,,,,,0,,,,,"A. Prass","S. Posch",2390,2832,,,,,,,"2026-07-03T03:03:53.835Z",
"Row82_7",8369,6,,"substitution",85,,,,,1,,,,,"Gavi","L. Yamal",4900,745,,,,,,,"2026-07-03T03:03:53.835Z",
"Row82_8",8369,7,,"card",83,,,,"S. Posch",0,,,2832,,,,,,,"yellow",,,,,"2026-07-03T03:03:53.835Z",
"Row82_9",8369,8,,"substitution",71,,,,,1,,,,,"M. Merino","D. Olmo",451,746,,,,,,,"2026-07-03T03:03:53.835Z",
"Row82_10",8369,9,,"substitution",71,,,,,1,,,,,"F. Torres","A. Baena",749,769,,,,,,,"2026-07-03T03:03:53.835Z",
"Row82_11",8369,10,,"goal",66,0,2,"A. Baena","P. Porro",1,"[ {
  ""end"" : {
    ""x"" : 85.9,
    ""y"" : 70.3
  },
  ""pid"" : 386,
  ""pos"" : {
    ""x"" : 84.5,
    ""y"" : 69.3
  },
  ""event"" : ""pass"",
  ""player"" : ""M. Cucurella""
}, {
  ""end"" : {
    ""x"" : 90.8,
    ""y"" : 74
  },
  ""pid"" : 386,
  ""pos"" : {
    ""x"" : 85.4,
    ""y"" : 72.4
  },
  ""event"" : ""pass"",
  ""player"" : ""M. Cucurella""
}, {
  ""end"" : {
    ""x"" : 92.7,
    ""y"" : 51.4
  },
  ""pid"" : 769,
  ""pos"" : {
    ""x"" : 95,
    ""y"" : 71.4
  },
  ""event"" : ""pass"",
  ""assist"" : true,
  ""player"" : ""A. Baena""
}, {
  ""gk"" : {
    ""x"" : 99,
    ""y"" : 52
  },
  ""gm"" : {
    ""x"" : 48.39,
    ""y"" : 91.5
  },
  ""pid"" : 719,
  ""pos"" : {
    ""x"" : 92.7,
    ""y"" : 51.4
  },
  ""body"" : ""head"",
  ""event"" : ""goal"",
  ""player"" : ""P. Porro""
} ]","regular",719,,,,,,,,,,,,"2026-07-03T03:03:53.835Z",
"Row82_12",8369,11,,"substitution",60,,,,,0,,,,,"M. Arnautović","M. Gregoritsch",3065,8530,,,,,,,"2026-07-03T03:03:53.835Z",
"Row82_13",8369,12,,"substitution",60,,,,,0,,,,,"S. Kalajdžić","R. Schmid",4824,2504,,,,,,,"2026-07-03T03:03:53.835Z",
"Row82_14",8369,13,,"substitution",46,,,,,0,,,,,"C. Chukwuemeka","N. Seiwald",2170,2893,,,,,,,"2026-07-03T03:03:53.835Z",
"Row82_15",8369,14,,"substitution",46,,,,,0,,,,,"F. Grillitsch","X. Schlager",888,2892,,,,,,,"2026-07-03T03:03:53.835Z",
"Row82_16",8369,15,,"period",45,0,1,,,,,,,,,,,,,,,,,"HT","2026-07-03T03:03:53.835Z",0
"Row82_17",8369,16,,"injuryTime",45,,,,,,,,,,,,,,4,,,,,,"2026-07-03T03:03:53.835Z",
"Row82_18",8369,17,,"goal",36,0,1,"M. Cucurella","M. Oyarzabal",1,"[ {
  ""end"" : {
    ""x"" : 57.4,
    ""y"" : 69.1
  },
  ""pid"" : 565,
  ""pos"" : {
    ""x"" : 46.2,
    ""y"" : 59.2
  },
  ""event"" : ""pass"",
  ""player"" : ""A. Laporte""
}, {
  ""end"" : {
    ""x"" : 65.5,
    ""y"" : 54.4
  },
  ""pid"" : 4267,
  ""pos"" : {
    ""x"" : 60.1,
    ""y"" : 69.6
  },
  ""event"" : ""pass"",
  ""player"" : ""Rodri""
}, {
  ""end"" : {
    ""x"" : 83.6,
    ""y"" : 81.2
  },
  ""pid"" : 744,
  ""pos"" : {
    ""x"" : 72.6,
    ""y"" : 63.8
  },
  ""event"" : ""pass"",
  ""player"" : ""Pedri""
}, {
  ""end"" : {
    ""x"" : 88.7,
    ""y"" : 54.2
  },
  ""pid"" : 386,
  ""pos"" : {
    ""x"" : 87.5,
    ""y"" : 82.8
  },
  ""event"" : ""cross"",
  ""assist"" : true,
  ""player"" : ""M. Cucurella""
}, {
  ""gk"" : {
    ""x"" : 98.8,
    ""y"" : 52.9
  },
  ""gm"" : {
    ""x"" : 53.76,
    ""y"" : 97.83
  },
  ""pid"" : 3890,
  ""pos"" : {
    ""x"" : 88.7,
    ""y"" : 54.2
  },
  ""body"" : ""left-foot"",
  ""event"" : ""goal"",
  ""player"" : ""M. Oyarzabal""
} ]","regular",3890,,,,,,,,,,,,"2026-07-03T03:03:53.835Z",
"Row81_1",8368,0,,"period",90,0,2,,,,,,,,,,,,,,,,,"FT","2026-07-02T08:03:53.239Z",0
"Row81_2",8368,1,,"substitution",90,,,,,1,,,,5,"G. Reyna","W. McKennie",2878,2179,,,,,,,"2026-07-02T08:03:53.239Z",
"Row81_3",8368,2,,"injuryTime",90,,,,,,,,,,,,,,10,,,,,,"2026-07-02T08:03:53.239Z",
"Row81_4",8368,3,,"substitution",88,,,,,1,,,,,"R. Pepi","C. Pulišić",3513,3820,,,,,,,"2026-07-02T08:03:53.239Z",
"Row81_5",8368,4,,"substitution",87,,,,,1,,,,,"S. Berhalter","S. Dest",9104,3503,,,,,,,"2026-07-02T08:03:53.239Z",
"Row81_6",8368,5,,"goal",82,0,2,,"M. Tillman",1,"[ {
  ""gk"" : {
    ""x"" : 98.8,
    ""y"" : 50.7
  },
  ""gm"" : {
    ""x"" : 29.57,
    ""y"" : 64.17
  },
  ""pid"" : 2143,
  ""pos"" : {
    ""x"" : 81.6,
    ""y"" : 65.5
  },
  ""body"" : ""right-foot"",
  ""event"" : ""goal"",
  ""player"" : ""M. Tillman""
} ]","regular",2143,,,,,,,,,,,,"2026-07-02T08:03:53.239Z",
"Row81_7",8368,6,,"card",80,,,,"S. Radeljić",0,,,12458,,,,,,,"yellow",,,,,"2026-07-02T08:03:53.239Z",
"Row81_8",8368,7,,"substitution",75,,,,,0,,,,,"A. Memić","N. Katić",3222,27586,,,,,,,"2026-07-02T08:03:53.239Z",
"Row81_9",8368,8,,"substitution",75,,,,,0,,,,,"H. Tabaković","S. Kolašinac",2877,1312,,,,,,,"2026-07-02T08:03:53.239Z",
"Row81_10",8368,9,,"card",64,,,,"F. Balogun",1,,,2232,,,,,,,"red",,,,,"2026-07-02T08:03:53.239Z",
"Row81_11",8368,10,,"varDecision",63,,,,"F. Balogun",1,,,2232,,,,,,,,"cardUpgrade",0,,,"2026-07-02T08:03:53.239Z",
"Row81_12",8368,11,,"substitution",51,,,,,0,,,,,"E. Mahmić","E. Džeko",53958,1343,,,,,,,"2026-07-02T08:03:53.239Z",
"Row81_13",8368,12,,"substitution",51,,,,,0,,,,,"B. Tahirović","I. Šunjić",26812,3604,,,,,,,"2026-07-02T08:03:53.239Z",
"Row81_14",8368,13,,"substitution",51,,,,,0,,,,,"E. Bajraktarević","A. Gigović",3515,4150,,,,,,,"2026-07-02T08:03:53.239Z",
"Row81_15",8368,14,,"period",45,0,1,,,,,,,,,,,,,,,,,"HT","2026-07-02T08:03:53.239Z",0
"Row81_16",8368,15,,"goal",45,0,1,,"F. Balogun",1,"[ {
  ""gk"" : {
    ""x"" : 91.2,
    ""y"" : 47.3
  },
  ""gm"" : {
    ""x"" : 56.99,
    ""y"" : 91.5
  },
  ""pid"" : 2232,
  ""pos"" : {
    ""x"" : 86.6,
    ""y"" : 45.5
  },
  ""body"" : ""left-foot"",
  ""event"" : ""goal"",
  ""player"" : ""F. Balogun""
} ]","regular",2232,,,,,,,,,,,,"2026-07-02T08:03:53.239Z",
"Row81_17",8368,16,,"injuryTime",45,,,,,,,,,,,,,,5,,,,,,"2026-07-02T08:03:53.239Z",
"Row81_18",8368,17,,"card",-5,,,,"S. Barbarez",0,,,,,,,,,,"yellow",,,1,,"2026-07-02T08:03:53.239Z",
"Row80_1",8367,0,,"period",120,2,3,,,,,,,,,,,,,,,,,"ET","2026-07-02T04:03:56.810Z",0
"Row80_2",8367,1,,"goal",120,2,3,,"Y. Tielemans",1,"[ {
  ""gk"" : {
    ""x"" : 99.3,
    ""y"" : 50
  },
  ""gm"" : {
    ""x"" : 72.58,
    ""y"" : 57.83
  },
  ""pid"" : 514,
  ""pos"" : {
    ""x"" : 88.5,
    ""y"" : 50
  },
  ""body"" : ""right-foot"",
  ""event"" : ""goal"",
  ""player"" : ""Y. Tielemans""
} ]","penalty",514,5,,,,,,,,,,,"2026-07-02T04:03:56.810Z",
"Row80_3",8367,2,,"injuryTime",120,,,,,,,,,,,,,,4,,,,,,"2026-07-02T04:03:56.810Z",
"Row80_4",8367,3,,"varDecision",120,,,,"Y. Tielemans",1,,,514,,,,,,,,"penaltyNotAwarded",0,,,"2026-07-02T04:03:56.810Z",
"Row80_5",8367,4,,"substitution",109,,,,,1,,,,,"A. Onana","L. Trossard",508,3461,,,,,,,"2026-07-02T04:03:56.810Z",
"Row80_6",8367,5,,"substitution",96,,,,,0,,,,,"B. S. Ndiaye","I. Gueye",23922,3800,,,,,,,"2026-07-02T04:03:56.810Z",
"Row80_7",8367,6,,"substitution",93,,,,,0,,,,,"E. H. M. Diouf","I. Jakobs",1638,3728,,,,,,,"2026-07-02T04:03:56.810Z",
"Row80_8",8367,7,,"substitution",93,,,,,0,,,,,"N. Jackson","S. Mané",2471,7879,,,,,,,"2026-07-02T04:03:56.810Z",
"Row80_9",8367,8,,"period",90,2,2,,,,,,,,,,,,,,,,,"FT","2026-07-02T04:03:56.810Z",0
"Row80_10",8367,9,,"injuryTime",90,,,,,,,,,,,,,,7,,,,,,"2026-07-02T04:03:56.810Z",
"Row80_11",8367,10,,"goal",89,2,2,"L. Trossard","Y. Tielemans",1,"[ {
  ""end"" : {
    ""x"" : 58.1,
    ""y"" : 28.9
  },
  ""pid"" : 1446,
  ""pos"" : {
    ""x"" : 71.1,
    ""y"" : 13.8
  },
  ""event"" : ""pass"",
  ""player"" : ""T. Meunier""
}, {
  ""end"" : {
    ""x"" : 62.2,
    ""y"" : 24.3
  },
  ""pid"" : 3537,
  ""pos"" : {
    ""x"" : 58.1,
    ""y"" : 28.9
  },
  ""event"" : ""pass"",
  ""player"" : ""B. Mechele""
}, {
  ""end"" : {
    ""x"" : 84.7,
    ""y"" : 90.3
  },
  ""pid"" : 3015,
  ""pos"" : {
    ""x"" : 64.5,
    ""y"" : 28.3
  },
  ""event"" : ""pass"",
  ""player"" : ""N. Raskin""
}, {
  ""end"" : {
    ""x"" : 75.9,
    ""y"" : 72.3
  },
  ""pid"" : 1713,
  ""pos"" : {
    ""x"" : 91.4,
    ""y"" : 85
  },
  ""event"" : ""pass"",
  ""player"" : ""D. Moreira""
}, {
  ""end"" : {
    ""x"" : 93.2,
    ""y"" : 46.2
  },
  ""pid"" : 3461,
  ""pos"" : {
    ""x"" : 77.3,
    ""y"" : 67.8
  },
  ""event"" : ""pass"",
  ""assist"" : true,
  ""player"" : ""L. Trossard""
}, {
  ""gk"" : {
    ""x"" : 94,
    ""y"" : 46.8
  },
  ""gm"" : {
    ""x"" : 40.32,
    ""y"" : 72.5
  },
  ""pid"" : 514,
  ""pos"" : {
    ""x"" : 92.7,
    ""y"" : 46.6
  },
  ""body"" : ""head"",
  ""event"" : ""goal"",
  ""player"" : ""Y. Tielemans""
} ]","regular",514,,,,,,,,,,,,"2026-07-02T04:03:56.810Z",
"Row80_12",8367,11,,"goal",86,2,1,"T. Meunier","R. Lukaku",1,"[ {
  ""end"" : {
    ""x"" : 95.5,
    ""y"" : 42.3
  },
  ""pid"" : 1446,
  ""pos"" : {
    ""x"" : 94.2,
    ""y"" : 21.1
  },
  ""event"" : ""cross"",
  ""assist"" : true,
  ""player"" : ""T. Meunier""
}, {
  ""gk"" : {
    ""x"" : 99.3,
    ""y"" : 46.8
  },
  ""gm"" : {
    ""x"" : 55.38,
    ""y"" : 64.17
  },
  ""pid"" : 8676,
  ""pos"" : {
    ""x"" : 96.1,
    ""y"" : 42.9
  },
  ""body"" : ""right-foot"",
  ""event"" : ""goal"",
  ""player"" : ""R. Lukaku""
} ]","regular",8676,,,,,,,,,,,,"2026-07-02T04:03:56.810Z",
"Row80_13",8367,12,,"substitution",78,,,,,1,,,,,"T. Meunier","M. De Cuyper",1446,491,,,,,,,"2026-07-02T04:03:56.810Z",
"Row80_14",8367,13,,"substitution",73,,,,,0,,,,,"P. Sarr","H. Diarra",724,4743,,,,,,,"2026-07-02T04:03:56.810Z",
"Row80_15",8367,14,,"substitution",73,,,,,0,,,,,"I. Mbaye","I. Ndiaye",2255,810,,,,,,,"2026-07-02T04:03:56.810Z",
"Row80_16",8367,15,,"card",67,,,,"L. Camara",0,,,2228,,,,,,,"yellow",,,,,"2026-07-02T04:03:56.810Z",
"Row80_17",8367,16,,"substitution",66,,,,,0,,,,,"L. Camara","P. Gueye",2228,1771,,,,,,,"2026-07-02T04:03:56.810Z",
"Row80_18",8367,17,,"card",64,,,,"B. Mechele",1,,,3537,,,,,,,"yellow",,,,,"2026-07-02T04:03:56.810Z",
"Row80_19",8367,18,,"substitution",63,,,,,1,,,,,"D. Moreira","H. Vanaken",1713,3542,,,,,,,"2026-07-02T04:03:56.810Z",
"Row80_20",8367,19,,"substitution",56,,,,,1,,,,,"N. Raskin","K. De Bruyne",3015,4374,,,,,,,"2026-07-02T04:03:56.810Z",
"Row80_21",8367,20,,"substitution",56,,,,,1,,,,,"D. Lukebakio","J. Doku",3974,853,,,,,,,"2026-07-02T04:03:56.810Z",
"Row80_22",8367,21,,"goal",51,2,0,"M. Niakhaté","I. Sarr",0,"[ {
  ""end"" : {
    ""x"" : 54,
    ""y"" : 12.5
  },
  ""pid"" : 3800,
  ""pos"" : {
    ""x"" : 57.7,
    ""y"" : 3.8
  },
  ""event"" : ""pass"",
  ""player"" : ""I. Gueye""
}, {
  ""end"" : {
    ""x"" : 66.2,
    ""y"" : 7.4
  },
  ""pid"" : 7879,
  ""pos"" : {
    ""x"" : 54,
    ""y"" : 12.5
  },
  ""event"" : ""pass"",
  ""player"" : ""S. Mané""
}, {
  ""end"" : {
    ""x"" : 22.9,
    ""y"" : 48.3
  },
  ""pid"" : 1106,
  ""pos"" : {
    ""x"" : 61.7,
    ""y"" : 4.3
  },
  ""event"" : ""pass"",
  ""assist"" : true,
  ""player"" : ""M. Niakhaté""
}, {
  ""gk"" : {
    ""x"" : 4.2,
    ""y"" : 52
  },
  ""gm"" : {
    ""x"" : 67.2,
    ""y"" : 69.33
  },
  ""pid"" : 1787,
  ""pos"" : {
    ""x"" : 10.6,
    ""y"" : 54
  },
  ""body"" : ""right-foot"",
  ""event"" : ""goal"",
  ""player"" : ""I. Sarr""
} ]","regular",1787,,,,,,,,,,,,"2026-07-02T04:03:56.810Z",
"Row80_23",8367,22,,"substitution",46,,,,,1,,,,,"R. Lukaku","C. De Ketelaere",8676,1305,,,,,,,"2026-07-02T04:03:56.810Z",
"Row80_24",8367,23,,"period",45,1,0,,,,,,,,,,,,,,,,,"HT","2026-07-02T04:03:56.810Z",0
"Row80_25",8367,24,,"injuryTime",45,,,,,,,,,,,,,,5,,,,,,"2026-07-02T04:03:56.810Z",
"Row80_26",8367,25,,"goal",25,1,0,,"H. Diarra",0,"[ {
  ""end"" : {
    ""x"" : 32,
    ""y"" : 50.2
  },
  ""pid"" : 4743,
  ""pos"" : {
    ""x"" : 22,
    ""y"" : 71.1
  },
  ""event"" : ""pass"",
  ""player"" : ""H. Diarra""
}, {
  ""end"" : {
    ""x"" : 28,
    ""y"" : 36.9
  },
  ""pid"" : 3800,
  ""pos"" : {
    ""x"" : 32.2,
    ""y"" : 50.1
  },
  ""event"" : ""pass"",
  ""player"" : ""I. Gueye""
}, {
  ""end"" : {
    ""x"" : 13.1,
    ""y"" : 14.4
  },
  ""pid"" : 810,
  ""pos"" : {
    ""x"" : 27,
    ""y"" : 25.5
  },
  ""event"" : ""pass"",
  ""player"" : ""I. Ndiaye""
}, {
  ""end"" : {
    ""x"" : 8.2,
    ""y"" : 49
  },
  ""pid"" : 7879,
  ""pos"" : {
    ""x"" : 12.7,
    ""y"" : 17.6
  },
  ""event"" : ""cross"",
  ""player"" : ""S. Mané""
}, {
  ""gk"" : {
    ""x"" : 0.5,
    ""y"" : 50.4
  },
  ""gm"" : {
    ""x"" : 79.03,
    ""y"" : 78.83
  },
  ""pid"" : 1787,
  ""pos"" : {
    ""x"" : 8.2,
    ""y"" : 49
  },
  ""event"" : ""post"",
  ""player"" : ""I. Sarr""
}, {
  ""gk"" : {
    ""x"" : 0.5,
    ""y"" : 54.2
  },
  ""gm"" : {
    ""x"" : 45.7,
    ""y"" : 69.33
  },
  ""pid"" : 4743,
  ""pos"" : {
    ""x"" : 4.5,
    ""y"" : 53.8
  },
  ""body"" : ""right-foot"",
  ""event"" : ""goal"",
  ""player"" : ""H. Diarra""
} ]","regular",4743,,,,,,,,,,,,"2026-07-02T04:03:56.810Z",
"Row80_27",8367,26,,"card",-5,,,,"R. Garcia",1,,,,,,,,,,"yellow",,,1,,"2026-07-02T04:03:56.810Z",
"Row79_1",8366,0,,"period",90,1,2,,,,,,,,,,,,,,,,,"Second half","2026-07-02T00:03:56.925Z",0
"Row79_2",8366,1,,"substitution",90,,,,,1,,,,1,"J. Stones","D. Rice",854,449,,,,,,,"2026-07-02T00:03:56.925Z",
"Row79_3",8366,2,,"injuryTime",90,,,,,,,,,,,,,,6,,,,,,"2026-07-02T00:03:56.925Z",
"Row79_4",8366,3,,"substitution",89,,,,,0,,,,,"F. Mayele","S. Moutoussamy",14724,11283,,,,,,,"2026-07-02T00:03:56.925Z",
"Row79_5",8366,4,,"substitution",89,,,,,0,,,,,"Kayembe","A. Masuaku",4161,3903,,,,,,,"2026-07-02T00:03:56.925Z",
"Row79_6",8366,5,,"goal",86,1,2,"A. Gordon","H. Kane",1,,"regular",2466,,,,,,,,,,,,"2026-07-02T00:03:56.925Z",
"Row79_7",8366,6,,"substitution",76,,,,,0,,,,,"T. Bongonda","B. Cipenga",15419,15424,,,,,,,"2026-07-02T00:03:56.925Z",
"Row79_8",8366,7,,"substitution",76,,,,,0,,,,,"E. Kayembe","N. Mukau",6695,1453,,,,,,,"2026-07-02T00:03:56.925Z",
"Row79_9",8366,8,,"goal",75,1,1,"A. Gordon","H. Kane",1,,"regular",2466,,,,,,,,,,,,"2026-07-02T00:03:56.925Z",
"Row79_10",8366,9,,"substitution",71,,,,,1,,,,,"E. Eze","D. Spence",454,735,,,,,,,"2026-07-02T00:03:56.925Z",
"Row79_11",8366,10,,"substitution",64,,,,,0,,,,,"M. Elia","N. Mbuku",6729,15420,,,,,,,"2026-07-02T00:03:56.925Z",
"Row79_12",8366,11,,"substitution",60,,,,,1,,,,,"B. Saka","N. Madueke",455,450,,,,,,,"2026-07-02T00:03:56.925Z",
"Row79_13",8366,12,,"substitution",60,,,,,1,,,,,"A. Gordon","M. Rashford",711,750,,,,,,,"2026-07-02T00:03:56.925Z",
"Row79_14",8366,13,,"period",45,1,0,,,,,,,,,,,,,,,,,"HT","2026-07-02T00:03:56.925Z",0
"Row79_15",8366,14,,"injuryTime",45,,,,,,,,,,,,,,6,,,,,,"2026-07-02T00:03:56.925Z",
"Row79_16",8366,15,,"varDecision",44,,,,"H. Kane",1,,,2466,,,,,,,,"penaltyNotAwarded",1,,,"2026-07-02T00:03:56.925Z",
"Row79_17",8366,16,,"card",27,,,,"N. Sadiki",0,,,349,,,,,,,"yellow",,,,,"2026-07-02T00:03:56.925Z",
"Row79_18",8366,17,,"card",19,,,,"J. Bellingham",1,,,592,,,,,,,"yellow",,,,,"2026-07-02T00:03:56.925Z",
"Row79_19",8366,18,,"goal",7,1,0,"C. Mbemba","B. Cipenga",0,,"regular",15424,,,,,,,,,,,,"2026-07-02T00:03:56.925Z",
"Row78_1",8365,0,,"period",90,0,2,,,,,,,,,,,,,,,,,"FT","2026-07-01T10:03:52.662Z",0
"Row78_2",8365,1,,"card",90,,,,"M. Caicedo",0,,,1345,9,,,,,,"yellow",,,,,"2026-07-01T10:03:52.662Z",
"Row78_3",8365,2,,"card",90,,,,"P. Hincapié",0,,,445,5,,,,,,"red",,,,,"2026-07-01T10:03:52.662Z",
"Row78_4",8365,3,,"varDecision",90,,,,"P. Hincapié",0,,,445,,,,,,,,"cardUpgrade",0,,,"2026-07-01T10:03:52.662Z",
"Row78_5",8365,4,,"card",90,,,,"K. Páez",0,,,1709,3,,,,,,"yellow",,,,,"2026-07-01T10:03:52.662Z",
"Row78_6",8365,5,,"injuryTime",90,,,,,,,,,,,,,,7,,,,,,"2026-07-01T10:03:52.662Z",
"Row78_7",8365,6,,"substitution",80,,,,,1,,,,,"I. Reyes","R. Alvarado",10107,10169,,,,,,,"2026-07-01T10:03:52.662Z",
"Row78_8",8365,7,,"substitution",80,,,,,1,,,,,"O. Pineda","J. Quiñones",11161,8296,,,,,,,"2026-07-01T10:03:52.662Z",
"Row78_9",8365,8,,"substitution",79,,,,,0,,,,,"K. Páez","N. Angulo",1709,7347,,,,,,,"2026-07-01T10:03:52.662Z",
"Row78_10",8365,9,,"substitution",79,,,,,0,,,,,"J. Caicedo","J. Yeboah",16891,16888,,,,,,,"2026-07-01T10:03:52.662Z",
"Row78_11",8365,10,,"substitution",74,,,,,1,,,,,"S. Giménez","R. Jiménez",4328,833,,,,,,,"2026-07-01T10:03:52.662Z",
"Row78_12",8365,11,,"substitution",73,,,,,1,,,,,"O. Vargas","L. Romo",9006,10370,,,,,,,"2026-07-01T10:03:52.662Z",
"Row78_13",8365,12,,"substitution",59,,,,,0,,,,,"K. Rodríguez","E. Valencia",3755,4754,,,,,,,"2026-07-01T10:03:52.662Z",
"Row78_14",8365,13,,"substitution",58,,,,,1,,,,,"B. Gutiérrez","G. Mora",9355,10424,,,,,,,"2026-07-01T10:03:52.662Z",
"Row78_15",8365,14,,"substitution",46,,,,,0,,,,,"Y. Medina","A. Franco",3125,7,,,,,,,"2026-07-01T10:03:52.662Z",
"Row78_16",8365,15,,"substitution",46,,,,,0,,,,,"Á. Preciado","J. Ordóñez",12202,3536,,,,,,,"2026-07-01T10:03:52.662Z",
"Row78_17",8365,16,,"period",45,0,2,,,,,,,,,,,,,,,,,"HT","2026-07-01T10:03:52.662Z",0
"Row78_18",8365,17,,"card",45,,,,"A. Franco",0,,,7,1,,,,,,"yellow",,,,,"2026-07-01T10:03:52.662Z",
"Row78_19",8365,18,,"injuryTime",45,,,,,,,,,,,,,,5,,,,,,"2026-07-01T10:03:52.662Z",
"Row78_20",8365,19,,"goal",31,0,2,"J. Quiñones","R. Jiménez",1,"[ {
  ""end"" : {
    ""x"" : 77.5,
    ""y"" : 58.7
  },
  ""pid"" : 833,
  ""pos"" : {
    ""x"" : 74.7,
    ""y"" : 30.3
  },
  ""event"" : ""pass"",
  ""player"" : ""R. Jiménez""
}, {
  ""end"" : {
    ""x"" : 80.7,
    ""y"" : 48.2
  },
  ""pid"" : 8296,
  ""pos"" : {
    ""x"" : 77.3,
    ""y"" : 56.3
  },
  ""event"" : ""pass"",
  ""assist"" : true,
  ""player"" : ""J. Quiñones""
}, {
  ""gk"" : {
    ""x"" : 98.8,
    ""y"" : 49.6
  },
  ""gm"" : {
    ""x"" : 73.66,
    ""y"" : 58.83
  },
  ""pid"" : 833,
  ""pos"" : {
    ""x"" : 84.7,
    ""y"" : 47.8
  },
  ""body"" : ""right-foot"",
  ""event"" : ""goal"",
  ""player"" : ""R. Jiménez""
} ]","regular",833,,,,,,,,,,,,"2026-07-01T10:03:52.662Z",
"Row78_21",8365,20,,"goal",22,0,1,"R. Alvarado","J. Quiñones",1,"[ {
  ""end"" : {
    ""x"" : 21.9,
    ""y"" : 94.4
  },
  ""pid"" : 2591,
  ""pos"" : {
    ""x"" : 14.6,
    ""y"" : 75.3
  },
  ""event"" : ""pass"",
  ""player"" : ""J. Vásquez""
}, {
  ""end"" : {
    ""x"" : 36,
    ""y"" : 96
  },
  ""pid"" : 10088,
  ""pos"" : {
    ""x"" : 22,
    ""y"" : 94.5
  },
  ""event"" : ""pass"",
  ""player"" : ""J. Gallardo""
}, {
  ""end"" : {
    ""x"" : 30.4,
    ""y"" : 85.3
  },
  ""pid"" : 8296,
  ""pos"" : {
    ""x"" : 32.1,
    ""y"" : 93.5
  },
  ""event"" : ""pass"",
  ""player"" : ""J. Quiñones""
}, {
  ""end"" : {
    ""x"" : 36.5,
    ""y"" : 78.8
  },
  ""pid"" : 10370,
  ""pos"" : {
    ""x"" : 30.4,
    ""y"" : 85.3
  },
  ""event"" : ""pass"",
  ""player"" : ""L. Romo""
}, {
  ""end"" : {
    ""x"" : 70,
    ""y"" : 89.1
  },
  ""pid"" : 10169,
  ""pos"" : {
    ""x"" : 36.9,
    ""y"" : 86.2
  },
  ""event"" : ""pass"",
  ""assist"" : true,
  ""player"" : ""R. Alvarado""
}, {
  ""pid"" : 8296,
  ""pos"" : {
    ""x"" : 70,
    ""y"" : 89.1
  },
  ""body"" : ""right-foot"",
  ""event"" : ""ball-movement"",
  ""player"" : ""J. Quiñones""
}, {
  ""gk"" : {
    ""x"" : 97.5,
    ""y"" : 54
  },
  ""gm"" : {
    ""x"" : 31.18,
    ""y"" : 64.17
  },
  ""pid"" : 8296,
  ""pos"" : {
    ""x"" : 86.8,
    ""y"" : 64.6
  },
  ""body"" : ""right-foot"",
  ""event"" : ""goal"",
  ""player"" : ""J. Quiñones""
} ]","regular",8296,,,,,,,,,,,,"2026-07-01T10:03:52.662Z",
"Row77_1",8364,0,,"period",90,0,3,,,,,,,,,,,,,,,,,"FT","2026-07-01T05:03:53.074Z",0
"Row77_2",8364,1,,"injuryTime",90,,,,,,,,,,,,,,4,,,,,,"2026-07-01T05:03:53.074Z",
"Row77_3",8364,2,,"substitution",89,,,,,0,,,,,"G. Nilsson","A. Isak",3556,332,,,,,,,"2026-07-01T05:03:53.074Z",
"Row77_4",8364,3,,"substitution",85,,,,,1,,,,,"J. Mateta","M. Olise",432,2467,,,,,,,"2026-07-01T05:03:53.074Z",
"Row77_5",8364,4,,"substitution",85,,,,,1,,,,,"R. Cherki","K. Mbappé",856,594,,,,,,,"2026-07-01T05:03:53.074Z",
"Row77_6",8364,5,,"substitution",82,,,,,0,,,,,"B. Nygren","Y. Ayari",3394,1632,,,,,,,"2026-07-01T05:03:53.074Z",
"Row77_7",8364,6,,"substitution",82,,,,,0,,,,,"M. Svanberg","D. Svensson",1377,2162,,,,,,,"2026-07-01T05:03:53.074Z",
"Row77_8",8364,7,,"substitution",78,,,,,1,,,,,"T. Hernández","L. Digne",7994,513,,,,,,,"2026-07-01T05:03:53.074Z",
"Row77_9",8364,8,,"substitution",75,,,,,1,,,,,"M. Gusto","J. Koundé",393,739,,,,,,,"2026-07-01T05:03:53.074Z",
"Row77_10",8364,9,,"substitution",75,,,,,1,,,,,"D. Doué","O. Dembélé",4324,2253,,,,,,,"2026-07-01T05:03:53.074Z",
"Row77_11",8364,10,,"goal",74,0,3,"M. Olise","K. Mbappé",1,,"regular",594,,,,,,,,,,,,"2026-07-01T05:03:53.074Z",
"Row77_12",8364,11,,"substitution",66,,,,,0,,,,,"B. Zeneli","E. Stroud",8600,16077,,,,,,,"2026-07-01T05:03:53.074Z",
"Row77_13",8364,12,,"substitution",66,,,,,0,,,,,"T. Ali","L. Bergvall",4400,726,,,,,,,"2026-07-01T05:03:53.074Z",
"Row77_14",8364,13,,"goal",53,0,2,"M. Olise","B. Barcola",1,,"regular",2261,,,,,,,,,,,,"2026-07-01T05:03:53.074Z",
"Row77_15",8364,14,,"period",45,0,1,,,,,,,,,,,,,,,,,"HT","2026-07-01T05:03:53.074Z",0
"Row77_16",8364,15,,"goal",45,0,1,"O. Dembélé","K. Mbappé",1,,"regular",594,,,,,,,,,,,,"2026-07-01T05:03:53.074Z",
"Row77_17",8364,16,,"injuryTime",45,,,,,,,,,,,,,,3,,,,,,"2026-07-01T05:03:53.074Z",
"Row76_1",8363,0,,"period",90,2,1,,,,,,,,,,,,,,,,,"FT","2026-07-01T01:03:52.658Z",0
"Row76_2",8363,1,,"substitution",90,,,,,1,,,,3,"B. Touré","G. Konan",2385,1886,,,,,,,"2026-07-01T01:03:52.658Z",
"Row76_3",8363,2,,"substitution",90,,,,,1,,,,3,"E. Guessand","Y. Diomande",509,2895,,,,,,,"2026-07-01T01:03:52.658Z",
"Row76_4",8363,3,,"injuryTime",90,,,,,,,,,,,,,,7,,,,,,"2026-07-01T01:03:52.658Z",
"Row76_5",8363,4,,"substitution",87,,,,,1,,,,,"O. Diakité","N. Pépé",7705,1786,,,,,,,"2026-07-01T01:03:52.658Z",
"Row76_6",8363,5,,"goal",86,2,1,"P. Berg","E. Haaland",0,,"regular",852,,,,,,,,,,,,"2026-07-01T01:03:52.658Z",
"Row76_7",8363,6,,"substitution",83,,,,,0,,,,,"F. Aursnes","M. Pedersen",2056,1838,,,,,,,"2026-07-01T01:03:52.658Z",
"Row76_8",8363,7,,"goal",74,1,1,"N. Pépé","A. Diallo",1,,"regular",1792,,,,,,,,,,,,"2026-07-01T01:03:52.658Z",
"Row76_9",8363,8,,"substitution",71,,,,,0,,,,,"O. Bobb","A. Sørloth",3651,774,,,,,,,"2026-07-01T01:03:52.658Z",
"Row76_10",8363,9,,"substitution",71,,,,,0,,,,,"A. Schjelderup","A. Nusa",2064,2897,,,,,,,"2026-07-01T01:03:52.658Z",
"Row76_11",8363,10,,"substitution",60,,,,,1,,,,,"A. Diallo","C. I. Oulaï",1792,6614,,,,,,,"2026-07-01T01:03:52.658Z",
"Row76_12",8363,11,,"substitution",60,,,,,1,,,,,"E. Wahi","A. Bonny",3527,3468,,,,,,,"2026-07-01T01:03:52.658Z",
"Row76_13",8363,12,,"period",45,1,0,,,,,,,,,,,,,,,,,"HT","2026-07-01T01:03:52.658Z",0
"Row76_14",8363,13,,"card",45,,,,"A. Nusa",0,,,2897,1,,,,,,"yellow",,,,,"2026-07-01T01:03:52.658Z",
"Row76_15",8363,14,,"injuryTime",45,,,,,,,,,,,,,,4,,,,,,"2026-07-01T01:03:52.658Z",
"Row76_16",8363,15,,"goal",39,1,0,"M. Ødegaard","A. Nusa",0,,"regular",2897,,,,,,,,,,,,"2026-07-01T01:03:52.658Z",
"Row75_1",8362,0,,"period",999,3,2,,,,,,,,,,,,,,,,,"PEN","2026-06-30T09:03:52.159Z",0
"Row75_2",8362,1,,"period",120,1,1,,,,,,,,,,,,,,,,,"ET","2026-06-30T09:03:52.159Z",0
"Row75_3",8362,2,,"injuryTime",120,,,,,,,,,,,,,,1,,,,,,"2026-06-30T09:03:52.159Z",
"Row75_4",8362,3,,"substitution",113,,,,,1,,,,,"J. Kluivert","C. Gakpo",791,331,,,,,,,"2026-06-30T09:03:52.159Z",
"Row75_5",8362,4,,"substitution",110,,,,,1,,,,,"M. de Roon","F. de Jong",1303,3662,,,,,,,"2026-06-30T09:03:52.159Z",
"Row75_6",8362,5,,"period",90,1,1,,,,,,,,,,,,,,,,,"FT","2026-06-30T09:03:52.159Z",0
"Row75_7",8362,6,,"goal",90,1,1,"C. Talbi","I. Diop",0,"[ {
  ""gk"" : {
    ""x"" : 1,
    ""y"" : 49.8
  },
  ""gm"" : {
    ""x"" : 67.74,
    ""y"" : 57.83
  },
  ""pid"" : 4377,
  ""pos"" : {
    ""x"" : 8.7,
    ""y"" : 52.4
  },
  ""body"" : ""head"",
  ""event"" : ""goal"",
  ""player"" : ""I. Diop""
} ]","regular",4377,1,,,,,,,,,,,"2026-06-30T09:03:52.159Z",
"Row75_8",8362,7,,"injuryTime",90,,,,,,,,,,,,,,6,,,,,,"2026-06-30T09:03:52.159Z",
"Row75_9",8362,8,,"substitution",87,,,,,0,,,,,"C. Talbi","B. E. Khannouss",350,1619,,,,,,,"2026-06-30T09:03:52.159Z",
"Row75_10",8362,9,,"substitution",86,,,,,1,,,,,"Q. Timber","R. Gravenberch",3373,327,,,,,,,"2026-06-30T09:03:52.159Z",
"Row75_11",8362,10,,"substitution",86,,,,,1,,,,,"J. Hato","M. van de Ven",401,736,,,,,,,"2026-06-30T09:03:52.159Z",
"Row75_12",8362,11,,"substitution",86,,,,,0,,,,,"S. Rahimi","A. Ounahi",15371,1044,,,,,,,"2026-06-30T09:03:52.159Z",
"Row75_13",8362,12,,"substitution",79,,,,,0,,,,,"S. E. Mourabet","A. Bouaddi",1706,1451,,,,,,,"2026-06-30T09:03:52.159Z",
"Row75_14",8362,13,,"substitution",79,,,,,0,,,,,"G. Yassine","B. Díaz",8630,598,,,,,,,"2026-06-30T09:03:52.159Z",
"Row75_15",8362,14,,"substitution",75,,,,,0,,,,,"A. Salah-Eddine","C. Riad",3506,8593,,,,,,,"2026-06-30T09:03:52.159Z",
"Row75_16",8362,15,,"goal",72,0,1,"C. Summerville","C. Gakpo",1,"[ {
  ""end"" : {
    ""x"" : 4.9,
    ""y"" : 38.5
  },
  ""pid"" : 484,
  ""pos"" : {
    ""x"" : 17.9,
    ""y"" : 14.8
  },
  ""event"" : ""pass"",
  ""player"" : ""J. P. van Hecke""
}, {
  ""end"" : {
    ""x"" : 46.5,
    ""y"" : 41.5
  },
  ""pid"" : 482,
  ""pos"" : {
    ""x"" : 6.8,
    ""y"" : 39
  },
  ""event"" : ""pass"",
  ""player"" : ""B. Verbruggen""
}, {
  ""end"" : {
    ""x"" : 66.9,
    ""y"" : 32.4
  },
  ""pid"" : 3775,
  ""pos"" : {
    ""x"" : 47.2,
    ""y"" : 42
  },
  ""event"" : ""pass"",
  ""player"" : ""W. Weghorst""
}, {
  ""end"" : {
    ""x"" : 87.2,
    ""y"" : 50.6
  },
  ""pid"" : 4092,
  ""pos"" : {
    ""x"" : 66.9,
    ""y"" : 32.4
  },
  ""event"" : ""ball-movement"",
  ""player"" : ""C. Summerville""
}, {
  ""end"" : {
    ""x"" : 87.2,
    ""y"" : 50.6
  },
  ""pid"" : 4092,
  ""pos"" : {
    ""x"" : 82.6,
    ""y"" : 39.1
  },
  ""event"" : ""pass"",
  ""assist"" : true,
  ""player"" : ""C. Summerville""
}, {
  ""gk"" : {
    ""x"" : 91.6,
    ""y"" : 50.5
  },
  ""gm"" : {
    ""x"" : 53.76,
    ""y"" : 91.5
  },
  ""pid"" : 331,
  ""pos"" : {
    ""x"" : 87.2,
    ""y"" : 50.6
  },
  ""body"" : ""right-foot"",
  ""event"" : ""goal"",
  ""player"" : ""C. Gakpo""
} ]","regular",331,,,,,,,,,,,,"2026-06-30T09:03:52.159Z",
"Row75_17",8362,16,,"substitution",71,,,,,1,,,,,"W. Weghorst","B. Brobbey",3775,352,,,,,,,"2026-06-30T09:03:52.159Z",
"Row75_18",8362,17,,"substitution",71,,,,,1,,,,,"T. Koopmeiners","N. Aké",2178,857,,,,,,,"2026-06-30T09:03:52.159Z",
"Row75_19",8362,18,,"card",47,,,,"I. Diop",0,,,4377,,,,,,,"yellow",,,,,"2026-06-30T09:03:52.159Z",
"Row75_20",8362,19,,"period",45,0,0,,,,,,,,,,,,,,,,,"HT","2026-06-30T09:03:52.159Z",0
"Row75_21",8362,20,,"injuryTime",45,,,,,,,,,,,,,,6,,,,,,"2026-06-30T09:03:52.159Z",
"Row74_1",8361,0,,"period",999,4,3,,,,,,,,,,,,,,,,,"PEN","2026-06-30T04:33:52.265Z",0
"Row74_2",8361,1,,"period",120,1,1,,,,,,,,,,,,,,,,,"ET","2026-06-30T04:33:52.265Z",0
"Row74_3",8361,2,,"substitution",120,,,,,0,,,,2,"F. Balbuena","J. Alonso",4893,4,,,,,,,"2026-06-30T04:33:52.265Z",
"Row74_4",8361,3,,"injuryTime",120,,,,,,,,,,,,,,2,,,,,,"2026-06-30T04:33:52.265Z",
"Row74_5",8361,4,,"card",117,,,,"M. Galarza",0,,,13574,,,,,,,"yellow",,,,,"2026-06-30T04:33:52.265Z",
"Row74_6",8361,5,,"card",115,,,,"J. Musiala",1,,,8564,,,,,,,"yellow",,,,,"2026-06-30T04:33:52.265Z",
"Row74_7",8361,6,,"substitution",110,,,,,1,,,,,"M. Thiaw","A. Rüdiger",700,588,,,,,,,"2026-06-30T04:33:52.265Z",
"Row74_8",8361,7,,"substitution",110,,,,,1,,,,,"N. Amiri","F. Wirtz",3934,330,,,,,,,"2026-06-30T04:33:52.265Z",
"Row74_9",8361,8,,"card",106,,,,"K. Havertz",1,,,4941,,,,,,,"yellow",,,,,"2026-06-30T04:33:52.265Z",
"Row74_10",8361,9,,"injuryTime",105,,,,,,,,,,,,,,4,,,,,,"2026-06-30T04:33:52.265Z",
"Row74_11",8361,10,,"varDecision",104,,,,"J. Tah",1,,,2459,,,,,,,,"goalAwarded",0,,,"2026-06-30T04:33:52.265Z",
"Row74_12",8361,11,,"substitution",99,,,,,0,,,,,"A. Sanabria","D. Bobadilla",983,143,,,,,,,"2026-06-30T04:33:52.265Z",
"Row74_13",8361,12,,"substitution",99,,,,,0,,,,,"B. Ojeda","J. Cáceres",9383,16918,,,,,,,"2026-06-30T04:33:52.265Z",
"Row74_14",8361,13,,"substitution",91,,,,,0,,,,,"G. Velázquez","M. Almirón",16915,9678,,,,,,,"2026-06-30T04:33:52.265Z",
"Row74_15",8361,14,,"period",90,1,1,,,,,,,,,,,,,,,,,"FT","2026-06-30T04:33:52.265Z",0
"Row74_16",8361,15,,"injuryTime",90,,,,,,,,,,,,,,5,,,,,,"2026-06-30T04:33:52.265Z",
"Row74_17",8361,16,,"substitution",88,,,,,1,,,,,"N. Woltemade","L. Sané",707,3732,,,,,,,"2026-06-30T04:33:52.265Z",
"Row74_18",8361,17,,"substitution",79,,,,,1,,,,,"W. Anton","A. Pavlović",2157,2462,,,,,,,"2026-06-30T04:33:52.265Z",
"Row74_19",8361,18,,"card",65,,,,"A. Cubas",0,,,9106,,,,,,,"yellow",,,,,"2026-06-30T04:33:52.265Z",
"Row74_20",8361,19,,"substitution",63,,,,,1,,,,,"J. Musiala","D. Undav",8564,1620,,,,,,,"2026-06-30T04:33:52.265Z",
"Row74_21",8361,20,,"substitution",57,,,,,0,,,,,"Mauricio","J. Enciso",42,1710,,,,,,,"2026-06-30T04:33:52.265Z",
"Row74_22",8361,21,,"substitution",55,,,,,0,,,,,"G. Caballero","G. Ávalos",225,16919,,,,,,,"2026-06-30T04:33:52.265Z",
"Row74_23",8361,22,,"goal",54,1,1,"F. Wirtz","K. Havertz",1,"[ {
  ""end"" : {
    ""x"" : 88.9,
    ""y"" : 52.2
  },
  ""pid"" : 330,
  ""pos"" : {
    ""x"" : 71.9,
    ""y"" : 90.7
  },
  ""event"" : ""cross"",
  ""assist"" : true,
  ""player"" : ""F. Wirtz""
}, {
  ""gk"" : {
    ""x"" : 99.3,
    ""y"" : 50.2
  },
  ""gm"" : {
    ""x"" : 70.97,
    ""y"" : 83.17
  },
  ""pid"" : 4941,
  ""pos"" : {
    ""x"" : 88.9,
    ""y"" : 52.2
  },
  ""body"" : ""head"",
  ""event"" : ""goal"",
  ""player"" : ""K. Havertz""
} ]","regular",4941,,,,,,,,,,,,"2026-06-30T04:33:52.265Z",
"Row74_24",8361,23,,"substitution",46,,,,,1,,,,,"L. Goretzka","F. Nmecha",2470,2160,,,,,,,"2026-06-30T04:33:52.265Z",
"Row74_25",8361,24,,"period",45,1,0,,,,,,,,,,,,,,,,,"HT","2026-06-30T04:33:52.265Z",0
"Row74_26",8361,25,,"injuryTime",45,,,,,,,,,,,,,,5,,,,,,"2026-06-30T04:33:52.265Z",
"Row74_27",8361,26,,"goal",42,1,0,"M. Galarza","J. Enciso",0,"[ {
  ""end"" : {
    ""x"" : 36.9,
    ""y"" : 73.8
  },
  ""pid"" : 143,
  ""pos"" : {
    ""x"" : 34.2,
    ""y"" : 51.3
  },
  ""event"" : ""pass"",
  ""player"" : ""D. Bobadilla""
}, {
  ""end"" : {
    ""x"" : 27.1,
    ""y"" : 89.7
  },
  ""pid"" : 16918,
  ""pos"" : {
    ""x"" : 37.3,
    ""y"" : 75.3
  },
  ""event"" : ""pass"",
  ""player"" : ""J. Cáceres""
}, {
  ""end"" : {
    ""x"" : 11.2,
    ""y"" : 81.4
  },
  ""pid"" : 9678,
  ""pos"" : {
    ""x"" : 25.7,
    ""y"" : 86.2
  },
  ""event"" : ""pass"",
  ""player"" : ""M. Almirón""
}, {
  ""end"" : {
    ""x"" : 10.3,
    ""y"" : 50.4
  },
  ""pid"" : 13574,
  ""pos"" : {
    ""x"" : 8.3,
    ""y"" : 78.1
  },
  ""event"" : ""cross"",
  ""assist"" : true,
  ""player"" : ""M. Galarza""
}, {
  ""gk"" : {
    ""x"" : 1.1,
    ""y"" : 50.2
  },
  ""gm"" : {
    ""x"" : 36.02,
    ""y"" : 72.5
  },
  ""pid"" : 1710,
  ""pos"" : {
    ""x"" : 10.3,
    ""y"" : 50.4
  },
  ""body"" : ""head"",
  ""event"" : ""goal"",
  ""player"" : ""J. Enciso""
} ]","regular",1710,,,,,,,,,,,,"2026-06-30T04:33:52.265Z",
"Row74_28",8361,27,,"card",-5,,,,"J. Nagelsmann",1,,,,,,,,,,"yellow",,,1,,"2026-06-30T04:33:52.265Z",
"Row74_29",8361,28,,"card",-5,,,,"G. Alfaro",0,,,,,,,,,,"yellow",,,1,,"2026-06-30T04:33:52.265Z",
"Row73_1",8360,0,,"period",90,1,2,,,,,,,,,,,,,,,,,"FT","2026-06-30T01:03:53.382Z",0
"Row73_2",8360,1,,"substitution",90,,,,,1,,,,8,"D. Santos","B. Guimarães",3877,709,,,,,,,"2026-06-30T01:03:53.382Z",
"Row73_3",8360,2,,"substitution",90,,,,,0,,,,7,"K. Ogawa","D. Maeda",5458,3393,,,,,,,"2026-06-30T01:03:53.382Z",
"Row73_4",8360,3,,"goal",90,1,2,"B. Guimarães","G. Martinelli",1,"[ {
  ""end"" : {
    ""x"" : 81.2,
    ""y"" : 40.8
  },
  ""pid"" : 663,
  ""pos"" : {
    ""x"" : 86.1,
    ""y"" : 24.7
  },
  ""event"" : ""pass"",
  ""player"" : ""Rayan""
}, {
  ""end"" : {
    ""x"" : 90.2,
    ""y"" : 52.8
  },
  ""pid"" : 709,
  ""pos"" : {
    ""x"" : 81.2,
    ""y"" : 41.8
  },
  ""event"" : ""pass"",
  ""assist"" : true,
  ""player"" : ""B. Guimarães""
}, {
  ""gk"" : {
    ""x"" : 97.6,
    ""y"" : 51.6
  },
  ""gm"" : {
    ""x"" : 69.89,
    ""y"" : 89.5
  },
  ""pid"" : 452,
  ""pos"" : {
    ""x"" : 89.8,
    ""y"" : 55.8
  },
  ""body"" : ""right-foot"",
  ""event"" : ""goal"",
  ""player"" : ""G. Martinelli""
} ]","regular",452,5,,,,,,,,,,,"2026-06-30T01:03:53.382Z",
"Row73_5",8360,4,,"substitution",90,,,,,1,,,,3,"Fabinho","Casemiro",8156,1793,,,,,,,"2026-06-30T01:03:53.382Z",
"Row73_6",8360,5,,"injuryTime",90,,,,,,,,,,,,,,6,,,,,,"2026-06-30T01:03:53.382Z",
"Row73_7",8360,6,,"card",84,,,,"J. Suzuki",0,,,3558,,,,,,,"yellow",,,,,"2026-06-30T01:03:53.382Z",
"Row73_8",8360,7,,"substitution",78,,,,,0,,,,,"A. Tanaka","D. Kamada",367,430,,,,,,,"2026-06-30T01:03:53.382Z",
"Row73_9",8360,8,,"substitution",78,,,,,0,,,,,"S. Machino","J. Ito",2879,4564,,,,,,,"2026-06-30T01:03:53.382Z",
"Row73_10",8360,9,,"substitution",66,,,,,0,,,,,"Y. Sugawara","R. Doan",2497,1353,,,,,,,"2026-06-30T01:03:53.382Z",
"Row73_11",8360,10,,"substitution",66,,,,,0,,,,,"J. Suzuki","K. Nakamura",3558,16971,,,,,,,"2026-06-30T01:03:53.382Z",
"Row73_12",8360,11,,"substitution",66,,,,,1,,,,,"G. Martinelli","M. Cunha",452,4119,,,,,,,"2026-06-30T01:03:53.382Z",
"Row73_13",8360,12,,"goal",56,1,1,"G. Magalhães","Casemiro",1,"[ {
  ""end"" : {
    ""x"" : 78.4,
    ""y"" : 73.5
  },
  ""pid"" : 595,
  ""pos"" : {
    ""x"" : 95.4,
    ""y"" : 83.8
  },
  ""event"" : ""pass"",
  ""player"" : ""Vinícius Jr.""
}, {
  ""end"" : {
    ""x"" : 96.7,
    ""y"" : 42.9
  },
  ""pid"" : 4072,
  ""pos"" : {
    ""x"" : 78.7,
    ""y"" : 73.6
  },
  ""event"" : ""cross"",
  ""assist"" : true,
  ""player"" : ""G. Magalhães""
}, {
  ""gk"" : {
    ""x"" : 99.7,
    ""y"" : 46.8
  },
  ""gm"" : {
    ""x"" : 57.53,
    ""y"" : 48.33
  },
  ""pid"" : 1793,
  ""pos"" : {
    ""x"" : 96.7,
    ""y"" : 42.9
  },
  ""body"" : ""head"",
  ""event"" : ""goal"",
  ""player"" : ""Casemiro""
} ]","regular",1793,,,,,,,,,,,,"2026-06-30T01:03:53.382Z",
"Row73_14",8360,13,,"card",48,,,,"Danilo",1,,,49,,,,,,,"yellow",,,,,"2026-06-30T01:03:53.382Z",
"Row73_15",8360,14,,"substitution",46,,,,,1,,,,,"Endrick","L. Paquetá",606,1642,,,,,,,"2026-06-30T01:03:53.382Z",
"Row73_16",8360,15,,"period",45,1,0,,,,,,,,,,,,,,,,,"HT","2026-06-30T01:03:53.382Z",0
"Row73_17",8360,16,,"card",45,,,,"D. Kamada",0,,,430,,,,,,,"yellow",,,,,"2026-06-30T01:03:53.382Z",
"Row73_18",8360,17,,"injuryTime",45,,,,,,,,,,,,,,4,,,,,,"2026-06-30T01:03:53.382Z",
"Row73_19",8360,18,,"goal",29,1,0,,"K. Sano",0,"[ {
  ""pid"" : 1196,
  ""pos"" : {
    ""x"" : 50.4,
    ""y"" : 43
  },
  ""event"" : ""interception"",
  ""player"" : ""K. Sano""
}, {
  ""gk"" : {
    ""x"" : 3.6,
    ""y"" : 52.4
  },
  ""gm"" : {
    ""x"" : 27.42,
    ""y"" : 96.83
  },
  ""pid"" : 1196,
  ""pos"" : {
    ""x"" : 24.9,
    ""y"" : 57.1
  },
  ""body"" : ""right-foot"",
  ""event"" : ""goal"",
  ""player"" : ""K. Sano""
} ]","regular",1196,,,,,,,,,,,,"2026-06-30T01:03:53.382Z",
"Row73_20",8360,19,,"card",14,,,,"Casemiro",1,,,1793,,,,,,,"yellow",,,,,"2026-06-30T01:03:53.382Z",
"Row73_21",8360,20,,"card",12,,,,"K. Sano",0,,,1196,,,,,,,"yellow",,,,,"2026-06-30T01:03:53.382Z",
"Row72_1",8359,0,,"period",90,1,0,,,,,,,,,,,,,,,,,"Second half","2026-06-29T03:13:23.864Z",0
"Row72_2",8359,1,,"goal",90,1,0,,"S. Eustaquio",0,"[ {
  ""gk"" : {
    ""x"" : 2,
    ""y"" : 52
  },
  ""gm"" : {
    ""x"" : 27.42,
    ""y"" : 92.67
  },
  ""pid"" : 1011,
  ""pos"" : {
    ""x"" : 18.2,
    ""y"" : 57.5
  },
  ""body"" : ""right-foot"",
  ""event"" : ""goal"",
  ""player"" : ""S. Eustaquio""
} ]","regular",1011,2,,,,,,,,,,,"2026-06-29T03:13:23.864Z",
"Row72_3",8359,2,,"injuryTime",90,,,,,,,,,,,,,,5,,,,,,"2026-06-29T03:13:23.864Z",
"Row72_4",8359,3,,"substitution",86,,,,,1,,,,,"T. Moremi","T. Maseko",15472,15830,,,,,,,"2026-06-29T03:13:23.864Z",
"Row72_5",8359,4,,"substitution",86,,,,,1,,,,,"I. Rayners","E. Makgopa",14402,15470,,,,,,,"2026-06-29T03:13:23.864Z",
"Row72_6",8359,5,,"substitution",75,,,,,0,,,,,"A. Davies","T. Buchanan",5170,1769,,,,,,,"2026-06-29T03:13:23.864Z",
"Row72_7",8359,6,,"substitution",70,,,,,0,,,,,"J. Shaffelburg","L. Millar",9296,6190,,,,,,,"2026-06-29T03:13:23.864Z",
"Row72_8",8359,7,,"substitution",70,,,,,0,,,,,"P. David","T. Oluwaseyi",3754,1779,,,,,,,"2026-06-29T03:13:23.864Z",
"Row72_9",8359,8,,"card",67,,,,"N. Sigur",0,,,16947,,,,,,,"yellow",,,,,"2026-06-29T03:13:23.864Z",
"Row72_10",8359,9,,"substitution",59,,,,,0,,,,,"L. D. Fougerolles","M. Bombito",7612,4514,,,,,,,"2026-06-29T03:13:23.864Z",
"Row72_11",8359,10,,"substitution",59,,,,,0,,,,,"N. Sigur","N. Saliba",16947,7351,,,,,,,"2026-06-29T03:13:23.864Z",
"Row72_12",8359,11,,"card",54,,,,"N. Saliba",0,,,7351,,,,,,,"yellow",,,,,"2026-06-29T03:13:23.864Z",
"Row72_13",8359,12,,"substitution",46,,,,,1,,,,,"T. Mbatha","R. Mofokeng",15476,15469,,,,,,,"2026-06-29T03:13:23.864Z",
"Row72_14",8359,13,,"period",45,0,0,,,,,,,,,,,,,,,,,"HT","2026-06-29T03:13:23.864Z",0
"Row72_15",8359,14,,"injuryTime",45,,,,,,,,,,,,,,3,,,,,,"2026-06-29T03:13:23.864Z",
"Row71_1",8358,0,,"period",90,3,1,,,,,,,,,,,,,,,,,"FT","2026-06-28T10:10:25.771Z",0
"Row71_2",8358,1,,"card",90,,,,"Shararh",1,,,16715,4,,,,,,"yellow",,,,,"2026-06-28T10:10:25.771Z",
"Row71_3",8358,2,,"substitution",90,,,,,1,,,,,"S. Obaid","H. A. M. Abudahab",16718,55288,,,,,,,"2026-06-28T10:10:25.771Z",
"Row71_4",8358,3,,"substitution",90,,,,,1,,,,,"Shararh","A. Olwan",16715,55283,,,,,,,"2026-06-28T10:10:25.771Z",
"Row71_5",8358,4,,"injuryTime",90,,,,,,,,,,,,,,5,,,,,,"2026-06-28T10:10:25.771Z",
"Row71_6",8358,5,,"substitution",82,,,,,0,,,,,"J. López","J. Álvarez",34,770,,,,,,,"2026-06-28T10:10:25.771Z",
"Row71_7",8358,6,,"goal",80,3,1,,"L. Messi",0,"[ {
  ""gk"" : {
    ""x"" : 0.9,
    ""y"" : 51.3
  },
  ""gm"" : {
    ""x"" : 40.32,
    ""y"" : 89.5
  },
  ""pid"" : 9063,
  ""pos"" : {
    ""x"" : 24.4,
    ""y"" : 51.6
  },
  ""body"" : ""left-foot"",
  ""event"" : ""goal"",
  ""player"" : ""L. Messi""
} ]","regular",9063,,,,,,,,,,,,"2026-06-28T10:10:25.771Z",
"Row71_8",8358,7,,"substitution",76,,,,,1,,,,,"A. Jamous","N. Al-Rashdan",16714,16711,,,,,,,"2026-06-28T10:10:25.771Z",
"Row71_9",8358,8,,"substitution",71,,,,,0,,,,,"V. Barco","G. Simeone",3896,767,,,,,,,"2026-06-28T10:10:25.771Z",
"Row71_10",8358,9,,"card",64,,,,"Y. Al-Arab",1,,,16702,,,,,,,"yellow",,,,,"2026-06-28T10:10:25.771Z",
"Row71_11",8358,10,,"substitution",61,,,,,0,,,,,"A. Mac Allister","N. Paz",328,2829,,,,,,,"2026-06-28T10:10:25.771Z",
"Row71_12",8358,11,,"substitution",60,,,,,0,,,,,"L. Messi","L. Martínez",9063,1687,,,,,,,"2026-06-28T10:10:25.771Z",
"Row71_13",8358,12,,"substitution",60,,,,,0,,,,,"T. Almada","G. Lo Celso",773,3850,,,,,,,"2026-06-28T10:10:25.771Z",
"Row71_14",8358,13,,"goal",55,2,1,"E. Haddad","M. Tamari",1,"[ {
  ""end"" : {
    ""x"" : 72.4,
    ""y"" : 46.6
  },
  ""pid"" : 2809,
  ""pos"" : {
    ""x"" : 66.8,
    ""y"" : 33.4
  },
  ""event"" : ""pass"",
  ""player"" : ""M. Tamari""
}, {
  ""end"" : {
    ""x"" : 69,
    ""y"" : 40.4
  },
  ""pid"" : 16713,
  ""pos"" : {
    ""x"" : 72.4,
    ""y"" : 46.6
  },
  ""event"" : ""pass"",
  ""player"" : ""M. Al-Mardi""
}, {
  ""end"" : {
    ""x"" : 69.5,
    ""y"" : 46.9
  },
  ""pid"" : 2809,
  ""pos"" : {
    ""x"" : 69,
    ""y"" : 40.4
  },
  ""event"" : ""pass"",
  ""player"" : ""M. Tamari""
}, {
  ""end"" : {
    ""x"" : 83.5,
    ""y"" : 16.2
  },
  ""pid"" : 16713,
  ""pos"" : {
    ""x"" : 70.2,
    ""y"" : 45.1
  },
  ""event"" : ""pass"",
  ""player"" : ""M. Al-Mardi""
}, {
  ""end"" : {
    ""x"" : 91.8,
    ""y"" : 53
  },
  ""pid"" : 55790,
  ""pos"" : {
    ""x"" : 84,
    ""y"" : 16.4
  },
  ""event"" : ""cross"",
  ""assist"" : true,
  ""player"" : ""E. Haddad""
}, {
  ""gk"" : {
    ""x"" : 98.4,
    ""y"" : 51.6
  },
  ""gm"" : {
    ""x"" : 36.02,
    ""y"" : 61
  },
  ""pid"" : 2809,
  ""pos"" : {
    ""x"" : 91.8,
    ""y"" : 53
  },
  ""body"" : ""left-foot"",
  ""event"" : ""goal"",
  ""player"" : ""M. Tamari""
} ]","regular",2809,,,,,,,,,,,,"2026-06-28T10:10:25.771Z",
"Row71_15",8358,14,,"substitution",46,,,,,1,,,,,"M. Tamari","A. Al-Azaizeh",2809,8821,,,,,,,"2026-06-28T10:10:25.771Z",
"Row71_16",8358,15,,"substitution",46,,,,,1,,,,,"M. Al-Mardi","O. A. Fakhouri",16713,14727,,,,,,,"2026-06-28T10:10:25.771Z",
"Row71_17",8358,16,,"period",45,2,0,,,,,,,,,,,,,,,,,"HT","2026-06-28T10:10:25.771Z",0
"Row71_18",8358,17,,"injuryTime",45,,,,,,,,,,,,,,5,,,,,,"2026-06-28T10:10:25.771Z",
"Row71_19",8358,18,,"goal",31,2,0,,"L. Martínez",0,"[ {
  ""gk"" : {
    ""x"" : 0.5,
    ""y"" : 49.8
  },
  ""gm"" : {
    ""x"" : 34.41,
    ""y"" : 78.83
  },
  ""pid"" : 1687,
  ""pos"" : {
    ""x"" : 11.5,
    ""y"" : 50
  },
  ""body"" : ""right-foot"",
  ""event"" : ""goal"",
  ""player"" : ""L. Martínez""
} ]","penalty",1687,,,,,,,,,,,,"2026-06-28T10:10:25.771Z",
"Row71_20",8358,19,,"varDecision",29,,,,"M. Senesi",0,,,2370,,,,,,,,"penaltyNotAwarded",0,,,"2026-06-28T10:10:25.771Z",
"Row71_21",8358,20,,"goal",19,1,0,,"G. Lo Celso",0,"[ {
  ""gk"" : {
    ""x"" : 1.4,
    ""y"" : 51.1
  },
  ""gm"" : {
    ""x"" : 31.18,
    ""y"" : 55.67
  },
  ""pid"" : 3850,
  ""pos"" : {
    ""x"" : 18.9,
    ""y"" : 62
  },
  ""body"" : ""left-foot"",
  ""event"" : ""goal"",
  ""player"" : ""G. Lo Celso""
} ]","regular",3850,,,,,,,,,,,,"2026-06-28T10:10:25.771Z",
"Row71_22",8358,21,,"card",17,,,,"M. A. Taha",1,,,16710,,,,,,,"yellow",,,,,"2026-06-28T10:10:25.771Z",
"Row70_1",8357,0,,"period",90,3,3,,,,,,,,,,,,,,,,,"FT","2026-06-28T10:10:21.875Z",0
"Row70_2",8357,1,,"goal",90,2,3,"M. Gregoritsch","S. Kalajdžić",0,,"regular",4824,6,,,,,,,,,,,"2026-06-28T10:10:21.875Z",
"Row70_3",8357,2,,"substitution",90,,,,,0,,,,5,"S. Kalajdžić","P. Mwene",4824,1198,,,,,,,"2026-06-28T10:10:21.875Z",
"Row70_4",8357,3,,"substitution",90,,,,,1,,,,4,"F. Ghedjemis","H. Aouar",16902,8230,,,,,,,"2026-06-28T10:10:21.875Z",
"Row70_5",8357,4,,"goal",90,2,3,"H. Aouar","R. Mahrez",1,,"regular",8116,3,,,,,,,,,,,"2026-06-28T10:10:21.875Z",
"Row70_6",8357,5,,"injuryTime",90,,,,,,,,,,,,,,4,,,,,,"2026-06-28T10:10:21.875Z",
"Row70_7",8357,6,,"substitution",71,,,,,1,,,,,"S. S. Chergui","R. Belghali",3823,2616,,,,,,,"2026-06-28T10:10:21.875Z",
"Row70_8",8357,7,,"substitution",71,,,,,1,,,,,"Z. Belaid","A. Gouiri",15046,4540,,,,,,,"2026-06-28T10:10:21.875Z",
"Row70_9",8357,8,,"substitution",71,,,,,1,,,,,"R. Aït-Nouri","J. Hadjam",861,3202,,,,,,,"2026-06-28T10:10:21.875Z",
"Row70_10",8357,9,,"substitution",62,,,,,0,,,,,"K. Danso","D. Alaba",721,4020,,,,,,,"2026-06-28T10:10:21.875Z",
"Row70_11",8357,10,,"goal",60,2,2,"H. Aouar","R. Mahrez",1,,"regular",8116,,,,,,,,,,,,"2026-06-28T10:10:21.875Z",
"Row70_12",8357,11,,"goal",55,2,1,"K. Laimer","M. Sabitzer",0,,"regular",2161,,,,,,,,,,,,"2026-06-28T10:10:21.875Z",
"Row70_13",8357,12,,"substitution",46,,,,,0,,,,,"P. Wanner","X. Schlager",3522,2892,,,,,,,"2026-06-28T10:10:21.875Z",
"Row70_14",8357,13,,"substitution",46,,,,,0,,,,,"F. Grillitsch","R. Schmid",888,2504,,,,,,,"2026-06-28T10:10:21.875Z",
"Row70_15",8357,14,,"substitution",46,,,,,0,,,,,"M. Gregoritsch","M. Arnautović",8530,3065,,,,,,,"2026-06-28T10:10:21.875Z",
"Row70_16",8357,15,,"period",45,1,1,,,,,,,,,,,,,,,,,"HT","2026-06-28T10:10:21.875Z",0
"Row70_17",8357,16,,"goal",45,1,1,,"R. Belghali",1,,"regular",2616,,,,,,,,,,,,"2026-06-28T10:10:21.875Z",
"Row70_18",8357,17,,"injuryTime",45,,,,,,,,,,,,,,4,,,,,,"2026-06-28T10:10:21.875Z",
"Row70_19",8357,18,,"goal",28,1,0,"D. Alaba","M. Arnautović",0,,"regular",3065,,,,,,,,,,,,"2026-06-28T10:10:21.875Z",
"Row70_20",8357,19,,"card",11,,,,"M. Arnautović",0,,,3065,,,,,,,"yellow",,,,,"2026-06-28T10:10:21.875Z",
"Row69_1",8355,0,,"period",90,0,0,,,,,,,,,,,,,,,,,"FT","2026-06-28T07:40:30.818Z",0
"Row69_2",8355,1,,"substitution",90,,,,,0,,,,3,"M. Nunes","N. Mendes",844,3470,,,,,,,"2026-06-28T07:40:30.818Z",
"Row69_3",8355,2,,"injuryTime",90,,,,,,,,,,,,,,5,,,,,,"2026-06-28T07:40:30.818Z",
"Row69_4",8355,3,,"substitution",87,,,,,1,,,,,"D. Muñoz","S. Arias",426,94,,,,,,,"2026-06-28T07:40:30.818Z",
"Row69_5",8355,4,,"card",86,,,,"G. Puerta",1,,,16386,,,,,,,"yellow",,,,,"2026-06-28T07:40:30.818Z",
"Row69_6",8355,5,,"substitution",76,,,,,1,,,,,"J. Quintero","J. Rodríguez",16387,10128,,,,,,,"2026-06-28T07:40:30.818Z",
"Row69_7",8355,6,,"substitution",76,,,,,1,,,,,"K. Castaño","J. Arias",16385,530,,,,,,,"2026-06-28T07:40:30.818Z",
"Row69_8",8355,7,,"substitution",70,,,,,0,,,,,"S. Costa","Vitinha",2642,2248,,,,,,,"2026-06-28T07:40:30.818Z",
"Row69_9",8355,8,,"substitution",70,,,,,0,,,,,"R. Leão","J. Félix",1997,7881,,,,,,,"2026-06-28T07:40:30.818Z",
"Row69_10",8355,9,,"substitution",60,,,,,1,,,,,"L. J. Suárez ","J. Córdoba",1221,16388,,,,,,,"2026-06-28T07:40:30.818Z",
"Row69_11",8355,10,,"substitution",60,,,,,1,,,,,"R. Ríos","J. Lerma",3788,428,,,,,,,"2026-06-28T07:40:30.818Z",
"Row69_12",8355,11,,"substitution",46,,,,,0,,,,,"J. Neves","R. Neves",2247,7995,,,,,,,"2026-06-28T07:40:30.818Z",
"Row69_13",8355,12,,"substitution",46,,,,,0,,,,,"D. Dalot","J. Cancelo",1795,8331,,,,,,,"2026-06-28T07:40:30.818Z",
"Row69_14",8355,13,,"period",45,0,0,,,,,,,,,,,,,,,,,"HT","2026-06-28T07:40:30.818Z",0
"Row69_15",8355,14,,"injuryTime",45,,,,,,,,,,,,,,3,,,,,,"2026-06-28T07:40:30.818Z",
"Row68_1",8356,0,,"period",90,1,3,,,,,,,,,,,,,,,,,"FT","2026-06-28T07:40:21.141Z",0
"Row68_2",8356,1,,"goal",90,1,3,"M. Elia","Y. Wissa",1,,"regular",5140,1,,,,,,,,,,,"2026-06-28T07:40:21.141Z",
"Row68_3",8356,2,,"injuryTime",90,,,,,,,,,,,,,,8,,,,,,"2026-06-28T07:40:21.141Z",
"Row68_4",8356,3,,"substitution",83,,,,,1,,,,,"Kayembe","A. Masuaku",4161,3903,,,,,,,"2026-06-28T07:40:21.141Z",
"Row68_5",8356,4,,"substitution",82,,,,,0,,,,,"J. Iskanderov","A. Mozgovoy",55378,55375,,,,,,,"2026-06-28T07:40:21.141Z",
"Row68_6",8356,5,,"substitution",82,,,,,0,,,,,"I. Sergeev","J. Urozov",55382,59373,,,,,,,"2026-06-28T07:40:21.141Z",
"Row68_7",8356,6,,"goal",78,1,2,,"F. Mayele",1,,"regular",14724,,,,,,,,,,,,"2026-06-28T07:40:21.141Z",
"Row68_8",8356,7,,"substitution",73,,,,,0,,,,,"O. Urunov","A. Fayzullaev",55630,6642,,,,,,,"2026-06-28T07:40:21.141Z",
"Row68_9",8356,8,,"substitution",73,,,,,1,,,,,"M. Elia","N. Mbuku",6729,15420,,,,,,,"2026-06-28T07:40:21.141Z",
"Row68_10",8356,9,,"substitution",73,,,,,1,,,,,"N. Mukau","B. Cipenga",1453,15424,,,,,,,"2026-06-28T07:40:21.141Z",
"Row68_11",8356,10,,"substitution",73,,,,,1,,,,,"T. Bongonda","S. Moutoussamy",15419,11283,,,,,,,"2026-06-28T07:40:21.141Z",
"Row68_12",8356,11,,"goal",68,1,1,,"Y. Wissa",1,,"penalty",5140,,,,,,,,,,,,"2026-06-28T07:40:21.141Z",
"Row68_13",8356,12,,"card",62,,,,"S. Moutoussamy",1,,,11283,,,,,,,"yellow",,,,,"2026-06-28T07:40:21.141Z",
"Row68_14",8356,13,,"substitution",59,,,,,0,,,,,"O. Khamrobekov","D. Khamdamov",55374,59376,,,,,,,"2026-06-28T07:40:21.141Z",
"Row68_15",8356,14,,"substitution",59,,,,,0,,,,,"A. Ganiev","O. Shukurov",58271,55629,,,,,,,"2026-06-28T07:40:21.141Z",
"Row68_16",8356,15,,"substitution",51,,,,,1,,,,,"F. Mayele","C. Bakambu",14724,1588,,,,,,,"2026-06-28T07:40:21.141Z",
"Row68_17",8356,16,,"card",48,,,,"S. Nasrullaev",0,,,55373,,,,,,,"yellow",,,,,"2026-06-28T07:40:21.141Z",
"Row68_18",8356,17,,"period",45,1,0,,,,,,,,,,,,,,,,,"HT","2026-06-28T07:40:21.141Z",0
"Row68_19",8356,18,,"card",45,,,,"N. Mbuku",1,,,15420,5,,,,,,"yellow",,,,,"2026-06-28T07:40:21.141Z",
"Row68_20",8356,19,,"injuryTime",45,,,,,,,,,,,,,,7,,,,,,"2026-06-28T07:40:21.141Z",
"Row68_21",8356,20,,"card",43,,,,"A. Khusanov",0,,,860,,,,,,,"yellow",,,,,"2026-06-28T07:40:21.141Z",
"Row68_22",8356,21,,"card",21,,,,"N. Sadiki",1,,,349,,,,,,,"yellow",,,,,"2026-06-28T07:40:21.141Z",
"Row68_23",8356,22,,"varDecision",17,,,,"N. Mbuku",1,,,15420,,,,,,,,"goalAwarded",0,,,"2026-06-28T07:40:21.141Z",
"Row68_24",8356,23,,"goal",10,1,0,"A. Mozgovoy","E. Shomurodov",0,,"regular",6643,,,,,,,,,,,,"2026-06-28T07:40:21.141Z",
"Row67_1",8354,0,,"period",90,2,0,,,,,,,,,,,,,,,,,"FT","2026-06-28T05:10:29.978Z",0
"Row67_2",8354,1,,"injuryTime",90,,,,,,,,,,,,,,6,,,,,,"2026-06-28T05:10:29.978Z",
"Row67_3",8354,2,,"substitution",88,,,,,1,,,,,"É. Davis","J. Gutiérrez",16742,16615,,,,,,,"2026-06-28T05:10:29.978Z",
"Row67_4",8354,3,,"substitution",88,,,,,1,,,,,"A. Quintero","C. Harvey",54040,9102,,,,,,,"2026-06-28T05:10:29.978Z",
"Row67_5",8354,4,,"substitution",84,,,,,0,,,,,"O. Watkins","H. Kane",512,2466,,,,,,,"2026-06-28T05:10:29.978Z",
"Row67_6",8354,5,,"substitution",84,,,,,0,,,,,"J. Henderson","E. Anderson",474,548,,,,,,,"2026-06-28T05:10:29.978Z",
"Row67_7",8354,6,,"card",84,,,,"A. Andrade",1,,,16746,,,,,,,"yellow",,,,,"2026-06-28T05:10:29.978Z",
"Row67_8",8354,7,,"substitution",71,,,,,1,,,,,"A. Londoño","J. L. Rodríguez",21220,10334,,,,,,,"2026-06-28T05:10:29.978Z",
"Row67_9",8354,8,,"substitution",71,,,,,0,,,,,"E. Eze","J. Bellingham",454,592,,,,,,,"2026-06-28T05:10:29.978Z",
"Row67_10",8354,9,,"substitution",71,,,,,1,,,,,"I. Díaz","Y. Bárcenas",10127,10252,,,,,,,"2026-06-28T05:10:29.978Z",
"Row67_11",8354,10,,"goal",67,2,0,"J. Bellingham","H. Kane",0,"[ {
  ""end"" : {
    ""x"" : 67.3,
    ""y"" : 74.5
  },
  ""pid"" : 735,
  ""pos"" : {
    ""x"" : 61,
    ""y"" : 95.1
  },
  ""event"" : ""pass"",
  ""player"" : ""D. Spence""
}, {
  ""end"" : {
    ""x"" : 60,
    ""y"" : 31.8
  },
  ""pid"" : 504,
  ""pos"" : {
    ""x"" : 60.1,
    ""y"" : 62.7
  },
  ""event"" : ""pass"",
  ""player"" : ""E. Konsa""
}, {
  ""end"" : {
    ""x"" : 44.3,
    ""y"" : 4
  },
  ""pid"" : 425,
  ""pos"" : {
    ""x"" : 58.1,
    ""y"" : 29.7
  },
  ""event"" : ""pass"",
  ""player"" : ""M. Guéhi""
}, {
  ""end"" : {
    ""x"" : 8.7,
    ""y"" : 15.9
  },
  ""pid"" : 750,
  ""pos"" : {
    ""x"" : 46.5,
    ""y"" : 6.1
  },
  ""event"" : ""pass"",
  ""player"" : ""M. Rashford""
}, {
  ""end"" : {
    ""x"" : 6.3,
    ""y"" : 52.2
  },
  ""pid"" : 592,
  ""pos"" : {
    ""x"" : 6.5,
    ""y"" : 22.8
  },
  ""event"" : ""cross"",
  ""assist"" : true,
  ""player"" : ""J. Bellingham""
}, {
  ""gk"" : {
    ""x"" : 1.5,
    ""y"" : 49.8
  },
  ""gm"" : {
    ""x"" : 38.71,
    ""y"" : 50.33
  },
  ""pid"" : 2466,
  ""pos"" : {
    ""x"" : 6.3,
    ""y"" : 52.2
  },
  ""body"" : ""head"",
  ""event"" : ""goal"",
  ""player"" : ""H. Kane""
} ]","regular",2466,,,,,,,,,,,,"2026-06-28T05:10:29.978Z",
"Row67_12",8354,11,,"substitution",63,,,,,0,,,,,"N. Madueke","B. Saka",450,455,,,,,,,"2026-06-28T05:10:29.978Z",
"Row67_13",8354,12,,"substitution",63,,,,,0,,,,,"D. Spence","J. Quansah",735,2149,,,,,,,"2026-06-28T05:10:29.978Z",
"Row67_14",8354,13,,"goal",62,1,0,"B. Saka","J. Bellingham",0,"[ {
  ""end"" : {
    ""x"" : 7.7,
    ""y"" : 47.4
  },
  ""pid"" : 455,
  ""pos"" : {
    ""x"" : 0.4,
    ""y"" : 0.6
  },
  ""event"" : ""cross"",
  ""assist"" : true,
  ""player"" : ""B. Saka""
}, {
  ""gk"" : {
    ""x"" : 0.9,
    ""y"" : 48.4
  },
  ""gm"" : {
    ""x"" : 28.49,
    ""y"" : 74.67
  },
  ""pid"" : 592,
  ""pos"" : {
    ""x"" : 7.7,
    ""y"" : 47.4
  },
  ""body"" : ""left-foot"",
  ""event"" : ""goal"",
  ""player"" : ""J. Bellingham""
} ]","regular",592,,,,,,,,,,,,"2026-06-28T05:10:29.978Z",
"Row67_15",8354,14,,"card",60,,,,"J. Quansah",0,,,2149,,,,,,,"yellow",,,,,"2026-06-28T05:10:29.978Z",
"Row67_16",8354,15,,"card",53,,,,"J. Fajardo",1,,,16745,,,,,,,"yellow",,,,,"2026-06-28T05:10:29.978Z",
"Row67_17",8354,16,,"substitution",46,,,,,1,,,,,"J. Fajardo","T. Rodríguez",16745,54044,,,,,,,"2026-06-28T05:10:29.978Z",
"Row67_18",8354,17,,"period",45,0,0,,,,,,,,,,,,,,,,,"HT","2026-06-28T05:10:29.978Z",0
"Row67_19",8354,18,,"injuryTime",45,,,,,,,,,,,,,,3,,,,,,"2026-06-28T05:10:29.978Z",
"Row66_1",8353,0,,"period",90,1,2,,,,,,,,,,,,,,,,,"FT","2026-06-28T05:10:23.193Z",0
"Row66_2",8353,1,,"card",90,,,,"K. P. Oppong",0,,,1487,4,,,,,,"yellow",,,,,"2026-06-28T05:10:23.193Z",
"Row66_3",8353,2,,"injuryTime",90,,,,,,,,,,,,,,7,,,,,,"2026-06-28T05:10:23.193Z",
"Row66_4",8353,3,,"substitution",88,,,,,1,,,,,"M. Pašalić","M. Baturina",9568,2833,,,,,,,"2026-06-28T05:10:23.193Z",
"Row66_5",8353,4,,"substitution",88,,,,,1,,,,,"J. Gvardiol","N. Vlašić",846,1844,,,,,,,"2026-06-28T05:10:23.193Z",
"Row66_6",8353,5,,"substitution",85,,,,,0,,,,,"C. Yirenkyi","K. Sibo",16696,1984,,,,,,,"2026-06-28T05:10:23.193Z",
"Row66_7",8353,6,,"goal",83,1,2,"L. Modrić","N. Vlašić",1,"[ {
  ""end"" : {
    ""x"" : 91.3,
    ""y"" : 52
  },
  ""pid"" : 1993,
  ""pos"" : {
    ""x"" : 99.5,
    ""y"" : 0.5
  },
  ""event"" : ""cross"",
  ""assist"" : true,
  ""player"" : ""L. Modrić""
}, {
  ""gk"" : {
    ""x"" : 99.5,
    ""y"" : 49.8
  },
  ""gm"" : {
    ""x"" : 31.18,
    ""y"" : 78.83
  },
  ""pid"" : 1844,
  ""pos"" : {
    ""x"" : 91.3,
    ""y"" : 52
  },
  ""body"" : ""head"",
  ""event"" : ""goal"",
  ""player"" : ""N. Vlašić""
} ]","regular",1844,,,,,,,,,,,,"2026-06-28T05:10:23.193Z",
"Row66_8",8353,7,,"substitution",78,,,,,1,,,,,"M. Pašalić","M. Kovačić",1309,4350,,,,,,,"2026-06-28T05:10:23.193Z",
"Row66_9",8353,8,,"varDecision",76,,,,"D. Luckassen",0,,,3600,,,,,,,,"goalNotAwarded",0,,,"2026-06-28T05:10:23.193Z",
"Row66_10",8353,9,,"goal",73,1,1,"E. Nuamah","D. Luckassen",0,"[ {
  ""end"" : {
    ""x"" : 4.8,
    ""y"" : 47.7
  },
  ""pid"" : 24027,
  ""pos"" : {
    ""x"" : 30.2,
    ""y"" : 79.1
  },
  ""event"" : ""cross"",
  ""assist"" : true,
  ""player"" : ""E. Nuamah""
}, {
  ""gk"" : {
    ""x"" : 0.3,
    ""y"" : 48.2
  },
  ""gm"" : {
    ""x"" : 70.97,
    ""y"" : 94.67
  },
  ""pid"" : 3600,
  ""pos"" : {
    ""x"" : 4.8,
    ""y"" : 47.7
  },
  ""body"" : ""left-foot"",
  ""event"" : ""goal"",
  ""player"" : ""D. Luckassen""
} ]","regular",3600,,,,,,,,,,,,"2026-06-28T05:10:23.193Z",
"Row66_11",8353,10,,"substitution",71,,,,,0,,,,,"E. Nuamah","K. Sulemana",24027,1310,,,,,,,"2026-06-28T05:10:23.193Z",
"Row66_12",8353,11,,"substitution",71,,,,,0,,,,,"B. Thomas-Asante","J. Ayew",6887,6134,,,,,,,"2026-06-28T05:10:23.193Z",
"Row66_13",8353,12,,"card",68,,,,"I. Perišić",1,,,3510,,,,,,,"yellow",,,,,"2026-06-28T05:10:23.193Z",
"Row66_14",8353,13,,"substitution",66,,,,,1,,,,,"I. Matanović","A. Budimir",1183,2669,,,,,,,"2026-06-28T05:10:23.193Z",
"Row66_15",8353,14,,"substitution",46,,,,,0,,,,,"A. F. Issahaku","E. Owusu",6131,4009,,,,,,,"2026-06-28T05:10:23.193Z",
"Row66_16",8353,15,,"substitution",46,,,,,0,,,,,"K. P. Oppong","J. A. Adjetey",1487,3146,,,,,,,"2026-06-28T05:10:23.193Z",
"Row66_17",8353,16,,"period",45,0,1,,,,,,,,,,,,,,,,,"HT","2026-06-28T05:10:23.193Z",0
"Row66_18",8353,17,,"injuryTime",45,,,,,,,,,,,,,,3,,,,,,"2026-06-28T05:10:23.193Z",
"Row66_19",8353,18,,"goal",31,0,1,"M. Kovačić","P. Sučić",1,"[ {
  ""end"" : {
    ""x"" : 69.7,
    ""y"" : 75.1
  },
  ""pid"" : 4350,
  ""pos"" : {
    ""x"" : 66.1,
    ""y"" : 87.3
  },
  ""event"" : ""pass"",
  ""player"" : ""M. Kovačić""
}, {
  ""end"" : {
    ""x"" : 63.2,
    ""y"" : 85.1
  },
  ""pid"" : 1993,
  ""pos"" : {
    ""x"" : 69.7,
    ""y"" : 75.1
  },
  ""event"" : ""pass"",
  ""player"" : ""L. Modrić""
}, {
  ""end"" : {
    ""x"" : 75.8,
    ""y"" : 93.1
  },
  ""pid"" : 4350,
  ""pos"" : {
    ""x"" : 63.4,
    ""y"" : 82.9
  },
  ""event"" : ""pass"",
  ""player"" : ""M. Kovačić""
}, {
  ""end"" : {
    ""x"" : 68.4,
    ""y"" : 84.2
  },
  ""pid"" : 3510,
  ""pos"" : {
    ""x"" : 75.5,
    ""y"" : 93.6
  },
  ""event"" : ""pass"",
  ""player"" : ""I. Perišić""
}, {
  ""end"" : {
    ""x"" : 72.3,
    ""y"" : 50.9
  },
  ""pid"" : 4350,
  ""pos"" : {
    ""x"" : 71,
    ""y"" : 77.9
  },
  ""event"" : ""pass"",
  ""assist"" : true,
  ""player"" : ""M. Kovačić""
}, {
  ""gk"" : {
    ""x"" : 98.8,
    ""y"" : 49.3
  },
  ""gm"" : {
    ""x"" : 29.03,
    ""y"" : 93.67
  },
  ""pid"" : 1685,
  ""pos"" : {
    ""x"" : 73.9,
    ""y"" : 46.8
  },
  ""body"" : ""right-foot"",
  ""event"" : ""goal"",
  ""player"" : ""P. Sučić""
} ]","regular",1685,,,,,,,,,,,,"2026-06-28T05:10:23.193Z",
"Row65_1",8352,0,,"period",90,5,1,,,,,,,,,,,,,,,,,"FT","2026-06-27T11:10:31.992Z",0
"Row65_2",8352,1,,"goal",90,5,1,"R. Lukaku","A. Saelemaekers",0,,"regular",1991,4,,,,,,,,,,,"2026-06-27T11:10:31.992Z",
"Row65_3",8352,2,,"injuryTime",90,,,,,,,,,,,,,,4,,,,,,"2026-06-27T11:10:31.992Z",
"Row65_4",8352,3,,"goal",86,4,1,"N. Raskin","R. Lukaku",0,,"regular",8676,,,,,,,,,,,,"2026-06-27T11:10:31.992Z",
"Row65_5",8352,4,,"substitution",85,,,,,0,,,,,"N. Raskin","Y. Tielemans",3015,514,,,,,,,"2026-06-27T11:10:31.992Z",
"Row65_6",8352,5,,"substitution",85,,,,,0,,,,,"R. Lukaku","C. De Ketelaere",8676,1305,,,,,,,"2026-06-27T11:10:31.992Z",
"Row65_7",8352,6,,"goal",84,3,1,,"E. Just",1,,"regular",5955,,,,,,,,,,,,"2026-06-27T11:10:31.992Z",
"Row65_8",8352,7,,"substitution",79,,,,,1,,,,,"F. De Vries","L. Cacace",55976,6946,,,,,,,"2026-06-27T11:10:31.992Z",
"Row65_9",8352,8,,"substitution",72,,,,,0,,,,,"A. Onana","K. De Bruyne",508,4374,,,,,,,"2026-06-27T11:10:31.992Z",
"Row65_10",8352,9,,"substitution",72,,,,,0,,,,,"A. Saelemaekers","L. Trossard",1991,3461,,,,,,,"2026-06-27T11:10:31.992Z",
"Row65_11",8352,10,,"goal",66,3,0,,"K. De Bruyne",0,,"regular",4374,,,,,,,,,,,,"2026-06-27T11:10:31.992Z",
"Row65_12",8352,11,,"substitution",64,,,,,1,,,,,"C. McCowatt","J. Bell",29409,50286,,,,,,,"2026-06-27T11:10:31.992Z",
"Row65_13",8352,12,,"substitution",64,,,,,1,,,,,"M. Boxall","T. Payne",9105,55974,,,,,,,"2026-06-27T11:10:31.992Z",
"Row65_14",8352,13,,"substitution",56,,,,,0,,,,,"M. Fernández-Pardo","J. Doku",1464,853,,,,,,,"2026-06-27T11:10:31.992Z",
"Row65_15",8352,14,,"card",56,,,,"E. Just",1,,,5955,,,,,,,"yellow",,,,,"2026-06-27T11:10:31.992Z",
"Row65_16",8352,15,,"goal",50,2,0,"H. Vanaken","L. Trossard",0,,"regular",3461,,,,,,,,,,,,"2026-06-27T11:10:31.992Z",
"Row65_17",8352,16,,"card",46,,,,"M. Stamenić",1,,,6528,,,,,,,"yellow",,,,,"2026-06-27T11:10:31.992Z",
"Row65_18",8352,17,,"substitution",46,,,,,1,,,,,"J. Randall","S. Singh",55983,55975,,,,,,,"2026-06-27T11:10:31.992Z",
"Row65_19",8352,18,,"substitution",46,,,,,1,,,,,"B. Old","R. Thomas",29212,5330,,,,,,,"2026-06-27T11:10:31.992Z",
"Row65_20",8352,19,,"period",45,1,0,,,,,,,,,,,,,,,,,"HT","2026-06-27T11:10:31.992Z",0
"Row65_21",8352,20,,"injuryTime",45,,,,,,,,,,,,,,6,,,,,,"2026-06-27T11:10:31.992Z",
"Row65_22",8352,21,,"goal",28,1,0,,"L. Trossard",0,,"regular",3461,,,,,,,,,,,,"2026-06-27T11:10:31.992Z",
"Row65_23",8352,22,,"varDecision",22,,,,"L. Trossard",0,,,3461,,,,,,,,"penaltyAwarded",0,,,"2026-06-27T11:10:31.992Z",
"Row64_1",8351,0,,"period",90,1,1,,,,,,,,,,,,,,,,,"FT","2026-06-27T11:10:21.759Z",0
"Row64_2",8351,1,,"varDecision",90,,,,"S. Khalilzadeh",0,,,16830,,,,,,,,"goalAwarded",0,,,"2026-06-27T11:10:21.759Z",
"Row64_3",8351,2,,"card",90,,,,"S. Khalilzadeh",0,,,16830,4,,,,,,"yellow",,,,,"2026-06-27T11:10:21.759Z",
"Row64_4",8351,3,,"card",90,,,,"M. Lasheen",1,,,14721,2,,,,,,"yellow",,,,,"2026-06-27T11:10:21.759Z",
"Row64_5",8351,4,,"substitution",90,,,,,0,,,,1,"A. Jahanbakhsh","M. Mohebi",7605,16834,,,,,,,"2026-06-27T11:10:21.759Z",
"Row64_6",8351,5,,"injuryTime",90,,,,,,,,,,,,,,6,,,,,,"2026-06-27T11:10:21.759Z",
"Row64_7",8351,6,,"card",80,,,,"S. Ezatolahi",0,,,53951,,,,,,,"yellow",,,,,"2026-06-27T11:10:21.759Z",
"Row64_8",8351,7,,"substitution",76,,,,,1,,,,,"H. Abdelkarim","M. Ziko",15835,14729,,,,,,,"2026-06-27T11:10:21.759Z",
"Row64_9",8351,8,,"substitution",67,,,,,0,,,,,"S. Moghanlou","S. Ghoddos",55325,16833,,,,,,,"2026-06-27T11:10:21.759Z",
"Row64_10",8351,9,,"substitution",57,,,,,1,,,,,"Zizo","M. Salah",14682,333,,,,,,,"2026-06-27T11:10:21.759Z",
"Row64_11",8351,10,,"substitution",46,,,,,1,,,,,"M. Attia","M. Saber",14681,15357,,,,,,,"2026-06-27T11:10:21.759Z",
"Row64_12",8351,11,,"substitution",46,,,,,1,,,,,"O. Marmoush","E. Ashour",862,14683,,,,,,,"2026-06-27T11:10:21.759Z",
"Row64_13",8351,12,,"substitution",46,,,,,0,,,,,"S. Hardani","H. Kanaani",16837,16829,,,,,,,"2026-06-27T11:10:21.759Z",
"Row64_14",8351,13,,"period",45,1,1,,,,,,,,,,,,,,,,,"HT","2026-06-27T11:10:21.759Z",0
"Row64_15",8351,14,,"injuryTime",45,,,,,,,,,,,,,,5,,,,,,"2026-06-27T11:10:21.759Z",
"Row64_16",8351,15,,"card",43,,,,"A. Nemati",0,,,16831,,,,,,,"yellow",,,,,"2026-06-27T11:10:21.759Z",
"Row64_17",8351,16,,"card",41,,,,"Y. Ibrahim",1,,,14678,,,,,,,"yellow",,,,,"2026-06-27T11:10:21.759Z",
"Row64_18",8351,17,,"card",20,,,,"M. Saber",1,,,15357,,,,,,,"yellow",,,,,"2026-06-27T11:10:21.759Z",
"Row64_19",8351,18,,"card",19,,,,"H. Kanaani",0,,,16829,,,,,,,"yellow",,,,,"2026-06-27T11:10:21.759Z",
"Row64_20",8351,19,,"substitution",14,,,,,1,,,,,"Y. Ibrahim","M. Abdelmonem",14678,16690,,,,,,,"2026-06-27T11:10:21.759Z",
"Row64_21",8351,20,,"goal",14,1,1,,"R. Rezaeian",0,,"regular",16838,,,,,,,,,,,,"2026-06-27T11:10:21.759Z",
"Row64_22",8351,21,,"goal",5,0,1,,"M. Saber",1,,"regular",15357,,,,,,,,,,,,"2026-06-27T11:10:21.759Z",
"Row63_1",8350,0,,"period",90,1,0,,,,,,,,,,,,,,,,,"FT","2026-06-27T08:10:33.232Z",0
"Row63_2",8350,1,,"card",90,,,,"A. Canobbio",1,,,2908,5,,,,,,"red",,,,,"2026-06-27T08:10:33.232Z",
"Row63_3",8350,2,,"card",90,,,,"N. De la Cruz",1,,,61,3,,,,,,"yellow",,,,,"2026-06-27T08:10:33.232Z",
"Row63_4",8350,3,,"injuryTime",90,,,,,,,,,,,,,,5,,,,,,"2026-06-27T08:10:33.232Z",
"Row63_5",8350,4,,"substitution",76,,,,,0,,,,,"N. Williams","L. Yamal",571,745,,,,,,,"2026-06-27T08:10:33.232Z",
"Row63_6",8350,5,,"substitution",76,,,,,0,,,,,"F. Torres","M. Oyarzabal",749,3890,,,,,,,"2026-06-27T08:10:33.232Z",
"Row63_7",8350,6,,"substitution",70,,,,,1,,,,,"B. Rodríguez","J. Sanabria",10110,10229,,,,,,,"2026-06-27T08:10:33.232Z",
"Row63_8",8350,7,,"substitution",66,,,,,0,,,,,"Y. Pino","A. Baena",431,769,,,,,,,"2026-06-27T08:10:33.232Z",
"Row63_9",8350,8,,"substitution",60,,,,,0,,,,,"D. Olmo","M. Merino",746,451,,,,,,,"2026-06-27T08:10:33.232Z",
"Row63_10",8350,9,,"substitution",60,,,,,0,,,,,"F. Ruiz","Pedri",2249,744,,,,,,,"2026-06-27T08:10:33.232Z",
"Row63_11",8350,10,,"card",58,,,,"G. Varela",1,,,48,,,,,,,"yellow",,,,,"2026-06-27T08:10:33.232Z",
"Row63_12",8350,11,,"substitution",57,,,,,1,,,,,"F. Viñas","F. Valverde",1973,593,,,,,,,"2026-06-27T08:10:33.232Z",
"Row63_13",8350,12,,"card",54,,,,"J. Sanabria",1,,,10229,,,,,,,"yellow",,,,,"2026-06-27T08:10:33.232Z",
"Row63_14",8350,13,,"card",46,,,,"A. Baena",0,,,769,,,,,,,"yellow",,,,,"2026-06-27T08:10:33.232Z",
"Row63_15",8350,14,,"substitution",46,,,,,1,,,,,"S. Rochet","F. Muslera",161,16896,,,,,,,"2026-06-27T08:10:33.232Z",
"Row63_16",8350,15,,"period",45,1,0,,,,,,,,,,,,,,,,,"HT","2026-06-27T08:10:33.232Z",0
"Row63_17",8350,16,,"substitution",45,,,,,1,,,,,"N. De la Cruz","M. Ugarte",61,1806,,,,,,,"2026-06-27T08:10:33.232Z",
"Row63_18",8350,17,,"injuryTime",45,,,,,,,,,,,,,,8,,,,,,"2026-06-27T08:10:33.232Z",
"Row63_19",8350,18,,"goal",42,1,0,"M. Llorente","A. Baena",0,,"regular",769,,,,,,,,,,,,"2026-06-27T08:10:33.232Z",
"Row62_1",8349,0,,"period",90,0,0,,,,,,,,,,,,,,,,,"FT","2026-06-27T08:10:20.881Z",0
"Row62_2",8349,1,,"substitution",90,,,,,1,,,,4,"S. Moreira","W. Pina",9199,6789,,,,,,,"2026-06-27T08:10:20.881Z",
"Row62_3",8349,2,,"card",90,,,,"F. Al-Buraikan",0,,,8122,3,,,,,,"yellow",,,,,"2026-06-27T08:10:20.881Z",
"Row62_4",8349,3,,"injuryTime",90,,,,,,,,,,,,,,5,,,,,,"2026-06-27T08:10:20.881Z",
"Row62_5",8349,4,,"substitution",82,,,,,0,,,,,"M. Al-Harbi","N. Boushal",8252,7882,,,,,,,"2026-06-27T08:10:20.881Z",
"Row62_6",8349,5,,"substitution",71,,,,,1,,,,,"G. Rodrigues","R. Mendes",22074,7073,,,,,,,"2026-06-27T08:10:20.881Z",
"Row62_7",8349,6,,"substitution",71,,,,,1,,,,,"L. Duarte","J. Monteiro",22077,5331,,,,,,,"2026-06-27T08:10:20.881Z",
"Row62_8",8349,7,,"card",67,,,,"N. Al-Dawsari",0,,,7991,,,,,,,"yellow",,,,,"2026-06-27T08:10:20.881Z",
"Row62_9",8349,8,,"substitution",66,,,,,0,,,,,"A. Al-Hamdan","S. Mandash",8256,7921,,,,,,,"2026-06-27T08:10:20.881Z",
"Row62_10",8349,9,,"substitution",66,,,,,0,,,,,"M. A. Al-Shamat","S. Al-Dawsari",8131,7999,,,,,,,"2026-06-27T08:10:20.881Z",
"Row62_11",8349,10,,"substitution",61,,,,,1,,,,,"H. Varela","W. Semedo",3176,22075,,,,,,,"2026-06-27T08:10:20.881Z",
"Row62_12",8349,11,,"substitution",61,,,,,1,,,,,"N. Da Costa","D. R. Livramento",6645,2276,,,,,,,"2026-06-27T08:10:20.881Z",
"Row62_13",8349,12,,"substitution",46,,,,,0,,,,,"M. A. Juwayr","A. Al-Khaibari",8139,7883,,,,,,,"2026-06-27T08:10:20.881Z",
"Row62_14",8349,13,,"period",45,0,0,,,,,,,,,,,,,,,,,"HT","2026-06-27T08:10:20.881Z",0
"Row62_15",8349,14,,"injuryTime",45,,,,,,,,,,,,,,6,,,,,,"2026-06-27T08:10:20.881Z",
"Row62_16",8349,15,,"substitution",33,,,,,0,,,,,"A. Lajami","H. Altambakti",8288,8253,,,,,,,"2026-06-27T08:10:20.881Z",
"Row62_17",8349,16,,"card",9,,,,"W. Pina",1,,,6789,,,,,,,"yellow",,,,,"2026-06-27T08:10:20.881Z",
"Row62_18",8349,17,,"card",4,,,,"S. Abdulhamid",0,,,1418,,,,,,,"yellow",,,,,"2026-06-27T08:10:20.881Z",
"Row61_1",8348,0,,"period",90,0,5,,,,,,,,,,,,,,,,,"FT","2026-06-27T03:10:33.220Z",0
"Row61_2",8348,1,,"card",90,,,,"M. Doski",0,,,3221,,,,,,,"yellow",,,,,"2026-06-27T03:10:33.220Z",
"Row61_3",8348,2,,"injuryTime",90,,,,,,,,,,,,,,6,,,,,,"2026-06-27T03:10:33.220Z",
"Row61_4",8348,3,,"goal",82,0,5,"P. Gueye","I. Ndiaye",1,"[ {
  ""end"" : {
    ""x"" : 55.4,
    ""y"" : 46.6
  },
  ""pid"" : 4105,
  ""pos"" : {
    ""x"" : 58.5,
    ""y"" : 36.9
  },
  ""event"" : ""pass"",
  ""player"" : ""A. Diao""
}, {
  ""end"" : {
    ""x"" : 65.1,
    ""y"" : 32.5
  },
  ""pid"" : 1771,
  ""pos"" : {
    ""x"" : 56.2,
    ""y"" : 45.1
  },
  ""event"" : ""pass"",
  ""assist"" : true,
  ""player"" : ""P. Gueye""
}, {
  ""pid"" : 810,
  ""pos"" : {
    ""x"" : 65.1,
    ""y"" : 32.5
  },
  ""body"" : ""right-foot"",
  ""event"" : ""ball-movement"",
  ""player"" : ""I. Ndiaye""
}, {
  ""gk"" : {
    ""x"" : 97.1,
    ""y"" : 46.9
  },
  ""gm"" : {
    ""x"" : 66.13,
    ""y"" : 58.83
  },
  ""pid"" : 810,
  ""pos"" : {
    ""x"" : 79.8,
    ""y"" : 33.1
  },
  ""body"" : ""right-foot"",
  ""event"" : ""goal"",
  ""player"" : ""I. Ndiaye""
} ]","regular",810,,,,,,,,,,,,"2026-06-27T03:10:33.220Z",
"Row61_5",8348,4,,"card",81,,,,"P. Gueye",1,,,1771,,,,,,,"yellow",,,,,"2026-06-27T03:10:33.220Z",
"Row61_6",8348,5,,"substitution",81,,,,,1,,,,,"A. Diao","I. Sarr",4105,1787,,,,,,,"2026-06-27T03:10:33.220Z",
"Row61_7",8348,6,,"card",75,,,,"A. Al-Ammari",0,,,13848,,,,,,,"yellow",,,,,"2026-06-27T03:10:33.220Z",
"Row61_8",8348,7,,"goal",71,0,4,"I. Ndiaye","P. Gueye",1,"[ {
  ""end"" : {
    ""x"" : 93.4,
    ""y"" : 32.9
  },
  ""pid"" : 3728,
  ""pos"" : {
    ""x"" : 97.1,
    ""y"" : 64.3
  },
  ""event"" : ""pass"",
  ""player"" : ""I. Jakobs""
}, {
  ""end"" : {
    ""x"" : 84.7,
    ""y"" : 50.4
  },
  ""pid"" : 810,
  ""pos"" : {
    ""x"" : 93.2,
    ""y"" : 32.2
  },
  ""event"" : ""pass"",
  ""assist"" : true,
  ""player"" : ""I. Ndiaye""
}, {
  ""gk"" : {
    ""x"" : 98.8,
    ""y"" : 49.5
  },
  ""gm"" : {
    ""x"" : 29.03,
    ""y"" : 69.33
  },
  ""pid"" : 1771,
  ""pos"" : {
    ""x"" : 84.7,
    ""y"" : 50.4
  },
  ""body"" : ""left-foot"",
  ""event"" : ""goal"",
  ""player"" : ""P. Gueye""
} ]","regular",1771,,,,,,,,,,,,"2026-06-27T03:10:33.220Z",
"Row61_9",8348,8,,"substitution",67,,,,,0,,,,,"K. Yakob","Z. Iqbal",54111,4209,,,,,,,"2026-06-27T03:10:33.220Z",
"Row61_10",8348,9,,"goal",59,0,3,"I. Sarr","P. Gueye",1,"[ {
  ""end"" : {
    ""x"" : 79.7,
    ""y"" : 27.5
  },
  ""pid"" : 1787,
  ""pos"" : {
    ""x"" : 91.1,
    ""y"" : 10.5
  },
  ""event"" : ""pass"",
  ""assist"" : true,
  ""player"" : ""I. Sarr""
}, {
  ""gk"" : {
    ""x"" : 98.5,
    ""y"" : 47.5
  },
  ""gm"" : {
    ""x"" : 29.57,
    ""y"" : 58.83
  },
  ""pid"" : 1771,
  ""pos"" : {
    ""x"" : 78.3,
    ""y"" : 31.8
  },
  ""body"" : ""left-foot"",
  ""event"" : ""goal"",
  ""player"" : ""P. Gueye""
} ]","regular",1771,,,,,,,,,,,,"2026-06-27T03:10:33.220Z",
"Row61_11",8348,10,,"substitution",58,,,,,1,,,,,"P. I. Ciss","A. Seck",3864,15372,,,,,,,"2026-06-27T03:10:33.220Z",
"Row61_12",8348,11,,"substitution",58,,,,,0,,,,,"A. Yousif","A. Al-Hamadi",55741,7175,,,,,,,"2026-06-27T03:10:33.220Z",
"Row61_13",8348,12,,"substitution",58,,,,,0,,,,,"A. H. Maknazi","A. Jasim",57036,8100,,,,,,,"2026-06-27T03:10:33.220Z",
"Row61_14",8348,13,,"substitution",57,,,,,1,,,,,"P. Gueye","H. Diarra",1771,4743,,,,,,,"2026-06-27T03:10:33.220Z",
"Row61_15",8348,14,,"substitution",57,,,,,1,,,,,"N. Jackson","L. Camara",2471,2228,,,,,,,"2026-06-27T03:10:33.220Z",
"Row61_16",8348,15,,"substitution",57,,,,,1,,,,,"I. Ndiaye","I. Mbaye",810,2255,,,,,,,"2026-06-27T03:10:33.220Z",
"Row61_17",8348,16,,"goal",56,0,2,"L. Camara","I. Sarr",1,"[ {
  ""end"" : {
    ""x"" : 96.6,
    ""y"" : 49.5
  },
  ""pid"" : 2228,
  ""pos"" : {
    ""x"" : 97.7,
    ""y"" : 61.7
  },
  ""event"" : ""pass"",
  ""assist"" : true,
  ""player"" : ""L. Camara""
}, {
  ""gk"" : {
    ""x"" : 98.8,
    ""y"" : 54.3
  },
  ""gm"" : {
    ""x"" : 40.32,
    ""y"" : 53.67
  },
  ""pid"" : 1787,
  ""pos"" : {
    ""x"" : 96.6,
    ""y"" : 49.5
  },
  ""body"" : ""right-foot"",
  ""event"" : ""goal"",
  ""player"" : ""I. Sarr""
} ]","regular",1787,,,,,,,,,,,,"2026-06-27T03:10:33.220Z",
"Row61_18",8348,17,,"substitution",46,,,,,0,,,,,"J. Hassan","A. Basil",54105,54109,,,,,,,"2026-06-27T03:10:33.220Z",
"Row61_19",8348,18,,"period",45,0,1,,,,,,,,,,,,,,,,,"HT","2026-06-27T03:10:33.220Z",0
"Row61_20",8348,19,,"injuryTime",45,,,,,,,,,,,,,,9,,,,,,"2026-06-27T03:10:33.220Z",
"Row61_21",8348,20,,"card",18,,,,"A. Seck",1,,,15372,,,,,,,"yellow",,,,,"2026-06-27T03:10:33.220Z",
"Row61_22",8348,21,,"substitution",16,,,,,0,,,,,"M. Younus","A. Qasem",54110,9358,,,,,,,"2026-06-27T03:10:33.220Z",
"Row61_23",8348,22,,"card",13,,,,"R. Sulaka",0,,,54349,,,,,,,"red",,,,,"2026-06-27T03:10:33.220Z",
"Row61_24",8348,23,,"varDecision",12,,,,"R. Sulaka",0,,,54349,,,,,,,,"cardUpgrade",0,,,"2026-06-27T03:10:33.220Z",
"Row61_25",8348,24,,"goal",4,0,1,"A. Seck","H. Diarra",1,"[ {
  ""end"" : {
    ""x"" : 91.3,
    ""y"" : 55.7
  },
  ""pid"" : 2228,
  ""pos"" : {
    ""x"" : 99.5,
    ""y"" : 0.5
  },
  ""event"" : ""cross"",
  ""player"" : ""L. Camara""
}, {
  ""gk"" : {
    ""x"" : 99,
    ""y"" : 50
  },
  ""gm"" : {
    ""x"" : 65.59,
    ""y"" : 58.83
  },
  ""pid"" : 4743,
  ""pos"" : {
    ""x"" : 96.1,
    ""y"" : 50.6
  },
  ""body"" : ""right-foot"",
  ""event"" : ""goal"",
  ""player"" : ""H. Diarra""
} ]","regular",4743,,,,,,,,,,,,"2026-06-27T03:10:33.220Z",
"Row60_1",8347,0,,"period",90,4,1,,,,,,,,,,,,,,,,,"FT","2026-06-27T03:10:27.180Z",0
"Row60_2",8347,1,,"goal",90,4,1,"B. Barcola","D. Doué",0,,"regular",4324,4,,,,,,,,,,,"2026-06-27T03:10:27.180Z",
"Row60_3",8347,2,,"injuryTime",90,,,,,,,,,,,,,,5,,,,,,"2026-06-27T03:10:27.180Z",
"Row60_4",8347,3,,"substitution",87,,,,,0,,,,,"M. Gusto","J. Koundé",393,739,,,,,,,"2026-06-27T03:10:27.180Z",
"Row60_5",8347,4,,"substitution",87,,,,,0,,,,,"J. Mateta","K. Mbappé",432,594,,,,,,,"2026-06-27T03:10:27.180Z",
"Row60_6",8347,5,,"substitution",83,,,,,1,,,,,"A. Nusa","A. Schjelderup",2897,2064,,,,,,,"2026-06-27T03:10:27.180Z",
"Row60_7",8347,6,,"substitution",83,,,,,1,,,,,"J. Hauge","O. Bobb",3681,3651,,,,,,,"2026-06-27T03:10:27.180Z",
"Row60_8",8347,7,,"substitution",76,,,,,0,,,,,"I. Konaté","D. Upamecano",324,3463,,,,,,,"2026-06-27T03:10:27.180Z",
"Row60_9",8347,8,,"card",74,,,,"A. Tchouaméni",0,,,591,,,,,,,"yellow",,,,,"2026-06-27T03:10:27.180Z",
"Row60_10",8347,9,,"substitution",66,,,,,1,,,,,"S. K. Langås","H. S. Falchener",6222,16898,,,,,,,"2026-06-27T03:10:27.180Z",
"Row60_11",8347,10,,"substitution",65,,,,,0,,,,,"R. Cherki","M. Olise",856,2467,,,,,,,"2026-06-27T03:10:27.180Z",
"Row60_12",8347,11,,"substitution",65,,,,,0,,,,,"B. Barcola","O. Dembélé",2261,2253,,,,,,,"2026-06-27T03:10:27.180Z",
"Row60_13",8347,12,,"substitution",46,,,,,1,,,,,"M. Pedersen","F. A. Bjørkan",1838,3671,,,,,,,"2026-06-27T03:10:27.180Z",
"Row60_14",8347,13,,"substitution",46,,,,,1,,,,,"M. Thorsby","K. Thorstvedt",2595,2850,,,,,,,"2026-06-27T03:10:27.180Z",
"Row60_15",8347,14,,"period",45,3,1,,,,,,,,,,,,,,,,,"HT","2026-06-27T03:10:27.180Z",0
"Row60_16",8347,15,,"injuryTime",45,,,,,,,,,,,,,,5,,,,,,"2026-06-27T03:10:27.180Z",
"Row60_17",8347,16,,"goal",32,3,1,"A. Tchouaméni","O. Dembélé",0,,"regular",2253,,,,,,,,,,,,"2026-06-27T03:10:27.180Z",
"Row60_18",8347,17,,"goal",21,2,1,"A. Schjelderup","T. Aasgaard",1,,"regular",3021,,,,,,,,,,,,"2026-06-27T03:10:27.180Z",
"Row60_19",8347,18,,"goal",20,2,0,"K. Mbappé","O. Dembélé",0,,"regular",2253,,,,,,,,,,,,"2026-06-27T03:10:27.180Z",
"Row60_20",8347,19,,"card",10,,,,"P. Berg",1,,,3673,,,,,,,"yellow",,,,,"2026-06-27T03:10:27.180Z",
"Row60_21",8347,20,,"goal",7,1,0,"K. Mbappé","O. Dembélé",0,,"regular",2253,,,,,,,,,,,,"2026-06-27T03:10:27.180Z",
"Row59_1",8346,0,,"period",90,2,3,,,,,,,,,,,,,,,,,"FT","2026-06-26T10:10:29.911Z",0
"Row59_2",8346,1,,"goal",90,2,3,"C. Uzun","K. Ayhan",1,,"regular",4218,9,,,,,,,,,,,"2026-06-26T10:10:29.911Z",
"Row59_3",8346,2,,"substitution",90,,,,,1,,,,2,"İ. C. Kahveci","B. A. Yılmaz",4577,3734,,,,,,,"2026-06-26T10:10:29.911Z",
"Row59_4",8346,3,,"substitution",90,,,,,1,,,,2,"M. Müldür","O. Aydın",3420,3412,,,,,,,"2026-06-26T10:10:29.911Z",
"Row59_5",8346,4,,"injuryTime",90,,,,,,,,,,,,,,7,,,,,,"2026-06-26T10:10:29.911Z",
"Row59_6",8346,5,,"substitution",88,,,,,1,,,,,"K. Ayhan","O. Kökçü",4218,5835,,,,,,,"2026-06-26T10:10:29.911Z",
"Row59_7",8346,6,,"substitution",86,,,,,0,,,,,"M. Tillman","W. McKennie",2143,2179,,,,,,,"2026-06-26T10:10:29.911Z",
"Row59_8",8346,7,,"substitution",84,,,,,1,,,,,"C. Uzun","K. Yıldız",4308,2184,,,,,,,"2026-06-26T10:10:29.911Z",
"Row59_9",8346,8,,"substitution",84,,,,,1,,,,,"Ç. Söyüncü","Z. Çelik",4174,1062,,,,,,,"2026-06-26T10:10:29.911Z",
"Row59_10",8346,9,,"substitution",77,,,,,0,,,,,"A. Freeman","J. Scally",8860,2868,,,,,,,"2026-06-26T10:10:29.911Z",
"Row59_11",8346,10,,"substitution",77,,,,,0,,,,,"A. Zendejas","B. Aaronson",10111,380,,,,,,,"2026-06-26T10:10:29.911Z",
"Row59_12",8346,11,,"substitution",76,,,,,0,,,,,"S. Dest","G. Reyna",3503,2878,,,,,,,"2026-06-26T10:10:29.911Z",
"Row59_13",8346,12,,"substitution",58,,,,,0,,,,,"C. Pulišić","T. Weah",3820,1923,,,,,,,"2026-06-26T10:10:29.911Z",
"Row59_14",8346,13,,"goal",49,2,2,,"S. Berhalter",0,,"regular",9104,,,,,,,,,,,,"2026-06-26T10:10:29.911Z",
"Row59_15",8346,14,,"period",45,1,2,,,,,,,,,,,,,,,,,"HT","2026-06-26T10:10:29.911Z",0
"Row59_16",8346,15,,"injuryTime",45,,,,,,,,,,,,,,6,,,,,,"2026-06-26T10:10:29.911Z",
"Row59_17",8346,16,,"goal",31,1,2,"O. Kökçü","B. A. Yılmaz",1,,"regular",3734,,,,,,,,,,,,"2026-06-26T10:10:29.911Z",
"Row59_18",8346,17,,"card",19,,,,"S. Berhalter",0,,,9104,,,,,,,"yellow",,,,,"2026-06-26T10:10:29.911Z",
"Row59_19",8346,18,,"goal",10,1,1,"B. A. Yılmaz","A. Güler",1,,"regular",597,,,,,,,,,,,,"2026-06-26T10:10:29.911Z",
"Row59_20",8346,19,,"goal",3,1,0,"S. Berhalter","A. Trusty",0,,"regular",3385,,,,,,,,,,,,"2026-06-26T10:10:29.911Z",
"Row58_1",8345,0,,"period",90,0,0,,,,,,,,,,,,,,,,,"FT","2026-06-26T10:10:20.711Z",0
"Row58_2",8345,1,,"substitution",90,,,,,1,,,,2,"J. Alonso","M. Galarza",4,13574,,,,,,,"2026-06-26T10:10:20.711Z",
"Row58_3",8345,2,,"substitution",90,,,,,1,,,,2,"D. Bobadilla","D. Gómez",143,488,,,,,,,"2026-06-26T10:10:20.711Z",
"Row58_4",8345,3,,"injuryTime",90,,,,,,,,,,,,,,5,,,,,,"2026-06-26T10:10:20.711Z",
"Row58_5",8345,4,,"substitution",84,,,,,0,,,,,"T. Yengi","N. Irankunda",5936,6040,,,,,,,"2026-06-26T10:10:20.711Z",
"Row58_6",8345,5,,"substitution",84,,,,,0,,,,,"P. Okon-Engstler","J. Irvine",58823,2484,,,,,,,"2026-06-26T10:10:20.711Z",
"Row58_7",8345,6,,"substitution",84,,,,,1,,,,,"J. Canale","O. Alderete",16912,345,,,,,,,"2026-06-26T10:10:20.711Z",
"Row58_8",8345,7,,"card",77,,,,"D. Gómez",1,,,488,,,,,,,"yellow",,,,,"2026-06-26T10:10:20.711Z",
"Row58_9",8345,8,,"substitution",67,,,,,1,,,,,"A. Arce","G. Ávalos",16914,16919,,,,,,,"2026-06-26T10:10:20.711Z",
"Row58_10",8345,9,,"substitution",58,,,,,0,,,,,"A. Hrustić","C. Volpato",5369,2854,,,,,,,"2026-06-26T10:10:20.711Z",
"Row58_11",8345,10,,"card",47,,,,"J. Irvine",0,,,2484,,,,,,,"yellow",,,,,"2026-06-26T10:10:20.711Z",
"Row58_12",8345,11,,"substitution",46,,,,,1,,,,,"Mauricio","A. Maidana",42,16913,,,,,,,"2026-06-26T10:10:20.711Z",
"Row58_13",8345,12,,"period",45,0,0,,,,,,,,,,,,,,,,,"HT","2026-06-26T10:10:20.711Z",0
"Row58_14",8345,13,,"injuryTime",45,,,,,,,,,,,,,,6,,,,,,"2026-06-26T10:10:20.711Z",
"Row57_1",8343,0,,"period",90,1,1,,,,,,,,,,,,,,,,,"FT","2026-06-26T07:10:24.769Z",0
"Row57_2",8343,1,,"injuryTime",90,,,,,,,,,,,,,,7,,,,,,"2026-06-26T07:10:24.769Z",
"Row57_3",8343,2,,"substitution",88,,,,,0,,,,,"B. Nygren","G. Gudmundsson",3394,370,,,,,,,"2026-06-26T07:10:24.769Z",
"Row57_4",8343,3,,"substitution",88,,,,,0,,,,,"C. Starfelt","V. Lindelöf",1253,519,,,,,,,"2026-06-26T07:10:24.769Z",
"Row57_5",8343,4,,"card",85,,,,"V. Gyökeres",0,,,456,,,,,,,"yellow",,,,,"2026-06-26T07:10:24.769Z",
"Row57_6",8343,5,,"card",77,,,,"S. Taniguchi",1,,,7374,,,,,,,"yellow",,,,,"2026-06-26T07:10:24.769Z",
"Row57_7",8343,6,,"substitution",75,,,,,1,,,,,"Y. Nagatomo","K. Nakamura",43687,16971,,,,,,,"2026-06-26T07:10:24.769Z",
"Row57_8",8343,7,,"substitution",75,,,,,1,,,,,"T. Watanabe","A. Seko",3363,1431,,,,,,,"2026-06-26T07:10:24.769Z",
"Row57_9",8343,8,,"substitution",75,,,,,0,,,,,"K. Sema","E. Stroud",4232,16077,,,,,,,"2026-06-26T07:10:24.769Z",
"Row57_10",8343,9,,"substitution",75,,,,,0,,,,,"D. Svensson","A. Bernhardsson",2162,28070,,,,,,,"2026-06-26T07:10:24.769Z",
"Row57_11",8343,10,,"substitution",66,,,,,1,,,,,"K. Ogawa","A. Ueda",5458,3369,,,,,,,"2026-06-26T07:10:24.769Z",
"Row57_12",8343,11,,"substitution",66,,,,,1,,,,,"J. Ito","R. Doan",4564,1353,,,,,,,"2026-06-26T07:10:24.769Z",
"Row57_13",8343,12,,"goal",62,1,1,"V. Gyökeres","A. Elanga",0,,"regular",710,,,,,,,,,,,,"2026-06-26T07:10:24.769Z",
"Row57_14",8343,13,,"goal",56,0,1,"R. Doan","D. Maeda",1,,"regular",3393,,,,,,,,,,,,"2026-06-26T07:10:24.769Z",
"Row57_15",8343,14,,"period",45,0,0,,,,,,,,,,,,,,,,,"HT","2026-06-26T07:10:24.769Z",0
"Row57_16",8343,15,,"injuryTime",45,,,,,,,,,,,,,,5,,,,,,"2026-06-26T07:10:24.769Z",
"Row57_17",8343,16,,"substitution",39,,,,,1,,,,,"S. Taniguchi","K. Itakura",7374,3770,,,,,,,"2026-06-26T07:10:24.769Z",
"Row57_18",8343,17,,"substitution",37,,,,,0,,,,,"L. Bergvall","I. Hien",726,1299,,,,,,,"2026-06-26T07:10:24.769Z",
"Row57_19",8343,18,,"card",32,,,,"I. Hien",0,,,1299,,,,,,,"yellow",,,,,"2026-06-26T07:10:24.769Z",
"Row56_1",8344,0,,"period",90,3,1,,,,,,,,,,,,,,,,,"FT","2026-06-26T07:10:20.641Z",0
"Row56_2",8344,1,,"substitution",90,,,,,1,,,,,"S. Tounekti","H. Mastouri",3396,15492,,,,,,,"2026-06-26T07:10:20.641Z",
"Row56_3",8344,2,,"injuryTime",90,,,,,,,,,,,,,,5,,,,,,"2026-06-26T07:10:20.641Z",
"Row56_4",8344,3,,"substitution",84,,,,,0,,,,,"N. Lang","C. Gakpo",1092,331,,,,,,,"2026-06-26T07:10:20.641Z",
"Row56_5",8344,4,,"substitution",77,,,,,0,,,,,"M. Depay","B. Brobbey",3940,352,,,,,,,"2026-06-26T07:10:20.641Z",
"Row56_6",8344,5,,"substitution",75,,,,,1,,,,,"F. Chaouat","I. Gharbi",15493,3913,,,,,,,"2026-06-26T07:10:20.641Z",
"Row56_7",8344,6,,"substitution",72,,,,,0,,,,,"C. Summerville","D. Malen",4092,515,,,,,,,"2026-06-26T07:10:20.641Z",
"Row56_8",8344,7,,"substitution",72,,,,,0,,,,,"J. Kluivert","T. Reijnders",791,850,,,,,,,"2026-06-26T07:10:20.641Z",
"Row56_9",8344,8,,"substitution",72,,,,,0,,,,,"T. Koopmeiners","F. de Jong",2178,3662,,,,,,,"2026-06-26T07:10:20.641Z",
"Row56_10",8344,9,,"substitution",68,,,,,1,,,,,"M. B. Ouanes","M. Ben Hmida",6745,14699,,,,,,,"2026-06-26T07:10:20.641Z",
"Row56_11",8344,10,,"substitution",68,,,,,1,,,,,"E. Achouri","A. B. Slimane",4243,6399,,,,,,,"2026-06-26T07:10:20.641Z",
"Row56_12",8344,11,,"substitution",67,,,,,1,,,,,"M. H. Mahmoud","R. Khedira",7592,2421,,,,,,,"2026-06-26T07:10:20.641Z",
"Row56_13",8344,12,,"goal",62,3,1,"T. Reijnders","J. P. van Hecke",0,"[ {
  ""end"" : {
    ""x"" : 4.4,
    ""y"" : 39.9
  },
  ""pid"" : 850,
  ""pos"" : {
    ""x"" : 0.5,
    ""y"" : 0.5
  },
  ""event"" : ""cross"",
  ""assist"" : true,
  ""player"" : ""T. Reijnders""
}, {
  ""gk"" : {
    ""x"" : 0.5,
    ""y"" : 48.2
  },
  ""gm"" : {
    ""x"" : 72.04,
    ""y"" : 50.33
  },
  ""pid"" : 484,
  ""pos"" : {
    ""x"" : 4.4,
    ""y"" : 39.9
  },
  ""body"" : ""head"",
  ""event"" : ""goal"",
  ""player"" : ""J. P. van Hecke""
} ]","regular",484,,,,,,,,,,,,"2026-06-26T07:10:20.641Z",
"Row56_14",8344,13,,"goal",54,2,1,"H. Mejbri","H. Mastouri",1,"[ {
  ""end"" : {
    ""x"" : 90.8,
    ""y"" : 47.8
  },
  ""pid"" : 415,
  ""pos"" : {
    ""x"" : 99.5,
    ""y"" : 0.5
  },
  ""event"" : ""cross"",
  ""assist"" : true,
  ""player"" : ""H. Mejbri""
}, {
  ""gk"" : {
    ""x"" : 99,
    ""y"" : 49.3
  },
  ""gm"" : {
    ""x"" : 28.49,
    ""y"" : 71.5
  },
  ""pid"" : 15492,
  ""pos"" : {
    ""x"" : 90.8,
    ""y"" : 47.8
  },
  ""body"" : ""head"",
  ""event"" : ""goal"",
  ""player"" : ""H. Mastouri""
} ]","regular",15492,,,,,,,,,,,,"2026-06-26T07:10:20.641Z",
"Row56_15",8344,14,,"period",45,2,0,,,,,,,,,,,,,,,,,"HT","2026-06-26T07:10:20.641Z",0
"Row56_16",8344,15,,"injuryTime",45,,,,,,,,,,,,,,3,,,,,,"2026-06-26T07:10:20.641Z",
"Row56_17",8344,16,,"goal",7,2,0,"V. van Dijk","B. Brobbey",0,"[ {
  ""gk"" : {
    ""x"" : 1.2,
    ""y"" : 51.6
  },
  ""gm"" : {
    ""x"" : 67.2,
    ""y"" : 65.17
  },
  ""pid"" : 352,
  ""pos"" : {
    ""x"" : 6.2,
    ""y"" : 55.3
  },
  ""body"" : ""right-foot"",
  ""event"" : ""goal"",
  ""player"" : ""B. Brobbey""
} ]","regular",352,,,,,,,,,,,,"2026-06-26T07:10:20.641Z",
"Row56_18",8344,17,,"goal",3,1,0,,"E. Skhiri",0,"[ {
  ""end"" : {
    ""x"" : 31.9,
    ""y"" : 65.1
  },
  ""pid"" : 484,
  ""pos"" : {
    ""x"" : 36,
    ""y"" : 44.8
  },
  ""event"" : ""pass"",
  ""player"" : ""J. P. van Hecke""
}, {
  ""end"" : {
    ""x"" : 18.1,
    ""y"" : 49.2
  },
  ""pid"" : 3662,
  ""pos"" : {
    ""x"" : 31.7,
    ""y"" : 65.7
  },
  ""event"" : ""pass"",
  ""player"" : ""F. de Jong""
}, {
  ""end"" : {
    ""x"" : 19.1,
    ""y"" : 63.2
  },
  ""pid"" : 352,
  ""pos"" : {
    ""x"" : 17.8,
    ""y"" : 50.1
  },
  ""event"" : ""pass"",
  ""player"" : ""B. Brobbey""
}, {
  ""end"" : {
    ""x"" : 8.5,
    ""y"" : 77.1
  },
  ""pid"" : 515,
  ""pos"" : {
    ""x"" : 15.7,
    ""y"" : 68.7
  },
  ""event"" : ""pass"",
  ""player"" : ""D. Malen""
}, {
  ""end"" : {
    ""x"" : 4.4,
    ""y"" : 50.7
  },
  ""pid"" : 3981,
  ""pos"" : {
    ""x"" : 9.1,
    ""y"" : 75.3
  },
  ""event"" : ""cross"",
  ""player"" : ""D. Dumfries""
}, {
  ""gk"" : {
    ""x"" : 98.9,
    ""y"" : 47.6
  },
  ""gm"" : {
    ""x"" : 47.85,
    ""y"" : 90.5
  },
  ""pid"" : 1352,
  ""pos"" : {
    ""x"" : 4.6,
    ""y"" : 49.8
  },
  ""body"" : ""left-foot"",
  ""event"" : ""goal"",
  ""player"" : ""E. Skhiri""
} ]","ownGoal",1352,,,,,,,,,,,,"2026-06-26T07:10:20.641Z",
"Row55_1",8342,0,,"period",90,1,2,,,,,,,,,,,,,,,,,"FT","2026-06-26T04:10:26.172Z",0
"Row55_2",8342,1,,"injuryTime",90,,,,,,,,,,,,,,7,,,,,,"2026-06-26T04:10:26.172Z",
"Row55_3",8342,2,,"card",89,,,,"G. Plata",1,,,59,,,,,,,"yellow",,,,,"2026-06-26T04:10:26.172Z",
"Row55_4",8342,3,,"substitution",85,,,,,1,,,,,"J. Caicedo","J. Yeboah",16891,16888,,,,,,,"2026-06-26T04:10:26.172Z",
"Row55_5",8342,4,,"substitution",85,,,,,1,,,,,"F. Torres","N. Angulo",273,7347,,,,,,,"2026-06-26T04:10:26.172Z",
"Row55_6",8342,5,,"goal",78,1,2,"K. Rodríguez","G. Plata",1,,"regular",59,,,,,,,,,,,,"2026-06-26T04:10:26.172Z",
"Row55_7",8342,6,,"substitution",73,,,,,0,,,,,"P. Groß","F. Wirtz",2173,330,,,,,,,"2026-06-26T04:10:26.172Z",
"Row55_8",8342,7,,"substitution",71,,,,,1,,,,,"P. Estupiñán","P. Hincapié",2003,445,,,,,,,"2026-06-26T04:10:26.172Z",
"Row55_9",8342,8,,"substitution",65,,,,,0,,,,,"M. Beier","F. Nmecha",3915,2160,,,,,,,"2026-06-26T04:10:26.172Z",
"Row55_10",8342,9,,"substitution",64,,,,,1,,,,,"Á. Preciado","E. Valencia",12202,4754,,,,,,,"2026-06-26T04:10:26.172Z",
"Row55_11",8342,10,,"substitution",64,,,,,1,,,,,"K. Rodríguez","A. Franco",3755,7,,,,,,,"2026-06-26T04:10:26.172Z",
"Row55_12",8342,11,,"substitution",60,,,,,0,,,,,"M. Thiaw","J. Kimmich",700,2461,,,,,,,"2026-06-26T04:10:26.172Z",
"Row55_13",8342,12,,"substitution",60,,,,,0,,,,,"D. Undav","K. Havertz",1620,4941,,,,,,,"2026-06-26T04:10:26.172Z",
"Row55_14",8342,13,,"card",50,,,,"A. Franco",1,,,7,,,,,,,"yellow",,,,,"2026-06-26T04:10:26.172Z",
"Row55_15",8342,14,,"varDecision",48,,,,"K. Havertz",0,,,4941,,,,,,,,"penaltyAwarded",0,,,"2026-06-26T04:10:26.172Z",
"Row55_16",8342,15,,"substitution",46,,,,,0,,,,,"A. Stiller","A. Pavlović",1622,2462,,,,,,,"2026-06-26T04:10:26.172Z",
"Row55_17",8342,16,,"period",45,1,1,,,,,,,,,,,,,,,,,"HT","2026-06-26T04:10:26.172Z",0
"Row55_18",8342,17,,"injuryTime",45,,,,,,,,,,,,,,4,,,,,,"2026-06-26T04:10:26.172Z",
"Row55_19",8342,18,,"card",44,,,,"A. Pavlović",0,,,2462,,,,,,,"yellow",,,,,"2026-06-26T04:10:26.172Z",
"Row55_20",8342,19,,"card",43,,,,"P. Hincapié",1,,,445,,,,,,,"yellow",,,,,"2026-06-26T04:10:26.172Z",
"Row55_21",8342,20,,"goal",9,1,1,"P. Vite","N. Angulo",1,,"regular",7347,,,,,,,,,,,,"2026-06-26T04:10:26.172Z",
"Row55_22",8342,21,,"goal",2,1,0,"F. Wirtz","L. Sané",0,,"regular",3732,,,,,,,,,,,,"2026-06-26T04:10:26.172Z",
"Row54_1",8341,0,,"period",90,2,0,,,,,,,,,,,,,,,,,"FT","2026-06-26T04:10:20.002Z",0
"Row54_2",8341,1,,"substitution",90,,,,,1,,,,,"B. Kuwas","J. Locadia",5413,22227,,,,,,,"2026-06-26T04:10:20.002Z",
"Row54_3",8341,2,,"substitution",90,,,,,1,,,,,"S. Sambo","J. Brenet",5279,5931,,,,,,,"2026-06-26T04:10:20.002Z",
"Row54_4",8341,3,,"injuryTime",90,,,,,,,,,,,,,,6,,,,,,"2026-06-26T04:10:20.002Z",
"Row54_5",8341,4,,"card",83,,,,"G. Kastaneer",1,,,22229,,,,,,,"yellow",,,,,"2026-06-26T04:10:20.002Z",
"Row54_6",8341,5,,"substitution",77,,,,,0,,,,,"J. M. Seri","F. Kessié",15393,8117,,,,,,,"2026-06-26T04:10:20.002Z",
"Row54_7",8341,6,,"substitution",77,,,,,1,,,,,"T. Noslin","D. Fonville",5431,5451,,,,,,,"2026-06-26T04:10:20.002Z",
"Row54_8",8341,7,,"substitution",77,,,,,1,,,,,"G. Kastaneer","J. Gaari",22229,22239,,,,,,,"2026-06-26T04:10:20.002Z",
"Row54_9",8341,8,,"card",75,,,,"J. Bacuna",1,,,6672,,,,,,,"yellow",,,,,"2026-06-26T04:10:20.002Z",
"Row54_10",8341,9,,"substitution",67,,,,,0,,,,,"B. Touré","Y. Diomande",2385,2895,,,,,,,"2026-06-26T04:10:20.002Z",
"Row54_11",8341,10,,"substitution",67,,,,,0,,,,,"E. Wahi","N. Pépé",3527,1786,,,,,,,"2026-06-26T04:10:20.002Z",
"Row54_12",8341,11,,"substitution",67,,,,,0,,,,,"O. Diakité","A. Bonny",7705,3468,,,,,,,"2026-06-26T04:10:20.002Z",
"Row54_13",8341,12,,"goal",64,2,0,"I. Sangaré","N. Pépé",0,"[ {
  ""end"" : {
    ""x"" : 24.1,
    ""y"" : 95.1
  },
  ""pid"" : 1702,
  ""pos"" : {
    ""x"" : 24.2,
    ""y"" : 77.2
  },
  ""event"" : ""pass"",
  ""player"" : ""G. Doué""
}, {
  ""end"" : {
    ""x"" : 22.4,
    ""y"" : 85.3
  },
  ""pid"" : 1786,
  ""pos"" : {
    ""x"" : 24.1,
    ""y"" : 95.1
  },
  ""event"" : ""pass"",
  ""player"" : ""N. Pépé""
}, {
  ""end"" : {
    ""x"" : 29.5,
    ""y"" : 84.8
  },
  ""pid"" : 1702,
  ""pos"" : {
    ""x"" : 22.4,
    ""y"" : 85.3
  },
  ""event"" : ""pass"",
  ""player"" : ""G. Doué""
}, {
  ""end"" : {
    ""x"" : 31.5,
    ""y"" : 67.8
  },
  ""pid"" : 8117,
  ""pos"" : {
    ""x"" : 29.6,
    ""y"" : 84.2
  },
  ""event"" : ""pass"",
  ""player"" : ""F. Kessié""
}, {
  ""end"" : {
    ""x"" : 15,
    ""y"" : 70.1
  },
  ""pid"" : 547,
  ""pos"" : {
    ""x"" : 29.8,
    ""y"" : 67.3
  },
  ""event"" : ""pass"",
  ""assist"" : true,
  ""player"" : ""I. Sangaré""
}, {
  ""gk"" : {
    ""x"" : 3.1,
    ""y"" : 55.2
  },
  ""gm"" : {
    ""x"" : 32.26,
    ""y"" : 63
  },
  ""pid"" : 1786,
  ""pos"" : {
    ""x"" : 10.9,
    ""y"" : 66
  },
  ""body"" : ""left-foot"",
  ""event"" : ""goal"",
  ""player"" : ""N. Pépé""
} ]","regular",1786,,,,,,,,,,,,"2026-06-26T04:10:20.002Z",
"Row54_14",8341,13,,"substitution",61,,,,,1,,,,,"J. Antonisse","L. Comenencia",11253,7715,,,,,,,"2026-06-26T04:10:20.002Z",
"Row54_15",8341,14,,"substitution",46,,,,,0,,,,,"C. I. Oulaï","A. Diallo",6614,1792,,,,,,,"2026-06-26T04:10:20.002Z",
"Row54_16",8341,15,,"period",45,1,0,,,,,,,,,,,,,,,,,"HT","2026-06-26T04:10:20.002Z",0
"Row54_17",8341,16,,"injuryTime",45,,,,,,,,,,,,,,4,,,,,,"2026-06-26T04:10:20.002Z",
"Row54_18",8341,17,,"card",35,,,,"N. Pépé",0,,,1786,,,,,,,"yellow",,,,,"2026-06-26T04:10:20.002Z",
"Row54_19",8341,18,,"goal",7,1,0,"Y. Diomande","N. Pépé",0,"[ {
  ""end"" : {
    ""x"" : 4.5,
    ""y"" : 47.3
  },
  ""pid"" : 2895,
  ""pos"" : {
    ""x"" : 1.6,
    ""y"" : 31.7
  },
  ""event"" : ""pass"",
  ""assist"" : true,
  ""player"" : ""Y. Diomande""
}, {
  ""gk"" : {
    ""x"" : 1.1,
    ""y"" : 45.3
  },
  ""gm"" : {
    ""x"" : 53.23,
    ""y"" : 96.83
  },
  ""pid"" : 1786,
  ""pos"" : {
    ""x"" : 4.5,
    ""y"" : 47.3
  },
  ""body"" : ""left-foot"",
  ""event"" : ""goal"",
  ""player"" : ""N. Pépé""
} ]","regular",1786,,,,,,,,,,,,"2026-06-26T04:10:20.002Z",
"Row53_1",8340,0,,"period",90,3,0,,,,,,,,,,,,,,,,,"FT","2026-06-25T09:10:27.294Z",0
"Row53_2",8340,1,,"goal",90,3,0,"R. Alvarado","Á. Fidalgo",0,,"regular",9008,4,,,,,,,,,,,"2026-06-25T09:10:27.294Z",
"Row53_3",8340,2,,"injuryTime",90,,,,,,,,,,,,,,6,,,,,,"2026-06-25T09:10:27.294Z",
"Row53_4",8340,3,,"substitution",87,,,,,1,,,,,"T. Chorý","L. Červ",3708,3224,,,,,,,"2026-06-25T09:10:27.294Z",
"Row53_5",8340,4,,"substitution",87,,,,,1,,,,,"A. Sojka","T. Souček",12264,1647,,,,,,,"2026-06-25T09:10:27.294Z",
"Row53_6",8340,5,,"substitution",78,,,,,0,,,,,"J. Gallardo","M. Chávez",10088,5481,,,,,,,"2026-06-25T09:10:27.294Z",
"Row53_7",8340,6,,"substitution",78,,,,,0,,,,,"G. Ochoa","R. Rangel",17093,10161,,,,,,,"2026-06-25T09:10:27.294Z",
"Row53_8",8340,7,,"substitution",72,,,,,0,,,,,"Á. Fidalgo","G. Mora",9008,10424,,,,,,,"2026-06-25T09:10:27.294Z",
"Row53_9",8340,8,,"substitution",64,,,,,1,,,,,"T. Souček","T. Holeš",1647,3710,,,,,,,"2026-06-25T09:10:27.294Z",
"Row53_10",8340,9,,"substitution",64,,,,,1,,,,,"P. Schick","A. Hložek",2145,5156,,,,,,,"2026-06-25T09:10:27.294Z",
"Row53_11",8340,10,,"card",64,,,,"E. Álvarez",0,,,3411,,,,,,,"yellow",,,,,"2026-06-25T09:10:27.294Z",
"Row53_12",8340,11,,"substitution",63,,,,,0,,,,,"S. Giménez","G. Martínez",4328,10462,,,,,,,"2026-06-25T09:10:27.294Z",
"Row53_13",8340,12,,"substitution",63,,,,,0,,,,,"O. Vargas","L. Romo",9006,10370,,,,,,,"2026-06-25T09:10:27.294Z",
"Row53_14",8340,13,,"goal",61,2,0,"J. Sánchez","J. Quiñones",0,,"regular",8296,,,,,,,,,,,,"2026-06-25T09:10:27.294Z",
"Row53_15",8340,14,,"substitution",56,,,,,1,,,,,"L. Provod","D. Višinský",3706,3231,,,,,,,"2026-06-25T09:10:27.294Z",
"Row53_16",8340,15,,"goal",55,1,0,"L. Romo","M. Chávez",0,,"regular",5481,,,,,,,,,,,,"2026-06-25T09:10:27.294Z",
"Row53_17",8340,16,,"period",45,0,0,,,,,,,,,,,,,,,,,"HT","2026-06-25T09:10:27.294Z",0
"Row53_18",8340,17,,"injuryTime",45,,,,,,,,,,,,,,4,,,,,,"2026-06-25T09:10:27.294Z",
"Row52_1",8339,0,,"period",90,0,1,,,,,,,,,,,,,,,,,"Second half","2026-06-25T09:10:19.183Z",0
"Row52_2",8339,1,,"injuryTime",90,,,,,,,,,,,,,,6,,,,,,"2026-06-25T09:10:19.183Z",
"Row52_3",8339,2,,"substitution",80,,,,,1,,,,,"J. Adams","R. Mofokeng",14398,15469,,,,,,,"2026-06-25T09:10:19.183Z",
"Row52_4",8339,3,,"card",79,,,,"G. Cho",0,,,3263,,,,,,,"yellow",,,,,"2026-06-25T09:10:19.183Z",
"Row52_5",8339,4,,"substitution",75,,,,,1,,,,,"I. Rayners","T. Maseko",14402,15830,,,,,,,"2026-06-25T09:10:19.183Z",
"Row52_6",8339,5,,"substitution",74,,,,,0,,,,,"G. Cho","H. Oh",3263,3131,,,,,,,"2026-06-25T09:10:19.183Z",
"Row52_7",8339,6,,"card",73,,,,"A. Modiba",1,,,14397,,,,,,,"yellow",,,,,"2026-06-25T09:10:19.183Z",
"Row52_8",8339,7,,"substitution",66,,,,,0,,,,,"J. S. Park","K. Min-jae",17044,2458,,,,,,,"2026-06-25T09:10:19.183Z",
"Row52_9",8339,8,,"goal",63,0,1,"T. Moremi","T. Maseko",1,,"regular",15830,,,,,,,,,,,,"2026-06-25T09:10:19.183Z",
"Row52_10",8339,9,,"substitution",62,,,,,1,,,,,"T. Moremi","O. Appollis",15472,15468,,,,,,,"2026-06-25T09:10:19.183Z",
"Row52_11",8339,10,,"substitution",46,,,,,0,,,,,"J. Castrop","T. Lee",2872,17047,,,,,,,"2026-06-25T09:10:19.183Z",
"Row52_12",8339,11,,"substitution",46,,,,,0,,,,,"J. Kim","S. Paik",17043,6092,,,,,,,"2026-06-25T09:10:19.183Z",
"Row52_13",8339,12,,"substitution",46,,,,,0,,,,,"S. Heung-min","H. Hee-chan",9190,533,,,,,,,"2026-06-25T09:10:19.183Z",
"Row52_14",8339,13,,"period",45,0,0,,,,,,,,,,,,,,,,,"HT","2026-06-25T09:10:19.183Z",0
"Row52_15",8339,14,,"injuryTime",45,,,,,,,,,,,,,,4,,,,,,"2026-06-25T09:10:19.183Z",
"Row51_1",8337,0,,"period",90,2,4,,,,,,,,,,,,,,,,,"FT","2026-06-25T06:10:24.431Z",0
"Row51_2",8337,1,,"card",90,,,,"J. Casimir",0,,,2103,3,,,,,,"yellow",,,,,"2026-06-25T06:10:24.431Z",
"Row51_3",8337,2,,"varDecision",90,,,,"G. Yassine",1,,,8630,,,,,,,,"goalAwarded",1,,,"2026-06-25T06:10:24.431Z",
"Row51_4",8337,3,,"injuryTime",90,,,,,,,,,,,,,,5,,,,,,"2026-06-25T06:10:24.431Z",
"Row51_5",8337,4,,"goal",89,2,4,"S. Rahimi","G. Yassine",1,,"regular",8630,,,,,,,,,,,,"2026-06-25T06:10:24.431Z",
"Row51_6",8337,5,,"substitution",83,,,,,0,,,,,"F. Pierrot","L. Joseph",9020,3439,,,,,,,"2026-06-25T06:10:24.431Z",
"Row51_7",8337,6,,"substitution",83,,,,,1,,,,,"S. E. Mourabet","N. El Aynaoui",1706,1070,,,,,,,"2026-06-25T06:10:24.431Z",
"Row51_8",8337,7,,"substitution",83,,,,,1,,,,,"N. Mazraoui","A. Salah-Eddine",1799,3506,,,,,,,"2026-06-25T06:10:24.431Z",
"Row51_9",8337,8,,"substitution",80,,,,,0,,,,,"D. Simon","D. Jean Jacques",59655,9069,,,,,,,"2026-06-25T06:10:24.431Z",
"Row51_10",8337,9,,"substitution",80,,,,,0,,,,,"C. Arcus","J. Duverne",1387,4809,,,,,,,"2026-06-25T06:10:24.431Z",
"Row51_11",8337,10,,"card",79,,,,"J. Placide",0,,,26638,,,,,,,"yellow",,,,,"2026-06-25T06:10:24.431Z",
"Row51_12",8337,11,,"card",79,,,,"D. Nazon",0,,,17100,,,,,,,"yellow",,,,,"2026-06-25T06:10:24.431Z",
"Row51_13",8337,12,,"goal",78,2,3,"C. Riad","S. Rahimi",1,,"regular",15371,,,,,,,,,,,,"2026-06-25T06:10:24.431Z",
"Row51_14",8337,13,,"substitution",70,,,,,1,,,,,"S. Rahimi","I. Saibari",15371,3511,,,,,,,"2026-06-25T06:10:24.431Z",
"Row51_15",8337,14,,"substitution",70,,,,,1,,,,,"A. Ounahi","B. Díaz",1044,598,,,,,,,"2026-06-25T06:10:24.431Z",
"Row51_16",8337,15,,"substitution",70,,,,,1,,,,,"G. Yassine","A. E. Kaabi",8630,3486,,,,,,,"2026-06-25T06:10:24.431Z",
"Row51_17",8337,16,,"substitution",67,,,,,0,,,,,"L. D. Deedson","W. Isidor",9717,353,,,,,,,"2026-06-25T06:10:24.431Z",
"Row51_18",8337,17,,"substitution",67,,,,,0,,,,,"D. Nazon","R. Providence",17100,17101,,,,,,,"2026-06-25T06:10:24.431Z",
"Row51_19",8337,18,,"period",45,2,2,,,,,,,,,,,,,,,,,"HT","2026-06-25T06:10:24.431Z",0
"Row51_20",8337,19,,"goal",45,2,2,"A. Hakimi","I. Saibari",1,,"regular",3511,1,,,,,,,,,,,"2026-06-25T06:10:24.431Z",
"Row51_21",8337,20,,"injuryTime",45,,,,,,,,,,,,,,5,,,,,,"2026-06-25T06:10:24.431Z",
"Row51_22",8337,21,,"goal",43,2,1,"J. Duverne","W. Isidor",0,,"regular",353,,,,,,,,,,,,"2026-06-25T06:10:24.431Z",
"Row51_23",8337,22,,"varDecision",40,,,,"A. Hakimi",1,,,4241,,,,,,,,"goalAwarded",1,,,"2026-06-25T06:10:24.431Z",
"Row51_24",8337,23,,"goal",39,1,1,,"A. Hakimi",1,,"regular",4241,,,,,,,,,,,,"2026-06-25T06:10:24.431Z",
"Row51_25",8337,24,,"goal",10,1,0,,"Bono",0,,"ownGoal",7990,,,,,,,,,,,,"2026-06-25T06:10:24.431Z",
"Row50_1",8338,0,,"period",90,3,0,,,,,,,,,,,,,,,,,"FT","2026-06-25T06:10:20.388Z",0
"Row50_2",8338,1,,"substitution",90,,,,,1,,,,2,"F. Curtis","J. McGinn",3029,510,,,,,,,"2026-06-25T06:10:20.388Z",
"Row50_3",8338,2,,"substitution",90,,,,,1,,,,2,"C. Adams","L. Shankland",1843,5774,,,,,,,"2026-06-25T06:10:20.388Z",
"Row50_4",8338,3,,"injuryTime",90,,,,,,,,,,,,,,6,,,,,,"2026-06-25T06:10:20.388Z",
"Row50_5",8338,4,,"card",89,,,,"R. Christie",1,,,3900,,,,,,,"yellow",,,,,"2026-06-25T06:10:20.388Z",
"Row50_6",8338,5,,"card",83,,,,"Fabinho",0,,,8156,,,,,,,"yellow",,,,,"2026-06-25T06:10:20.388Z",
"Row50_7",8338,6,,"substitution",82,,,,,0,,,,,"Endrick","Rayan",606,663,,,,,,,"2026-06-25T06:10:20.388Z",
"Row50_8",8338,7,,"substitution",82,,,,,0,,,,,"A. Sandro","D. Santos",51,16392,,,,,,,"2026-06-25T06:10:20.388Z",
"Row50_9",8338,8,,"substitution",81,,,,,1,,,,,"R. Christie","B. Doak",3900,4027,,,,,,,"2026-06-25T06:10:20.388Z",
"Row50_10",8338,9,,"substitution",81,,,,,1,,,,,"T. Ralston","N. Patterson",3398,818,,,,,,,"2026-06-25T06:10:20.388Z",
"Row50_11",8338,10,,"substitution",76,,,,,0,,,,,"Neymar","M. Cunha",215,4119,,,,,,,"2026-06-25T06:10:20.388Z",
"Row50_12",8338,11,,"substitution",66,,,,,0,,,,,"G. Martinelli","L. Paquetá",452,1642,,,,,,,"2026-06-25T06:10:20.388Z",
"Row50_13",8338,12,,"substitution",66,,,,,0,,,,,"Fabinho","Casemiro",8156,1793,,,,,,,"2026-06-25T06:10:20.388Z",
"Row50_14",8338,13,,"card",63,,,,"Danilo",0,,,49,,,,,,,"yellow",,,,,"2026-06-25T06:10:20.388Z",
"Row50_15",8338,14,,"goal",60,3,0,"B. Guimarães","M. Cunha",0,,"regular",4119,,,,,,,,,,,,"2026-06-25T06:10:20.388Z",
"Row50_16",8338,15,,"substitution",46,,,,,1,,,,,"K. Tierney","A. Robertson",3387,326,,,,,,,"2026-06-25T06:10:20.388Z",
"Row50_17",8338,16,,"period",45,2,0,,,,,,,,,,,,,,,,,"HT","2026-06-25T06:10:20.388Z",0
"Row50_18",8338,17,,"goal",45,2,0,"B. Guimarães","Vinícius Jr.",0,,"regular",595,3,,,,,,,,,,,"2026-06-25T06:10:20.388Z",
"Row50_19",8338,18,,"injuryTime",45,,,,,,,,,,,,,,6,,,,,,"2026-06-25T06:10:20.388Z",
"Row50_20",8338,19,,"varDecision",22,,,,"Vinícius Jr.",0,,,595,,,,,,,,"goalAwarded",0,,,"2026-06-25T06:10:20.388Z",
"Row50_21",8338,20,,"goal",7,1,0,"Rayan","Vinícius Jr.",0,,"regular",595,,,,,,,,,,,,"2026-06-25T06:10:20.388Z",
"Row49_1",8335,0,,"period",90,1,2,,,,,,,,,,,,,,,,,"FT","2026-06-25T03:10:23.875Z",0
"Row49_2",8335,1,,"injuryTime",90,,,,,,,,,,,,,,6,,,,,,"2026-06-25T03:10:23.875Z",
"Row49_3",8335,2,,"card",87,,,,"L. Millar",0,,,6190,,,,,,,"yellow",,,,,"2026-06-25T03:10:23.875Z",
"Row49_4",8335,3,,"substitution",85,,,,,1,,,,,"C. Fassnacht","J. Manzambi",3204,1178,,,,,,,"2026-06-25T03:10:23.875Z",
"Row49_5",8335,4,,"substitution",85,,,,,1,,,,,"C. Itten","B. Embolo",27743,2811,,,,,,,"2026-06-25T03:10:23.875Z",
"Row49_6",8335,5,,"substitution",83,,,,,0,,,,,"J. Shaffelburg","R. Laryea",9296,9548,,,,,,,"2026-06-25T03:10:23.875Z",
"Row49_7",8335,6,,"substitution",80,,,,,1,,,,,"D. Ndoye","R. Vargas",551,3803,,,,,,,"2026-06-25T03:10:23.875Z",
"Row49_8",8335,7,,"goal",76,1,2,"N. Saliba","P. David",0,,"regular",3754,,,,,,,,,,,,"2026-06-25T03:10:23.875Z",
"Row49_9",8335,8,,"substitution",75,,,,,0,,,,,"P. David","T. Buchanan",3754,1769,,,,,,,"2026-06-25T03:10:23.875Z",
"Row49_10",8335,9,,"substitution",74,,,,,1,,,,,"M. Aebischer","D. Sow",1660,1550,,,,,,,"2026-06-25T03:10:23.875Z",
"Row49_11",8335,10,,"substitution",74,,,,,1,,,,,"S. Widmer","L. Jaquez",1208,3119,,,,,,,"2026-06-25T03:10:23.875Z",
"Row49_12",8335,11,,"substitution",58,,,,,0,,,,,"T. Oluwaseyi","C. Larin",1779,4164,,,,,,,"2026-06-25T03:10:23.875Z",
"Row49_13",8335,12,,"substitution",58,,,,,0,,,,,"L. Millar","A. Ahmed",6190,8580,,,,,,,"2026-06-25T03:10:23.875Z",
"Row49_14",8335,13,,"substitution",58,,,,,0,,,,,"S. Eustaquio","M. Choinière",1011,9202,,,,,,,"2026-06-25T03:10:23.875Z",
"Row49_15",8335,14,,"goal",57,0,2,"B. Embolo","J. Manzambi",1,,"regular",1178,,,,,,,,,,,,"2026-06-25T03:10:23.875Z",
"Row49_16",8335,15,,"goal",46,0,1,"J. Manzambi","R. Vargas",1,,"regular",3803,,,,,,,,,,,,"2026-06-25T03:10:23.875Z",
"Row49_17",8335,16,,"period",45,0,0,,,,,,,,,,,,,,,,,"HT","2026-06-25T03:10:23.875Z",0
"Row49_18",8335,17,,"injuryTime",45,,,,,,,,,,,,,,4,,,,,,"2026-06-25T03:10:23.875Z",
"Row49_19",8335,18,,"card",32,,,,"G. Xhaka",1,,,348,,,,,,,"yellow",,,,,"2026-06-25T03:10:23.875Z",
"Row49_20",8335,19,,"card",32,,,,"C. Larin",0,,,4164,,,,,,,"yellow",,,,,"2026-06-25T03:10:23.875Z",
"Row48_1",8336,0,,"period",90,1,3,,,,,,,,,,,,,,,,,"FT","2026-06-25T03:10:19.267Z",0
"Row48_2",8336,1,,"injuryTime",90,,,,,,,,,,,,,,6,,,,,,"2026-06-25T03:10:19.267Z",
"Row48_3",8336,2,,"substitution",82,,,,,1,,,,,"D. Burnić","K. Alajbegović",41783,3046,,,,,,,"2026-06-25T03:10:19.267Z",
"Row48_4",8336,3,,"card",82,,,,"E. Mahmić",1,,,53958,,,,,,,"yellow",,,,,"2026-06-25T03:10:19.267Z",
"Row48_5",8336,4,,"goal",80,1,3,"D. Hadžikadunić","E. Mahmić",1,,"regular",53958,,,,,,,,,,,,"2026-06-25T03:10:19.267Z",
"Row48_6",8336,5,,"substitution",79,,,,,0,,,,,"M. N. Almanai","A. Fathi",53914,53909,,,,,,,"2026-06-25T03:10:19.267Z",
"Row48_7",8336,6,,"substitution",79,,,,,0,,,,,"A. Alaaeldin","E. Junior",53917,53911,,,,,,,"2026-06-25T03:10:19.267Z",
"Row48_8",8336,7,,"card",78,,,,"A. Fathi",0,,,53909,,,,,,,"yellow",,,,,"2026-06-25T03:10:19.267Z",
"Row48_9",8336,8,,"substitution",72,,,,,0,,,,,"A. Ali","K. Boudiaf",53915,53916,,,,,,,"2026-06-25T03:10:19.267Z",
"Row48_10",8336,9,,"substitution",64,,,,,1,,,,,"E. Mahmić","E. Džeko",53958,1343,,,,,,,"2026-06-25T03:10:19.267Z",
"Row48_11",8336,10,,"substitution",64,,,,,1,,,,,"D. Hadžikadunić","N. Katić",29274,27586,,,,,,,"2026-06-25T03:10:19.267Z",
"Row48_12",8336,11,,"substitution",55,,,,,0,,,,,"A. Al-Ganehi","H. A. Haydos",53927,53923,,,,,,,"2026-06-25T03:10:19.267Z",
"Row48_13",8336,12,,"substitution",46,,,,,0,,,,,"A. Hatem","J. G. Abdulsallam",53926,53908,,,,,,,"2026-06-25T03:10:19.267Z",
"Row48_14",8336,13,,"substitution",46,,,,,1,,,,,"B. Tahirović","I. Šunjić",26812,3604,,,,,,,"2026-06-25T03:10:19.267Z",
"Row48_15",8336,14,,"substitution",46,,,,,1,,,,,"A. Memić","A. Malić",3222,2973,,,,,,,"2026-06-25T03:10:19.267Z",
"Row48_16",8336,15,,"period",45,1,2,,,,,,,,,,,,,,,,,"HT","2026-06-25T03:10:19.267Z",0
"Row48_17",8336,16,,"injuryTime",45,,,,,,,,,,,,,,5,,,,,,"2026-06-25T03:10:19.267Z",
"Row48_18",8336,17,,"goal",42,1,2,"E. Junior","H. A. Haydos",0,,"regular",53923,,,,,,,,,,,,"2026-06-25T03:10:19.267Z",
"Row48_19",8336,18,,"goal",34,0,2,,"S. Al-Brake",1,,"ownGoal",53925,,,,,,,,,,,,"2026-06-25T03:10:19.267Z",
"Row48_20",8336,19,,"goal",29,0,1,"I. Bašić","K. Alajbegović",1,,"regular",3046,,,,,,,,,,,,"2026-06-25T03:10:19.267Z",
"Row47_1",8334,0,,"period",90,0,1,,,,,,,,,,,,,,,,,"FT","2026-06-24T10:10:18.743Z",0
"Row47_2",8334,1,,"card",90,,,,"J. Lerma",1,,,428,4,,,,,,"yellow",,,,,"2026-06-24T10:10:18.743Z",
"Row47_3",8334,2,,"card",90,,,,"C. Pickel",0,,,1295,3,,,,,,"yellow",,,,,"2026-06-24T10:10:18.743Z",
"Row47_4",8334,3,,"injuryTime",90,,,,,,,,,,,,,,6,,,,,,"2026-06-24T10:10:18.743Z",
"Row47_5",8334,4,,"substitution",82,,,,,0,,,,,"N. Mbuku","S. Moutoussamy",15420,11283,,,,,,,"2026-06-24T10:10:18.743Z",
"Row47_6",8334,5,,"substitution",77,,,,,1,,,,,"R. Ríos","J. Arias",3788,530,,,,,,,"2026-06-24T10:10:18.743Z",
"Row47_7",8334,6,,"goal",76,0,1,"J. Quintero","D. Muñoz",1,,"regular",426,,,,,,,,,,,,"2026-06-24T10:10:18.743Z",
"Row47_8",8334,7,,"substitution",72,,,,,0,,,,,"C. Pickel","E. Kayembe",1295,6695,,,,,,,"2026-06-24T10:10:18.743Z",
"Row47_9",8334,8,,"substitution",72,,,,,0,,,,,"Kayembe","A. Masuaku",4161,3903,,,,,,,"2026-06-24T10:10:18.743Z",
"Row47_10",8334,9,,"substitution",58,,,,,1,,,,,"J. Quintero","J. Rodríguez",16387,10128,,,,,,,"2026-06-24T10:10:18.743Z",
"Row47_11",8334,10,,"substitution",58,,,,,1,,,,,"J. Córdoba","L. J. Suárez ",16388,1221,,,,,,,"2026-06-24T10:10:18.743Z",
"Row47_12",8334,11,,"substitution",57,,,,,0,,,,,"S. Banza","C. Bakambu",15423,1588,,,,,,,"2026-06-24T10:10:18.743Z",
"Row47_13",8334,12,,"card",56,,,,"J. Lucumí",1,,,949,,,,,,,"yellow",,,,,"2026-06-24T10:10:18.743Z",
"Row47_14",8334,13,,"substitution",46,,,,,0,,,,,"N. Sadiki","N. Mukau",349,1453,,,,,,,"2026-06-24T10:10:18.743Z",
"Row47_15",8334,14,,"period",45,0,0,,,,,,,,,,,,,,,,,"HT","2026-06-24T10:10:18.743Z",0
"Row47_16",8334,15,,"injuryTime",45,,,,,,,,,,,,,,5,,,,,,"2026-06-24T10:10:18.743Z",
"Row47_17",8334,16,,"varDecision",6,,,,"D. Muñoz",1,,,426,,,,,,,,"goalNotAwarded",1,,,"2026-06-24T10:10:18.743Z",
"Row46_1",8333,0,,"period",90,1,0,,,,,,,,,,,,,,,,,"FT","2026-06-24T07:10:18.655Z",0
"Row46_2",8333,1,,"card",90,,,,"P. Sučić",0,,,1685,2,,,,,,"yellow",,,,,"2026-06-24T07:10:18.655Z",
"Row46_3",8333,2,,"substitution",90,,,,,1,,,,,"É. Davis","C. Blackman",16742,12373,,,,,,,"2026-06-24T07:10:18.655Z",
"Row46_4",8333,3,,"substitution",90,,,,,1,,,,,"T. Rodríguez","Y. Bárcenas",54044,10252,,,,,,,"2026-06-24T07:10:18.655Z",
"Row46_5",8333,4,,"injuryTime",90,,,,,,,,,,,,,,5,,,,,,"2026-06-24T07:10:18.655Z",
"Row46_6",8333,5,,"substitution",83,,,,,1,,,,,"A. Londoño","J. Fajardo",21220,16745,,,,,,,"2026-06-24T07:10:18.655Z",
"Row46_7",8333,6,,"substitution",81,,,,,0,,,,,"M. Pašalić","L. Modrić",1309,1993,,,,,,,"2026-06-24T07:10:18.655Z",
"Row46_8",8333,7,,"substitution",77,,,,,1,,,,,"C. Waterman","J. Ramos",16744,16748,,,,,,,"2026-06-24T07:10:18.655Z",
"Row46_9",8333,8,,"substitution",72,,,,,0,,,,,"P. Sučić","M. Kovačić",1685,4350,,,,,,,"2026-06-24T07:10:18.655Z",
"Row46_10",8333,9,,"substitution",72,,,,,0,,,,,"L. Sučić","M. Pašalić",1762,9568,,,,,,,"2026-06-24T07:10:18.655Z",
"Row46_11",8333,10,,"card",61,,,,"Y. Bárcenas",1,,,10252,,,,,,,"yellow",,,,,"2026-06-24T07:10:18.655Z",
"Row46_12",8333,11,,"goal",54,1,0,"J. Stanišić","A. Budimir",0,,"regular",2669,,,,,,,,,,,,"2026-06-24T07:10:18.655Z",
"Row46_13",8333,12,,"substitution",46,,,,,0,,,,,"A. Kramarić","J. Gvardiol",2387,846,,,,,,,"2026-06-24T07:10:18.655Z",
"Row46_14",8333,13,,"substitution",46,,,,,0,,,,,"A. Budimir","P. Musa",2669,9331,,,,,,,"2026-06-24T07:10:18.655Z",
"Row46_15",8333,14,,"period",45,0,0,,,,,,,,,,,,,,,,,"HT","2026-06-24T07:10:18.655Z",0
"Row46_16",8333,15,,"injuryTime",45,,,,,,,,,,,,,,3,,,,,,"2026-06-24T07:10:18.655Z",
"Row45_1",8332,0,,"period",90,0,0,,,,,,,,,,,,,,,,,"FT","2026-06-24T04:10:18.781Z",0
"Row45_2",8332,1,,"substitution",90,,,,,0,,,,5,"R. Baba","P. K. Adu",3268,3225,,,,,,,"2026-06-24T04:10:18.781Z",
"Row45_3",8332,2,,"injuryTime",90,,,,,,,,,,,,,,6,,,,,,"2026-06-24T04:10:18.781Z",
"Row45_4",8332,3,,"substitution",87,,,,,0,,,,,"K. P. Oppong","M. Senaya",1487,4008,,,,,,,"2026-06-24T04:10:18.781Z",
"Row45_5",8332,4,,"substitution",83,,,,,1,,,,,"M. Rashford","N. Madueke",750,450,,,,,,,"2026-06-24T04:10:18.781Z",
"Row45_6",8332,5,,"substitution",74,,,,,1,,,,,"E. Eze","E. Anderson",454,548,,,,,,,"2026-06-24T04:10:18.781Z",
"Row45_7",8332,6,,"substitution",73,,,,,1,,,,,"M. Rogers","J. Bellingham",511,592,,,,,,,"2026-06-24T04:10:18.781Z",
"Row45_8",8332,7,,"substitution",67,,,,,0,,,,,"P. K. Adu","J. Ayew",3225,6134,,,,,,,"2026-06-24T04:10:18.781Z",
"Row45_9",8332,8,,"substitution",66,,,,,0,,,,,"A. F. Issahaku","I. Williams",6131,4436,,,,,,,"2026-06-24T04:10:18.781Z",
"Row45_10",8332,9,,"substitution",66,,,,,1,,,,,"N. O’Reilly","D. Spence",847,735,,,,,,,"2026-06-24T04:10:18.781Z",
"Row45_11",8332,10,,"substitution",65,,,,,1,,,,,"B. Saka","A. Gordon",455,711,,,,,,,"2026-06-24T04:10:18.781Z",
"Row45_12",8332,11,,"card",60,,,,"I. Williams",0,,,4436,,,,,,,"yellow",,,,,"2026-06-24T04:10:18.781Z",
"Row45_13",8332,12,,"period",45,0,0,,,,,,,,,,,,,,,,,"HT","2026-06-24T04:10:18.781Z",0
"Row45_14",8332,13,,"injuryTime",45,,,,,,,,,,,,,,6,,,,,,"2026-06-24T04:10:18.781Z",
"Row45_15",8332,14,,"card",41,,,,"D. Rice",1,,,449,,,,,,,"yellow",,,,,"2026-06-24T04:10:18.781Z",
"Row44_1",8331,0,,"period",90,0,5,,,,,,,,,,,,,,,,,"FT","2026-06-24T01:13:19.487Z",0
"Row44_2",8331,1,,"substitution",90,,,,,0,,,,2,"S. Esanov","O. Shukurov",59374,55629,,,,,,,"2026-06-24T01:13:19.487Z",
"Row44_3",8331,2,,"substitution",90,,,,,0,,,,2,"R. Jiyanov","B. Karimov",55389,59413,,,,,,,"2026-06-24T01:13:19.487Z",
"Row44_4",8331,3,,"injuryTime",90,,,,,,,,,,,,,,5,,,,,,"2026-06-24T01:13:19.487Z",
"Row44_5",8331,4,,"goal",87,0,5,,"R. Leão",1,"[ {
  ""gk"" : {
    ""x"" : 98.8,
    ""y"" : 49.5
  },
  ""gm"" : {
    ""x"" : 29.03,
    ""y"" : 49.33
  },
  ""pid"" : 1997,
  ""pos"" : {
    ""x"" : 85.9,
    ""y"" : 53.2
  },
  ""body"" : ""right-foot"",
  ""event"" : ""goal"",
  ""player"" : ""R. Leão""
} ]","regular",1997,,,,,,,,,,,,"2026-06-24T01:13:19.487Z",
"Row44_6",8331,5,,"substitution",83,,,,,1,,,,,"R. Leão","Vitinha",1997,2248,,,,,,,"2026-06-24T01:13:19.487Z",
"Row44_7",8331,6,,"substitution",76,,,,,1,,,,,"B. Silva","J. Neves",848,2247,,,,,,,"2026-06-24T01:13:19.487Z",
"Row44_8",8331,7,,"substitution",73,,,,,0,,,,,"I. Sergeev","A. Fayzullaev",55382,6642,,,,,,,"2026-06-24T01:13:19.487Z",
"Row44_9",8331,8,,"card",68,,,,"R. Veiga",1,,,1781,,,,,,,"yellow",,,,,"2026-06-24T01:13:19.487Z",
"Row44_10",8331,9,,"substitution",64,,,,,1,,,,,"F. Trincão","J. Félix",1219,7881,,,,,,,"2026-06-24T01:13:19.487Z",
"Row44_11",8331,10,,"goal",60,0,4,,"A. Nematov",1,"[ {
  ""gk"" : {
    ""x"" : 1,
    ""y"" : 53.6
  },
  ""gm"" : {
    ""x"" : 63.98,
    ""y"" : 87.33
  },
  ""pid"" : 55384,
  ""pos"" : {
    ""x"" : 98.9,
    ""y"" : 47
  },
  ""body"" : ""other"",
  ""event"" : ""goal"",
  ""player"" : ""A. Nematov""
} ]","ownGoal",55384,,,,,,,,,,,,"2026-06-24T01:13:19.487Z",
"Row44_12",8331,11,,"substitution",46,,,,,0,,,,,"A. Mozgovoy","O. Khamrobekov",55375,55374,,,,,,,"2026-06-24T01:13:19.487Z",
"Row44_13",8331,12,,"substitution",46,,,,,0,,,,,"K. Alizhonov","S. Nasrullaev",55372,55373,,,,,,,"2026-06-24T01:13:19.487Z",
"Row44_14",8331,13,,"substitution",46,,,,,1,,,,,"F. Conceição","P. Neto",2183,394,,,,,,,"2026-06-24T01:13:19.487Z",
"Row44_15",8331,14,,"substitution",46,,,,,1,,,,,"N. Semedo","J. Cancelo",3407,8331,,,,,,,"2026-06-24T01:13:19.487Z",
"Row44_16",8331,15,,"period",45,0,3,,,,,,,,,,,,,,,,,"HT","2026-06-24T01:13:19.487Z",0
"Row44_17",8331,16,,"injuryTime",45,,,,,,,,,,,,,,6,,,,,,"2026-06-24T01:13:19.487Z",
"Row44_18",8331,17,,"goal",39,0,3,"B. Fernandes","C. Ronaldo",1,"[ {
  ""end"" : {
    ""x"" : 39.2,
    ""y"" : 68.7
  },
  ""pid"" : 1781,
  ""pos"" : {
    ""x"" : 26.9,
    ""y"" : 68.3
  },
  ""event"" : ""pass"",
  ""player"" : ""R. Veiga""
}, {
  ""end"" : {
    ""x"" : 46.3,
    ""y"" : 51.9
  },
  ""pid"" : 7881,
  ""pos"" : {
    ""x"" : 36.1,
    ""y"" : 68.5
  },
  ""event"" : ""pass"",
  ""player"" : ""J. Félix""
}, {
  ""end"" : {
    ""x"" : 90.2,
    ""y"" : 32.6
  },
  ""pid"" : 1794,
  ""pos"" : {
    ""x"" : 46.3,
    ""y"" : 51.9
  },
  ""event"" : ""ball-movement"",
  ""player"" : ""B. Fernandes""
}, {
  ""end"" : {
    ""x"" : 90.2,
    ""y"" : 32.6
  },
  ""pid"" : 1794,
  ""pos"" : {
    ""x"" : 68,
    ""y"" : 51.2
  },
  ""event"" : ""pass"",
  ""assist"" : true,
  ""player"" : ""B. Fernandes""
}, {
  ""gk"" : {
    ""x"" : 95.9,
    ""y"" : 41.9
  },
  ""gm"" : {
    ""x"" : 29.03,
    ""y"" : 96.83
  },
  ""pid"" : 7880,
  ""pos"" : {
    ""x"" : 90.2,
    ""y"" : 32.6
  },
  ""body"" : ""right-foot"",
  ""event"" : ""goal"",
  ""player"" : ""C. Ronaldo""
} ]","regular",7880,,,,,,,,,,,,"2026-06-24T01:13:19.487Z",
"Row44_19",8331,18,,"varDecision",30,,,,"A. Ganiev",0,,,58271,,,,,,,,"goalAwarded",0,,,"2026-06-24T01:13:19.487Z",
"Row44_20",8331,19,,"goal",17,0,2,,"N. Mendes",1,"[ {
  ""gk"" : {
    ""x"" : 99,
    ""y"" : 48.9
  },
  ""gm"" : {
    ""x"" : 34.41,
    ""y"" : 94.67
  },
  ""pid"" : 3470,
  ""pos"" : {
    ""x"" : 81.8,
    ""y"" : 47.2
  },
  ""body"" : ""left-foot"",
  ""event"" : ""goal"",
  ""player"" : ""N. Mendes""
} ]","regular",3470,,,,,,,,,,,,"2026-06-24T01:13:19.487Z",
"Row44_21",8331,20,,"card",14,,,,"O. Khamrobekov",0,,,55374,,,,,,,"yellow",,,,,"2026-06-24T01:13:19.487Z",
"Row44_22",8331,21,,"goal",6,0,1,"J. Cancelo","C. Ronaldo",1,"[ {
  ""end"" : {
    ""x"" : 28.7,
    ""y"" : 30.3
  },
  ""pid"" : 8331,
  ""pos"" : {
    ""x"" : 37,
    ""y"" : 13.5
  },
  ""event"" : ""pass"",
  ""player"" : ""J. Cancelo""
}, {
  ""end"" : {
    ""x"" : 31,
    ""y"" : 55.1
  },
  ""pid"" : 845,
  ""pos"" : {
    ""x"" : 28.7,
    ""y"" : 30.3
  },
  ""event"" : ""pass"",
  ""player"" : ""R. Dias""
}, {
  ""end"" : {
    ""x"" : 90.2,
    ""y"" : 9.4
  },
  ""pid"" : 2248,
  ""pos"" : {
    ""x"" : 37.3,
    ""y"" : 49.3
  },
  ""event"" : ""pass"",
  ""player"" : ""Vitinha""
}, {
  ""end"" : {
    ""x"" : 74.4,
    ""y"" : 20.7
  },
  ""pid"" : 394,
  ""pos"" : {
    ""x"" : 89.3,
    ""y"" : 11.1
  },
  ""event"" : ""pass"",
  ""player"" : ""P. Neto""
}, {
  ""end"" : {
    ""x"" : 92.3,
    ""y"" : 46.4
  },
  ""pid"" : 8331,
  ""pos"" : {
    ""x"" : 74.4,
    ""y"" : 20.7
  },
  ""event"" : ""ball-movement"",
  ""player"" : ""J. Cancelo""
}, {
  ""end"" : {
    ""x"" : 92.3,
    ""y"" : 46.4
  },
  ""pid"" : 8331,
  ""pos"" : {
    ""x"" : 91.3,
    ""y"" : 17.7
  },
  ""event"" : ""cross"",
  ""assist"" : true,
  ""player"" : ""J. Cancelo""
}, {
  ""gk"" : {
    ""x"" : 98.8,
    ""y"" : 48.4
  },
  ""gm"" : {
    ""x"" : 71.51,
    ""y"" : 88.33
  },
  ""pid"" : 7880,
  ""pos"" : {
    ""x"" : 92.3,
    ""y"" : 46.4
  },
  ""body"" : ""right-foot"",
  ""event"" : ""goal"",
  ""player"" : ""C. Ronaldo""
} ]","regular",7880,,,,,,,,,,,,"2026-06-24T01:13:19.487Z",
"Row43_1",8330,0,,"period",90,2,1,,,,,,,,,,,,,,,,,"Second half","2026-06-23T11:13:19.436Z",0
"Row43_2",8330,1,,"substitution",90,,,,,1,,,,1,"S. Obaid","H. A. M. Abudahab",16718,55288,,,,,,,"2026-06-23T11:13:19.436Z",
"Row43_3",8330,2,,"substitution",90,,,,,1,,,,1,"Shararh","A. Olwan",16715,55283,,,,,,,"2026-06-23T11:13:19.436Z",
"Row43_4",8330,3,,"injuryTime",90,,,,,,,,,,,,,,7,,,,,,"2026-06-23T11:13:19.436Z",
"Row43_5",8330,4,,"substitution",85,,,,,1,,,,,"M. A. Hasheesh","M. A. Taha",16707,16710,,,,,,,"2026-06-23T11:13:19.436Z",
"Row43_6",8330,5,,"substitution",85,,,,,1,,,,,"A. Al-Azaizah","M. Tamari",8821,2809,,,,,,,"2026-06-23T11:13:19.436Z",
"Row43_7",8330,6,,"substitution",85,,,,,0,,,,,"J. Hadjam","R. Aït-Nouri",3202,861,,,,,,,"2026-06-23T11:13:19.436Z",
"Row43_8",8330,7,,"substitution",85,,,,,0,,,,,"Z. Belaid","A. Gouiri",15046,4540,,,,,,,"2026-06-23T11:13:19.436Z",
"Row43_9",8330,8,,"varDecision",84,,,,"A. Gouiri",0,,,4540,,,,,,,,"goalAwarded",1,,,"2026-06-23T11:13:19.436Z",
"Row43_10",8330,9,,"goal",82,2,1,,"A. Gouiri",0,,"regular",4540,,,,,,,,,,,,"2026-06-23T11:13:19.436Z",
"Row43_11",8330,10,,"substitution",77,,,,,1,,,,,"O. A. Fakhouri","M. Al-Mardi",14727,16713,,,,,,,"2026-06-23T11:13:19.436Z",
"Row43_12",8330,11,,"substitution",76,,,,,0,,,,,"A. H. Moussa","R. Mahrez",3368,8116,,,,,,,"2026-06-23T11:13:19.436Z",
"Row43_13",8330,12,,"goal",69,1,1,"R. Mahrez","A. N. Benbouali",0,,"regular",16901,,,,,,,,,,,,"2026-06-23T11:13:19.436Z",
"Row43_14",8330,13,,"card",64,,,,"H. A. M. Abudahab",1,,,55288,,,,,,,"yellow",,,,,"2026-06-23T11:13:19.436Z",
"Row43_15",8330,14,,"substitution",46,,,,,0,,,,,"A. N. Benbouali","H. Boudaoui",16901,1504,,,,,,,"2026-06-23T11:13:19.436Z",
"Row43_16",8330,15,,"substitution",46,,,,,0,,,,,"N. Bentaleb","R. Zerrouki",1460,5260,,,,,,,"2026-06-23T11:13:19.436Z",
"Row43_17",8330,16,,"period",45,0,1,,,,,,,,,,,,,,,,,"HT","2026-06-23T11:13:19.436Z",0
"Row43_18",8330,17,,"injuryTime",45,,,,,,,,,,,,,,5,,,,,,"2026-06-23T11:13:19.436Z",
"Row43_19",8330,18,,"card",44,,,,"R. Zerrouki",0,,,5260,,,,,,,"yellow",,,,,"2026-06-23T11:13:19.436Z",
"Row43_20",8330,19,,"goal",36,0,1,"M. Tamari","N. Al-Rashdan",1,,"regular",16711,,,,,,,,,,,,"2026-06-23T11:13:19.436Z",
"Row42_1",8329,0,,"period",90,2,3,,,,,,,,,,,,,,,,,"FT","2026-06-23T08:13:20.892Z",0
"Row42_2",8329,1,,"goal",90,2,3,"N. Jackson","I. Sarr",0,,"regular",1787,3,,,,,,,,,,,"2026-06-23T08:13:20.892Z",
"Row42_3",8329,2,,"injuryTime",90,,,,,,,,,,,,,,9,,,,,,"2026-06-23T08:13:20.892Z",
"Row42_4",8329,3,,"substitution",84,,,,,1,,,,,"L. Østigård","T. Heggem",2590,957,,,,,,,"2026-06-23T08:13:20.892Z",
"Row42_5",8329,4,,"substitution",84,,,,,1,,,,,"O. Bobb","A. Sørloth",3651,774,,,,,,,"2026-06-23T08:13:20.892Z",
"Row42_6",8329,5,,"substitution",72,,,,,0,,,,,"P. Sarr","K. Koulibaly",724,7992,,,,,,,"2026-06-23T08:13:20.892Z",
"Row42_7",8329,6,,"substitution",71,,,,,1,,,,,"A. Schjelderup","A. Nusa",2064,2897,,,,,,,"2026-06-23T08:13:20.892Z",
"Row42_8",8329,7,,"substitution",63,,,,,0,,,,,"P. I. Ciss","L. Camara",3864,2228,,,,,,,"2026-06-23T08:13:20.892Z",
"Row42_9",8329,8,,"substitution",63,,,,,0,,,,,"M. Diaw","E. Mendy",1426,8110,,,,,,,"2026-06-23T08:13:20.892Z",
"Row42_10",8329,9,,"goal",58,1,3,"P. Berg","E. Haaland",1,,"regular",852,,,,,,,,,,,,"2026-06-23T08:13:20.892Z",
"Row42_11",8329,10,,"substitution",54,,,,,0,,,,,"I. Mbaye","P. Gueye",2255,1771,,,,,,,"2026-06-23T08:13:20.892Z",
"Row42_12",8329,11,,"substitution",54,,,,,0,,,,,"I. Jakobs","E. H. M. Diouf",3728,1638,,,,,,,"2026-06-23T08:13:20.892Z",
"Row42_13",8329,12,,"goal",53,1,2,"S. Mané","I. Sarr",0,,"regular",1787,,,,,,,,,,,,"2026-06-23T08:13:20.892Z",
"Row42_14",8329,13,,"goal",48,0,2,"M. Ødegaard","E. Haaland",1,,"regular",852,,,,,,,,,,,,"2026-06-23T08:13:20.892Z",
"Row42_15",8329,14,,"substitution",46,,,,,1,,,,,"P. Berg","F. Aursnes",3673,2056,,,,,,,"2026-06-23T08:13:20.892Z",
"Row42_16",8329,15,,"period",45,0,1,,,,,,,,,,,,,,,,,"HT","2026-06-23T08:13:20.892Z",0
"Row42_17",8329,16,,"injuryTime",45,,,,,,,,,,,,,,4,,,,,,"2026-06-23T08:13:20.892Z",
"Row42_18",8329,17,,"goal",43,0,1,,"M. Pedersen",1,,"regular",1838,,,,,,,,,,,,"2026-06-23T08:13:20.892Z",
"Row42_19",8329,18,,"substitution",13,,,,,1,,,,,"M. Pedersen","J. Ryerson",1838,2159,,,,,,,"2026-06-23T08:13:20.892Z",
"Row41_1",8328,0,,"period",90,0,3,,,,,,,,,,,,,,,,,"FT","2026-06-23T05:13:19.184Z",0
"Row41_2",8328,1,,"substitution",90,,,,,1,,,,1,"M. Thuram","K. Mbappé",1688,594,,,,,,,"2026-06-23T05:13:19.184Z",
"Row41_3",8328,2,,"injuryTime",90,,,,,,,,,,,,,,2,,,,,,"2026-06-23T05:13:19.184Z",
"Row41_4",8328,3,,"substitution",83,,,,,1,,,,,"M. Gusto","J. Koundé",393,739,,,,,,,"2026-06-23T05:13:19.184Z",
"Row41_5",8328,4,,"substitution",83,,,,,1,,,,,"M. Akliouche","B. Barcola",2229,2261,,,,,,,"2026-06-23T05:13:19.184Z",
"Row41_6",8328,5,,"substitution",69,,,,,0,,,,,"M. Farji","I. Bayesh",29732,8316,,,,,,,"2026-06-23T05:13:19.184Z",
"Row41_7",8328,6,,"substitution",68,,,,,0,,,,,"A. Sher","A. Al-Ammari",50255,13848,,,,,,,"2026-06-23T05:13:19.184Z",
"Row41_8",8328,7,,"substitution",68,,,,,1,,,,,"R. Cherki","M. Olise",856,2467,,,,,,,"2026-06-23T05:13:19.184Z",
"Row41_9",8328,8,,"substitution",68,,,,,1,,,,,"D. Doué","O. Dembélé",4324,2253,,,,,,,"2026-06-23T05:13:19.184Z",
"Row41_10",8328,9,,"goal",66,0,3,"M. Olise","O. Dembélé",1,"[ {
  ""end"" : {
    ""x"" : 66.2,
    ""y"" : 72.7
  },
  ""pid"" : 2261,
  ""pos"" : {
    ""x"" : 66.6,
    ""y"" : 90.9
  },
  ""event"" : ""pass"",
  ""player"" : ""B. Barcola""
}, {
  ""pid"" : 2467,
  ""pos"" : {
    ""x"" : 72,
    ""y"" : 62
  },
  ""event"" : ""tackle"",
  ""player"" : ""M. Olise""
}, {
  ""end"" : {
    ""x"" : 85.8,
    ""y"" : 38.9
  },
  ""pid"" : 2467,
  ""pos"" : {
    ""x"" : 73.6,
    ""y"" : 43.4
  },
  ""event"" : ""pass"",
  ""assist"" : true,
  ""player"" : ""M. Olise""
}, {
  ""gk"" : {
    ""x"" : 98.5,
    ""y"" : 46.4
  },
  ""gm"" : {
    ""x"" : 30.11,
    ""y"" : 93.67
  },
  ""pid"" : 2253,
  ""pos"" : {
    ""x"" : 88.9,
    ""y"" : 38.7
  },
  ""body"" : ""right-foot"",
  ""event"" : ""goal"",
  ""player"" : ""O. Dembélé""
} ]","regular",2253,,,,,,,,,,,,"2026-06-23T05:13:19.184Z",
"Row41_11",8328,10,,"substitution",60,,,,,0,,,,,"Y. Amyn","Z. Ismail",12571,59649,,,,,,,"2026-06-23T05:13:19.184Z",
"Row41_12",8328,11,,"substitution",60,,,,,0,,,,,"R. Sulaka","Z. Tahseen",54349,53947,,,,,,,"2026-06-23T05:13:19.184Z",
"Row41_13",8328,12,,"goal",54,0,2,"O. Dembélé","K. Mbappé",1,"[ {
  ""end"" : {
    ""x"" : 91.8,
    ""y"" : 54.2
  },
  ""pid"" : 2253,
  ""pos"" : {
    ""x"" : 92.1,
    ""y"" : 41.4
  },
  ""event"" : ""pass"",
  ""assist"" : true,
  ""player"" : ""O. Dembélé""
}, {
  ""gk"" : {
    ""x"" : 97.6,
    ""y"" : 45.1
  },
  ""gm"" : {
    ""x"" : 63.44,
    ""y"" : 95.83
  },
  ""pid"" : 594,
  ""pos"" : {
    ""x"" : 91.8,
    ""y"" : 54.2
  },
  ""body"" : ""right-foot"",
  ""event"" : ""goal"",
  ""player"" : ""K. Mbappé""
} ]","regular",594,,,,,,,,,,,,"2026-06-23T05:13:19.184Z",
"Row41_14",8328,13,,"period",45,0,1,,,,,,,,,,,,,,,,,"HT","2026-06-23T05:13:19.184Z",0
"Row41_15",8328,14,,"injuryTime",45,,,,,,,,,,,,,,3,,,,,,"2026-06-23T05:13:19.184Z",
"Row41_16",8328,15,,"varDecision",28,,,,"A. Al-Hamadi",0,,,7175,,,,,,,,"review",0,,,"2026-06-23T05:13:19.184Z",
"Row41_17",8328,16,,"substitution",26,,,,,0,,,,,"A. Al-Hamadi","A. Hussein",7175,54107,,,,,,,"2026-06-23T05:13:19.184Z",
"Row41_18",8328,17,,"goal",14,0,1,"M. Olise","K. Mbappé",1,"[ {
  ""end"" : {
    ""x"" : 79.5,
    ""y"" : 28.8
  },
  ""pid"" : 2467,
  ""pos"" : {
    ""x"" : 88,
    ""y"" : 13.2
  },
  ""event"" : ""pass"",
  ""assist"" : true,
  ""player"" : ""M. Olise""
}, {
  ""gk"" : {
    ""x"" : 97.7,
    ""y"" : 47.1
  },
  ""gm"" : {
    ""x"" : 36.56,
    ""y"" : 67.33
  },
  ""pid"" : 594,
  ""pos"" : {
    ""x"" : 80.3,
    ""y"" : 30.8
  },
  ""body"" : ""left-foot"",
  ""event"" : ""goal"",
  ""player"" : ""K. Mbappé""
} ]","regular",594,,,,,,,,,,,,"2026-06-23T05:13:19.184Z",
"Row41_19",8328,18,,"card",6,,,,"A. Al-Ammari",0,,,13848,,,,,,,"yellow",,,,,"2026-06-23T05:13:19.184Z",
"Row40_1",8327,0,,"period",90,0,2,,,,,,,,,,,,,,,,,"FT","2026-06-23T01:13:20.027Z",0
"Row40_2",8327,1,,"goal",90,0,2,,"L. Messi",1,,"regular",9063,5,,,,,,,,,,,"2026-06-23T01:13:20.027Z",
"Row40_3",8327,2,,"card",90,,,,"L. Paredes",1,,,16872,2,,,,,,"yellow",,,,,"2026-06-23T01:13:20.027Z",
"Row40_4",8327,3,,"injuryTime",90,,,,,,,,,,,,,,5,,,,,,"2026-06-23T01:13:20.027Z",
"Row40_5",8327,4,,"substitution",85,,,,,0,,,,,"C. Chukwuemeka","M. Gregoritsch",2170,8530,,,,,,,"2026-06-23T01:13:20.027Z",
"Row40_6",8327,5,,"substitution",82,,,,,1,,,,,"N. Tagliafico","F. Medina",1107,4603,,,,,,,"2026-06-23T01:13:20.027Z",
"Row40_7",8327,6,,"substitution",82,,,,,1,,,,,"L. Paredes","R. De Paul",16872,9057,,,,,,,"2026-06-23T01:13:20.027Z",
"Row40_8",8327,7,,"substitution",78,,,,,0,,,,,"P. Wimmer","R. Schmid",1375,2504,,,,,,,"2026-06-23T01:13:20.027Z",
"Row40_9",8327,8,,"card",76,,,,"K. Laimer",0,,,2457,,,,,,,"yellow",,,,,"2026-06-23T01:13:20.027Z",
"Row40_10",8327,9,,"card",76,,,,"F. Medina",1,,,4603,,,,,,,"yellow",,,,,"2026-06-23T01:13:20.027Z",
"Row40_11",8327,10,,"substitution",68,,,,,0,,,,,"M. Arnautović","P. Wanner",3065,3522,,,,,,,"2026-06-23T01:13:20.027Z",
"Row40_12",8327,11,,"substitution",68,,,,,0,,,,,"A. Prass","S. Posch",2390,2832,,,,,,,"2026-06-23T01:13:20.027Z",
"Row40_13",8327,12,,"substitution",67,,,,,0,,,,,"M. Friedl","D. Alaba",2500,4020,,,,,,,"2026-06-23T01:13:20.027Z",
"Row40_14",8327,13,,"substitution",64,,,,,1,,,,,"N. González","L. Martínez",768,1687,,,,,,,"2026-06-23T01:13:20.027Z",
"Row40_15",8327,14,,"substitution",64,,,,,1,,,,,"J. Álvarez","T. Almada",770,773,,,,,,,"2026-06-23T01:13:20.027Z",
"Row40_16",8327,15,,"substitution",57,,,,,1,,,,,"N. Otamendi","C. Romero",2054,720,,,,,,,"2026-06-23T01:13:20.027Z",
"Row40_17",8327,16,,"period",45,0,1,,,,,,,,,,,,,,,,,"HT","2026-06-23T01:13:20.027Z",0
"Row40_18",8327,17,,"injuryTime",45,,,,,,,,,,,,,,7,,,,,,"2026-06-23T01:13:20.027Z",
"Row40_19",8327,18,,"card",40,,,,"S. Posch",0,,,2832,,,,,,,"yellow",,,,,"2026-06-23T01:13:20.027Z",
"Row40_20",8327,19,,"goal",38,0,1,"F. Medina","L. Messi",1,,"regular",9063,,,,,,,,,,,,"2026-06-23T01:13:20.027Z",
"Row40_21",8327,20,,"varDecision",7,,,,"L. Martínez",1,,,1687,,,,,,,,"penaltyNotAwarded",0,,,"2026-06-23T01:13:20.027Z",
"Row39_1",8326,0,,"period",90,3,1,,,,,,,,,,,,,,,,,"FT","2026-06-22T09:00:35.325Z",0
"Row39_2",8326,1,,"substitution",90,,,,,0,,,,9,"M. Abdelmonem","H. Abdelmaguid",16690,15373,,,,,,,"2026-06-22T09:00:35.325Z",
"Row39_3",8326,2,,"injuryTime",90,,,,,,,,,,,,,,7,,,,,,"2026-06-22T09:00:35.325Z",
"Row39_4",8326,3,,"substitution",85,,,,,1,,,,,"F. De Vries","E. Just",55976,5955,,,,,,,"2026-06-22T09:00:35.325Z",
"Row39_5",8326,4,,"substitution",85,,,,,1,,,,,"T. Bindon","T. Payne",6069,55974,,,,,,,"2026-06-22T09:00:35.325Z",
"Row39_6",8326,5,,"substitution",85,,,,,0,,,,,"H. Abdelmaguid","M. Salah",15373,333,,,,,,,"2026-06-22T09:00:35.325Z",
"Row39_7",8326,6,,"substitution",85,,,,,0,,,,,"Zizo","E. Ashour",14682,14683,,,,,,,"2026-06-22T09:00:35.325Z",
"Row39_8",8326,7,,"goal",82,3,1,"M. Salah","M. Trézéguet",0,"[ {
  ""end"" : {
    ""x"" : 6.6,
    ""y"" : 40.7
  },
  ""pid"" : 333,
  ""pos"" : {
    ""x"" : 0.5,
    ""y"" : 0.5
  },
  ""event"" : ""cross"",
  ""assist"" : true,
  ""player"" : ""M. Salah""
}, {
  ""gk"" : {
    ""x"" : 1,
    ""y"" : 47.8
  },
  ""gm"" : {
    ""x"" : 33.87,
    ""y"" : 92.67
  },
  ""pid"" : 14684,
  ""pos"" : {
    ""x"" : 6.6,
    ""y"" : 40.7
  },
  ""body"" : ""head"",
  ""event"" : ""goal"",
  ""player"" : ""M. Trézéguet""
} ]","regular",14684,,,,,,,,,,,,"2026-06-22T09:00:35.325Z",
"Row39_9",8326,8,,"substitution",76,,,,,0,,,,,"H. Abdelkarim","M. Ziko",15835,14729,,,,,,,"2026-06-22T09:00:35.325Z",
"Row39_10",8326,9,,"substitution",76,,,,,0,,,,,"M. Trézéguet","O. Marmoush",14684,862,,,,,,,"2026-06-22T09:00:35.325Z",
"Row39_11",8326,10,,"substitution",76,,,,,1,,,,,"R. Thomas","S. Singh",5330,55975,,,,,,,"2026-06-22T09:00:35.325Z",
"Row39_12",8326,11,,"substitution",76,,,,,1,,,,,"J. Randall","L. Cacace",55983,6946,,,,,,,"2026-06-22T09:00:35.325Z",
"Row39_13",8326,12,,"goal",67,2,1,"M. Ziko","M. Salah",0,"[ {
  ""end"" : {
    ""x"" : 14.2,
    ""y"" : 63.5
  },
  ""pid"" : 333,
  ""pos"" : {
    ""x"" : 16.9,
    ""y"" : 69.5
  },
  ""event"" : ""pass"",
  ""player"" : ""M. Salah""
}, {
  ""end"" : {
    ""x"" : 13.6,
    ""y"" : 57.9
  },
  ""pid"" : 14729,
  ""pos"" : {
    ""x"" : 14.1,
    ""y"" : 63.5
  },
  ""event"" : ""pass"",
  ""assist"" : true,
  ""player"" : ""M. Ziko""
}, {
  ""gk"" : {
    ""x"" : 1.5,
    ""y"" : 52.5
  },
  ""gm"" : {
    ""x"" : 32.8,
    ""y"" : 97.83
  },
  ""pid"" : 333,
  ""pos"" : {
    ""x"" : 13.6,
    ""y"" : 57.9
  },
  ""body"" : ""left-foot"",
  ""event"" : ""goal"",
  ""player"" : ""M. Salah""
} ]","regular",333,,,,,,,,,,,,"2026-06-22T09:00:35.325Z",
"Row39_14",8326,13,,"substitution",66,,,,,1,,,,,"B. Old","C. McCowatt",29212,29409,,,,,,,"2026-06-22T09:00:35.325Z",
"Row39_15",8326,14,,"goal",58,1,1,"M. Hany","M. Ziko",0,"[ {
  ""end"" : {
    ""x"" : 30.2,
    ""y"" : 51.6
  },
  ""pid"" : 14683,
  ""pos"" : {
    ""x"" : 28.1,
    ""y"" : 52.1
  },
  ""event"" : ""pass"",
  ""player"" : ""E. Ashour""
}, {
  ""end"" : {
    ""x"" : 12.2,
    ""y"" : 86.4
  },
  ""pid"" : 14681,
  ""pos"" : {
    ""x"" : 32.5,
    ""y"" : 49.7
  },
  ""event"" : ""pass"",
  ""player"" : ""M. Attia""
}, {
  ""end"" : {
    ""x"" : 8.6,
    ""y"" : 46.8
  },
  ""pid"" : 14676,
  ""pos"" : {
    ""x"" : 11.2,
    ""y"" : 85.4
  },
  ""event"" : ""cross"",
  ""assist"" : true,
  ""player"" : ""M. Hany""
}, {
  ""gk"" : {
    ""x"" : 0.6,
    ""y"" : 48.7
  },
  ""gm"" : {
    ""x"" : 43.01,
    ""y"" : 48.33
  },
  ""pid"" : 14729,
  ""pos"" : {
    ""x"" : 8.6,
    ""y"" : 46.8
  },
  ""body"" : ""head"",
  ""event"" : ""goal"",
  ""player"" : ""M. Ziko""
} ]","regular",14729,,,,,,,,,,,,"2026-06-22T09:00:35.325Z",
"Row39_16",8326,15,,"period",45,0,1,,,,,,,,,,,,,,,,,"HT","2026-06-22T09:00:35.325Z",0
"Row39_17",8326,16,,"injuryTime",45,,,,,,,,,,,,,,4,,,,,,"2026-06-22T09:00:35.325Z",
"Row39_18",8326,17,,"substitution",41,,,,,0,,,,,"R. Rabia","H. Fathy",15355,15354,,,,,,,"2026-06-22T09:00:35.325Z",
"Row39_19",8326,18,,"card",34,,,,"C. McCowatt",1,,,29409,,,,,,,"yellow",,,,,"2026-06-22T09:00:35.325Z",
"Row39_20",8326,19,,"varDecision",21,,,,"M. Ziko",0,,,14729,,,,,,,,"review",0,,,"2026-06-22T09:00:35.325Z",
"Row39_21",8326,20,,"card",20,,,,"S. Singh",1,,,55975,,,,,,,"yellow",,,,,"2026-06-22T09:00:35.325Z",
"Row39_22",8326,21,,"card",17,,,,"M. Lasheen",0,,,14721,,,,,,,"yellow",,,,,"2026-06-22T09:00:35.325Z",
"Row39_23",8326,22,,"goal",15,0,1,"T. Payne","F. Surman",1,"[ {
  ""end"" : {
    ""x"" : 92.9,
    ""y"" : 51.6
  },
  ""pid"" : 55974,
  ""pos"" : {
    ""x"" : 99.5,
    ""y"" : 99.5
  },
  ""event"" : ""cross"",
  ""assist"" : true,
  ""player"" : ""T. Payne""
}, {
  ""gk"" : {
    ""x"" : 99.5,
    ""y"" : 50.5
  },
  ""gm"" : {
    ""x"" : 32.8,
    ""y"" : 65.17
  },
  ""pid"" : 9220,
  ""pos"" : {
    ""x"" : 92.9,
    ""y"" : 51.6
  },
  ""body"" : ""head"",
  ""event"" : ""goal"",
  ""player"" : ""F. Surman""
} ]","regular",9220,,,,,,,,,,,,"2026-06-22T09:00:35.325Z",
"Row38_1",8325,0,,"period",90,2,2,,,,,,,,,,,,,,,,,"FT","2026-06-22T06:00:35.249Z",0
"Row38_2",8325,1,,"card",90,,,,"Diney",0,,,22092,3,,,,,,"yellow",,,,,"2026-06-22T06:00:35.249Z",
"Row38_3",8325,2,,"varDecision",90,,,,"A. Canobbio",1,,,2908,,,,,,,,"review",0,,,"2026-06-22T06:00:35.249Z",
"Row38_4",8325,3,,"injuryTime",90,,,,,,,,,,,,,,8,,,,,,"2026-06-22T06:00:35.249Z",
"Row38_5",8325,4,,"substitution",81,,,,,1,,,,,"B. Rodríguez","M. Araújo",10110,1215,,,,,,,"2026-06-22T06:00:35.249Z",
"Row38_6",8325,5,,"substitution",80,,,,,0,,,,,"Y. Semedo","J. Monteiro",22079,5331,,,,,,,"2026-06-22T06:00:35.249Z",
"Row38_7",8325,6,,"substitution",71,,,,,0,,,,,"L. Duarte","K. Lenini",22077,22076,,,,,,,"2026-06-22T06:00:35.249Z",
"Row38_8",8325,7,,"substitution",70,,,,,1,,,,,"N. De la Cruz","M. Ugarte",61,1806,,,,,,,"2026-06-22T06:00:35.249Z",
"Row38_9",8325,8,,"substitution",70,,,,,1,,,,,"D. Núñez","F. Viñas",8000,1973,,,,,,,"2026-06-22T06:00:35.249Z",
"Row38_10",8325,9,,"varDecision",69,,,,"M. Araújo",1,,,1215,,,,,,,,"goalNotAwarded",1,,,"2026-06-22T06:00:35.249Z",
"Row38_11",8325,10,,"goal",61,2,2,,"H. Varela",0,"[ {
  ""gk"" : {
    ""x"" : 27.9,
    ""y"" : 58.7
  },
  ""gm"" : {
    ""x"" : 51.61,
    ""y"" : 96.83
  },
  ""pid"" : 3176,
  ""pos"" : {
    ""x"" : 24.3,
    ""y"" : 68.9
  },
  ""body"" : ""right-foot"",
  ""event"" : ""goal"",
  ""player"" : ""H. Varela""
} ]","regular",3176,,,,,,,,,,,,"2026-06-22T06:00:35.249Z",
"Row38_12",8325,11,,"substitution",58,,,,,0,,,,,"H. Varela","G. Rodrigues",3176,22074,,,,,,,"2026-06-22T06:00:35.249Z",
"Row38_13",8325,12,,"substitution",58,,,,,0,,,,,"N. Da Costa","G. Tavares",6645,22070,,,,,,,"2026-06-22T06:00:35.249Z",
"Row38_14",8325,13,,"card",58,,,,"M. Olivera",1,,,1089,,,,,,,"yellow",,,,,"2026-06-22T06:00:35.249Z",
"Row38_15",8325,14,,"substitution",46,,,,,0,,,,,"D. Duarte","T. Arcanjo",3314,2701,,,,,,,"2026-06-22T06:00:35.249Z",
"Row38_16",8325,15,,"period",45,1,2,,,,,,,,,,,,,,,,,"HT","2026-06-22T06:00:35.249Z",0
"Row38_17",8325,16,,"goal",45,1,2,"M. Araújo","A. Canobbio",1,"[ {
  ""end"" : {
    ""x"" : 93,
    ""y"" : 49.1
  },
  ""pid"" : 1215,
  ""pos"" : {
    ""x"" : 92.6,
    ""y"" : 61.8
  },
  ""event"" : ""pass"",
  ""assist"" : true,
  ""player"" : ""M. Araújo""
}, {
  ""gk"" : {
    ""x"" : 98.8,
    ""y"" : 50.2
  },
  ""gm"" : {
    ""x"" : 59.14,
    ""y"" : 92.67
  },
  ""pid"" : 2908,
  ""pos"" : {
    ""x"" : 93,
    ""y"" : 49.1
  },
  ""body"" : ""right-foot"",
  ""event"" : ""goal"",
  ""player"" : ""A. Canobbio""
} ]","regular",2908,6,,,,,,,,,,,"2026-06-22T06:00:35.249Z",
"Row38_18",8325,17,,"injuryTime",45,,,,,,,,,,,,,,5,,,,,,"2026-06-22T06:00:35.249Z",
"Row38_19",8325,18,,"goal",44,1,1,,"M. Araújo",1,"[ {
  ""gk"" : {
    ""x"" : 100,
    ""y"" : 46.4
  },
  ""gm"" : {
    ""x"" : 48.39,
    ""y"" : 88.33
  },
  ""pid"" : 1215,
  ""pos"" : {
    ""x"" : 97.3,
    ""y"" : 50.1
  },
  ""body"" : ""head"",
  ""event"" : ""goal"",
  ""player"" : ""M. Araújo""
} ]","regular",1215,,,,,,,,,,,,"2026-06-22T06:00:35.249Z",
"Row38_20",8325,19,,"goal",21,1,0,,"K. Lenini",0,"[ {
  ""gk"" : {
    ""x"" : 2.7,
    ""y"" : 49.2
  },
  ""gm"" : {
    ""x"" : 70.43,
    ""y"" : 92.67
  },
  ""pid"" : 22076,
  ""pos"" : {
    ""x"" : 30.3,
    ""y"" : 52.8
  },
  ""body"" : ""right-foot"",
  ""event"" : ""goal"",
  ""player"" : ""K. Lenini""
} ]","regular",22076,,,,,,,,,,,,"2026-06-22T06:00:35.249Z",
"Row38_21",8325,20,,"card",20,,,,"R. Bentancur",1,,,723,,,,,,,"yellow",,,,,"2026-06-22T06:00:35.249Z",
"Row38_22",8325,21,,"card",5,,,,"S. L. Cabral",0,,,1235,,,,,,,"yellow",,,,,"2026-06-22T06:00:35.249Z",
"Row37_1",8324,0,,"period",90,0,0,,,,,,,,,,,,,,,,,"FT","2026-06-22T03:00:35.599Z",0
"Row37_2",8324,1,,"injuryTime",90,,,,,,,,,,,,,,5,,,,,,"2026-06-22T03:00:35.599Z",
"Row37_3",8324,2,,"substitution",87,,,,,1,,,,,"M. Fernandez","K. De Bruyne",1464,4374,,,,,,,"2026-06-22T03:00:35.599Z",
"Row37_4",8324,3,,"substitution",85,,,,,0,,,,,"A. Hosseinzadeh","S. Ezatolahi",55326,53951,,,,,,,"2026-06-22T03:00:35.599Z",
"Row37_5",8324,4,,"substitution",79,,,,,0,,,,,"S. Moghanlou","S. Ghoddos",55325,16833,,,,,,,"2026-06-22T03:00:35.599Z",
"Row37_6",8324,5,,"substitution",73,,,,,1,,,,,"A. Theate","R. Lukaku",1349,8676,,,,,,,"2026-06-22T03:00:35.599Z",
"Row37_7",8324,6,,"card",66,,,,"N. Ngoy",1,,,1447,,,,,,,"red",,,,,"2026-06-22T03:00:35.599Z",
"Row37_8",8324,7,,"substitution",66,,,,,0,,,,,"M. Mohammadi","E. Hajsafi",16832,16836,,,,,,,"2026-06-22T03:00:35.599Z",
"Row37_9",8324,8,,"substitution",66,,,,,0,,,,,"M. Torabi","M. Mohebi",53954,16834,,,,,,,"2026-06-22T03:00:35.599Z",
"Row37_10",8324,9,,"substitution",58,,,,,1,,,,,"D. Lukebakio","A. Saelemaekers",3974,1991,,,,,,,"2026-06-22T03:00:35.599Z",
"Row37_11",8324,10,,"substitution",58,,,,,1,,,,,"H. Vanaken","N. Raskin",3542,3015,,,,,,,"2026-06-22T03:00:35.599Z",
"Row37_12",8324,11,,"substitution",58,,,,,1,,,,,"T. Castagne","T. Meunier",834,1446,,,,,,,"2026-06-22T03:00:35.599Z",
"Row37_13",8324,12,,"substitution",46,,,,,0,,,,,"A. Jahanbakhsh","S. Hardani",7605,16837,,,,,,,"2026-06-22T03:00:35.599Z",
"Row37_14",8324,13,,"period",45,0,0,,,,,,,,,,,,,,,,,"HT","2026-06-22T03:00:35.599Z",0
"Row37_15",8324,14,,"injuryTime",45,,,,,,,,,,,,,,8,,,,,,"2026-06-22T03:00:35.599Z",
"Row37_16",8324,15,,"card",33,,,,"S. Ezatolahi",0,,,53951,,,,,,,"yellow",,,,,"2026-06-22T03:00:35.599Z",
"Row37_17",8324,16,,"varDecision",27,,,,"M. Taremi",0,,,3487,,,,,,,,"goalAwarded",0,,,"2026-06-22T03:00:35.599Z",
"Row37_18",8324,17,,"varDecision",25,,,,"M. Taremi",0,,,3487,,,,,,,,"goalAwarded",0,,,"2026-06-22T03:00:35.599Z",
"Row37_19",8324,18,,"card",3,,,,"R. Lukaku",1,,,8676,,,,,,,"yellow",,,,,"2026-06-22T03:00:35.599Z",
"Row36_1",8323,0,,"period",90,0,4,,,,,,,,,,,,,,,,,"FT","2026-06-22T00:00:36.111Z",0
"Row36_2",8323,1,,"varDecision",90,,,,"F. Torres",1,,,749,,,,,,,,"goalAwarded",0,,,"2026-06-22T00:00:36.111Z",
"Row36_3",8323,2,,"substitution",90,,,,,0,,,,,"K. Al-Ghannam","N. Al-Dawsari",8049,7991,,,,,,,"2026-06-22T00:00:36.111Z",
"Row36_4",8323,3,,"injuryTime",90,,,,,,,,,,,,,,6,,,,,,"2026-06-22T00:00:36.111Z",
"Row36_5",8323,4,,"substitution",70,,,,,1,,,,,"F. Ruiz","Pedri",2249,744,,,,,,,"2026-06-22T00:00:36.111Z",
"Row36_6",8323,5,,"substitution",61,,,,,1,,,,,"N. Williams","A. Baena",571,769,,,,,,,"2026-06-22T00:00:36.111Z",
"Row36_7",8323,6,,"substitution",61,,,,,1,,,,,"M. Merino","D. Olmo",451,746,,,,,,,"2026-06-22T00:00:36.111Z",
"Row36_8",8323,7,,"substitution",60,,,,,0,,,,,"A. Al-Hejji","A. Al-Amri",8308,7886,,,,,,,"2026-06-22T00:00:36.111Z",
"Row36_9",8323,8,,"substitution",60,,,,,0,,,,,"M. A. Al-Shamat","F. Al-Buraikan",8131,8122,,,,,,,"2026-06-22T00:00:36.111Z",
"Row36_10",8323,9,,"card",60,,,,"M. Kanno",0,,,7998,,,,,,,"yellow",,,,,"2026-06-22T00:00:36.111Z",
"Row36_11",8323,10,,"goal",49,0,4,,"H. Altambakti",1,,"ownGoal",8253,,,,,,,,,,,,"2026-06-22T00:00:36.111Z",
"Row36_12",8323,11,,"substitution",46,,,,,0,,,,,"A. Al-Hamdan","M. A. Juwayr",8256,8139,,,,,,,"2026-06-22T00:00:36.111Z",
"Row36_13",8323,12,,"substitution",46,,,,,0,,,,,"M. Kanno","A. Al-Khaibari",7998,7883,,,,,,,"2026-06-22T00:00:36.111Z",
"Row36_14",8323,13,,"substitution",46,,,,,1,,,,,"F. Torres","M. Oyarzabal",749,3890,,,,,,,"2026-06-22T00:00:36.111Z",
"Row36_15",8323,14,,"substitution",46,,,,,1,,,,,"Y. Pino","L. Yamal",431,745,,,,,,,"2026-06-22T00:00:36.111Z",
"Row36_16",8323,15,,"period",45,0,3,,,,,,,,,,,,,,,,,"HT","2026-06-22T00:00:36.111Z",0
"Row36_17",8323,16,,"injuryTime",45,,,,,,,,,,,,,,5,,,,,,"2026-06-22T00:00:36.111Z",
"Row36_18",8323,17,,"card",30,,,,"S. Al-Dawsari",0,,,7999,,,,,,,"yellow",,,,,"2026-06-22T00:00:36.111Z",
"Row36_19",8323,18,,"goal",24,0,3,"D. Olmo","M. Oyarzabal",1,,"regular",3890,,,,,,,,,,,,"2026-06-22T00:00:36.111Z",
"Row36_20",8323,19,,"goal",21,0,2,"A. Laporte","M. Oyarzabal",1,,"regular",3890,,,,,,,,,,,,"2026-06-22T00:00:36.111Z",
"Row36_21",8323,20,,"goal",10,0,1,"M. Oyarzabal","L. Yamal",1,,"regular",745,,,,,,,,,,,,"2026-06-22T00:00:36.111Z",
"Row35_1",8319,0,,"period",90,4,0,,,,,,,,,,,,,,,,,"FT","2026-06-21T12:00:34.799Z",0
"Row35_2",8319,1,,"substitution",90,,,,,1,,,,1,"E. Achouri","A. Abdi",4243,1498,,,,,,,"2026-06-21T12:00:34.799Z",
"Row35_3",8319,2,,"substitution",90,,,,,1,,,,1,"R. Khedira","E. Skhiri",2421,1352,,,,,,,"2026-06-21T12:00:34.799Z",
"Row35_4",8319,3,,"injuryTime",90,,,,,,,,,,,,,,6,,,,,,"2026-06-21T12:00:34.799Z",
"Row35_5",8319,4,,"substitution",84,,,,,0,,,,,"K. Goto","A. Ueda",7392,3369,,,,,,,"2026-06-21T12:00:34.799Z",
"Row35_6",8319,5,,"goal",83,4,0,"K. Sano","A. Ueda",0,"[ {
  ""end"" : {
    ""x"" : 28.5,
    ""y"" : 92
  },
  ""pid"" : 1196,
  ""pos"" : {
    ""x"" : 33.2,
    ""y"" : 69.4
  },
  ""event"" : ""pass"",
  ""player"" : ""K. Sano""
}, {
  ""end"" : {
    ""x"" : 2.2,
    ""y"" : 75.6
  },
  ""pid"" : 4564,
  ""pos"" : {
    ""x"" : 27.9,
    ""y"" : 92
  },
  ""event"" : ""pass"",
  ""player"" : ""J. Ito""
}, {
  ""end"" : {
    ""x"" : 5.8,
    ""y"" : 47
  },
  ""pid"" : 1196,
  ""pos"" : {
    ""x"" : 2.2,
    ""y"" : 75.6
  },
  ""event"" : ""cross"",
  ""assist"" : true,
  ""player"" : ""K. Sano""
}, {
  ""gk"" : {
    ""x"" : 0.7,
    ""y"" : 48.9
  },
  ""gm"" : {
    ""x"" : 72.58,
    ""y"" : 69.33
  },
  ""pid"" : 3369,
  ""pos"" : {
    ""x"" : 5.8,
    ""y"" : 47
  },
  ""body"" : ""head"",
  ""event"" : ""goal"",
  ""player"" : ""A. Ueda""
} ]","regular",3369,,,,,,,,,,,,"2026-06-21T12:00:34.799Z",
"Row35_7",8319,6,,"substitution",79,,,,,0,,,,,"A. Seko","T. Tomiyasu",1431,8740,,,,,,,"2026-06-21T12:00:34.799Z",
"Row35_8",8319,7,,"substitution",79,,,,,0,,,,,"Y. Suzuki","K. Nakamura",1180,16971,,,,,,,"2026-06-21T12:00:34.799Z",
"Row35_9",8319,8,,"substitution",74,,,,,0,,,,,"Y. Sugawara","R. Doan",2497,1353,,,,,,,"2026-06-21T12:00:34.799Z",
"Row35_10",8319,9,,"substitution",73,,,,,0,,,,,"J. Suzuki","D. Kamada",3558,430,,,,,,,"2026-06-21T12:00:34.799Z",
"Row35_11",8319,10,,"goal",69,3,0,"A. Ueda","J. Ito",0,"[ {
  ""end"" : {
    ""x"" : 73.7,
    ""y"" : 82.7
  },
  ""pid"" : 367,
  ""pos"" : {
    ""x"" : 78,
    ""y"" : 57
  },
  ""event"" : ""pass"",
  ""player"" : ""A. Tanaka""
}, {
  ""end"" : {
    ""x"" : 73.7,
    ""y"" : 30.3
  },
  ""pid"" : 8740,
  ""pos"" : {
    ""x"" : 73.6,
    ""y"" : 69.7
  },
  ""event"" : ""pass"",
  ""player"" : ""T. Tomiyasu""
}, {
  ""end"" : {
    ""x"" : 64.1,
    ""y"" : 54.9
  },
  ""pid"" : 3770,
  ""pos"" : {
    ""x"" : 73.7,
    ""y"" : 30.3
  },
  ""event"" : ""ball-movement"",
  ""player"" : ""K. Itakura""
}, {
  ""end"" : {
    ""x"" : 64.1,
    ""y"" : 54.9
  },
  ""pid"" : 3770,
  ""pos"" : {
    ""x"" : 62.2,
    ""y"" : 17.7
  },
  ""event"" : ""pass"",
  ""player"" : ""K. Itakura""
}, {
  ""end"" : {
    ""x"" : 39.3,
    ""y"" : 42.2
  },
  ""pid"" : 367,
  ""pos"" : {
    ""x"" : 60.1,
    ""y"" : 58.2
  },
  ""event"" : ""pass"",
  ""player"" : ""A. Tanaka""
}, {
  ""end"" : {
    ""x"" : 10.8,
    ""y"" : 55.5
  },
  ""pid"" : 3369,
  ""pos"" : {
    ""x"" : 39.3,
    ""y"" : 42.2
  },
  ""event"" : ""pass"",
  ""assist"" : true,
  ""player"" : ""A. Ueda""
}, {
  ""gk"" : {
    ""x"" : 7.7,
    ""y"" : 54.2
  },
  ""gm"" : {
    ""x"" : 61.83,
    ""y"" : 94.67
  },
  ""pid"" : 4564,
  ""pos"" : {
    ""x"" : 10.8,
    ""y"" : 55.5
  },
  ""body"" : ""right-foot"",
  ""event"" : ""goal"",
  ""player"" : ""J. Ito""
} ]","regular",4564,,,,,,,,,,,,"2026-06-21T12:00:34.799Z",
"Row35_12",8319,11,,"substitution",64,,,,,1,,,,,"F. Chaouat","S. Tounekti",15493,3396,,,,,,,"2026-06-21T12:00:34.799Z",
"Row35_13",8319,12,,"substitution",46,,,,,1,,,,,"M. Ben Hmida","D. Bronn",14699,7603,,,,,,,"2026-06-21T12:00:34.799Z",
"Row35_14",8319,13,,"substitution",46,,,,,1,,,,,"I. Gharbi","E. Saad",3913,2415,,,,,,,"2026-06-21T12:00:34.799Z",
"Row35_15",8319,14,,"period",45,2,0,,,,,,,,,,,,,,,,,"HT","2026-06-21T12:00:34.799Z",0
"Row35_16",8319,15,,"injuryTime",45,,,,,,,,,,,,,,4,,,,,,"2026-06-21T12:00:34.799Z",
"Row35_17",8319,16,,"goal",31,2,0,"K. Itakura","A. Ueda",0,"[ {
  ""end"" : {
    ""x"" : 31.8,
    ""y"" : 67.3
  },
  ""pid"" : 3770,
  ""pos"" : {
    ""x"" : 54.5,
    ""y"" : 73.8
  },
  ""event"" : ""pass"",
  ""assist"" : true,
  ""player"" : ""K. Itakura""
}, {
  ""pid"" : 3369,
  ""pos"" : {
    ""x"" : 31.8,
    ""y"" : 67.3
  },
  ""body"" : ""right-foot"",
  ""event"" : ""ball-movement"",
  ""player"" : ""A. Ueda""
}, {
  ""gk"" : {
    ""x"" : 1.2,
    ""y"" : 51.8
  },
  ""gm"" : {
    ""x"" : 31.18,
    ""y"" : 93.67
  },
  ""pid"" : 3369,
  ""pos"" : {
    ""x"" : 16.9,
    ""y"" : 73
  },
  ""body"" : ""right-foot"",
  ""event"" : ""goal"",
  ""player"" : ""A. Ueda""
} ]","regular",3369,,,,,,,,,,,,"2026-06-21T12:00:34.799Z",
"Row35_18",8319,17,,"goal",4,1,0,"K. Nakamura","D. Kamada",0,"[ {
  ""end"" : {
    ""x"" : 56.1,
    ""y"" : 84.2
  },
  ""pid"" : 8740,
  ""pos"" : {
    ""x"" : 76.3,
    ""y"" : 89.1
  },
  ""event"" : ""pass"",
  ""player"" : ""T. Tomiyasu""
}, {
  ""end"" : {
    ""x"" : 40.9,
    ""y"" : 95
  },
  ""pid"" : 430,
  ""pos"" : {
    ""x"" : 56.1,
    ""y"" : 84.2
  },
  ""event"" : ""pass"",
  ""player"" : ""D. Kamada""
}, {
  ""end"" : {
    ""x"" : 22,
    ""y"" : 62.4
  },
  ""pid"" : 3369,
  ""pos"" : {
    ""x"" : 38.2,
    ""y"" : 95.1
  },
  ""event"" : ""pass"",
  ""player"" : ""A. Ueda""
}, {
  ""end"" : {
    ""x"" : 12.7,
    ""y"" : 28.2
  },
  ""pid"" : 367,
  ""pos"" : {
    ""x"" : 18.9,
    ""y"" : 51.8
  },
  ""event"" : ""pass"",
  ""player"" : ""A. Tanaka""
}, {
  ""end"" : {
    ""x"" : 1.8,
    ""y"" : 47.8
  },
  ""pid"" : 16971,
  ""pos"" : {
    ""x"" : 0.6,
    ""y"" : 33.6
  },
  ""event"" : ""pass"",
  ""assist"" : true,
  ""player"" : ""K. Nakamura""
}, {
  ""gk"" : {
    ""x"" : 0.7,
    ""y"" : 46.8
  },
  ""gm"" : {
    ""x"" : 46.77,
    ""y"" : 97.83
  },
  ""pid"" : 430,
  ""pos"" : {
    ""x"" : 1.8,
    ""y"" : 47.8
  },
  ""body"" : ""left-foot"",
  ""event"" : ""goal"",
  ""player"" : ""D. Kamada""
} ]","regular",430,,,,,,,,,,,,"2026-06-21T12:00:34.799Z",
"Row34_1",8322,0,,"period",90,0,0,,,,,,,,,,,,,,,,,"FT","2026-06-21T08:00:34.971Z",0
"Row34_2",8322,1,,"card",90,,,,"G. Kastaneer",0,,,22229,1,,,,,,"yellow",,,,,"2026-06-21T08:00:34.971Z",
"Row34_3",8322,2,,"injuryTime",90,,,,,,,,,,,,,,5,,,,,,"2026-06-21T08:00:34.971Z",
"Row34_4",8322,3,,"substitution",89,,,,,1,,,,,"J. Caicedo","J. Yeboah",16891,16888,,,,,,,"2026-06-21T08:00:34.971Z",
"Row34_5",8322,4,,"substitution",84,,,,,0,,,,,"G. Roemeratoe","L. Comenencia",22234,7715,,,,,,,"2026-06-21T08:00:34.971Z",
"Row34_6",8322,5,,"substitution",83,,,,,0,,,,,"G. Kastaneer","J. Locadia",22229,22227,,,,,,,"2026-06-21T08:00:34.971Z",
"Row34_7",8322,6,,"substitution",83,,,,,1,,,,,"Á. Preciado","A. Franco",12202,7,,,,,,,"2026-06-21T08:00:34.971Z",
"Row34_8",8322,7,,"varDecision",81,,,,"G. Plata",1,,,59,,,,,,,,"review",0,,,"2026-06-21T08:00:34.971Z",
"Row34_9",8322,8,,"substitution",76,,,,,0,,,,,"J. Margaritha","T. Chong",22233,6073,,,,,,,"2026-06-21T08:00:34.971Z",
"Row34_10",8322,9,,"substitution",76,,,,,0,,,,,"R. v. Eijma","D. Fonville",22240,5451,,,,,,,"2026-06-21T08:00:34.971Z",
"Row34_11",8322,10,,"substitution",75,,,,,0,,,,,"K. Gorré","J. Bacuna",22232,6672,,,,,,,"2026-06-21T08:00:34.971Z",
"Row34_12",8322,11,,"card",75,,,,"J. Gaari",0,,,22239,,,,,,,"yellow",,,,,"2026-06-21T08:00:34.971Z",
"Row34_13",8322,12,,"substitution",70,,,,,1,,,,,"N. Angulo","P. Estupiñán",7347,2003,,,,,,,"2026-06-21T08:00:34.971Z",
"Row34_14",8322,13,,"card",56,,,,"L. Comenencia",0,,,7715,,,,,,,"yellow",,,,,"2026-06-21T08:00:34.971Z",
"Row34_15",8322,14,,"varDecision",55,,,,"G. Plata",1,,,59,,,,,,,,"review",0,,,"2026-06-21T08:00:34.971Z",
"Row34_16",8322,15,,"card",53,,,,"J. Bacuna",0,,,6672,,,,,,,"yellow",,,,,"2026-06-21T08:00:34.971Z",
"Row34_17",8322,16,,"substitution",46,,,,,1,,,,,"K. Rodríguez","J. Alcivar",3755,16889,,,,,,,"2026-06-21T08:00:34.971Z",
"Row34_18",8322,17,,"period",45,0,0,,,,,,,,,,,,,,,,,"HT","2026-06-21T08:00:34.971Z",0
"Row34_19",8322,18,,"injuryTime",45,,,,,,,,,,,,,,4,,,,,,"2026-06-21T08:00:34.971Z",
"Row34_20",8322,19,,"card",39,,,,"L. Bacuna",0,,,22231,,,,,,,"yellow",,,,,"2026-06-21T08:00:34.971Z",
"Row34_21",8322,20,,"card",38,,,,"J. Alcivar",1,,,16889,,,,,,,"yellow",,,,,"2026-06-21T08:00:34.971Z",
"Row33_1",8321,0,,"period",90,1,2,,,,,,,,,,,,,,,,,"FT","2026-06-21T04:00:34.575Z",0
"Row33_2",8321,1,,"goal",90,1,2,"F. Nmecha","D. Undav",1,,"regular",1620,4,,,,,,,,,,,"2026-06-21T04:00:34.575Z",
"Row33_3",8321,2,,"injuryTime",90,,,,,,,,,,,,,,6,,,,,,"2026-06-21T04:00:34.575Z",
"Row33_4",8321,3,,"substitution",85,,,,,1,,,,,"L. Goretzka","K. Havertz",2470,4941,,,,,,,"2026-06-21T04:00:34.575Z",
"Row33_5",8321,4,,"substitution",85,,,,,0,,,,,"N. Pépé","Y. Diomande",1786,2895,,,,,,,"2026-06-21T04:00:34.575Z",
"Row33_6",8321,5,,"substitution",82,,,,,0,,,,,"G. Doué","W. Singo",1702,4214,,,,,,,"2026-06-21T04:00:34.575Z",
"Row33_7",8321,6,,"substitution",75,,,,,0,,,,,"S. Adingra","A. Diallo",358,1792,,,,,,,"2026-06-21T04:00:34.575Z",
"Row33_8",8321,7,,"substitution",75,,,,,0,,,,,"S. Fofana","I. Sangaré",4130,547,,,,,,,"2026-06-21T04:00:34.575Z",
"Row33_9",8321,8,,"substitution",75,,,,,0,,,,,"E. Guessand","A. Bonny",509,3468,,,,,,,"2026-06-21T04:00:34.575Z",
"Row33_10",8321,9,,"goal",68,1,1,"N. Amiri","D. Undav",1,,"regular",1620,,,,,,,,,,,,"2026-06-21T04:00:34.575Z",
"Row33_11",8321,10,,"substitution",60,,,,,1,,,,,"N. Amiri","A. Pavlović",3934,2462,,,,,,,"2026-06-21T04:00:34.575Z",
"Row33_12",8321,11,,"substitution",60,,,,,1,,,,,"D. Undav","J. Musiala",1620,8564,,,,,,,"2026-06-21T04:00:34.575Z",
"Row33_13",8321,12,,"substitution",60,,,,,1,,,,,"J. Leweling","L. Sané",1621,3732,,,,,,,"2026-06-21T04:00:34.575Z",
"Row33_14",8321,13,,"substitution",46,,,,,1,,,,,"A. Rüdiger","N. Schlotterbeck",588,2158,,,,,,,"2026-06-21T04:00:34.575Z",
"Row33_15",8321,14,,"period",45,1,0,,,,,,,,,,,,,,,,,"HT","2026-06-21T04:00:34.575Z",0
"Row33_16",8321,15,,"injuryTime",45,,,,,,,,,,,,,,7,,,,,,"2026-06-21T04:00:34.575Z",
"Row33_17",8321,16,,"goal",30,1,0,,"F. Kessié",0,,"regular",8117,,,,,,,,,,,,"2026-06-21T04:00:34.575Z",
"Row32_1",8320,0,,"period",90,1,5,,,,,,,,,,,,,,,,,"FT","2026-06-21T01:00:34.507Z",0
"Row32_2",8320,1,,"substitution",90,,,,,0,,,,3,"E. Stroud","G. Gudmundsson",16077,370,,,,,,,"2026-06-21T01:00:34.507Z",
"Row32_3",8320,2,,"substitution",90,,,,,1,,,,,"N. Lang","C. Gakpo",1092,331,,,,,,,"2026-06-21T01:00:34.507Z",
"Row32_4",8320,3,,"injuryTime",90,,,,,,,,,,,,,,5,,,,,,"2026-06-21T01:00:34.507Z",
"Row32_5",8320,4,,"goal",89,1,5,"M. Depay","C. Summerville",1,,"regular",4092,,,,,,,,,,,,"2026-06-21T01:00:34.507Z",
"Row32_6",8320,5,,"card",80,,,,"L. Bergvall",0,,,726,,,,,,,"yellow",,,,,"2026-06-21T01:00:34.507Z",
"Row32_7",8320,6,,"substitution",79,,,,,0,,,,,"T. Ali","Y. Ayari",4400,1632,,,,,,,"2026-06-21T01:00:34.507Z",
"Row32_8",8320,7,,"card",75,,,,"Y. Ayari",0,,,1632,,,,,,,"yellow",,,,,"2026-06-21T01:00:34.507Z",
"Row32_9",8320,8,,"substitution",72,,,,,1,,,,,"M. Depay","B. Brobbey",3940,352,,,,,,,"2026-06-21T01:00:34.507Z",
"Row32_10",8320,9,,"substitution",59,,,,,1,,,,,"G. Til","T. Reijnders",3512,850,,,,,,,"2026-06-21T01:00:34.507Z",
"Row32_11",8320,10,,"substitution",59,,,,,1,,,,,"T. Koopmeiners","F. de Jong",2178,3662,,,,,,,"2026-06-21T01:00:34.507Z",
"Row32_12",8320,11,,"goal",59,1,4,"A. Isak","A. Elanga",0,,"regular",710,,,,,,,,,,,,"2026-06-21T01:00:34.507Z",
"Row32_13",8320,12,,"substitution",56,,,,,0,,,,,"A. Elanga","A. Bernhardsson",710,28070,,,,,,,"2026-06-21T01:00:34.507Z",
"Row32_14",8320,13,,"substitution",56,,,,,0,,,,,"L. Bergvall","B. Nygren",726,3394,,,,,,,"2026-06-21T01:00:34.507Z",
"Row32_15",8320,14,,"substitution",56,,,,,0,,,,,"B. Zeneli","J. Karlström",8600,2568,,,,,,,"2026-06-21T01:00:34.507Z",
"Row32_16",8320,15,,"goal",54,0,4,"C. Summerville","C. Gakpo",1,,"regular",331,,,,,,,,,,,,"2026-06-21T01:00:34.507Z",
"Row32_17",8320,16,,"card",53,,,,"G. Gudmundsson",0,,,370,,,,,,,"yellow",,,,,"2026-06-21T01:00:34.507Z",
"Row32_18",8320,17,,"goal",47,0,3,"D. Dumfries","C. Gakpo",1,,"regular",331,,,,,,,,,,,,"2026-06-21T01:00:34.507Z",
"Row32_19",8320,18,,"substitution",46,,,,,1,,,,,"C. Summerville","D. Malen",4092,515,,,,,,,"2026-06-21T01:00:34.507Z",
"Row32_20",8320,19,,"period",45,0,2,,,,,,,,,,,,,,,,,"HT","2026-06-21T01:00:34.507Z",0
"Row32_21",8320,20,,"injuryTime",45,,,,,,,,,,,,,,4,,,,,,"2026-06-21T01:00:34.507Z",
"Row32_22",8320,21,,"goal",17,0,2,"D. Dumfries","B. Brobbey",1,,"regular",352,,,,,,,,,,,,"2026-06-21T01:00:34.507Z",
"Row32_23",8320,22,,"goal",5,0,1,"C. Gakpo","B. Brobbey",1,,"regular",352,,,,,,,,,,,,"2026-06-21T01:00:34.507Z",
"Row31_1",8315,0,,"period",90,1,0,,,,,,,,,,,,,,,,,"FT","2026-06-20T11:00:34.095Z",0
"Row31_2",8315,1,,"substitution",90,,,,,0,,,,1,"G. Ávalos","J. Enciso",16919,1710,,,,,,,"2026-06-20T11:00:34.095Z",
"Row31_3",8315,2,,"substitution",90,,,,,0,,,,1,"J. Canale","M. Galarza",16912,13574,,,,,,,"2026-06-20T11:00:34.095Z",
"Row31_4",8315,3,,"injuryTime",90,,,,,,,,,,,,,,7,,,,,,"2026-06-20T11:00:34.095Z",
"Row31_5",8315,4,,"substitution",86,,,,,1,,,,,"O. Kökçü","A. Bardakcı",5835,3727,,,,,,,"2026-06-20T11:00:34.095Z",
"Row31_6",8315,5,,"substitution",81,,,,,0,,,,,"A. Maidana","J. Cáceres",16913,16918,,,,,,,"2026-06-20T11:00:34.095Z",
"Row31_7",8315,6,,"card",71,,,,"E. Elmalı",1,,,4217,,,,,,,"yellow",,,,,"2026-06-20T11:00:34.095Z",
"Row31_8",8315,7,,"substitution",71,,,,,1,,,,,"E. Elmalı","F. Kadıoğlu",4217,486,,,,,,,"2026-06-20T11:00:34.095Z",
"Row31_9",8315,8,,"substitution",67,,,,,0,,,,,"G. Velázquez","D. Gómez",16915,488,,,,,,,"2026-06-20T11:00:34.095Z",
"Row31_10",8315,9,,"substitution",60,,,,,1,,,,,"D. Gül","Y. Akgün",3449,4435,,,,,,,"2026-06-20T11:00:34.095Z",
"Row31_11",8315,10,,"substitution",60,,,,,1,,,,,"C. Uzun","İ. Yüksek",4308,4172,,,,,,,"2026-06-20T11:00:34.095Z",
"Row31_12",8315,11,,"substitution",46,,,,,0,,,,,"D. Bobadilla","I. Pitta",143,286,,,,,,,"2026-06-20T11:00:34.095Z",
"Row31_13",8315,12,,"substitution",46,,,,,1,,,,,"B. A. Yılmaz","K. Aktürkoğlu",3734,3415,,,,,,,"2026-06-20T11:00:34.095Z",
"Row31_14",8315,13,,"period",45,1,0,,,,,,,,,,,,,,,,,"HT","2026-06-20T11:00:34.095Z",0
"Row31_15",8315,14,,"card",45,,,,"M. Almirón",0,,,9678,3,,,,,,"red",,,,,"2026-06-20T11:00:34.095Z",
"Row31_16",8315,15,,"varDecision",45,,,,"M. Almirón",0,,,9678,,,,,,,,"redCardGiven",1,,,"2026-06-20T11:00:34.095Z",
"Row31_17",8315,16,,"injuryTime",45,,,,,,,,,,,,,,6,,,,,,"2026-06-20T11:00:34.095Z",
"Row31_18",8315,17,,"card",4,,,,"M. Galarza",0,,,13574,,,,,,,"yellow",,,,,"2026-06-20T11:00:34.095Z",
"Row31_19",8315,18,,"goal",2,1,0,"J. Enciso","M. Galarza",0,,"regular",13574,,,,,,,,,,,,"2026-06-20T11:00:34.095Z",
"Row31_20",8315,19,,"card",-5,,,,"Unknown",1,,,,,,,,,,"yellow",,,,,"2026-06-20T11:00:34.095Z",
"Row31_21",8315,20,,"card",-5,,,,"Unknown",0,,,,,,,,,,"yellow",,,,,"2026-06-20T11:00:34.095Z",
"Row30_1",8318,0,,"period",90,0,3,,,,,,,,,,,,,,,,,"FT","2026-06-20T08:30:33.935Z",0
"Row30_2",8318,1,,"injuryTime",90,,,,,,,,,,,,,,5,,,,,,"2026-06-20T08:30:33.935Z",
"Row30_3",8318,2,,"substitution",81,,,,,0,,,,,"D. Etienne","J. Bellegarde",9553,532,,,,,,,"2026-06-20T08:30:33.935Z",
"Row30_4",8318,3,,"substitution",81,,,,,1,,,,,"Éderson","B. Guimarães",1302,709,,,,,,,"2026-06-20T08:30:33.935Z",
"Row30_5",8318,4,,"substitution",81,,,,,1,,,,,"D. Santos","Vinícius Jr.",3877,595,,,,,,,"2026-06-20T08:30:33.935Z",
"Row30_6",8318,5,,"card",72,,,,"D. Jean Jacques",0,,,9069,,,,,,,"yellow",,,,,"2026-06-20T08:30:33.935Z",
"Row30_7",8318,6,,"substitution",71,,,,,0,,,,,"L. Joseph","R. Providence",3439,17101,,,,,,,"2026-06-20T08:30:33.935Z",
"Row30_8",8318,7,,"card",66,,,,"D. Santos",1,,,16392,,,,,,,"yellow",,,,,"2026-06-20T08:30:33.935Z",
"Row30_9",8318,8,,"substitution",64,,,,,1,,,,,"Endrick","M. Cunha",606,4119,,,,,,,"2026-06-20T08:30:33.935Z",
"Row30_10",8318,9,,"substitution",64,,,,,1,,,,,"G. Martinelli","L. Paquetá",452,1642,,,,,,,"2026-06-20T08:30:33.935Z",
"Row30_11",8318,10,,"substitution",63,,,,,0,,,,,"L. D. Deedson","J. Casimir",9717,2103,,,,,,,"2026-06-20T08:30:33.935Z",
"Row30_12",8318,11,,"substitution",46,,,,,0,,,,,"W. Isidor","F. Pierrot",353,9020,,,,,,,"2026-06-20T08:30:33.935Z",
"Row30_13",8318,12,,"substitution",46,,,,,0,,,,,"D. Simon","C. Arcus",59655,1387,,,,,,,"2026-06-20T08:30:33.935Z",
"Row30_14",8318,13,,"period",45,0,3,,,,,,,,,,,,,,,,,"HT","2026-06-20T08:30:33.935Z",0
"Row30_15",8318,14,,"card",45,,,,"F. Pierrot",0,,,9020,4,,,,,,"yellow",,,,,"2026-06-20T08:30:33.935Z",
"Row30_16",8318,15,,"goal",45,0,3,"L. Paquetá","Vinícius Jr.",1,,"regular",595,3,,,,,,,,,,,"2026-06-20T08:30:33.935Z",
"Row30_17",8318,16,,"injuryTime",45,,,,,,,,,,,,,,6,,,,,,"2026-06-20T08:30:33.935Z",
"Row30_18",8318,17,,"substitution",40,,,,,1,,,,,"Rayan","Raphinha",663,747,,,,,,,"2026-06-20T08:30:33.935Z",
"Row30_19",8318,18,,"goal",36,0,2,"Vinícius Jr.","M. Cunha",1,,"regular",4119,,,,,,,,,,,,"2026-06-20T08:30:33.935Z",
"Row30_20",8318,19,,"goal",24,0,1,,"M. Cunha",1,,"regular",4119,,,,,,,,,,,,"2026-06-20T08:30:33.935Z",
"Row30_21",8318,20,,"card",4,,,,"C. Arcus",0,,,1387,,,,,,,"yellow",,,,,"2026-06-20T08:30:33.935Z",
"Row29_1",8317,0,,"period",90,1,0,,,,,,,,,,,,,,,,,"FT","2026-06-20T06:00:33.951Z",0
"Row29_2",8317,1,,"substitution",90,,,,,0,,,,,"S. E. Mourabet","A. Ounahi",1706,1044,,,,,,,"2026-06-20T06:00:33.951Z",
"Row29_3",8317,2,,"injuryTime",90,,,,,,,,,,,,,,6,,,,,,"2026-06-20T06:00:33.951Z",
"Row29_4",8317,3,,"substitution",89,,,,,1,,,,,"R. Stewart","J. McGinn",7003,510,,,,,,,"2026-06-20T06:00:33.951Z",
"Row29_5",8317,4,,"substitution",89,,,,,1,,,,,"T. Ralston","N. Patterson",3398,818,,,,,,,"2026-06-20T06:00:33.951Z",
"Row29_6",8317,5,,"substitution",84,,,,,0,,,,,"A. Amaimouni Echghouyab","B. Díaz",8503,598,,,,,,,"2026-06-20T06:00:33.951Z",
"Row29_7",8317,6,,"substitution",84,,,,,0,,,,,"C. Talbi","B. E. Khannouss",350,1619,,,,,,,"2026-06-20T06:00:33.951Z",
"Row29_8",8317,7,,"substitution",84,,,,,0,,,,,"S. Rahimi","I. Saibari",15371,3511,,,,,,,"2026-06-20T06:00:33.951Z",
"Row29_9",8317,8,,"substitution",71,,,,,1,,,,,"K. McLean","R. Christie",6386,3900,,,,,,,"2026-06-20T06:00:33.951Z",
"Row29_10",8317,9,,"substitution",71,,,,,1,,,,,"L. Dykes","C. Adams",6100,1843,,,,,,,"2026-06-20T06:00:33.951Z",
"Row29_11",8317,10,,"card",65,,,,"A. Robertson",1,,,326,,,,,,,"yellow",,,,,"2026-06-20T06:00:33.951Z",
"Row29_12",8317,11,,"substitution",60,,,,,1,,,,,"B. Doak","K. Tierney",4027,3387,,,,,,,"2026-06-20T06:00:33.951Z",
"Row29_13",8317,12,,"period",45,1,0,,,,,,,,,,,,,,,,,"HT","2026-06-20T06:00:33.951Z",0
"Row29_14",8317,13,,"injuryTime",45,,,,,,,,,,,,,,5,,,,,,"2026-06-20T06:00:33.951Z",
"Row29_15",8317,14,,"card",23,,,,"I. Diop",0,,,4377,,,,,,,"yellow",,,,,"2026-06-20T06:00:33.951Z",
"Row29_16",8317,15,,"goal",2,1,0,"B. Díaz","I. Saibari",0,"[ {
  ""end"" : {
    ""x"" : 64.8,
    ""y"" : 25.1
  },
  ""pid"" : 1044,
  ""pos"" : {
    ""x"" : 58.2,
    ""y"" : 34.3
  },
  ""event"" : ""pass"",
  ""player"" : ""A. Ounahi""
}, {
  ""end"" : {
    ""x"" : 43,
    ""y"" : 6.6
  },
  ""pid"" : 1799,
  ""pos"" : {
    ""x"" : 59.7,
    ""y"" : 28.5
  },
  ""event"" : ""pass"",
  ""player"" : ""N. Mazraoui""
}, {
  ""end"" : {
    ""x"" : 46.1,
    ""y"" : 53.3
  },
  ""pid"" : 1619,
  ""pos"" : {
    ""x"" : 42.5,
    ""y"" : 24.2
  },
  ""event"" : ""pass"",
  ""player"" : ""B. E. Khannouss""
}, {
  ""end"" : {
    ""x"" : 39,
    ""y"" : 95.9
  },
  ""pid"" : 1451,
  ""pos"" : {
    ""x"" : 46,
    ""y"" : 55.4
  },
  ""event"" : ""pass"",
  ""player"" : ""A. Bouaddi""
}, {
  ""end"" : {
    ""x"" : 7.9,
    ""y"" : 73.9
  },
  ""pid"" : 598,
  ""pos"" : {
    ""x"" : 38.5,
    ""y"" : 94.9
  },
  ""event"" : ""pass"",
  ""assist"" : true,
  ""player"" : ""B. Díaz""
}, {
  ""gk"" : {
    ""x"" : 4.1,
    ""y"" : 60.1
  },
  ""gm"" : {
    ""x"" : 41.4,
    ""y"" : 52.5
  },
  ""pid"" : 3511,
  ""pos"" : {
    ""x"" : 7.6,
    ""y"" : 69.2
  },
  ""body"" : ""right-foot"",
  ""event"" : ""goal"",
  ""player"" : ""I. Saibari""
} ]","regular",3511,,,,,,,,,,,,"2026-06-20T06:00:33.951Z",
"Row28_1",8316,0,,"period",90,0,2,,,,,,,,,,,,,,,,,"FT","2026-06-20T03:00:34.401Z",0
"Row28_2",8316,1,,"substitution",90,,,,,1,,,,6,"G. Reyna","W. McKennie",2878,2179,,,,,,,"2026-06-20T03:00:34.401Z",
"Row28_3",8316,2,,"substitution",90,,,,,1,,,,6,"H. Wright","F. Balogun",6430,2232,,,,,,,"2026-06-20T03:00:34.401Z",
"Row28_4",8316,3,,"card",90,,,,"C. Richards",1,,,423,3,,,,,,"yellow",,,,,"2026-06-20T03:00:34.401Z",
"Row28_5",8316,4,,"injuryTime",90,,,,,,,,,,,,,,6,,,,,,"2026-06-20T03:00:34.401Z",
"Row28_6",8316,5,,"card",89,,,,"J. Italiano",0,,,30894,,,,,,,"yellow",,,,,"2026-06-20T03:00:34.401Z",
"Row28_7",8316,6,,"card",89,,,,"F. Balogun",1,,,2232,,,,,,,"yellow",,,,,"2026-06-20T03:00:34.401Z",
"Row28_8",8316,7,,"card",88,,,,"H. Souttar",0,,,23925,,,,,,,"yellow",,,,,"2026-06-20T03:00:34.401Z",
"Row28_9",8316,8,,"substitution",80,,,,,1,,,,,"A. Trusty","A. Robinson",3385,4559,,,,,,,"2026-06-20T03:00:34.401Z",
"Row28_10",8316,9,,"substitution",80,,,,,1,,,,,"J. Scally","S. Dest",2868,3503,,,,,,,"2026-06-20T03:00:34.401Z",
"Row28_11",8316,10,,"substitution",78,,,,,0,,,,,"J. Irvine","P. Okon-Engstler",2484,58823,,,,,,,"2026-06-20T03:00:34.401Z",
"Row28_12",8316,11,,"substitution",74,,,,,1,,,,,"S. Berhalter","R. Pepi",9104,3513,,,,,,,"2026-06-20T03:00:34.401Z",
"Row28_13",8316,12,,"substitution",61,,,,,0,,,,,"C. Volpato","M. Leckie",2854,57496,,,,,,,"2026-06-20T03:00:34.401Z",
"Row28_14",8316,13,,"varDecision",59,,,,"J. Bos",0,,,4396,,,,,,,,"review",0,,,"2026-06-20T03:00:34.401Z",
"Row28_15",8316,14,,"card",56,,,,"A. Robinson",1,,,4559,,,,,,,"yellow",,,,,"2026-06-20T03:00:34.401Z",
"Row28_16",8316,15,,"substitution",46,,,,,0,,,,,"N. Irankunda","M. Touré",6040,8991,,,,,,,"2026-06-20T03:00:34.401Z",
"Row28_17",8316,16,,"substitution",46,,,,,0,,,,,"C. Metcalfe","N. Velupillay",2490,55793,,,,,,,"2026-06-20T03:00:34.401Z",
"Row28_18",8316,17,,"substitution",46,,,,,0,,,,,"J. Geria","C. Burgess",42887,6525,,,,,,,"2026-06-20T03:00:34.401Z",
"Row28_19",8316,18,,"period",45,0,2,,,,,,,,,,,,,,,,,"HT","2026-06-20T03:00:34.401Z",0
"Row28_20",8316,19,,"injuryTime",45,,,,,,,,,,,,,,7,,,,,,"2026-06-20T03:00:34.401Z",
"Row28_21",8316,20,,"varDecision",45,,,,"A. Freeman",1,,,8860,,,,,,,,"goalNotAwarded",0,,,"2026-06-20T03:00:34.401Z",
"Row28_22",8316,21,,"goal",43,0,2,,"A. Freeman",1,"[ {
  ""gk"" : {
    ""x"" : 98.9,
    ""y"" : 48.7
  },
  ""gm"" : {
    ""x"" : 70.97,
    ""y"" : 83.17
  },
  ""pid"" : 8860,
  ""pos"" : {
    ""x"" : 96.7,
    ""y"" : 48.9
  },
  ""body"" : ""head"",
  ""event"" : ""goal"",
  ""player"" : ""A. Freeman""
} ]","regular",8860,,,,,,,,,,,,"2026-06-20T03:00:34.401Z",
"Row28_23",8316,22,,"card",32,,,,"A. Circati",0,,,4264,,,,,,,"yellow",,,,,"2026-06-20T03:00:34.401Z",
"Row28_24",8316,23,,"card",16,,,,"J. Bos",0,,,4396,,,,,,,"yellow",,,,,"2026-06-20T03:00:34.401Z",
"Row28_25",8316,24,,"goal",11,0,1,,"C. Burgess",1,"[ {
  ""end"" : {
    ""x"" : 45.1,
    ""y"" : 56.5
  },
  ""pid"" : 8860,
  ""pos"" : {
    ""x"" : 54.3,
    ""y"" : 36.4
  },
  ""event"" : ""pass"",
  ""player"" : ""A. Freeman""
}, {
  ""end"" : {
    ""x"" : 46.1,
    ""y"" : 75.9
  },
  ""pid"" : 423,
  ""pos"" : {
    ""x"" : 45,
    ""y"" : 56.8
  },
  ""event"" : ""pass"",
  ""player"" : ""C. Richards""
}, {
  ""end"" : {
    ""x"" : 54.8,
    ""y"" : 96.1
  },
  ""pid"" : 9229,
  ""pos"" : {
    ""x"" : 46.3,
    ""y"" : 76.3
  },
  ""event"" : ""pass"",
  ""player"" : ""T. Ream""
}, {
  ""end"" : {
    ""x"" : 84.2,
    ""y"" : 95.5
  },
  ""pid"" : 4559,
  ""pos"" : {
    ""x"" : 54.8,
    ""y"" : 95.7
  },
  ""event"" : ""pass"",
  ""player"" : ""A. Robinson""
}, {
  ""end"" : {
    ""x"" : 96.3,
    ""y"" : 53.8
  },
  ""pid"" : 2232,
  ""pos"" : {
    ""x"" : 84.2,
    ""y"" : 95.5
  },
  ""event"" : ""ball-movement"",
  ""player"" : ""F. Balogun""
}, {
  ""end"" : {
    ""x"" : 96.3,
    ""y"" : 53.8
  },
  ""pid"" : 2232,
  ""pos"" : {
    ""x"" : 98.2,
    ""y"" : 69.9
  },
  ""event"" : ""pass"",
  ""player"" : ""F. Balogun""
}, {
  ""gk"" : {
    ""x"" : 2.2,
    ""y"" : 44.9
  },
  ""gm"" : {
    ""x"" : 37.1,
    ""y"" : 56.67
  },
  ""pid"" : 6525,
  ""pos"" : {
    ""x"" : 96.3,
    ""y"" : 49.4
  },
  ""body"" : ""left-foot"",
  ""event"" : ""goal"",
  ""player"" : ""C. Burgess""
} ]","ownGoal",6525,,,,,,,,,,,,"2026-06-20T03:00:34.401Z",
"Row27_1",8314,0,,"period",90,0,1,,,,,,,,,,,,,,,,,"FT","2026-06-19T09:00:33.389Z",0
"Row27_2",8314,1,,"injuryTime",90,,,,,,,,,,,,,,6,,,,,,"2026-06-19T09:00:33.389Z",
"Row27_3",8314,2,,"substitution",84,,,,,1,,,,,"C. Huerta","J. Quiñones",7775,8296,,,,,,,"2026-06-19T09:00:33.389Z",
"Row27_4",8314,3,,"substitution",80,,,,,1,,,,,"S. Giménez","R. Jiménez",4328,833,,,,,,,"2026-06-19T09:00:33.389Z",
"Row27_5",8314,4,,"substitution",80,,,,,1,,,,,"I. Reyes","R. Alvarado",10107,10169,,,,,,,"2026-06-19T09:00:33.389Z",
"Row27_6",8314,5,,"substitution",77,,,,,0,,,,,"G. Cho","S. Paik",3263,6092,,,,,,,"2026-06-19T09:00:33.389Z",
"Row27_7",8314,6,,"substitution",71,,,,,0,,,,,"Y. Hyun-Jun","Y. W. Seol",3392,3056,,,,,,,"2026-06-19T09:00:33.389Z",
"Row27_8",8314,7,,"substitution",71,,,,,0,,,,,"J. Eom","M. Kim",6533,17042,,,,,,,"2026-06-19T09:00:33.389Z",
"Row27_9",8314,8,,"substitution",71,,,,,1,,,,,"O. Vargas","L. Romo",9006,10370,,,,,,,"2026-06-19T09:00:33.389Z",
"Row27_10",8314,9,,"substitution",71,,,,,1,,,,,"O. Pineda","B. Gutiérrez",11161,9355,,,,,,,"2026-06-19T09:00:33.389Z",
"Row27_11",8314,10,,"card",58,,,,"S. Paik",0,,,6092,,,,,,,"yellow",,,,,"2026-06-19T09:00:33.389Z",
"Row27_12",8314,11,,"substitution",57,,,,,0,,,,,"H. Oh","S. Heung-min",3131,9190,,,,,,,"2026-06-19T09:00:33.389Z",
"Row27_13",8314,12,,"substitution",57,,,,,0,,,,,"H. Hee-chan","J. Lee",533,1197,,,,,,,"2026-06-19T09:00:33.389Z",
"Row27_14",8314,13,,"goal",50,0,1,,"L. Romo",1,"[ {
  ""gk"" : {
    ""x"" : 90.7,
    ""y"" : 50.9
  },
  ""gm"" : {
    ""x"" : 44.62,
    ""y"" : 84.17
  },
  ""pid"" : 10370,
  ""pos"" : {
    ""x"" : 86.8,
    ""y"" : 51.7
  },
  ""body"" : ""right-foot"",
  ""event"" : ""goal"",
  ""player"" : ""L. Romo""
} ]","regular",10370,,,,,,,,,,,,"2026-06-19T09:00:33.389Z",
"Row27_15",8314,14,,"period",45,0,0,,,,,,,,,,,,,,,,,"HT","2026-06-19T09:00:33.389Z",0
"Row27_16",8314,15,,"injuryTime",45,,,,,,,,,,,,,,4,,,,,,"2026-06-19T09:00:33.389Z",
"Row27_17",8314,16,,"card",4,,,,"K. Lee",0,,,2250,,,,,,,"yellow",,,,,"2026-06-19T09:00:33.389Z",
"Row26_1",8313,0,,"period",90,0,6,,,,,,,,,,,,,,,,,"FT","2026-06-19T06:00:33.263Z",0
"Row26_2",8313,1,,"goal",90,0,6,"N. Saliba","J. David",1,,"regular",2186,2,,,,,,,,,,,"2026-06-19T06:00:33.263Z",
"Row26_3",8313,2,,"injuryTime",90,,,,,,,,,,,,,,9,,,,,,"2026-06-19T06:00:33.263Z",
"Row26_4",8313,3,,"substitution",87,,,,,0,,,,,"L. Mendes","A. Fathi",53919,53909,,,,,,,"2026-06-19T06:00:33.263Z",
"Row26_5",8313,4,,"substitution",83,,,,,1,,,,,"N. Sigur","T. Buchanan",16947,1769,,,,,,,"2026-06-19T06:00:33.263Z",
"Row26_6",8313,5,,"goal",75,0,5,,"M. N. Almanai",1,,"ownGoal",53914,,,,,,,,,,,,"2026-06-19T06:00:33.263Z",
"Row26_7",8313,6,,"substitution",71,,,,,1,,,,,"T. Oluwaseyi","A. Ahmed",1779,8580,,,,,,,"2026-06-19T06:00:33.263Z",
"Row26_8",8313,7,,"substitution",71,,,,,1,,,,,"J. Shaffelburg","L. D. Fougerolles",9296,7612,,,,,,,"2026-06-19T06:00:33.263Z",
"Row26_9",8313,8,,"goal",64,0,4,,"N. Saliba",1,,"regular",7351,,,,,,,,,,,,"2026-06-19T06:00:33.263Z",
"Row26_10",8313,9,,"card",62,,,,"A. Fathi",0,,,53909,,,,,,,"yellow",,,,,"2026-06-19T06:00:33.263Z",
"Row26_11",8313,10,,"substitution",59,,,,,0,,,,,"A. Al-Hussain","A. Afif",53920,53913,,,,,,,"2026-06-19T06:00:33.263Z",
"Row26_12",8313,11,,"substitution",57,,,,,1,,,,,"N. Saliba","I. Koné",7351,2848,,,,,,,"2026-06-19T06:00:33.263Z",
"Row26_13",8313,12,,"varDecision",54,,,,"A. Madibo",0,,,53918,,,,,,,,"cardUpgrade",0,,,"2026-06-19T06:00:33.263Z",
"Row26_14",8313,13,,"card",53,,,,"A. Madibo",0,,,53918,,,,,,,"red",,,,,"2026-06-19T06:00:33.263Z",
"Row26_15",8313,14,,"substitution",46,,,,,1,,,,,"M. Bombito","D. Cornelius",4514,4155,,,,,,,"2026-06-19T06:00:33.263Z",
"Row26_16",8313,15,,"substitution",46,,,,,0,,,,,"M. N. Almanai","J. G. Abdulsallam",53914,53908,,,,,,,"2026-06-19T06:00:33.263Z",
"Row26_17",8313,16,,"substitution",46,,,,,0,,,,,"A. Fathi","E. Junior",53909,53911,,,,,,,"2026-06-19T06:00:33.263Z",
"Row26_18",8313,17,,"period",45,0,3,,,,,,,,,,,,,,,,,"HT","2026-06-19T06:00:33.263Z",0
"Row26_19",8313,18,,"goal",45,0,3,,"J. David",1,,"regular",2186,3,,,,,,,,,,,"2026-06-19T06:00:33.263Z",
"Row26_20",8313,19,,"injuryTime",45,,,,,,,,,,,,,,6,,,,,,"2026-06-19T06:00:33.263Z",
"Row26_21",8313,20,,"substitution",40,,,,,0,,,,,"S. Al-Brake","Y. Abdurisag",53925,53912,,,,,,,"2026-06-19T06:00:33.263Z",
"Row26_22",8313,21,,"varDecision",33,,,,"T. Buchanan",1,,,1769,,,,,,,,"penaltyAwarded",0,,,"2026-06-19T06:00:33.263Z",
"Row26_23",8313,22,,"varDecision",33,,,,"H. Al-Amin",0,,,35888,,,,,,,,"cardUpgrade",0,,,"2026-06-19T06:00:33.263Z",
"Row26_24",8313,23,,"card",33,,,,"H. Al-Amin",0,,,35888,,,,,,,"red",,,,,"2026-06-19T06:00:33.263Z",
"Row26_25",8313,24,,"goal",29,0,2,,"J. David",1,,"regular",2186,,,,,,,,,,,,"2026-06-19T06:00:33.263Z",
"Row26_26",8313,25,,"goal",16,0,1,,"C. Larin",1,,"regular",4164,,,,,,,,,,,,"2026-06-19T06:00:33.263Z",
"Row26_27",8313,26,,"card",9,,,,"D. Cornelius",1,,,4155,,,,,,,"yellow",,,,,"2026-06-19T06:00:33.263Z",
"Row25_1",8312,0,,"period",90,1,4,,,,,,,,,,,,,,,,,"FT","2026-06-19T03:00:33.547Z",0
"Row25_2",8312,1,,"goal",90,1,4,,"G. Xhaka",1,,"penalty",348,7,,,,,,,,,,,"2026-06-19T03:00:33.547Z",
"Row25_3",8312,2,,"goal",90,1,3,,"E. Mahmić",0,,"regular",53958,3,,,,,,,,,,,"2026-06-19T03:00:33.547Z",
"Row25_4",8312,3,,"substitution",90,,,,,0,,,,1,"E. Mahmić","K. Alajbegović",53958,3046,,,,,,,"2026-06-19T03:00:33.547Z",
"Row25_5",8312,4,,"goal",90,0,3,"R. Vargas","J. Manzambi",1,,"regular",1178,,,,,,,,,,,,"2026-06-19T03:00:33.547Z",
"Row25_6",8312,5,,"injuryTime",90,,,,,,,,,,,,,,6,,,,,,"2026-06-19T03:00:33.547Z",
"Row25_7",8312,6,,"substitution",89,,,,,1,,,,,"C. Itten","B. Embolo",27743,2811,,,,,,,"2026-06-19T03:00:33.547Z",
"Row25_8",8312,7,,"substitution",86,,,,,1,,,,,"L. Jaquez","S. Widmer",3119,1208,,,,,,,"2026-06-19T03:00:33.547Z",
"Row25_9",8312,8,,"substitution",86,,,,,0,,,,,"J. Lukić","E. Demirović",10686,4516,,,,,,,"2026-06-19T03:00:33.547Z",
"Row25_10",8312,9,,"substitution",86,,,,,0,,,,,"A. Hadžiahmetović","I. Šunjić",6193,3604,,,,,,,"2026-06-19T03:00:33.547Z",
"Row25_11",8312,10,,"goal",84,0,2,"B. Embolo","R. Vargas",1,,"regular",3803,,,,,,,,,,,,"2026-06-19T03:00:33.547Z",
"Row25_12",8312,11,,"card",80,,,,"T. Muharemović",0,,,2846,,,,,,,"red",,,,,"2026-06-19T03:00:33.547Z",
"Row25_13",8312,12,,"goal",74,0,1,,"J. Manzambi",1,,"regular",1178,,,,,,,,,,,,"2026-06-19T03:00:33.547Z",
"Row25_14",8312,13,,"substitution",71,,,,,1,,,,,"R. Vargas","F. Rieder",3803,2404,,,,,,,"2026-06-19T03:00:33.547Z",
"Row25_15",8312,14,,"substitution",71,,,,,1,,,,,"J. Manzambi","D. Ndoye",1178,551,,,,,,,"2026-06-19T03:00:33.547Z",
"Row25_16",8312,15,,"substitution",71,,,,,1,,,,,"D. Sow","M. Aebischer",1550,1660,,,,,,,"2026-06-19T03:00:33.547Z",
"Row25_17",8312,16,,"card",65,,,,"N. Elvedi",1,,,2869,,,,,,,"yellow",,,,,"2026-06-19T03:00:33.547Z",
"Row25_18",8312,17,,"substitution",64,,,,,0,,,,,"E. Bajraktarević","E. Džeko",3515,1343,,,,,,,"2026-06-19T03:00:33.547Z",
"Row25_19",8312,18,,"substitution",63,,,,,0,,,,,"I. Bašić","B. Tahirović",53960,26812,,,,,,,"2026-06-19T03:00:33.547Z",
"Row25_20",8312,19,,"card",61,,,,"E. Džeko",0,,,1343,,,,,,,"yellow",,,,,"2026-06-19T03:00:33.547Z",
"Row25_21",8312,20,,"card",59,,,,"A. Dedić",0,,,2052,,,,,,,"yellow",,,,,"2026-06-19T03:00:33.547Z",
"Row25_22",8312,21,,"varDecision",56,,,,"D. Ndoye",1,,,551,,,,,,,,"review",0,,,"2026-06-19T03:00:33.547Z",
"Row25_23",8312,22,,"period",45,0,0,,,,,,,,,,,,,,,,,"HT","2026-06-19T03:00:33.547Z",0
"Row25_24",8312,23,,"injuryTime",45,,,,,,,,,,,,,,3,,,,,,"2026-06-19T03:00:33.547Z",
"Row24_1",8311,0,,"period",90,1,1,,,,,,,,,,,,,,,,,"FT","2026-06-19T00:00:33.142Z",0
"Row24_2",8311,1,,"injuryTime",90,,,,,,,,,,,,,,7,,,,,,"2026-06-19T00:00:33.142Z",
"Row24_3",8311,2,,"substitution",84,,,,,0,,,,,"K. Sebelebele","T. Maseko",24227,15830,,,,,,,"2026-06-19T00:00:33.142Z",
"Row24_4",8311,3,,"goal",83,1,1,,"T. Mokoena",0,"[ {
  ""gk"" : {
    ""x"" : 0.5,
    ""y"" : 49.6
  },
  ""gm"" : {
    ""x"" : 31.18,
    ""y"" : 87.33
  },
  ""pid"" : 14399,
  ""pos"" : {
    ""x"" : 11.5,
    ""y"" : 50
  },
  ""body"" : ""right-foot"",
  ""event"" : ""goal"",
  ""player"" : ""T. Mokoena""
} ]","penalty",14399,,,,,,,,,,,,"2026-06-19T00:00:33.142Z",
"Row24_5",8311,4,,"substitution",78,,,,,1,,,,,"D. Zima","L. Červ",3700,3224,,,,,,,"2026-06-19T00:00:33.142Z",
"Row24_6",8311,5,,"card",75,,,,"L. Krejčí",1,,,3904,,,,,,,"yellow",,,,,"2026-06-19T00:00:33.142Z",
"Row24_7",8311,6,,"substitution",67,,,,,1,,,,,"L. Provod","A. Hložek",3706,5156,,,,,,,"2026-06-19T00:00:33.142Z",
"Row24_8",8311,7,,"substitution",67,,,,,1,,,,,"T. Souček","M. Sadílek",1647,3703,,,,,,,"2026-06-19T00:00:33.142Z",
"Row24_9",8311,8,,"substitution",66,,,,,0,,,,,"E. Makgopa","I. Rayners",15470,14402,,,,,,,"2026-06-19T00:00:33.142Z",
"Row24_10",8311,9,,"substitution",55,,,,,1,,,,,"J. Zelený","A. Sojka",26388,12264,,,,,,,"2026-06-19T00:00:33.142Z",
"Row24_11",8311,10,,"substitution",55,,,,,1,,,,,"P. Šulc","V. Darida",1112,53970,,,,,,,"2026-06-19T00:00:33.142Z",
"Row24_12",8311,11,,"substitution",46,,,,,0,,,,,"R. Mofokeng","J. Adams",15469,14398,,,,,,,"2026-06-19T00:00:33.142Z",
"Row24_13",8311,12,,"period",45,0,1,,,,,,,,,,,,,,,,,"HT","2026-06-19T00:00:33.142Z",0
"Row24_14",8311,13,,"injuryTime",45,,,,,,,,,,,,,,4,,,,,,"2026-06-19T00:00:33.142Z",
"Row24_15",8311,14,,"card",40,,,,"T. Mbatha",0,,,15476,,,,,,,"yellow",,,,,"2026-06-19T00:00:33.142Z",
"Row24_16",8311,15,,"card",33,,,,"T. Mokoena",0,,,14399,,,,,,,"yellow",,,,,"2026-06-19T00:00:33.142Z",
"Row24_17",8311,16,,"goal",6,0,1,"A. Sojka","M. Sadílek",1,"[ {
  ""end"" : {
    ""x"" : 96.4,
    ""y"" : 15.3
  },
  ""pid"" : 2377,
  ""pos"" : {
    ""x"" : 51.3,
    ""y"" : 0
  },
  ""event"" : ""throw-in"",
  ""player"" : ""V. Coufal""
}, {
  ""end"" : {
    ""x"" : 79.4,
    ""y"" : 60.6
  },
  ""pid"" : 5156,
  ""pos"" : {
    ""x"" : 96.4,
    ""y"" : 15.3
  },
  ""event"" : ""pass"",
  ""player"" : ""A. Hložek""
}, {
  ""end"" : {
    ""x"" : 90.7,
    ""y"" : 61.5
  },
  ""pid"" : 12264,
  ""pos"" : {
    ""x"" : 79.4,
    ""y"" : 60.6
  },
  ""event"" : ""pass"",
  ""assist"" : true,
  ""player"" : ""A. Sojka""
}, {
  ""gk"" : {
    ""x"" : 95.1,
    ""y"" : 54
  },
  ""gm"" : {
    ""x"" : 58.06,
    ""y"" : 82
  },
  ""pid"" : 3703,
  ""pos"" : {
    ""x"" : 88.6,
    ""y"" : 58.9
  },
  ""body"" : ""left-foot"",
  ""event"" : ""goal"",
  ""player"" : ""M. Sadílek""
} ]","regular",3703,,,,,,,,,,,,"2026-06-19T00:00:33.142Z",
"Row23_1",8310,0,,"period",90,3,1,,,,,,,,,,,,,,,,,"FT","2026-06-18T10:00:32.662Z",0
"Row23_2",8310,1,,"goal",90,3,1,"C. Hernández","J. Campaz",0,,"regular",16391,9,,,,,,,,,,,"2026-06-18T10:00:32.662Z",
"Row23_3",8310,2,,"substitution",90,,,,,1,,,,3,"I. Sergeev","E. Shomurodov",55382,6643,,,,,,,"2026-06-18T10:00:32.662Z",
"Row23_4",8310,3,,"substitution",90,,,,,0,,,,3,"K. Castaño","J. Arias",16385,530,,,,,,,"2026-06-18T10:00:32.662Z",
"Row23_5",8310,4,,"substitution",90,,,,,0,,,,3,"A. Gómez","L. Díaz",662,2465,,,,,,,"2026-06-18T10:00:32.662Z",
"Row23_6",8310,5,,"injuryTime",90,,,,,,,,,,,,,,8,,,,,,"2026-06-18T10:00:32.662Z",
"Row23_7",8310,6,,"substitution",80,,,,,0,,,,,"C. Hernández","L. J. Suárez ",1578,1221,,,,,,,"2026-06-18T10:00:32.662Z",
"Row23_8",8310,7,,"substitution",80,,,,,0,,,,,"R. Ríos","G. Puerta",3788,16386,,,,,,,"2026-06-18T10:00:32.662Z",
"Row23_9",8310,8,,"substitution",77,,,,,1,,,,,"J. Urozov","R. Ashurmatov",59373,55387,,,,,,,"2026-06-18T10:00:32.662Z",
"Row23_10",8310,9,,"substitution",77,,,,,1,,,,,"Azizbek Amanov","A. Fayzullaev",56128,6642,,,,,,,"2026-06-18T10:00:32.662Z",
"Row23_11",8310,10,,"substitution",72,,,,,0,,,,,"J. Campaz","J. Rodríguez",16391,10128,,,,,,,"2026-06-18T10:00:32.662Z",
"Row23_12",8310,11,,"goal",66,2,1,"G. Puerta","L. Díaz",0,,"regular",2465,,,,,,,,,,,,"2026-06-18T10:00:32.662Z",
"Row23_13",8310,12,,"goal",61,1,1,,"A. Fayzullaev",1,,"regular",6642,,,,,,,,,,,,"2026-06-18T10:00:32.662Z",
"Row23_14",8310,13,,"substitution",46,,,,,1,,,,,"F. Sayfiev","S. Nasrullaev",55388,55373,,,,,,,"2026-06-18T10:00:32.662Z",
"Row23_15",8310,14,,"substitution",46,,,,,1,,,,,"D. Khamdamov","O. Urunov",59376,55630,,,,,,,"2026-06-18T10:00:32.662Z",
"Row23_16",8310,15,,"period",45,1,0,,,,,,,,,,,,,,,,,"HT","2026-06-18T10:00:32.662Z",0
"Row23_17",8310,16,,"injuryTime",45,,,,,,,,,,,,,,5,,,,,,"2026-06-18T10:00:32.662Z",
"Row23_18",8310,17,,"goal",41,1,0,"L. Díaz","D. Muñoz",0,,"regular",426,,,,,,,,,,,,"2026-06-18T10:00:32.662Z",
"Row23_19",8310,18,,"card",34,,,,"A. Khusanov",1,,,860,,,,,,,"yellow",,,,,"2026-06-18T10:00:32.662Z",
"Row23_20",8310,19,,"card",7,,,,"J. Mojica",0,,,2641,,,,,,,"yellow",,,,,"2026-06-18T10:00:32.662Z",
"Row22_1",8309,0,,"period",90,0,1,,,,,,,,,,,,,,,,,"FT","2026-06-18T07:00:32.613Z",0
"Row22_2",8309,1,,"card",90,,,,"C. Harvey",0,,,9102,9,,,,,,"yellow",,,,,"2026-06-18T07:00:32.613Z",
"Row22_3",8309,2,,"goal",90,0,1,"B. Thomas-Asante","C. Yirenkyi",1,"[ {
  ""end"" : {
    ""x"" : 97.6,
    ""y"" : 49.4
  },
  ""pid"" : 6887,
  ""pos"" : {
    ""x"" : 94.9,
    ""y"" : 70.2
  },
  ""event"" : ""pass"",
  ""assist"" : true,
  ""player"" : ""B. Thomas-Asante""
}, {
  ""gk"" : {
    ""x"" : 99.3,
    ""y"" : 52
  },
  ""gm"" : {
    ""x"" : 64.52,
    ""y"" : 65.17
  },
  ""pid"" : 16696,
  ""pos"" : {
    ""x"" : 97.6,
    ""y"" : 48.6
  },
  ""body"" : ""right-foot"",
  ""event"" : ""goal"",
  ""player"" : ""C. Yirenkyi""
} ]","regular",16696,5,,,,,,,,,,,"2026-06-18T07:00:32.613Z",
"Row22_4",8309,3,,"substitution",90,,,,,0,,,,,"A. Godoy","C. Blackman",9054,12373,,,,,,,"2026-06-18T07:00:32.613Z",
"Row22_5",8309,4,,"injuryTime",90,,,,,,,,,,,,,,6,,,,,,"2026-06-18T07:00:32.613Z",
"Row22_6",8309,5,,"substitution",87,,,,,1,,,,,"P. K. Adu","J. Ayew",3225,6134,,,,,,,"2026-06-18T07:00:32.613Z",
"Row22_7",8309,6,,"substitution",78,,,,,1,,,,,"K. Sibo","E. Owusu",1984,4009,,,,,,,"2026-06-18T07:00:32.613Z",
"Row22_8",8309,7,,"substitution",74,,,,,0,,,,,"I. Díaz","J. L. Rodríguez",10127,10334,,,,,,,"2026-06-18T07:00:32.613Z",
"Row22_9",8309,8,,"card",72,,,,"C. Blackman",0,,,12373,,,,,,,"yellow",,,,,"2026-06-18T07:00:32.613Z",
"Row22_10",8309,9,,"substitution",63,,,,,0,,,,,"A. Londoño","C. Martínez",21220,16741,,,,,,,"2026-06-18T07:00:32.613Z",
"Row22_11",8309,10,,"substitution",63,,,,,0,,,,,"J. Fajardo","C. Waterman",16745,16744,,,,,,,"2026-06-18T07:00:32.613Z",
"Row22_12",8309,11,,"substitution",58,,,,,1,,,,,"A. F. Issahaku","E. Nuamah",6131,24027,,,,,,,"2026-06-18T07:00:32.613Z",
"Row22_13",8309,12,,"substitution",58,,,,,1,,,,,"B. Thomas-Asante","K. Sulemana",6887,1310,,,,,,,"2026-06-18T07:00:32.613Z",
"Row22_14",8309,13,,"substitution",46,,,,,1,,,,,"B. Asare","L. A. Zigi",16698,7215,,,,,,,"2026-06-18T07:00:32.613Z",
"Row22_15",8309,14,,"period",45,0,0,,,,,,,,,,,,,,,,,"HT","2026-06-18T07:00:32.613Z",0
"Row22_16",8309,15,,"injuryTime",45,,,,,,,,,,,,,,5,,,,,,"2026-06-18T07:00:32.613Z",
"Row22_17",8309,16,,"card",16,,,,"C. Yirenkyi",1,,,16696,,,,,,,"yellow",,,,,"2026-06-18T07:00:32.613Z",
"Row21_1",8308,0,,"period",90,2,4,,,,,,,,,,,,,,,,,"FT","2026-06-18T04:00:32.755Z",0
"Row21_2",8308,1,,"injuryTime",90,,,,,,,,,,,,,,6,,,,,,"2026-06-18T04:00:32.755Z",
"Row21_3",8308,2,,"substitution",87,,,,,1,,,,,"M. Guéhi","J. Stones",425,854,,,,,,,"2026-06-18T04:00:32.755Z",
"Row21_4",8308,3,,"goal",85,2,4,"B. Saka","M. Rashford",1,"[ {
  ""end"" : {
    ""x"" : 79.3,
    ""y"" : 67.6
  },
  ""pid"" : 455,
  ""pos"" : {
    ""x"" : 70.3,
    ""y"" : 34
  },
  ""event"" : ""pass"",
  ""assist"" : true,
  ""player"" : ""B. Saka""
}, {
  ""gk"" : {
    ""x"" : 97.2,
    ""y"" : 52.2
  },
  ""gm"" : {
    ""x"" : 69.35,
    ""y"" : 89.5
  },
  ""pid"" : 750,
  ""pos"" : {
    ""x"" : 87.2,
    ""y"" : 60.7
  },
  ""body"" : ""right-foot"",
  ""event"" : ""goal"",
  ""player"" : ""M. Rashford""
} ]","regular",750,,,,,,,,,,,,"2026-06-18T04:00:32.755Z",
"Row21_5",8308,4,,"substitution",80,,,,,1,,,,,"D. Spence","J. Bellingham",735,592,,,,,,,"2026-06-18T04:00:32.755Z",
"Row21_6",8308,5,,"substitution",79,,,,,0,,,,,"A. Kramarić","M. Pašalić",2387,1309,,,,,,,"2026-06-18T04:00:32.755Z",
"Row21_7",8308,6,,"substitution",78,,,,,0,,,,,"N. Vlašić","M. Baturina",1844,2833,,,,,,,"2026-06-18T04:00:32.755Z",
"Row21_8",8308,7,,"substitution",72,,,,,1,,,,,"M. Rashford","A. Gordon",750,711,,,,,,,"2026-06-18T04:00:32.755Z",
"Row21_9",8308,8,,"substitution",72,,,,,1,,,,,"B. Saka","N. Madueke",455,450,,,,,,,"2026-06-18T04:00:32.755Z",
"Row21_10",8308,9,,"substitution",72,,,,,1,,,,,"M. Rogers","D. Rice",511,449,,,,,,,"2026-06-18T04:00:32.755Z",
"Row21_11",8308,10,,"substitution",66,,,,,0,,,,,"M. Pašalić","L. Vušković",9568,1591,,,,,,,"2026-06-18T04:00:32.755Z",
"Row21_12",8308,11,,"substitution",66,,,,,0,,,,,"I. Matanović","P. Musa",1183,9331,,,,,,,"2026-06-18T04:00:32.755Z",
"Row21_13",8308,12,,"substitution",58,,,,,0,,,,,"M. Kovačić","L. Modrić",4350,1993,,,,,,,"2026-06-18T04:00:32.755Z",
"Row21_14",8308,13,,"goal",47,2,3,"E. Anderson","J. Bellingham",1,"[ {
  ""gk"" : {
    ""x"" : 97.1,
    ""y"" : 42.5
  },
  ""gm"" : {
    ""x"" : 28.49,
    ""y"" : 95.83
  },
  ""pid"" : 592,
  ""pos"" : {
    ""x"" : 91.3,
    ""y"" : 32
  },
  ""body"" : ""right-foot"",
  ""event"" : ""goal"",
  ""player"" : ""J. Bellingham""
} ]","regular",592,,,,,,,,,,,,"2026-06-18T04:00:32.755Z",
"Row21_15",8308,14,,"period",45,2,2,,,,,,,,,,,,,,,,,"HT","2026-06-18T04:00:32.755Z",0
"Row21_16",8308,15,,"goal",45,2,2,"I. Perišić","P. Musa",0,"[ {
  ""end"" : {
    ""x"" : 9.9,
    ""y"" : 48.2
  },
  ""pid"" : 1309,
  ""pos"" : {
    ""x"" : 30.3,
    ""y"" : 42.7
  },
  ""event"" : ""pass"",
  ""player"" : ""M. Pašalić""
}, {
  ""end"" : {
    ""x"" : 8.3,
    ""y"" : 43
  },
  ""pid"" : 3510,
  ""pos"" : {
    ""x"" : 8.4,
    ""y"" : 53.2
  },
  ""event"" : ""pass"",
  ""assist"" : true,
  ""player"" : ""I. Perišić""
}, {
  ""gk"" : {
    ""x"" : 1.4,
    ""y"" : 47.8
  },
  ""gm"" : {
    ""x"" : 46.77,
    ""y"" : 87.33
  },
  ""pid"" : 9331,
  ""pos"" : {
    ""x"" : 8.3,
    ""y"" : 43
  },
  ""body"" : ""right-foot"",
  ""event"" : ""goal"",
  ""player"" : ""P. Musa""
} ]","regular",9331,5,,,,,,,,,,,"2026-06-18T04:00:32.755Z",
"Row21_17",8308,16,,"injuryTime",45,,,,,,,,,,,,,,5,,,,,,"2026-06-18T04:00:32.755Z",
"Row21_18",8308,17,,"goal",42,1,2,"D. Rice","H. Kane",1,"[ {
  ""end"" : {
    ""x"" : 90.1,
    ""y"" : 51.6
  },
  ""pid"" : 449,
  ""pos"" : {
    ""x"" : 99.5,
    ""y"" : 0.7
  },
  ""event"" : ""cross"",
  ""assist"" : true,
  ""player"" : ""D. Rice""
}, {
  ""gk"" : {
    ""x"" : 99.5,
    ""y"" : 50.2
  },
  ""gm"" : {
    ""x"" : 32.8,
    ""y"" : 82
  },
  ""pid"" : 2466,
  ""pos"" : {
    ""x"" : 90.1,
    ""y"" : 51.6
  },
  ""body"" : ""head"",
  ""event"" : ""goal"",
  ""player"" : ""H. Kane""
} ]","regular",2466,,,,,,,,,,,,"2026-06-18T04:00:32.755Z",
"Row21_19",8308,18,,"goal",36,1,1,"P. Sučić","M. Baturina",0,"[ {
  ""end"" : {
    ""x"" : 33.7,
    ""y"" : 41.8
  },
  ""pid"" : 1591,
  ""pos"" : {
    ""x"" : 39.4,
    ""y"" : 33.7
  },
  ""event"" : ""pass"",
  ""player"" : ""L. Vušković""
}, {
  ""end"" : {
    ""x"" : 12.5,
    ""y"" : 70.5
  },
  ""pid"" : 2833,
  ""pos"" : {
    ""x"" : 31.6,
    ""y"" : 45
  },
  ""event"" : ""pass"",
  ""player"" : ""M. Baturina""
}, {
  ""end"" : {
    ""x"" : 21,
    ""y"" : 64.8
  },
  ""pid"" : 1685,
  ""pos"" : {
    ""x"" : 13.5,
    ""y"" : 64.5
  },
  ""event"" : ""pass"",
  ""assist"" : true,
  ""player"" : ""P. Sučić""
}, {
  ""gk"" : {
    ""x"" : 1.2,
    ""y"" : 52.9
  },
  ""gm"" : {
    ""x"" : 35.48,
    ""y"" : 58.83
  },
  ""pid"" : 2833,
  ""pos"" : {
    ""x"" : 21,
    ""y"" : 64.8
  },
  ""body"" : ""right-foot"",
  ""event"" : ""goal"",
  ""player"" : ""M. Baturina""
} ]","regular",2833,,,,,,,,,,,,"2026-06-18T04:00:32.755Z",
"Row21_20",8308,19,,"varDecision",15,,,,"P. Musa",0,,,9331,,,,,,,,"review",0,,,"2026-06-18T04:00:32.755Z",
"Row21_21",8308,20,,"goal",12,0,1,,"H. Kane",1,"[ {
  ""gk"" : {
    ""x"" : 99.8,
    ""y"" : 50.2
  },
  ""gm"" : {
    ""x"" : 67.2,
    ""y"" : 78.83
  },
  ""pid"" : 2466,
  ""pos"" : {
    ""x"" : 88.5,
    ""y"" : 50
  },
  ""body"" : ""right-foot"",
  ""event"" : ""goal"",
  ""player"" : ""H. Kane""
} ]","penalty",2466,,,,,,,,,,,,"2026-06-18T04:00:32.755Z",
"Row21_22",8308,21,,"varDecision",11,,,,"D. Livaković",0,,,1053,,,,,,,,"review",0,,,"2026-06-18T04:00:32.755Z",
"Row21_23",8308,22,,"varDecision",11,,,,"H. Kane",1,,,2466,,,,,,,,"review",0,,,"2026-06-18T04:00:32.755Z",
"Row20_1",8307,0,,"period",90,1,1,,,,,,,,,,,,,,,,,"FT","2026-06-18T01:00:32.776Z",0
"Row20_2",8307,1,,"card",90,,,,"T. Araújo",1,,,2067,2,,,,,,"yellow",,,,,"2026-06-18T01:00:32.776Z",
"Row20_3",8307,2,,"injuryTime",90,,,,,,,,,,,,,,5,,,,,,"2026-06-18T01:00:32.776Z",
"Row20_4",8307,3,,"card",88,,,,"N. Semedo",1,,,3407,,,,,,,"yellow",,,,,"2026-06-18T01:00:32.776Z",
"Row20_5",8307,4,,"substitution",85,,,,,0,,,,,"S. Banza","C. Bakambu",15423,1588,,,,,,,"2026-06-18T01:00:32.776Z",
"Row20_6",8307,5,,"substitution",85,,,,,0,,,,,"G. Kalulu","A. Wan-Bissaka",15422,1635,,,,,,,"2026-06-18T01:00:32.776Z",
"Row20_7",8307,6,,"substitution",83,,,,,1,,,,,"G. Ramos","Vitinha",2256,2248,,,,,,,"2026-06-18T01:00:32.776Z",
"Row20_8",8307,7,,"substitution",74,,,,,0,,,,,"Kayembe","A. Masuaku",4161,3903,,,,,,,"2026-06-18T01:00:32.776Z",
"Row20_9",8307,8,,"substitution",74,,,,,0,,,,,"C. Pickel","E. Kayembe",1295,6695,,,,,,,"2026-06-18T01:00:32.776Z",
"Row20_10",8307,9,,"substitution",72,,,,,1,,,,,"N. Semedo","N. Mendes",3407,3470,,,,,,,"2026-06-18T01:00:32.776Z",
"Row20_11",8307,10,,"substitution",71,,,,,1,,,,,"R. Leão","P. Neto",1997,394,,,,,,,"2026-06-18T01:00:32.776Z",
"Row20_12",8307,11,,"substitution",57,,,,,0,,,,,"N. Sadiki","N. Mukau",349,1453,,,,,,,"2026-06-18T01:00:32.776Z",
"Row20_13",8307,12,,"substitution",46,,,,,1,,,,,"F. Conceição","B. Silva",2183,848,,,,,,,"2026-06-18T01:00:32.776Z",
"Row20_14",8307,13,,"period",45,1,1,,,,,,,,,,,,,,,,,"HT","2026-06-18T01:00:32.776Z",0
"Row20_15",8307,14,,"goal",45,1,1,"A. Masuaku","Y. Wissa",0,"[ {
  ""end"" : {
    ""x"" : 20.6,
    ""y"" : 81.7
  },
  ""pid"" : 1453,
  ""pos"" : {
    ""x"" : 7.5,
    ""y"" : 73.9
  },
  ""event"" : ""pass"",
  ""player"" : ""N. Mukau""
}, {
  ""end"" : {
    ""x"" : 5.5,
    ""y"" : 46.6
  },
  ""pid"" : 3903,
  ""pos"" : {
    ""x"" : 21,
    ""y"" : 81.3
  },
  ""event"" : ""cross"",
  ""assist"" : true,
  ""player"" : ""A. Masuaku""
}, {
  ""gk"" : {
    ""x"" : 1.1,
    ""y"" : 50
  },
  ""gm"" : {
    ""x"" : 37.1,
    ""y"" : 47.33
  },
  ""pid"" : 5140,
  ""pos"" : {
    ""x"" : 5.5,
    ""y"" : 46.6
  },
  ""body"" : ""head"",
  ""event"" : ""goal"",
  ""player"" : ""Y. Wissa""
} ]","regular",5140,5,,,,,,,,,,,"2026-06-18T01:00:32.776Z",
"Row20_16",8307,15,,"injuryTime",45,,,,,,,,,,,,,,4,,,,,,"2026-06-18T01:00:32.776Z",
"Row20_17",8307,16,,"card",32,,,,"C. Mbemba",0,,,1456,,,,,,,"yellow",,,,,"2026-06-18T01:00:32.776Z",
"Row20_18",8307,17,,"card",13,,,,"B. Silva",1,,,848,,,,,,,"yellow",,,,,"2026-06-18T01:00:32.776Z",
"Row20_19",8307,18,,"goal",6,0,1,"P. Neto","J. Neves",1,"[ {
  ""end"" : {
    ""x"" : 81.9,
    ""y"" : 89.4
  },
  ""pid"" : 2248,
  ""pos"" : {
    ""x"" : 70.6,
    ""y"" : 57.4
  },
  ""event"" : ""pass"",
  ""player"" : ""Vitinha""
}, {
  ""end"" : {
    ""x"" : 89.9,
    ""y"" : 53.2
  },
  ""pid"" : 394,
  ""pos"" : {
    ""x"" : 81.9,
    ""y"" : 89.4
  },
  ""event"" : ""cross"",
  ""assist"" : true,
  ""player"" : ""P. Neto""
}, {
  ""gk"" : {
    ""x"" : 98.9,
    ""y"" : 51.6
  },
  ""gm"" : {
    ""x"" : 69.35,
    ""y"" : 68.33
  },
  ""pid"" : 2247,
  ""pos"" : {
    ""x"" : 89.9,
    ""y"" : 53.2
  },
  ""body"" : ""head"",
  ""event"" : ""goal"",
  ""player"" : ""J. Neves""
} ]","regular",2247,,,,,,,,,,,,"2026-06-18T01:00:32.776Z",
"Row19_1",8303,0,,"period",90,1,3,,,,,,,,,,,,,,,,,"FT","2026-06-17T12:00:32.226Z",0
"Row19_2",8303,1,,"goal",90,1,3,,"M. Arnautović",1,"[ {
  ""gk"" : {
    ""x"" : 99.7,
    ""y"" : 50
  },
  ""gm"" : {
    ""x"" : 33.87,
    ""y"" : 76.83
  },
  ""pid"" : 3065,
  ""pos"" : {
    ""x"" : 88.5,
    ""y"" : 50
  },
  ""body"" : ""right-foot"",
  ""event"" : ""goal"",
  ""player"" : ""M. Arnautović""
} ]","penalty",3065,12,,,,,,,,,,,"2026-06-17T12:00:32.226Z",
"Row19_3",8303,2,,"varDecision",90,,,,"M. Arnautović",1,,,3065,,,,,,,,"penaltyNotAwarded",0,,,"2026-06-17T12:00:32.226Z",
"Row19_4",8303,3,,"injuryTime",90,,,,,,,,,,,,,,10,,,,,,"2026-06-17T12:00:32.226Z",
"Row19_5",8303,4,,"substitution",89,,,,,0,,,,,"A. Al-Azaizah","O. A. Fakhouri",8821,14727,,,,,,,"2026-06-17T12:00:32.226Z",
"Row19_6",8303,5,,"substitution",88,,,,,0,,,,,"M. A. Daoud","M. Tamari",16720,2809,,,,,,,"2026-06-17T12:00:32.226Z",
"Row19_7",8303,6,,"substitution",83,,,,,1,,,,,"P. Wimmer","R. Schmid",1375,2504,,,,,,,"2026-06-17T12:00:32.226Z",
"Row19_8",8303,7,,"substitution",81,,,,,0,,,,,"M. Al-Mardi","E. Haddad",16713,55790,,,,,,,"2026-06-17T12:00:32.226Z",
"Row19_9",8303,8,,"substitution",81,,,,,0,,,,,"S. A. Rousan","A. Nasib",56086,16701,,,,,,,"2026-06-17T12:00:32.226Z",
"Row19_10",8303,9,,"card",77,,,,"M. Sabitzer",1,,,2161,,,,,,,"yellow",,,,,"2026-06-17T12:00:32.226Z",
"Row19_11",8303,10,,"goal",76,1,2,,"Y. Al-Arab",1,"[ {
  ""gk"" : {
    ""x"" : 0.9,
    ""y"" : 48.7
  },
  ""gm"" : {
    ""x"" : 69.35,
    ""y"" : 64.17
  },
  ""pid"" : 16702,
  ""pos"" : {
    ""x"" : 95.4,
    ""y"" : 55.1
  },
  ""body"" : ""head"",
  ""event"" : ""goal"",
  ""player"" : ""Y. Al-Arab""
} ]","ownGoal",16702,,,,,,,,,,,,"2026-06-17T12:00:32.226Z",
"Row19_12",8303,11,,"substitution",72,,,,,0,,,,,"S. Obaid","M. Abualnadi",16718,16717,,,,,,,"2026-06-17T12:00:32.226Z",
"Row19_13",8303,12,,"varDecision",70,,,,"M. Arnautović",1,,,3065,,,,,,,,"goalAwarded",0,,,"2026-06-17T12:00:32.226Z",
"Row19_14",8303,13,,"substitution",59,,,,,1,,,,,"K. Danso","D. Alaba",721,4020,,,,,,,"2026-06-17T12:00:32.226Z",
"Row19_15",8303,14,,"substitution",59,,,,,1,,,,,"C. Chukwuemeka","X. Schlager",2170,2892,,,,,,,"2026-06-17T12:00:32.226Z",
"Row19_16",8303,15,,"substitution",59,,,,,1,,,,,"P. Wanner","P. Mwene",3522,1198,,,,,,,"2026-06-17T12:00:32.226Z",
"Row19_17",8303,16,,"goal",50,1,1,"N. Al Rawabdeh","A. Olwan",0,"[ {
  ""end"" : {
    ""x"" : 41.8,
    ""y"" : 14.9
  },
  ""pid"" : 16705,
  ""pos"" : {
    ""x"" : 66,
    ""y"" : 34
  },
  ""event"" : ""pass"",
  ""assist"" : true,
  ""player"" : ""N. Al Rawabdeh""
}, {
  ""pid"" : 55283,
  ""pos"" : {
    ""x"" : 41.8,
    ""y"" : 14.9
  },
  ""body"" : ""right-foot"",
  ""event"" : ""ball-movement"",
  ""player"" : ""A. Olwan""
}, {
  ""gk"" : {
    ""x"" : 2.7,
    ""y"" : 47.3
  },
  ""gm"" : {
    ""x"" : 74.73,
    ""y"" : 69.33
  },
  ""pid"" : 55283,
  ""pos"" : {
    ""x"" : 13.6,
    ""y"" : 36
  },
  ""body"" : ""right-foot"",
  ""event"" : ""goal"",
  ""player"" : ""A. Olwan""
} ]","regular",55283,,,,,,,,,,,,"2026-06-17T12:00:32.226Z",
"Row19_18",8303,17,,"substitution",46,,,,,1,,,,,"M. Arnautović","S. Kalajdžić",3065,4824,,,,,,,"2026-06-17T12:00:32.226Z",
"Row19_19",8303,18,,"period",45,0,1,,,,,,,,,,,,,,,,,"HT","2026-06-17T12:00:32.226Z",0
"Row19_20",8303,19,,"injuryTime",45,,,,,,,,,,,,,,4,,,,,,"2026-06-17T12:00:32.226Z",
"Row19_21",8303,20,,"goal",21,0,1,"X. Schlager","R. Schmid",1,"[ {
  ""end"" : {
    ""x"" : 59.4,
    ""y"" : 65.8
  },
  ""pid"" : 2892,
  ""pos"" : {
    ""x"" : 57.6,
    ""y"" : 82
  },
  ""event"" : ""pass"",
  ""player"" : ""X. Schlager""
}, {
  ""end"" : {
    ""x"" : 64.6,
    ""y"" : 49
  },
  ""pid"" : 2893,
  ""pos"" : {
    ""x"" : 58.4,
    ""y"" : 64.3
  },
  ""event"" : ""pass"",
  ""player"" : ""N. Seiwald""
}, {
  ""end"" : {
    ""x"" : 70,
    ""y"" : 60.9
  },
  ""pid"" : 2504,
  ""pos"" : {
    ""x"" : 64.7,
    ""y"" : 48.7
  },
  ""event"" : ""pass"",
  ""player"" : ""R. Schmid""
}, {
  ""end"" : {
    ""x"" : 76.4,
    ""y"" : 74.5
  },
  ""pid"" : 2457,
  ""pos"" : {
    ""x"" : 70.6,
    ""y"" : 61.6
  },
  ""event"" : ""pass"",
  ""player"" : ""K. Laimer""
}, {
  ""end"" : {
    ""x"" : 75.6,
    ""y"" : 59.8
  },
  ""pid"" : 2892,
  ""pos"" : {
    ""x"" : 77.1,
    ""y"" : 70.2
  },
  ""event"" : ""pass"",
  ""assist"" : true,
  ""player"" : ""X. Schlager""
}, {
  ""gk"" : {
    ""x"" : 99.1,
    ""y"" : 50.2
  },
  ""gm"" : {
    ""x"" : 69.89,
    ""y"" : 61
  },
  ""pid"" : 2504,
  ""pos"" : {
    ""x"" : 77.8,
    ""y"" : 53.4
  },
  ""body"" : ""right-foot"",
  ""event"" : ""goal"",
  ""player"" : ""R. Schmid""
} ]","regular",2504,,,,,,,,,,,,"2026-06-17T12:00:32.226Z",
"Row18_1",8306,0,,"period",90,0,3,,,,,,,,,,,,,,,,,"FT","2026-06-17T09:00:32.145Z",0
"Row18_2",8306,1,,"injuryTime",90,,,,,,,,,,,,,,6,,,,,,"2026-06-17T09:00:32.145Z",
"Row18_3",8306,2,,"substitution",82,,,,,0,,,,,"R. Zerrouki","I. Maza",5260,2140,,,,,,,"2026-06-17T09:00:32.145Z",
"Row18_4",8306,3,,"substitution",81,,,,,0,,,,,"A. Boulbina","N. Bentaleb",15396,1460,,,,,,,"2026-06-17T09:00:32.145Z",
"Row18_5",8306,4,,"substitution",80,,,,,1,,,,,"N. Paz","L. Messi",2829,9063,,,,,,,"2026-06-17T09:00:32.145Z",
"Row18_6",8306,5,,"substitution",80,,,,,1,,,,,"N. Otamendi","C. Romero",2054,720,,,,,,,"2026-06-17T09:00:32.145Z",
"Row18_7",8306,6,,"goal",76,0,3,"N. González","L. Messi",1,,"regular",9063,,,,,,,,,,,,"2026-06-17T09:00:32.145Z",
"Row18_8",8306,7,,"substitution",64,,,,,0,,,,,"R. Mahrez","A. H. Moussa",8116,3368,,,,,,,"2026-06-17T09:00:32.145Z",
"Row18_9",8306,8,,"substitution",64,,,,,0,,,,,"M. E. A. Amoura","A. Gouiri",1376,4540,,,,,,,"2026-06-17T09:00:32.145Z",
"Row18_10",8306,9,,"substitution",64,,,,,0,,,,,"H. Aouar","H. Boudaoui",8230,1504,,,,,,,"2026-06-17T09:00:32.145Z",
"Row18_11",8306,10,,"goal",60,0,2,,"L. Messi",1,,"regular",9063,,,,,,,,,,,,"2026-06-17T09:00:32.145Z",
"Row18_12",8306,11,,"substitution",55,,,,,1,,,,,"N. González","T. Almada",768,773,,,,,,,"2026-06-17T09:00:32.145Z",
"Row18_13",8306,12,,"substitution",55,,,,,1,,,,,"J. Álvarez","L. Martínez",770,1687,,,,,,,"2026-06-17T09:00:32.145Z",
"Row18_14",8306,13,,"substitution",46,,,,,1,,,,,"N. Molina","G. Montiel",761,23014,,,,,,,"2026-06-17T09:00:32.145Z",
"Row18_15",8306,14,,"period",45,0,1,,,,,,,,,,,,,,,,,"HT","2026-06-17T09:00:32.145Z",0
"Row18_16",8306,15,,"injuryTime",45,,,,,,,,,,,,,,4,,,,,,"2026-06-17T09:00:32.145Z",
"Row18_17",8306,16,,"goal",17,0,1,"R. De Paul","L. Messi",1,,"regular",9063,,,,,,,,,,,,"2026-06-17T09:00:32.145Z",
"Row18_18",8306,17,,"varDecision",8,,,,"F. Chaïbi",0,,,1351,,,,,,,,"goalAwarded",0,,,"2026-06-17T09:00:32.145Z",
"Row17_1",8305,0,,"period",90,4,1,,,,,,,,,,,,,,,,,"FT","2026-06-17T06:00:32.648Z",0
"Row17_2",8305,1,,"goal",90,4,1,,"A. Hussein",0,,"ownGoal",54107,7,,,,,,,,,,,"2026-06-17T06:00:32.648Z",
"Row17_3",8305,2,,"injuryTime",90,,,,,,,,,,,,,,6,,,,,,"2026-06-17T06:00:32.648Z",
"Row17_4",8305,3,,"card",86,,,,"Z. Tahseen",1,,,53947,,,,,,,"yellow",,,,,"2026-06-17T06:00:32.648Z",
"Row17_5",8305,4,,"substitution",81,,,,,0,,,,,"P. Berg","M. Ødegaard",3673,447,,,,,,,"2026-06-17T06:00:32.648Z",
"Row17_6",8305,5,,"substitution",78,,,,,1,,,,,"M. Ali","I. Bayesh",53950,8316,,,,,,,"2026-06-17T06:00:32.648Z",
"Row17_7",8305,6,,"goal",77,3,1,"M. Ødegaard","L. Østigård",0,,"regular",2590,,,,,,,,,,,,"2026-06-17T06:00:32.648Z",
"Row17_8",8305,7,,"substitution",74,,,,,1,,,,,"A. Qasem","A. Jasim",9358,8100,,,,,,,"2026-06-17T06:00:32.648Z",
"Row17_9",8305,8,,"substitution",74,,,,,1,,,,,"M. Saadoon","H. Ali",53946,13840,,,,,,,"2026-06-17T06:00:32.648Z",
"Row17_10",8305,9,,"substitution",73,,,,,0,,,,,"O. Bobb","A. Sørloth",3651,774,,,,,,,"2026-06-17T06:00:32.648Z",
"Row17_11",8305,10,,"substitution",73,,,,,0,,,,,"L. Østigård","D. M. Wolfe",2590,529,,,,,,,"2026-06-17T06:00:32.648Z",
"Row17_12",8305,11,,"substitution",73,,,,,0,,,,,"K. Thorstvedt","F. Aursnes",2850,2056,,,,,,,"2026-06-17T06:00:32.648Z",
"Row17_13",8305,12,,"substitution",73,,,,,0,,,,,"A. Schjelderup","A. Nusa",2064,2897,,,,,,,"2026-06-17T06:00:32.648Z",
"Row17_14",8305,13,,"substitution",59,,,,,1,,,,,"M. Farji","A. Al-Hamadi",29732,7175,,,,,,,"2026-06-17T06:00:32.648Z",
"Row17_15",8305,14,,"substitution",59,,,,,1,,,,,"Z. Iqbal","Z. Ismail",4209,59649,,,,,,,"2026-06-17T06:00:32.648Z",
"Row17_16",8305,15,,"period",45,2,1,,,,,,,,,,,,,,,,,"HT","2026-06-17T06:00:32.648Z",0
"Row17_17",8305,16,,"injuryTime",45,,,,,,,,,,,,,,5,,,,,,"2026-06-17T06:00:32.648Z",
"Row17_18",8305,17,,"goal",43,2,1,,"E. Haaland",0,,"regular",852,,,,,,,,,,,,"2026-06-17T06:00:32.648Z",
"Row17_19",8305,18,,"goal",39,1,1,"A. Al-Ammari","A. Hussein",1,,"regular",54107,,,,,,,,,,,,"2026-06-17T06:00:32.648Z",
"Row17_20",8305,19,,"goal",29,1,0,"D. M. Wolfe","E. Haaland",0,,"regular",852,,,,,,,,,,,,"2026-06-17T06:00:32.648Z",
"Row16_1",8304,0,,"period",90,1,3,,,,,,,,,,,,,,,,,"FT","2026-06-17T03:00:31.779Z",0
"Row16_2",8304,1,,"goal",90,1,3,,"K. Mbappé",1,,"regular",594,6,,,,,,,,,,,"2026-06-17T03:00:31.779Z",
"Row16_3",8304,2,,"goal",90,1,2,"I. Ndiaye","I. Mbaye",0,,"regular",2255,5,,,,,,,,,,,"2026-06-17T03:00:31.779Z",
"Row16_4",8304,3,,"injuryTime",90,,,,,,,,,,,,,,8,,,,,,"2026-06-17T03:00:31.779Z",
"Row16_5",8304,4,,"substitution",88,,,,,0,,,,,"P. I. Ciss","I. Gueye",3864,3800,,,,,,,"2026-06-17T03:00:31.779Z",
"Row16_6",8304,5,,"substitution",87,,,,,1,,,,,"R. Cherki","D. Doué",856,4324,,,,,,,"2026-06-17T03:00:31.779Z",
"Row16_7",8304,6,,"substitution",83,,,,,0,,,,,"I. Ndiaye","P. Gueye",810,1771,,,,,,,"2026-06-17T03:00:31.779Z",
"Row16_8",8304,7,,"substitution",83,,,,,0,,,,,"A. B. Dieng","N. Jackson",1479,2471,,,,,,,"2026-06-17T03:00:31.779Z",
"Row16_9",8304,8,,"goal",82,0,2,"A. Rabiot","B. Barcola",1,,"regular",2261,,,,,,,,,,,,"2026-06-17T03:00:31.779Z",
"Row16_10",8304,9,,"substitution",80,,,,,1,,,,,"B. Barcola","O. Dembélé",2261,2253,,,,,,,"2026-06-17T03:00:31.779Z",
"Row16_11",8304,10,,"substitution",76,,,,,0,,,,,"H. Diarra","L. Camara",4743,2228,,,,,,,"2026-06-17T03:00:31.779Z",
"Row16_12",8304,11,,"substitution",75,,,,,0,,,,,"I. Mbaye","I. Sarr",2255,1787,,,,,,,"2026-06-17T03:00:31.779Z",
"Row16_13",8304,12,,"goal",66,0,1,"M. Olise","K. Mbappé",1,,"regular",594,,,,,,,,,,,,"2026-06-17T03:00:31.779Z",
"Row16_14",8304,13,,"varDecision",60,,,,"K. Mbappé",1,,,594,,,,,,,,"penaltyNotAwarded",1,,,"2026-06-17T03:00:31.779Z",
"Row16_15",8304,14,,"period",45,0,0,,,,,,,,,,,,,,,,,"HT","2026-06-17T03:00:31.779Z",0
"Row16_16",8304,15,,"injuryTime",45,,,,,,,,,,,,,,6,,,,,,"2026-06-17T03:00:31.779Z",
"Row15_1",8302,0,,"period",90,2,2,,,,,,,,,,,,,,,,,"FT","2026-06-16T09:00:31.781Z",0
"Row15_2",8302,1,,"substitution",90,,,,,0,,,,2,"T. Bindon","M. Stamenić",6069,6528,,,,,,,"2026-06-16T09:00:31.781Z",
"Row15_3",8302,2,,"substitution",90,,,,,0,,,,2,"J. Randall","S. Singh",55983,55975,,,,,,,"2026-06-16T09:00:31.781Z",
"Row15_4",8302,3,,"injuryTime",90,,,,,,,,,,,,,,5,,,,,,"2026-06-16T09:00:31.781Z",
"Row15_5",8302,4,,"card",89,,,,"E. Hajsafi",1,,,16836,,,,,,,"yellow",,,,,"2026-06-16T09:00:31.781Z",
"Row15_6",8302,5,,"substitution",80,,,,,1,,,,,"A. Hosseinzadeh","M. Taremi",55326,3487,,,,,,,"2026-06-16T09:00:31.781Z",
"Row15_7",8302,6,,"substitution",78,,,,,0,,,,,"C. Elliot","T. Payne",59660,55974,,,,,,,"2026-06-16T09:00:31.781Z",
"Row15_8",8302,7,,"substitution",68,,,,,0,,,,,"R. Thomas","C. McCowatt",5330,29409,,,,,,,"2026-06-16T09:00:31.781Z",
"Row15_9",8302,8,,"substitution",68,,,,,0,,,,,"B. Old","L. Cacace",29212,6946,,,,,,,"2026-06-16T09:00:31.781Z",
"Row15_10",8302,9,,"substitution",65,,,,,1,,,,,"E. Hajsafi","S. Ghoddos",16836,16833,,,,,,,"2026-06-16T09:00:31.781Z",
"Row15_11",8302,10,,"goal",64,2,2,"R. Rezaeian","M. Mohebi",1,,"regular",16834,,,,,,,,,,,,"2026-06-16T09:00:31.781Z",
"Row15_12",8302,11,,"goal",54,2,1,"C. Wood","E. Just",0,,"regular",5955,,,,,,,,,,,,"2026-06-16T09:00:31.781Z",
"Row15_13",8302,12,,"substitution",53,,,,,1,,,,,"A. Alipourghara","S. Moghanlou",21423,55325,,,,,,,"2026-06-16T09:00:31.781Z",
"Row15_14",8302,13,,"substitution",46,,,,,1,,,,,"M. Ghayedi","A. Yousefi",55770,16828,,,,,,,"2026-06-16T09:00:31.781Z",
"Row15_15",8302,14,,"period",45,1,1,,,,,,,,,,,,,,,,,"HT","2026-06-16T09:00:31.781Z",0
"Row15_16",8302,15,,"injuryTime",45,,,,,,,,,,,,,,6,,,,,,"2026-06-16T09:00:31.781Z",
"Row15_17",8302,16,,"goal",32,1,1,"S. Moghanlou","R. Rezaeian",1,,"regular",16838,,,,,,,,,,,,"2026-06-16T09:00:31.781Z",
"Row15_18",8302,17,,"goal",7,1,0,"C. Wood","E. Just",0,,"regular",5955,,,,,,,,,,,,"2026-06-16T09:00:31.781Z",
"Row14_1",8301,0,,"period",90,1,1,,,,,,,,,,,,,,,,,"Second half","2026-06-16T06:00:31.591Z",0
"Row14_2",8301,1,,"substitution",90,,,,,1,,,,2,"A. Al-Hejji","F. Al-Buraikan",8308,8122,,,,,,,"2026-06-16T06:00:31.591Z",
"Row14_3",8301,2,,"substitution",90,,,,,1,,,,2,"A. Al-Hamdan","M. Al-Harbi",8256,8252,,,,,,,"2026-06-16T06:00:31.591Z",
"Row14_4",8301,3,,"substitution",90,,,,,1,,,,2,"A. Lajami","S. Abdulhamid",8288,1418,,,,,,,"2026-06-16T06:00:31.591Z",
"Row14_5",8301,4,,"substitution",90,,,,,0,,,,,"R. Aguirre","F. Viñas",10112,1973,,,,,,,"2026-06-16T06:00:31.591Z",
"Row14_6",8301,5,,"injuryTime",90,,,,,,,,,,,,,,7,,,,,,"2026-06-16T06:00:31.591Z",
"Row14_7",8301,6,,"substitution",81,,,,,1,,,,,"N. Boushal","M. A. Al-Shamat",7882,8131,,,,,,,"2026-06-16T06:00:31.591Z",
"Row14_8",8301,7,,"substitution",81,,,,,0,,,,,"B. Rodríguez","M. Araújo",10110,1215,,,,,,,"2026-06-16T06:00:31.591Z",
"Row14_9",8301,8,,"goal",80,1,1,,"M. Araújo",0,,"regular",1215,,,,,,,,,,,,"2026-06-16T06:00:31.591Z",
"Row14_10",8301,9,,"substitution",72,,,,,0,,,,,"N. De la Cruz","M. Ugarte",61,1806,,,,,,,"2026-06-16T06:00:31.591Z",
"Row14_11",8301,10,,"substitution",63,,,,,1,,,,,"N. Al-Dawsari","M. A. Juwayr",7991,8139,,,,,,,"2026-06-16T06:00:31.591Z",
"Row14_12",8301,11,,"substitution",46,,,,,0,,,,,"A. Canobbio","D. Núñez",2908,8000,,,,,,,"2026-06-16T06:00:31.591Z",
"Row14_13",8301,12,,"substitution",46,,,,,0,,,,,"J. Sanabria","M. Viña",10229,3968,,,,,,,"2026-06-16T06:00:31.591Z",
"Row14_14",8301,13,,"period",45,0,1,,,,,,,,,,,,,,,,,"HT","2026-06-16T06:00:31.591Z",0
"Row14_15",8301,14,,"injuryTime",45,,,,,,,,,,,,,,4,,,,,,"2026-06-16T06:00:31.591Z",
"Row14_16",8301,15,,"card",44,,,,"A. Al-Amri",1,,,7886,,,,,,,"yellow",,,,,"2026-06-16T06:00:31.591Z",
"Row14_17",8301,16,,"goal",41,0,1,,"A. Al-Amri",1,,"regular",7886,,,,,,,,,,,,"2026-06-16T06:00:31.591Z",
"Row13_1",8300,0,,"period",90,1,1,,,,,,,,,,,,,,,,,"FT","2026-06-16T03:00:31.332Z",0
"Row13_2",8300,1,,"injuryTime",90,,,,,,,,,,,,,,5,,,,,,"2026-06-16T03:00:31.332Z",
"Row13_3",8300,2,,"substitution",88,,,,,0,,,,,"K. Hafez","A. Aboul-Fetouh",14728,15374,,,,,,,"2026-06-16T03:00:31.332Z",
"Row13_4",8300,3,,"substitution",88,,,,,0,,,,,"I. Adel","H. Fathy",15358,15354,,,,,,,"2026-06-16T03:00:31.332Z",
"Row13_5",8300,4,,"substitution",86,,,,,1,,,,,"H. Vanaken","K. De Bruyne",3542,4374,,,,,,,"2026-06-16T03:00:31.332Z",
"Row13_6",8300,5,,"substitution",86,,,,,1,,,,,"M. Fernandez","J. Doku",1464,853,,,,,,,"2026-06-16T03:00:31.332Z",
"Row13_7",8300,6,,"substitution",76,,,,,0,,,,,"H. Abdelkarim","M. Salah",15835,333,,,,,,,"2026-06-16T03:00:31.332Z",
"Row13_8",8300,7,,"substitution",76,,,,,0,,,,,"Zizo","M. Ziko",14682,14729,,,,,,,"2026-06-16T03:00:31.332Z",
"Row13_9",8300,8,,"card",75,,,,"M. De Cuyper",1,,,491,,,,,,,"yellow",,,,,"2026-06-16T03:00:31.332Z",
"Row13_10",8300,9,,"substitution",71,,,,,0,,,,,"R. Rabia","E. Ashour",15355,14683,,,,,,,"2026-06-16T03:00:31.332Z",
"Row13_11",8300,10,,"goal",67,1,1,,"M. Hany",1,,"ownGoal",14676,,,,,,,,,,,,"2026-06-16T03:00:31.332Z",
"Row13_12",8300,11,,"substitution",66,,,,,1,,,,,"R. Lukaku","C. De Ketelaere",8676,1305,,,,,,,"2026-06-16T03:00:31.332Z",
"Row13_13",8300,12,,"substitution",56,,,,,1,,,,,"N. Raskin","A. Onana",3015,508,,,,,,,"2026-06-16T03:00:31.332Z",
"Row13_14",8300,13,,"substitution",56,,,,,1,,,,,"M. De Cuyper","T. Castagne",491,834,,,,,,,"2026-06-16T03:00:31.332Z",
"Row13_15",8300,14,,"period",45,1,0,,,,,,,,,,,,,,,,,"HT","2026-06-16T03:00:31.332Z",0
"Row13_16",8300,15,,"injuryTime",45,,,,,,,,,,,,,,4,,,,,,"2026-06-16T03:00:31.332Z",
"Row13_17",8300,16,,"card",34,,,,"A. Aboul-Fetouh",0,,,15374,,,,,,,"yellow",,,,,"2026-06-16T03:00:31.332Z",
"Row13_18",8300,17,,"goal",20,1,0,"M. Salah","E. Ashour",0,,"regular",14683,,,,,,,,,,,,"2026-06-16T03:00:31.332Z",
"Row13_19",8300,18,,"card",14,,,,"T. Castagne",1,,,834,,,,,,,"yellow",,,,,"2026-06-16T03:00:31.332Z",
"Row13_20",8300,19,,"card",13,,,,"M. Attia",0,,,14681,,,,,,,"yellow",,,,,"2026-06-16T03:00:31.332Z",
"Row12_1",8299,0,,"period",90,0,0,,,,,,,,,,,,,,,,,"FT","2026-06-16T00:00:31.699Z",0
"Row12_2",8299,1,,"card",90,,,,"Pedri",1,,,744,3,,,,,,"yellow",,,,,"2026-06-16T00:00:31.699Z",
"Row12_3",8299,2,,"injuryTime",90,,,,,,,,,,,,,,5,,,,,,"2026-06-16T00:00:31.699Z",
"Row12_4",8299,3,,"substitution",87,,,,,1,,,,,"N. Williams","Rodri",571,4267,,,,,,,"2026-06-16T00:00:31.699Z",
"Row12_5",8299,4,,"substitution",81,,,,,1,,,,,"D. Olmo","F. Torres",746,749,,,,,,,"2026-06-16T00:00:31.699Z",
"Row12_6",8299,5,,"substitution",79,,,,,0,,,,,"T. Arcanjo","J. Monteiro",2701,5331,,,,,,,"2026-06-16T00:00:31.699Z",
"Row12_7",8299,6,,"substitution",76,,,,,0,,,,,"J. Paulo","S. L. Cabral",11206,1235,,,,,,,"2026-06-16T00:00:31.699Z",
"Row12_8",8299,7,,"substitution",71,,,,,1,,,,,"M. Merino","F. Ruiz",451,2249,,,,,,,"2026-06-16T00:00:31.699Z",
"Row12_9",8299,8,,"substitution",71,,,,,1,,,,,"L. Yamal","Gavi",745,4900,,,,,,,"2026-06-16T00:00:31.699Z",
"Row12_10",8299,9,,"substitution",61,,,,,0,,,,,"D. Duarte","L. Duarte",3314,22077,,,,,,,"2026-06-16T00:00:31.699Z",
"Row12_11",8299,10,,"substitution",61,,,,,0,,,,,"N. Da Costa","D. R. Livramento",6645,2276,,,,,,,"2026-06-16T00:00:31.699Z",
"Row12_12",8299,11,,"substitution",61,,,,,0,,,,,"W. Semedo","J. Cabral",22075,1241,,,,,,,"2026-06-16T00:00:31.699Z",
"Row12_13",8299,12,,"period",45,0,0,,,,,,,,,,,,,,,,,"HT","2026-06-16T00:00:31.699Z",0
"Row12_14",8299,13,,"injuryTime",45,,,,,,,,,,,,,,4,,,,,,"2026-06-16T00:00:31.699Z",
"Row12_15",8299,14,,"card",16,,,,"S. L. Cabral",0,,,1235,,,,,,,"yellow",,,,,"2026-06-16T00:00:31.699Z",
"Row11_1",8298,0,,"period",90,1,5,,,,,,,,,,,,,,,,,"FT","2026-06-15T10:00:31.141Z",0
"Row11_2",8298,1,,"goal",90,1,5,"L. Bergvall","Y. Ayari",1,,"regular",1632,6,,,,,,,,,,,"2026-06-15T10:00:31.141Z",
"Row11_3",8298,2,,"substitution",90,,,,,1,,,,1,"D. Svensson","A. Bernhardsson",2162,28070,,,,,,,"2026-06-15T10:00:31.141Z",
"Row11_4",8298,3,,"substitution",90,,,,,1,,,,1,"A. Elanga","A. Isak",710,332,,,,,,,"2026-06-15T10:00:31.141Z",
"Row11_5",8298,4,,"injuryTime",90,,,,,,,,,,,,,,6,,,,,,"2026-06-15T10:00:31.141Z",
"Row11_6",8298,5,,"varDecision",86,,,,"M. Svanberg",1,,,1377,,,,,,,,"goalNotAwarded",0,,,"2026-06-15T10:00:31.141Z",
"Row11_7",8298,6,,"goal",84,1,4,"A. Isak","M. Svanberg",1,,"regular",1377,,,,,,,,,,,,"2026-06-15T10:00:31.141Z",
"Row11_8",8298,7,,"substitution",84,,,,,1,,,,,"M. Svanberg","J. Karlström",1377,2568,,,,,,,"2026-06-15T10:00:31.141Z",
"Row11_9",8298,8,,"substitution",84,,,,,0,,,,,"F. Chaouat","A. B. Slimane",15493,6399,,,,,,,"2026-06-15T10:00:31.141Z",
"Row11_10",8298,9,,"substitution",83,,,,,0,,,,,"I. Gharbi","R. Khedira",3913,2421,,,,,,,"2026-06-15T10:00:31.141Z",
"Row11_11",8298,10,,"substitution",72,,,,,0,,,,,"M. H. Mahmoud","Y. Valery",7592,6781,,,,,,,"2026-06-15T10:00:31.141Z",
"Row11_12",8298,11,,"substitution",72,,,,,0,,,,,"S. Tounekti","E. Saad",3396,2415,,,,,,,"2026-06-15T10:00:31.141Z",
"Row11_13",8298,12,,"substitution",72,,,,,0,,,,,"E. Achouri","E. Skhiri",4243,1352,,,,,,,"2026-06-15T10:00:31.141Z",
"Row11_14",8298,13,,"substitution",65,,,,,1,,,,,"L. Bergvall","B. Nygren",726,3394,,,,,,,"2026-06-15T10:00:31.141Z",
"Row11_15",8298,14,,"substitution",65,,,,,1,,,,,"E. Stroud","G. Gudmundsson",16077,370,,,,,,,"2026-06-15T10:00:31.141Z",
"Row11_16",8298,15,,"goal",59,1,3,"A. Isak","V. Gyökeres",1,,"regular",456,,,,,,,,,,,,"2026-06-15T10:00:31.141Z",
"Row11_17",8298,16,,"card",54,,,,"R. Khedira",0,,,2421,,,,,,,"yellow",,,,,"2026-06-15T10:00:31.141Z",
"Row11_18",8298,17,,"period",45,1,2,,,,,,,,,,,,,,,,,"HT","2026-06-15T10:00:31.141Z",0
"Row11_19",8298,18,,"injuryTime",45,,,,,,,,,,,,,,4,,,,,,"2026-06-15T10:00:31.141Z",
"Row11_20",8298,19,,"goal",43,1,2,"H. Mejbri","O. Rekik",0,,"regular",17112,,,,,,,,,,,,"2026-06-15T10:00:31.141Z",
"Row11_21",8298,20,,"goal",30,0,2,"V. Gyökeres","A. Isak",1,,"regular",332,,,,,,,,,,,,"2026-06-15T10:00:31.141Z",
"Row11_22",8298,21,,"goal",7,0,1,,"Y. Ayari",1,,"regular",1632,,,,,,,,,,,,"2026-06-15T10:00:31.141Z",
"Row10_1",8297,0,,"period",90,0,1,,,,,,,,,,,,,,,,,"FT","2026-06-15T07:00:30.900Z",0
"Row10_2",8297,1,,"goal",90,0,1,"W. Singo","A. Diallo",1,"[ {
  ""end"" : {
    ""x"" : 7.5,
    ""y"" : 49.4
  },
  ""pid"" : 524,
  ""pos"" : {
    ""x"" : 22.3,
    ""y"" : 74.8
  },
  ""event"" : ""pass"",
  ""player"" : ""E. Agbadou""
}, {
  ""end"" : {
    ""x"" : 34.7,
    ""y"" : 10
  },
  ""pid"" : 6738,
  ""pos"" : {
    ""x"" : 8.2,
    ""y"" : 47
  },
  ""event"" : ""pass"",
  ""player"" : ""Y. Fofana""
}, {
  ""end"" : {
    ""x"" : 85.9,
    ""y"" : 46.4
  },
  ""pid"" : 4214,
  ""pos"" : {
    ""x"" : 34.7,
    ""y"" : 10
  },
  ""event"" : ""ball-movement"",
  ""player"" : ""W. Singo""
}, {
  ""end"" : {
    ""x"" : 85.9,
    ""y"" : 46.4
  },
  ""pid"" : 4214,
  ""pos"" : {
    ""x"" : 84.9,
    ""y"" : 23.1
  },
  ""event"" : ""pass"",
  ""assist"" : true,
  ""player"" : ""W. Singo""
}, {
  ""gk"" : {
    ""x"" : 97.5,
    ""y"" : 48
  },
  ""gm"" : {
    ""x"" : 26.34,
    ""y"" : 90.5
  },
  ""pid"" : 1792,
  ""pos"" : {
    ""x"" : 85,
    ""y"" : 47.2
  },
  ""body"" : ""left-foot"",
  ""event"" : ""goal"",
  ""player"" : ""A. Diallo""
} ]","regular",1792,,,,,,,,,,,,"2026-06-15T07:00:30.900Z",
"Row10_3",8297,2,,"injuryTime",90,,,,,,,,,,,,,,7,,,,,,"2026-06-15T07:00:30.900Z",
"Row10_4",8297,3,,"substitution",89,,,,,1,,,,,"O. Kossounou","G. Doué",1298,1702,,,,,,,"2026-06-15T07:00:30.900Z",
"Row10_5",8297,4,,"substitution",77,,,,,0,,,,,"K. Rodríguez","E. Valencia",3755,4754,,,,,,,"2026-06-15T07:00:30.900Z",
"Row10_6",8297,5,,"substitution",77,,,,,1,,,,,"C. I. Oulaï","N. Pépé",6614,1786,,,,,,,"2026-06-15T07:00:30.900Z",
"Row10_7",8297,6,,"substitution",77,,,,,1,,,,,"I. Sangaré","S. Fofana",547,4130,,,,,,,"2026-06-15T07:00:30.900Z",
"Row10_8",8297,7,,"card",73,,,,"J. Porozo",0,,,10286,,,,,,,"yellow",,,,,"2026-06-15T07:00:30.900Z",
"Row10_9",8297,8,,"substitution",62,,,,,0,,,,,"Á. Preciado","J. Yeboah",12202,16888,,,,,,,"2026-06-15T07:00:30.900Z",
"Row10_10",8297,9,,"substitution",62,,,,,0,,,,,"J. Porozo","A. Franco",10286,7,,,,,,,"2026-06-15T07:00:30.900Z",
"Row10_11",8297,10,,"substitution",56,,,,,1,,,,,"A. Diallo","B. Touré",1792,2385,,,,,,,"2026-06-15T07:00:30.900Z",
"Row10_12",8297,11,,"substitution",56,,,,,1,,,,,"A. Bonny","E. Wahi",3468,3527,,,,,,,"2026-06-15T07:00:30.900Z",
"Row10_13",8297,12,,"substitution",56,,,,,0,,,,,"N. Angulo","A. Minda",7347,7284,,,,,,,"2026-06-15T07:00:30.900Z",
"Row10_14",8297,13,,"period",45,0,0,,,,,,,,,,,,,,,,,"HT","2026-06-15T07:00:30.900Z",0
"Row10_15",8297,14,,"injuryTime",45,,,,,,,,,,,,,,4,,,,,,"2026-06-15T07:00:30.900Z",
"Row10_16",8297,15,,"card",40,,,,"G. Doué",1,,,1702,,,,,,,"yellow",,,,,"2026-06-15T07:00:30.900Z",
"Row10_17",8297,16,,"card",38,,,,"F. Kessié",1,,,8117,,,,,,,"yellow",,,,,"2026-06-15T07:00:30.900Z",
"Row10_18",8297,17,,"card",28,,,,"S. Fofana",1,,,4130,,,,,,,"yellow",,,,,"2026-06-15T07:00:30.900Z",
"Row9_1",8296,0,,"period",90,2,2,,,,,,,,,,,,,,,,,"FT","2026-06-15T04:00:30.772Z",0
"Row9_2",8296,1,,"card",90,,,,"M. van de Ven",1,,,736,1,,,,,,"yellow",,,,,"2026-06-15T04:00:30.772Z",
"Row9_3",8296,2,,"injuryTime",90,,,,,,,,,,,,,,6,,,,,,"2026-06-15T04:00:30.772Z",
"Row9_4",8296,3,,"goal",89,2,2,"K. Ogawa","D. Kamada",0,,"regular",430,,,,,,,,,,,,"2026-06-15T04:00:30.772Z",
"Row9_5",8296,4,,"substitution",85,,,,,1,,,,,"B. Brobbey","C. Gakpo",352,331,,,,,,,"2026-06-15T04:00:30.772Z",
"Row9_6",8296,5,,"substitution",84,,,,,0,,,,,"K. Shiogai","A. Ueda",5459,3369,,,,,,,"2026-06-15T04:00:30.772Z",
"Row9_7",8296,6,,"card",83,,,,"M. Depay",1,,,3940,,,,,,,"yellow",,,,,"2026-06-15T04:00:30.772Z",
"Row9_8",8296,7,,"substitution",81,,,,,1,,,,,"N. Aké","R. Gravenberch",857,327,,,,,,,"2026-06-15T04:00:30.772Z",
"Row9_9",8296,8,,"substitution",75,,,,,0,,,,,"K. Ogawa","T. Kubo",5458,1748,,,,,,,"2026-06-15T04:00:30.772Z",
"Row9_10",8296,9,,"substitution",75,,,,,0,,,,,"T. Tomiyasu","R. Doan",8740,1353,,,,,,,"2026-06-15T04:00:30.772Z",
"Row9_11",8296,10,,"substitution",75,,,,,0,,,,,"Y. Sugawara","T. Watanabe",2497,3363,,,,,,,"2026-06-15T04:00:30.772Z",
"Row9_12",8296,11,,"substitution",70,,,,,1,,,,,"T. Koopmeiners","T. Reijnders",2178,850,,,,,,,"2026-06-15T04:00:30.772Z",
"Row9_13",8296,12,,"substitution",70,,,,,1,,,,,"Q. Timber","C. Summerville",3373,4092,,,,,,,"2026-06-15T04:00:30.772Z",
"Row9_14",8296,13,,"substitution",70,,,,,1,,,,,"M. Depay","D. Malen",3940,515,,,,,,,"2026-06-15T04:00:30.772Z",
"Row9_15",8296,14,,"substitution",66,,,,,0,,,,,"J. Ito","D. Maeda",4564,3393,,,,,,,"2026-06-15T04:00:30.772Z",
"Row9_16",8296,15,,"goal",64,1,2,"R. Gravenberch","C. Summerville",1,,"regular",4092,,,,,,,,,,,,"2026-06-15T04:00:30.772Z",
"Row9_17",8296,16,,"card",61,,,,"C. Summerville",1,,,4092,,,,,,,"yellow",,,,,"2026-06-15T04:00:30.772Z",
"Row9_18",8296,17,,"goal",57,1,1,"T. Kubo","K. Nakamura",0,,"regular",16971,,,,,,,,,,,,"2026-06-15T04:00:30.772Z",
"Row9_19",8296,18,,"goal",51,0,1,"R. Gravenberch","V. van Dijk",1,,"regular",325,,,,,,,,,,,,"2026-06-15T04:00:30.772Z",
"Row9_20",8296,19,,"period",45,0,0,,,,,,,,,,,,,,,,,"HT","2026-06-15T04:00:30.772Z",0
"Row9_21",8296,20,,"injuryTime",45,,,,,,,,,,,,,,3,,,,,,"2026-06-15T04:00:30.772Z",
"Row8_1",8295,0,,"period",90,1,7,,,,,,,,,,,,,,,,,"FT","2026-06-15T01:00:30.647Z",0
"Row8_2",8295,1,,"injuryTime",90,,,,,,,,,,,,,,5,,,,,,"2026-06-15T01:00:30.647Z",
"Row8_3",8295,2,,"goal",88,1,7,"D. Undav","K. Havertz",1,,"regular",4941,,,,,,,,,,,,"2026-06-15T01:00:30.647Z",
"Row8_4",8295,3,,"substitution",83,,,,,1,,,,,"W. Anton","J. Kimmich",2157,2461,,,,,,,"2026-06-15T01:00:30.647Z",
"Row8_5",8295,4,,"substitution",83,,,,,0,,,,,"G. Kastaneer","T. Chong",22229,6073,,,,,,,"2026-06-15T01:00:30.647Z",
"Row8_6",8295,5,,"goal",78,1,6,"J. Kimmich","D. Undav",1,,"regular",1620,,,,,,,,,,,,"2026-06-15T01:00:30.647Z",
"Row8_7",8295,6,,"substitution",73,,,,,1,,,,,"D. Raum","N. Brown",2891,1350,,,,,,,"2026-06-15T01:00:30.647Z",
"Row8_8",8295,7,,"substitution",73,,,,,1,,,,,"A. Rüdiger","J. Tah",588,2459,,,,,,,"2026-06-15T01:00:30.647Z",
"Row8_9",8295,8,,"substitution",73,,,,,1,,,,,"L. Goretzka","F. Nmecha",2470,2160,,,,,,,"2026-06-15T01:00:30.647Z",
"Row8_10",8295,9,,"goal",68,1,5,"D. Undav","N. Brown",1,,"regular",1350,,,,,,,,,,,,"2026-06-15T01:00:30.647Z",
"Row8_11",8295,10,,"substitution",64,,,,,0,,,,,"J. Margaritha","J. Locadia",22233,22227,,,,,,,"2026-06-15T01:00:30.647Z",
"Row8_12",8295,11,,"substitution",64,,,,,1,,,,,"D. Undav","J. Musiala",1620,8564,,,,,,,"2026-06-15T01:00:30.647Z",
"Row8_13",8295,12,,"goal",47,1,4,"J. Kimmich","J. Musiala",1,,"regular",8564,,,,,,,,,,,,"2026-06-15T01:00:30.647Z",
"Row8_14",8295,13,,"substitution",46,,,,,0,,,,,"J. Antonisse","S. Hansen",11253,5631,,,,,,,"2026-06-15T01:00:30.647Z",
"Row8_15",8295,14,,"period",45,1,3,,,,,,,,,,,,,,,,,"HT","2026-06-15T01:00:30.647Z",0
"Row8_16",8295,15,,"goal",45,1,3,,"K. Havertz",1,,"penalty",4941,5,,,,,,,,,,,"2026-06-15T01:00:30.647Z",
"Row8_17",8295,16,,"injuryTime",45,,,,,,,,,,,,,,4,,,,,,"2026-06-15T01:00:30.647Z",
"Row8_18",8295,17,,"goal",38,1,2,"N. Brown","N. Schlotterbeck",1,,"regular",2158,,,,,,,,,,,,"2026-06-15T01:00:30.647Z",
"Row8_19",8295,18,,"goal",21,1,1,,"L. Comenencia",0,,"regular",7715,,,,,,,,,,,,"2026-06-15T01:00:30.647Z",
"Row8_20",8295,19,,"goal",6,0,1,"F. Wirtz","F. Nmecha",1,,"regular",2160,,,,,,,,,,,,"2026-06-15T01:00:30.647Z",
"Row7_1",8291,0,,"period",90,0,2,,,,,,,,,,,,,,,,,"FT","2026-06-14T12:00:30.356Z",0
"Row7_2",8291,1,,"injuryTime",90,,,,,,,,,,,,,,6,,,,,,"2026-06-14T12:00:30.356Z",
"Row7_3",8291,2,,"card",86,,,,"Y. Akgün",0,,,4435,,,,,,,"yellow",,,,,"2026-06-14T12:00:30.356Z",
"Row7_4",8291,3,,"substitution",85,,,,,0,,,,,"D. Gül","K. Aktürkoğlu",3449,3415,,,,,,,"2026-06-14T12:00:30.356Z",
"Row7_5",8291,4,,"substitution",84,,,,,1,,,,,"A. Behich","J. Bos",55294,4396,,,,,,,"2026-06-14T12:00:30.356Z",
"Row7_6",8291,5,,"substitution",84,,,,,1,,,,,"J. Irvine","P. Okon-Engstler",2484,58823,,,,,,,"2026-06-14T12:00:30.356Z",
"Row7_7",8291,6,,"substitution",81,,,,,0,,,,,"S. Özcan","İ. Yüksek",3916,4172,,,,,,,"2026-06-14T12:00:30.356Z",
"Row7_8",8291,7,,"substitution",81,,,,,0,,,,,"M. Müldür","Z. Çelik",3420,1062,,,,,,,"2026-06-14T12:00:30.356Z",
"Row7_9",8291,8,,"goal",75,0,2,,"C. Metcalfe",1,,"regular",2490,,,,,,,,,,,,"2026-06-14T12:00:30.356Z",
"Row7_10",8291,9,,"substitution",74,,,,,1,,,,,"T. Yengi","M. Touré",5936,8991,,,,,,,"2026-06-14T12:00:30.356Z",
"Row7_11",8291,10,,"substitution",74,,,,,1,,,,,"J. Geria","J. Italiano",42887,30894,,,,,,,"2026-06-14T12:00:30.356Z",
"Row7_12",8291,11,,"substitution",62,,,,,0,,,,,"Y. Akgün","O. Kökçü",4435,5835,,,,,,,"2026-06-14T12:00:30.356Z",
"Row7_13",8291,12,,"substitution",61,,,,,1,,,,,"N. Velupillay","N. Irankunda",55793,6040,,,,,,,"2026-06-14T12:00:30.356Z",
"Row7_14",8291,13,,"substitution",46,,,,,0,,,,,"K. Yıldız","B. A. Yılmaz",2184,3734,,,,,,,"2026-06-14T12:00:30.356Z",
"Row7_15",8291,14,,"period",45,0,1,,,,,,,,,,,,,,,,,"HT","2026-06-14T12:00:30.356Z",0
"Row7_16",8291,15,,"injuryTime",45,,,,,,,,,,,,,,4,,,,,,"2026-06-14T12:00:30.356Z",
"Row7_17",8291,16,,"goal",27,0,1,"P. Okon-Engstler","N. Irankunda",1,,"regular",6040,,,,,,,,,,,,"2026-06-14T12:00:30.356Z",
"Row6_1",8294,0,,"period",90,1,0,,,,,,,,,,,,,,,,,"FT","2026-06-14T09:00:30.145Z",0
"Row6_2",8294,1,,"card",90,,,,"K. McLean",0,,,6386,5,,,,,,"yellow",,,,,"2026-06-14T09:00:30.145Z",
"Row6_3",8294,2,,"card",90,,,,"F. Curtis",0,,,3029,1,,,,,,"yellow",,,,,"2026-06-14T09:00:30.145Z",
"Row6_4",8294,3,,"injuryTime",90,,,,,,,,,,,,,,6,,,,,,"2026-06-14T09:00:30.145Z",
"Row6_5",8294,4,,"substitution",85,,,,,1,,,,,"Y. Fortune","R. Providence",17098,17101,,,,,,,"2026-06-14T09:00:30.145Z",
"Row6_6",8294,5,,"substitution",83,,,,,0,,,,,"K. McLean","L. Shankland",6386,5774,,,,,,,"2026-06-14T09:00:30.145Z",
"Row6_7",8294,6,,"substitution",83,,,,,0,,,,,"F. Curtis","J. McGinn",3029,510,,,,,,,"2026-06-14T09:00:30.145Z",
"Row6_8",8294,7,,"substitution",76,,,,,1,,,,,"L. Joseph","W. Isidor",3439,353,,,,,,,"2026-06-14T09:00:30.145Z",
"Row6_9",8294,8,,"substitution",75,,,,,0,,,,,"N. Patterson","A. Hickey",818,2373,,,,,,,"2026-06-14T09:00:30.145Z",
"Row6_10",8294,9,,"substitution",75,,,,,0,,,,,"L. Dykes","C. Adams",6100,1843,,,,,,,"2026-06-14T09:00:30.145Z",
"Row6_11",8294,10,,"substitution",75,,,,,0,,,,,"R. Christie","B. Doak",3900,4027,,,,,,,"2026-06-14T09:00:30.145Z",
"Row6_12",8294,11,,"substitution",61,,,,,1,,,,,"J. Casimir","L. D. Deedson",2103,9717,,,,,,,"2026-06-14T09:00:30.145Z",
"Row6_13",8294,12,,"card",46,,,,"A. Hickey",0,,,2373,,,,,,,"yellow",,,,,"2026-06-14T09:00:30.145Z",
"Row6_14",8294,13,,"period",45,1,0,,,,,,,,,,,,,,,,,"HT","2026-06-14T09:00:30.145Z",0
"Row6_15",8294,14,,"injuryTime",45,,,,,,,,,,,,,,4,,,,,,"2026-06-14T09:00:30.145Z",
"Row6_16",8294,15,,"card",39,,,,"J. Bellegarde",1,,,532,,,,,,,"yellow",,,,,"2026-06-14T09:00:30.145Z",
"Row6_17",8294,16,,"goal",28,1,0,,"J. McGinn",0,"[ {
  ""gm"" : {
    ""x"" : 65.59,
    ""y"" : 96.83
  },
  ""pid"" : 1843,
  ""pos"" : {
    ""x"" : 3.6,
    ""y"" : 53.3
  },
  ""event"" : ""save"",
  ""player"" : ""C. Adams""
}, {
  ""gk"" : {
    ""x"" : 2,
    ""y"" : 51.3
  },
  ""gm"" : {
    ""x"" : 53.23,
    ""y"" : 58.83
  },
  ""pid"" : 510,
  ""pos"" : {
    ""x"" : 14.2,
    ""y"" : 51.7
  },
  ""body"" : ""left-foot"",
  ""event"" : ""goal"",
  ""player"" : ""J. McGinn""
} ]","regular",510,,,,,,,,,,,,"2026-06-14T09:00:30.145Z",
"Row5_1",8293,0,,"period",90,1,1,,,,,,,,,,,,,,,,,"FT","2026-06-14T06:00:30.240Z",0
"Row5_2",8293,1,,"injuryTime",90,,,,,,,,,,,,,,10,,,,,,"2026-06-14T06:00:30.240Z",
"Row5_3",8293,2,,"substitution",89,,,,,0,,,,,"S. Rahimi","I. Saibari",15371,3511,,,,,,,"2026-06-14T06:00:30.240Z",
"Row5_4",8293,3,,"varDecision",82,,,,"M. Cunha",1,,,4119,,,,,,,,"review",0,,,"2026-06-14T06:00:30.240Z",
"Row5_5",8293,4,,"substitution",80,,,,,1,,,,,"D. Santos","B. Guimarães",3877,709,,,,,,,"2026-06-14T06:00:30.240Z",
"Row5_6",8293,5,,"substitution",80,,,,,0,,,,,"A. Salah-Eddine","N. Mazraoui",3506,1799,,,,,,,"2026-06-14T06:00:30.240Z",
"Row5_7",8293,6,,"substitution",80,,,,,0,,,,,"A. Amaimouni Echghouyab","B. E. Khannouss",8503,1619,,,,,,,"2026-06-14T06:00:30.240Z",
"Row5_8",8293,7,,"substitution",65,,,,,0,,,,,"C. Talbi","B. Díaz",350,598,,,,,,,"2026-06-14T06:00:30.240Z",
"Row5_9",8293,8,,"substitution",65,,,,,0,,,,,"S. E. Mourabet","A. Ounahi",1706,1044,,,,,,,"2026-06-14T06:00:30.240Z",
"Row5_10",8293,9,,"substitution",62,,,,,1,,,,,"L. Henrique","I. Thiago",16393,473,,,,,,,"2026-06-14T06:00:30.240Z",
"Row5_11",8293,10,,"substitution",61,,,,,1,,,,,"M. Cunha","L. Paquetá",4119,1642,,,,,,,"2026-06-14T06:00:30.240Z",
"Row5_12",8293,11,,"substitution",46,,,,,1,,,,,"Fabinho","Casemiro",8156,1793,,,,,,,"2026-06-14T06:00:30.240Z",
"Row5_13",8293,12,,"substitution",46,,,,,1,,,,,"Danilo","R. Ibañez",49,8113,,,,,,,"2026-06-14T06:00:30.240Z",
"Row5_14",8293,13,,"period",45,1,1,,,,,,,,,,,,,,,,,"HT","2026-06-14T06:00:30.240Z",0
"Row5_15",8293,14,,"injuryTime",45,,,,,,,,,,,,,,4,,,,,,"2026-06-14T06:00:30.240Z",
"Row5_16",8293,15,,"card",43,,,,"R. Ibañez",1,,,8113,,,,,,,"yellow",,,,,"2026-06-14T06:00:30.240Z",
"Row5_17",8293,16,,"card",37,,,,"Casemiro",1,,,1793,,,,,,,"yellow",,,,,"2026-06-14T06:00:30.240Z",
"Row5_18",8293,17,,"goal",32,1,1,"B. Guimarães","Vinícius Jr.",1,"[ {
  ""end"" : {
    ""x"" : 56.3,
    ""y"" : 83.4
  },
  ""pid"" : 16392,
  ""pos"" : {
    ""x"" : 28.3,
    ""y"" : 79.6
  },
  ""event"" : ""pass"",
  ""player"" : ""D. Santos""
}, {
  ""end"" : {
    ""x"" : 71.6,
    ""y"" : 87.3
  },
  ""pid"" : 1642,
  ""pos"" : {
    ""x"" : 58.2,
    ""y"" : 84.4
  },
  ""event"" : ""pass"",
  ""player"" : ""L. Paquetá""
}, {
  ""end"" : {
    ""x"" : 78.9,
    ""y"" : 64.8
  },
  ""pid"" : 595,
  ""pos"" : {
    ""x"" : 71.6,
    ""y"" : 87.3
  },
  ""event"" : ""ball-movement"",
  ""player"" : ""Vinícius Jr.""
}, {
  ""end"" : {
    ""x"" : 78.9,
    ""y"" : 64.8
  },
  ""pid"" : 595,
  ""pos"" : {
    ""x"" : 84.4,
    ""y"" : 78
  },
  ""event"" : ""pass"",
  ""player"" : ""Vinícius Jr.""
}, {
  ""end"" : {
    ""x"" : 92.7,
    ""y"" : 80.2
  },
  ""pid"" : 709,
  ""pos"" : {
    ""x"" : 81.6,
    ""y"" : 67
  },
  ""event"" : ""pass"",
  ""assist"" : true,
  ""player"" : ""B. Guimarães""
}, {
  ""gk"" : {
    ""x"" : 98.6,
    ""y"" : 54.7
  },
  ""gm"" : {
    ""x"" : 65.59,
    ""y"" : 63
  },
  ""pid"" : 595,
  ""pos"" : {
    ""x"" : 92.3,
    ""y"" : 66.4
  },
  ""body"" : ""right-foot"",
  ""event"" : ""goal"",
  ""player"" : ""Vinícius Jr.""
} ]","regular",595,,,,,,,,,,,,"2026-06-14T06:00:30.240Z",
"Row5_19",8293,18,,"goal",21,1,0,"B. Díaz","I. Saibari",0,"[ {
  ""end"" : {
    ""x"" : 55.7,
    ""y"" : 50.8
  },
  ""pid"" : 1799,
  ""pos"" : {
    ""x"" : 65.7,
    ""y"" : 21.2
  },
  ""event"" : ""pass"",
  ""player"" : ""N. Mazraoui""
}, {
  ""end"" : {
    ""x"" : 23.1,
    ""y"" : 48.3
  },
  ""pid"" : 598,
  ""pos"" : {
    ""x"" : 55.7,
    ""y"" : 50.8
  },
  ""event"" : ""pass"",
  ""assist"" : true,
  ""player"" : ""B. Díaz""
}, {
  ""gk"" : {
    ""x"" : 18,
    ""y"" : 48.7
  },
  ""gm"" : {
    ""x"" : 49.46,
    ""y"" : 80
  },
  ""pid"" : 3511,
  ""pos"" : {
    ""x"" : 23.1,
    ""y"" : 48.3
  },
  ""body"" : ""right-foot"",
  ""event"" : ""goal"",
  ""player"" : ""I. Saibari""
} ]","regular",3511,,,,,,,,,,,,"2026-06-14T06:00:30.240Z",
"Row4_1",8292,0,,"period",90,1,1,,,,,,,,,,,,,,,,,"FT","2026-06-14T03:00:30.104Z",0
"Row4_2",8292,1,,"goal",90,1,1,"H. Al-Amin","B. Khoukhi",1,,"regular",53907,5,,,,,,,,,,,"2026-06-14T03:00:30.104Z",
"Row4_3",8292,2,,"injuryTime",90,,,,,,,,,,,,,,6,,,,,,"2026-06-14T03:00:30.104Z",
"Row4_4",8292,3,,"substitution",89,,,,,0,,,,,"A. Jashari","R. Freuler",2005,4266,,,,,,,"2026-06-14T03:00:30.104Z",
"Row4_5",8292,4,,"substitution",89,,,,,0,,,,,"M. Muheim","R. Rodríguez",1596,1582,,,,,,,"2026-06-14T03:00:30.104Z",
"Row4_6",8292,5,,"substitution",89,,,,,1,,,,,"H. A. Haydos","E. Junior",53923,53911,,,,,,,"2026-06-14T03:00:30.104Z",
"Row4_7",8292,6,,"substitution",79,,,,,0,,,,,"Z. Amdouni","R. Vargas",22868,3803,,,,,,,"2026-06-14T03:00:30.104Z",
"Row4_8",8292,7,,"substitution",79,,,,,1,,,,,"M. N. Almanai","A. Madibo",53914,53918,,,,,,,"2026-06-14T03:00:30.104Z",
"Row4_9",8292,8,,"substitution",66,,,,,0,,,,,"F. Rieder","M. Aebischer",2404,1660,,,,,,,"2026-06-14T03:00:30.104Z",
"Row4_10",8292,9,,"substitution",66,,,,,0,,,,,"J. Manzambi","D. Ndoye",1178,551,,,,,,,"2026-06-14T03:00:30.104Z",
"Row4_11",8292,10,,"substitution",60,,,,,1,,,,,"A. Alaaeldin","Y. Abdurisag",53917,53912,,,,,,,"2026-06-14T03:00:30.104Z",
"Row4_12",8292,11,,"substitution",60,,,,,1,,,,,"K. Boudiaf","J. G. Abdulsallam",53916,53908,,,,,,,"2026-06-14T03:00:30.104Z",
"Row4_13",8292,12,,"substitution",60,,,,,1,,,,,"A. Fathi","A. A. Oui",53909,53905,,,,,,,"2026-06-14T03:00:30.104Z",
"Row4_14",8292,13,,"period",45,1,0,,,,,,,,,,,,,,,,,"HT","2026-06-14T03:00:30.104Z",0
"Row4_15",8292,14,,"injuryTime",45,,,,,,,,,,,,,,6,,,,,,"2026-06-14T03:00:30.104Z",
"Row4_16",8292,15,,"card",42,,,,"D. Zakaria",0,,,3616,,,,,,,"yellow",,,,,"2026-06-14T03:00:30.104Z",
"Row4_17",8292,16,,"card",23,,,,"J. G. Abdulsallam",1,,,53908,,,,,,,"yellow",,,,,"2026-06-14T03:00:30.104Z",
"Row4_18",8292,17,,"goal",17,1,0,,"B. Embolo",0,,"penalty",2811,,,,,,,,,,,,"2026-06-14T03:00:30.104Z",
"Row4_19",8292,18,,"card",16,,,,"M. I. Abunad",1,,,53904,,,,,,,"yellow",,,,,"2026-06-14T03:00:30.104Z",
"Row4_20",8292,19,,"varDecision",16,,,,"R. Freuler",0,,,4266,,,,,,,,"penaltyAwarded",1,,,"2026-06-14T03:00:30.104Z",
"Row3_1",8290,0,,"period",90,1,4,,,,,,,,,,,,,,,,,"FT","2026-06-13T09:00:29.476Z",0
"Row3_2",8290,1,,"goal",90,1,4,"A. Freeman","G. Reyna",1,"[ {
  ""end"" : {
    ""x"" : 74.2,
    ""y"" : 39.1
  },
  ""pid"" : 3513,
  ""pos"" : {
    ""x"" : 76.2,
    ""y"" : 48.1
  },
  ""event"" : ""pass"",
  ""player"" : ""R. Pepi""
}, {
  ""end"" : {
    ""x"" : 84.8,
    ""y"" : 17.7
  },
  ""pid"" : 1923,
  ""pos"" : {
    ""x"" : 77.1,
    ""y"" : 32.7
  },
  ""event"" : ""pass"",
  ""player"" : ""T. Weah""
}, {
  ""end"" : {
    ""x"" : 76.4,
    ""y"" : 25.3
  },
  ""pid"" : 8860,
  ""pos"" : {
    ""x"" : 85.1,
    ""y"" : 17.5
  },
  ""event"" : ""pass"",
  ""player"" : ""A. Freeman""
}, {
  ""end"" : {
    ""x"" : 83.5,
    ""y"" : 11.7
  },
  ""pid"" : 1923,
  ""pos"" : {
    ""x"" : 77.5,
    ""y"" : 24.9
  },
  ""event"" : ""pass"",
  ""player"" : ""T. Weah""
}, {
  ""end"" : {
    ""x"" : 78.1,
    ""y"" : 29.9
  },
  ""pid"" : 8860,
  ""pos"" : {
    ""x"" : 83.1,
    ""y"" : 14.1
  },
  ""event"" : ""pass"",
  ""assist"" : true,
  ""player"" : ""A. Freeman""
}, {
  ""gk"" : {
    ""x"" : 98,
    ""y"" : 46.8
  },
  ""gm"" : {
    ""x"" : 28.49,
    ""y"" : 72.5
  },
  ""pid"" : 2878,
  ""pos"" : {
    ""x"" : 86.1,
    ""y"" : 37.1
  },
  ""body"" : ""right-foot"",
  ""event"" : ""goal"",
  ""player"" : ""G. Reyna""
} ]","regular",2878,8,,,,,,,,,,,"2026-06-13T09:00:29.476Z",
"Row3_3",8290,2,,"card",90,,,,"J. Alonso",0,,,4,3,,,,,,"yellow",,,,,"2026-06-13T09:00:29.476Z",
"Row3_4",8290,3,,"injuryTime",90,,,,,,,,,,,,,,7,,,,,,"2026-06-13T09:00:29.476Z",
"Row3_5",8290,4,,"card",88,,,,"A. Arce",0,,,16914,,,,,,,"yellow",,,,,"2026-06-13T09:00:29.476Z",
"Row3_6",8290,5,,"substitution",82,,,,,1,,,,,"G. Reyna","M. Tillman",2878,2143,,,,,,,"2026-06-13T09:00:29.476Z",
"Row3_7",8290,6,,"substitution",80,,,,,0,,,,,"Kaku","D. Gómez",54884,488,,,,,,,"2026-06-13T09:00:29.476Z",
"Row3_8",8290,7,,"substitution",79,,,,,0,,,,,"G. Velázquez","J. Cáceres",16915,16918,,,,,,,"2026-06-13T09:00:29.476Z",
"Row3_9",8290,8,,"substitution",79,,,,,0,,,,,"R. Sosa","M. Almirón",37,9678,,,,,,,"2026-06-13T09:00:29.476Z",
"Row3_10",8290,9,,"card",79,,,,"D. Gómez",0,,,488,,,,,,,"yellow",,,,,"2026-06-13T09:00:29.476Z",
"Row3_11",8290,10,,"goal",73,1,3,"J. Enciso","Mauricio",0,"[ {
  ""end"" : {
    ""x"" : 23.6,
    ""y"" : 56.8
  },
  ""pid"" : 9678,
  ""pos"" : {
    ""x"" : 24.8,
    ""y"" : 63.7
  },
  ""event"" : ""pass"",
  ""player"" : ""M. Almirón""
}, {
  ""end"" : {
    ""x"" : 11.9,
    ""y"" : 41.9
  },
  ""pid"" : 1710,
  ""pos"" : {
    ""x"" : 22.6,
    ""y"" : 57.4
  },
  ""event"" : ""pass"",
  ""assist"" : true,
  ""player"" : ""J. Enciso""
}, {
  ""gk"" : {
    ""x"" : 1.6,
    ""y"" : 48.2
  },
  ""gm"" : {
    ""x"" : 61.83,
    ""y"" : 96.83
  },
  ""pid"" : 42,
  ""pos"" : {
    ""x"" : 11.9,
    ""y"" : 41.9
  },
  ""body"" : ""left-foot"",
  ""event"" : ""goal"",
  ""player"" : ""Mauricio""
} ]","regular",42,,,,,,,,,,,,"2026-06-13T09:00:29.476Z",
"Row3_12",8290,11,,"substitution",72,,,,,1,,,,,"R. Pepi","F. Balogun",3513,2232,,,,,,,"2026-06-13T09:00:29.476Z",
"Row3_13",8290,12,,"substitution",72,,,,,1,,,,,"T. Weah","S. Dest",1923,3503,,,,,,,"2026-06-13T09:00:29.476Z",
"Row3_14",8290,13,,"substitution",62,,,,,0,,,,,"A. Arce","A. Sanabria",16914,983,,,,,,,"2026-06-13T09:00:29.476Z",
"Row3_15",8290,14,,"card",59,,,,"T. Adams",1,,,788,,,,,,,"yellow",,,,,"2026-06-13T09:00:29.476Z",
"Row3_16",8290,15,,"card",53,,,,"M. Almirón",0,,,9678,,,,,,,"yellow",,,,,"2026-06-13T09:00:29.476Z",
"Row3_17",8290,16,,"varDecision",52,,,,"T. Ream",1,,,9229,,,,,,,,"mistakenIdentity",0,,,"2026-06-13T09:00:29.476Z",
"Row3_18",8290,17,,"varDecision",50,,,,"T. Ream",1,,,9229,,,,,,,,"mistakenIdentity",0,,,"2026-06-13T09:00:29.476Z",
"Row3_19",8290,18,,"substitution",46,,,,,0,,,,,"Mauricio","D. Bobadilla",42,143,,,,,,,"2026-06-13T09:00:29.476Z",
"Row3_20",8290,19,,"substitution",46,,,,,1,,,,,"S. Berhalter","C. Pulišić",9104,3820,,,,,,,"2026-06-13T09:00:29.476Z",
"Row3_21",8290,20,,"period",45,0,3,,,,,,,,,,,,,,,,,"HT","2026-06-13T09:00:29.476Z",0
"Row3_22",8290,21,,"goal",45,0,3,"M. Tillman","F. Balogun",1,"[ {
  ""end"" : {
    ""x"" : 28.5,
    ""y"" : 77.4
  },
  ""pid"" : 2143,
  ""pos"" : {
    ""x"" : 67.4,
    ""y"" : 26.1
  },
  ""event"" : ""pass"",
  ""player"" : ""M. Tillman""
}, {
  ""end"" : {
    ""x"" : 27.4,
    ""y"" : 72.1
  },
  ""pid"" : 4559,
  ""pos"" : {
    ""x"" : 30.4,
    ""y"" : 82.6
  },
  ""event"" : ""pass"",
  ""player"" : ""A. Robinson""
}, {
  ""end"" : {
    ""x"" : 36.3,
    ""y"" : 47.7
  },
  ""pid"" : 9229,
  ""pos"" : {
    ""x"" : 27.5,
    ""y"" : 65.7
  },
  ""event"" : ""pass"",
  ""player"" : ""T. Ream""
}, {
  ""end"" : {
    ""x"" : 46.3,
    ""y"" : 35.2
  },
  ""pid"" : 788,
  ""pos"" : {
    ""x"" : 36.2,
    ""y"" : 43.2
  },
  ""event"" : ""pass"",
  ""player"" : ""T. Adams""
}, {
  ""end"" : {
    ""x"" : 81.3,
    ""y"" : 32.7
  },
  ""pid"" : 2143,
  ""pos"" : {
    ""x"" : 53.2,
    ""y"" : 32.2
  },
  ""event"" : ""pass"",
  ""assist"" : true,
  ""player"" : ""M. Tillman""
}, {
  ""gk"" : {
    ""x"" : 96.9,
    ""y"" : 49.1
  },
  ""gm"" : {
    ""x"" : 26.88,
    ""y"" : 45.17
  },
  ""pid"" : 2232,
  ""pos"" : {
    ""x"" : 87.2,
    ""y"" : 43.5
  },
  ""body"" : ""left-foot"",
  ""event"" : ""goal"",
  ""player"" : ""F. Balogun""
} ]","regular",2232,5,,,,,,,,,,,"2026-06-13T09:00:29.476Z",
"Row3_23",8290,22,,"injuryTime",45,,,,,,,,,,,,,,5,,,,,,"2026-06-13T09:00:29.476Z",
"Row3_24",8290,23,,"goal",31,0,2,"C. Pulišić","F. Balogun",1,"[ {
  ""gk"" : {
    ""x"" : 98.1,
    ""y"" : 52.4
  },
  ""gm"" : {
    ""x"" : 62.9,
    ""y"" : 93.67
  },
  ""pid"" : 2232,
  ""pos"" : {
    ""x"" : 87.5,
    ""y"" : 58
  },
  ""body"" : ""right-foot"",
  ""event"" : ""goal"",
  ""player"" : ""F. Balogun""
} ]","regular",2232,,,,,,,,,,,,"2026-06-13T09:00:29.476Z",
"Row3_25",8290,24,,"card",10,,,,"J. Cáceres",0,,,16918,,,,,,,"yellow",,,,,"2026-06-13T09:00:29.476Z",
"Row3_26",8290,25,,"goal",7,0,1,,"D. Bobadilla",1,"[ {
  ""gk"" : {
    ""x"" : 3.4,
    ""y"" : 43.7
  },
  ""gm"" : {
    ""x"" : 59.14,
    ""y"" : 95.83
  },
  ""pid"" : 143,
  ""pos"" : {
    ""x"" : 92.1,
    ""y"" : 54.2
  },
  ""body"" : ""right-foot"",
  ""event"" : ""goal"",
  ""player"" : ""D. Bobadilla""
} ]","ownGoal",143,,,,,,,,,,,,"2026-06-13T09:00:29.476Z",
"Row2_1",8289,0,,"period",90,1,1,,,,,,,,,,,,,,,,,"FT","2026-06-13T03:00:31.808Z",0
"Row2_2",8289,1,,"card",90,,,,"N. Katić",0,,,27586,3,,,,,,"yellow",,,,,"2026-06-13T03:00:31.808Z",
"Row2_3",8289,2,,"substitution",90,,,,,1,,,,1,"J. Osorio","S. Eustaquio",9550,1011,,,,,,,"2026-06-13T03:00:31.808Z",
"Row2_4",8289,3,,"injuryTime",90,,,,,,,,,,,,,,6,,,,,,"2026-06-13T03:00:31.808Z",
"Row2_5",8289,4,,"substitution",84,,,,,0,,,,,"D. Burnić","S. Kolašinac",41783,1312,,,,,,,"2026-06-13T03:00:31.808Z",
"Row2_6",8289,5,,"goal",78,1,1,"P. David","C. Larin",1,,"regular",4164,,,,,,,,,,,,"2026-06-13T03:00:31.808Z",
"Row2_7",8289,6,,"substitution",76,,,,,1,,,,,"C. Larin","T. Oluwaseyi",4164,1779,,,,,,,"2026-06-13T03:00:31.808Z",
"Row2_8",8289,7,,"substitution",74,,,,,0,,,,,"K. Alajbegović","A. Memić",3046,3222,,,,,,,"2026-06-13T03:00:31.808Z",
"Row2_9",8289,8,,"substitution",74,,,,,0,,,,,"I. Šunjić","E. Bajraktarević",3604,3515,,,,,,,"2026-06-13T03:00:31.808Z",
"Row2_10",8289,9,,"substitution",62,,,,,0,,,,,"S. Baždar","J. Lukić",13780,10686,,,,,,,"2026-06-13T03:00:31.808Z",
"Row2_11",8289,10,,"substitution",62,,,,,0,,,,,"A. Gigović","I. Bašić",4150,53960,,,,,,,"2026-06-13T03:00:31.808Z",
"Row2_12",8289,11,,"substitution",61,,,,,1,,,,,"P. David","J. David",3754,2186,,,,,,,"2026-06-13T03:00:31.808Z",
"Row2_13",8289,12,,"substitution",61,,,,,1,,,,,"A. Ahmed","T. Buchanan",8580,1769,,,,,,,"2026-06-13T03:00:31.808Z",
"Row2_14",8289,13,,"substitution",61,,,,,1,,,,,"J. Shaffelburg","L. Millar",9296,6190,,,,,,,"2026-06-13T03:00:31.808Z",
"Row2_15",8289,14,,"card",53,,,,"L. D. Fougerolles",1,,,7612,,,,,,,"yellow",,,,,"2026-06-13T03:00:31.808Z",
"Row2_16",8289,15,,"period",45,1,0,,,,,,,,,,,,,,,,,"HT","2026-06-13T03:00:31.808Z",0
"Row2_17",8289,16,,"card",45,,,,"J. Lukić",0,,,10686,1,,,,,,"yellow",,,,,"2026-06-13T03:00:31.808Z",
"Row2_18",8289,17,,"injuryTime",45,,,,,,,,,,,,,,4,,,,,,"2026-06-13T03:00:31.808Z",
"Row2_19",8289,18,,"card",44,,,,"E. Demirović",0,,,4516,,,,,,,"yellow",,,,,"2026-06-13T03:00:31.808Z",
"Row2_20",8289,19,,"goal",21,1,0,"S. Kolašinac","J. Lukić",0,,"regular",10686,,,,,,,,,,,,"2026-06-13T03:00:31.808Z",
"Row2_21",8289,20,,"card",11,,,,"A. Johnston",1,,,4406,,,,,,,"yellow",,,,,"2026-06-13T03:00:31.808Z",
"Row1_1",8288,0,,"period",90,1,2,,,,,,,,,,,,,,,,,"FT","2026-06-12T10:05:34.549Z",0
"Row1_2",8288,1,,"card",90,,,,"G. Lee",1,,,43953,6,,,,,,"yellow",,,,,"2026-06-12T10:05:34.549Z",
"Row1_3",8288,2,,"injuryTime",90,,,,,,,,,,,,,,6,,,,,,"2026-06-12T10:05:34.549Z",
"Row1_4",8288,3,,"substitution",84,,,,,0,,,,,"M. Chytil","A. Sojka",3712,12264,,,,,,,"2026-06-12T10:05:34.549Z",
"Row1_5",8288,4,,"substitution",84,,,,,1,,,,,"J. S. Park","S. Paik",17044,6092,,,,,,,"2026-06-12T10:05:34.549Z",
"Row1_6",8288,5,,"substitution",84,,,,,1,,,,,"J. Kim","H. In-beom",17043,4397,,,,,,,"2026-06-12T10:05:34.549Z",
"Row1_7",8288,6,,"goal",80,1,2,"H. In-beom","H. Oh",1,"[ {
  ""end"" : {
    ""x"" : 58.7,
    ""y"" : 23.2
  },
  ""pid"" : 3056,
  ""pos"" : {
    ""x"" : 56.4,
    ""y"" : 16.9
  },
  ""event"" : ""pass"",
  ""player"" : ""Y. W. Seol""
}, {
  ""end"" : {
    ""x"" : 52.9,
    ""y"" : 15.6
  },
  ""pid"" : 4397,
  ""pos"" : {
    ""x"" : 59.2,
    ""y"" : 22.8
  },
  ""event"" : ""pass"",
  ""player"" : ""H. In-beom""
}, {
  ""end"" : {
    ""x"" : 55.2,
    ""y"" : 36
  },
  ""pid"" : 3056,
  ""pos"" : {
    ""x"" : 52.9,
    ""y"" : 15.6
  },
  ""event"" : ""pass"",
  ""player"" : ""Y. W. Seol""
}, {
  ""end"" : {
    ""x"" : 95.2,
    ""y"" : 23.1
  },
  ""pid"" : 6092,
  ""pos"" : {
    ""x"" : 54.3,
    ""y"" : 34.4
  },
  ""event"" : ""pass"",
  ""player"" : ""S. Paik""
}, {
  ""end"" : {
    ""x"" : 95.2,
    ""y"" : 45.4
  },
  ""pid"" : 4397,
  ""pos"" : {
    ""x"" : 95.7,
    ""y"" : 22.1
  },
  ""event"" : ""pass"",
  ""assist"" : true,
  ""player"" : ""H. In-beom""
}, {
  ""gk"" : {
    ""x"" : 98.5,
    ""y"" : 46.9
  },
  ""gm"" : {
    ""x"" : 39.25,
    ""y"" : 75.67
  },
  ""pid"" : 3131,
  ""pos"" : {
    ""x"" : 95.2,
    ""y"" : 45.4
  },
  ""body"" : ""left-foot"",
  ""event"" : ""goal"",
  ""player"" : ""H. Oh""
} ]","regular",3131,,,,,,,,,,,,"2026-06-12T10:05:34.549Z",
"Row1_8",8288,7,,"substitution",69,,,,,1,,,,,"H. Oh","S. Heung-min",3131,9190,,,,,,,"2026-06-12T10:05:34.549Z",
"Row1_9",8288,8,,"substitution",69,,,,,1,,,,,"J. Eom","T. Lee",6533,17047,,,,,,,"2026-06-12T10:05:34.549Z",
"Row1_10",8288,9,,"goal",67,1,1,"K. Lee","H. In-beom",1,"[ {
  ""end"" : {
    ""x"" : 72.7,
    ""y"" : 29.8
  },
  ""pid"" : 6092,
  ""pos"" : {
    ""x"" : 65.4,
    ""y"" : 31.3
  },
  ""event"" : ""pass"",
  ""player"" : ""S. Paik""
}, {
  ""end"" : {
    ""x"" : 68,
    ""y"" : 21.7
  },
  ""pid"" : 533,
  ""pos"" : {
    ""x"" : 69.8,
    ""y"" : 34.6
  },
  ""event"" : ""pass"",
  ""player"" : ""H. Hee-chan""
}, {
  ""end"" : {
    ""x"" : 61.3,
    ""y"" : 63.7
  },
  ""pid"" : 6092,
  ""pos"" : {
    ""x"" : 65.4,
    ""y"" : 32.1
  },
  ""event"" : ""pass"",
  ""player"" : ""S. Paik""
}, {
  ""end"" : {
    ""x"" : 66.7,
    ""y"" : 50.2
  },
  ""pid"" : 43953,
  ""pos"" : {
    ""x"" : 62.7,
    ""y"" : 61.2
  },
  ""event"" : ""pass"",
  ""player"" : ""G. Lee""
}, {
  ""end"" : {
    ""x"" : 87.8,
    ""y"" : 63.1
  },
  ""pid"" : 2250,
  ""pos"" : {
    ""x"" : 67.6,
    ""y"" : 52.6
  },
  ""event"" : ""pass"",
  ""assist"" : true,
  ""player"" : ""K. Lee""
}, {
  ""gk"" : {
    ""x"" : 92.3,
    ""y"" : 58.7
  },
  ""gm"" : {
    ""x"" : 72.58,
    ""y"" : 90.5
  },
  ""pid"" : 4397,
  ""pos"" : {
    ""x"" : 89.1,
    ""y"" : 61.9
  },
  ""body"" : ""right-foot"",
  ""event"" : ""goal"",
  ""player"" : ""H. In-beom""
} ]","regular",4397,,,,,,,,,,,,"2026-06-12T10:05:34.549Z",
"Row1_11",8288,10,,"substitution",64,,,,,0,,,,,"M. Sadílek","L. Provod",3703,3706,,,,,,,"2026-06-12T10:05:34.549Z",
"Row1_12",8288,11,,"substitution",64,,,,,0,,,,,"T. Chorý","P. Schick",3708,2145,,,,,,,"2026-06-12T10:05:34.549Z",
"Row1_13",8288,12,,"substitution",64,,,,,0,,,,,"A. Hložek","P. Šulc",5156,1112,,,,,,,"2026-06-12T10:05:34.549Z",
"Row1_14",8288,13,,"substitution",62,,,,,1,,,,,"H. Hee-chan","J. Lee",533,1197,,,,,,,"2026-06-12T10:05:34.549Z",
"Row1_15",8288,14,,"goal",59,1,0,"V. Coufal","L. Krejčí",0,"[ {
  ""end"" : {
    ""x"" : 5,
    ""y"" : 53.8
  },
  ""pid"" : 2377,
  ""pos"" : {
    ""x"" : 7.1,
    ""y"" : 100
  },
  ""event"" : ""throw-in"",
  ""assist"" : true,
  ""player"" : ""V. Coufal""
}, {
  ""gk"" : {
    ""x"" : 0.5,
    ""y"" : 52.5
  },
  ""gm"" : {
    ""x"" : 63.98,
    ""y"" : 67.33
  },
  ""pid"" : 3904,
  ""pos"" : {
    ""x"" : 5,
    ""y"" : 53.8
  },
  ""body"" : ""head"",
  ""event"" : ""goal"",
  ""player"" : ""L. Krejčí""
} ]","regular",3904,,,,,,,,,,,,"2026-06-12T10:05:34.549Z",
"Row1_16",8288,15,,"period",45,0,0,,,,,,,,,,,,,,,,,"HT","2026-06-12T10:05:34.549Z",0
"Row1_17",8288,16,,"injuryTime",45,,,,,,,,,,,,,,3,,,,,,"2026-06-12T10:05:34.549Z",
"Row0_1",8287,0,,"period",90,0,2,,,,,,,,,,,,,,,,,"FT","2026-06-12T03:09:52.496Z",0
"Row0_2",8287,1,,"card",90,,,,"C. Montes",1,,,17092,2,,,,,,"red",,,,,"2026-06-12T03:09:52.496Z",
"Row0_3",8287,2,,"injuryTime",90,,,,,,,,,,,,,,7,,,,,,"2026-06-12T03:09:52.496Z",
"Row0_4",8287,3,,"card",84,,,,"T. Zwane",0,,,14410,,,,,,,"red",,,,,"2026-06-12T03:09:52.496Z",
"Row0_5",8287,4,,"varDecision",82,,,,"T. Zwane",0,,,14410,,,,,,,,"cardUpgrade",0,,,"2026-06-12T03:09:52.496Z",
"Row0_6",8287,5,,"substitution",79,,,,,1,,,,,"A. Vega","J. Quiñones",10406,8296,,,,,,,"2026-06-12T03:09:52.496Z",
"Row0_7",8287,6,,"substitution",77,,,,,0,,,,,"O. Appollis","A. Modiba",15468,14397,,,,,,,"2026-06-12T03:09:52.496Z",
"Row0_8",8287,7,,"substitution",77,,,,,0,,,,,"E. Makgopa","I. Rayners",15470,14402,,,,,,,"2026-06-12T03:09:52.496Z",
"Row0_9",8287,8,,"substitution",76,,,,,1,,,,,"A. González","R. Jiménez",10171,833,,,,,,,"2026-06-12T03:09:52.496Z",
"Row0_10",8287,9,,"substitution",76,,,,,1,,,,,"E. Álvarez","E. Lira",3411,10043,,,,,,,"2026-06-12T03:09:52.496Z",
"Row0_11",8287,10,,"card",74,,,,"N. Sibisi",0,,,15465,,,,,,,"yellow",,,,,"2026-06-12T03:09:52.496Z",
"Row0_12",8287,11,,"goal",67,0,2,"R. Alvarado","R. Jiménez",1,"[ {
  ""end"" : {
    ""x"" : 40.7,
    ""y"" : 54.2
  },
  ""pid"" : 10043,
  ""pos"" : {
    ""x"" : 32.4,
    ""y"" : 55.2
  },
  ""event"" : ""pass"",
  ""player"" : ""E. Lira""
}, {
  ""end"" : {
    ""x"" : 65.5,
    ""y"" : 57.3
  },
  ""pid"" : 8296,
  ""pos"" : {
    ""x"" : 44,
    ""y"" : 52.4
  },
  ""event"" : ""pass"",
  ""player"" : ""J. Quiñones""
}, {
  ""end"" : {
    ""x"" : 68,
    ""y"" : 41.2
  },
  ""pid"" : 833,
  ""pos"" : {
    ""x"" : 65.5,
    ""y"" : 57.3
  },
  ""event"" : ""pass"",
  ""player"" : ""R. Jiménez""
}, {
  ""end"" : {
    ""x"" : 78.6,
    ""y"" : 11.3
  },
  ""pid"" : 8296,
  ""pos"" : {
    ""x"" : 68.2,
    ""y"" : 39.4
  },
  ""event"" : ""pass"",
  ""player"" : ""J. Quiñones""
}, {
  ""end"" : {
    ""x"" : 95.4,
    ""y"" : 53
  },
  ""pid"" : 10169,
  ""pos"" : {
    ""x"" : 77.9,
    ""y"" : 18.8
  },
  ""event"" : ""cross"",
  ""assist"" : true,
  ""player"" : ""R. Alvarado""
}, {
  ""gk"" : {
    ""x"" : 98.8,
    ""y"" : 49.8
  },
  ""gm"" : {
    ""x"" : 33.87,
    ""y"" : 84.17
  },
  ""pid"" : 833,
  ""pos"" : {
    ""x"" : 95.4,
    ""y"" : 53
  },
  ""body"" : ""head"",
  ""event"" : ""goal"",
  ""player"" : ""R. Jiménez""
} ]","regular",833,,,,,,,,,,,,"2026-06-12T03:09:52.496Z",
"Row0_13",8287,12,,"substitution",66,,,,,1,,,,,"G. Mora","Á. Fidalgo",10424,9008,,,,,,,"2026-06-12T03:09:52.496Z",
"Row0_14",8287,13,,"substitution",66,,,,,1,,,,,"L. Chávez","B. Gutiérrez",52798,9355,,,,,,,"2026-06-12T03:09:52.496Z",
"Row0_15",8287,14,,"substitution",61,,,,,0,,,,,"T. Zwane","J. Adams",14410,14398,,,,,,,"2026-06-12T03:09:52.496Z",
"Row0_16",8287,15,,"substitution",56,,,,,0,,,,,"T. Mbatha","L. Foster",15476,412,,,,,,,"2026-06-12T03:09:52.496Z",
"Row0_17",8287,16,,"card",49,,,,"S. Sithole",0,,,1909,,,,,,,"red",,,,,"2026-06-12T03:09:52.496Z",
"Row0_18",8287,17,,"period",45,0,1,,,,,,,,,,,,,,,,,"HT","2026-06-12T03:09:52.496Z",0
"Row0_19",8287,18,,"injuryTime",45,,,,,,,,,,,,,,4,,,,,,"2026-06-12T03:09:52.496Z",
"Row0_20",8287,19,,"card",23,,,,"B. Gutiérrez",1,,,9355,,,,,,,"yellow",,,,,"2026-06-12T03:09:52.496Z",
"Row0_21",8287,20,,"card",17,,,,"T. Mokoena",0,,,14399,,,,,,,"yellow",,,,,"2026-06-12T03:09:52.496Z",
"Row0_22",8287,21,,"goal",9,0,1,"E. Lira","J. Quiñones",1,"[ {
  ""pid"" : 10043,
  ""pos"" : {
    ""x"" : 76.4,
    ""y"" : 61
  },
  ""event"" : ""tackle"",
  ""player"" : ""E. Lira""
}, {
  ""gk"" : {
    ""x"" : 95.5,
    ""y"" : 52.5
  },
  ""gm"" : {
    ""x"" : 49.46,
    ""y"" : 90.5
  },
  ""pid"" : 8296,
  ""pos"" : {
    ""x"" : 85.1,
    ""y"" : 59.5
  },
  ""body"" : ""right-foot"",
  ""event"" : ""goal"",
  ""player"" : ""J. Quiñones""
} ]","regular",8296,,,,,,,,,,,,"2026-06-12T03:09:52.496Z",
