"row ID","event_id","minute","xg_home","xg_away","cum_home","cum_away","received_at"
"Row0_1",8288,12,0.095,0,0.095,0,"2026-06-12T10:05:33.753Z"
"Row0_2",8288,14,0.058,0,0.153,0,"2026-06-12T10:05:33.753Z"
"Row0_3",8288,22,0,0.279,0.153,0.279,"2026-06-12T10:05:33.753Z"
"Row0_4",8288,32,0,0.007,0.153,0.285,"2026-06-12T10:05:33.753Z"
"Row0_5",8288,38,0.025,0,0.179,0.285,"2026-06-12T10:05:33.753Z"
"Row0_6",8288,39,0.13,0,0.308,0.285,"2026-06-12T10:05:33.753Z"
"Row0_7",8288,45,0.211,0,0.52,0.285,"2026-06-12T10:05:33.753Z"
"Row0_8",8288,49,0.344,0,0.864,0.285,"2026-06-12T10:05:33.753Z"
"Row0_9",8288,56,0.203,0,1.067,0.285,"2026-06-12T10:05:33.753Z"
"Row0_10",8288,59,0,0.214,1.067,0.5,"2026-06-12T10:05:33.753Z"
"Row0_11",8288,61,0.046,0,1.113,0.5,"2026-06-12T10:05:33.753Z"
"Row0_12",8288,67,0.311,0,1.424,0.5,"2026-06-12T10:05:33.753Z"
"Row0_13",8288,80,0.531,0,1.955,0.5,"2026-06-12T10:05:33.753Z"
"Row0_14",8288,82,0,0.12,1.955,0.62,"2026-06-12T10:05:33.753Z"
"Row0_15",8288,88,0,0.01,1.955,0.631,"2026-06-12T10:05:33.753Z"
"Row0_16",8288,90,0.057,0.205,2.012,0.836,"2026-06-12T10:05:33.753Z"
"Row1_1",8289,3,0,0.054,0,0.054,"2026-06-13T03:00:28.543Z"
"Row1_2",8289,5,0,0.018,0,0.072,"2026-06-13T03:00:28.543Z"
"Row1_3",8289,13,0,0.043,0,0.115,"2026-06-13T03:00:28.543Z"
"Row1_4",8289,17,0.268,0,0.268,0.115,"2026-06-13T03:00:28.543Z"
"Row1_5",8289,21,0,0.64,0.268,0.755,"2026-06-13T03:00:28.543Z"
"Row1_6",8289,28,0.061,0,0.329,0.755,"2026-06-13T03:00:28.543Z"
"Row1_7",8289,30,0.025,0,0.353,0.755,"2026-06-13T03:00:28.543Z"
"Row1_8",8289,32,0.051,0,0.404,0.755,"2026-06-13T03:00:28.543Z"
"Row1_9",8289,38,0.044,0,0.448,0.755,"2026-06-13T03:00:28.543Z"
"Row1_10",8289,44,0,0.016,0.448,0.772,"2026-06-13T03:00:28.543Z"
"Row1_11",8289,45,0.125,0,0.573,0.772,"2026-06-13T03:00:28.543Z"
"Row1_12",8289,46,0,0.016,0.573,0.788,"2026-06-13T03:00:28.543Z"
"Row1_13",8289,53,0.257,0,0.83,0.788,"2026-06-13T03:00:28.543Z"
"Row1_14",8289,59,0,0.186,0.83,0.974,"2026-06-13T03:00:28.543Z"
"Row1_15",8289,65,0.016,0,0.847,0.974,"2026-06-13T03:00:28.543Z"
"Row1_16",8289,66,0.097,0,0.944,0.974,"2026-06-13T03:00:28.543Z"
"Row1_17",8289,78,0.076,0,1.02,0.974,"2026-06-13T03:00:28.543Z"
"Row1_18",8289,81,0.037,0,1.057,0.974,"2026-06-13T03:00:28.543Z"
"Row1_19",8289,85,0,0.01,1.057,0.984,"2026-06-13T03:00:28.543Z"
"Row1_20",8289,90,0.191,0,1.247,0.984,"2026-06-13T03:00:28.543Z"
"Row2_1",8290,2,0,0.064,0,0.064,"2026-06-13T09:00:28.665Z"
"Row2_2",8290,3,0.036,0,0.036,0.064,"2026-06-13T09:00:28.665Z"
"Row2_3",8290,14,0,0.024,0.036,0.088,"2026-06-13T09:00:28.665Z"
"Row2_4",8290,31,0.155,0,0.192,0.088,"2026-06-13T09:00:28.665Z"
"Row2_5",8290,35,0.083,0,0.275,0.088,"2026-06-13T09:00:28.665Z"
"Row2_6",8290,37,0.076,0,0.35,0.088,"2026-06-13T09:00:28.665Z"
"Row2_7",8290,38,0.027,0,0.377,0.088,"2026-06-13T09:00:28.665Z"
"Row2_8",8290,43,0.27,0,0.647,0.088,"2026-06-13T09:00:28.665Z"
"Row2_9",8290,45,0.148,0,0.795,0.088,"2026-06-13T09:00:28.665Z"
"Row2_10",8290,47,0.018,0,0.814,0.088,"2026-06-13T09:00:28.665Z"
"Row2_11",8290,48,0,0.017,0.814,0.105,"2026-06-13T09:00:28.665Z"
"Row2_12",8290,49,0,0.026,0.814,0.131,"2026-06-13T09:00:28.665Z"
"Row2_13",8290,50,0,0.031,0.814,0.161,"2026-06-13T09:00:28.665Z"
"Row2_14",8290,57,0.085,0,0.899,0.161,"2026-06-13T09:00:28.665Z"
"Row2_15",8290,61,0.065,0,0.963,0.161,"2026-06-13T09:00:28.665Z"
"Row2_16",8290,65,0,0.057,0.963,0.219,"2026-06-13T09:00:28.665Z"
"Row2_17",8290,71,0,0.026,0.963,0.245,"2026-06-13T09:00:28.665Z"
"Row2_18",8290,73,0,0.217,0.963,0.462,"2026-06-13T09:00:28.665Z"
"Row2_19",8290,75,0.156,0,1.119,0.462,"2026-06-13T09:00:28.665Z"
"Row2_20",8290,77,0.032,0,1.151,0.462,"2026-06-13T09:00:28.665Z"
"Row2_21",8290,89,0.091,0,1.242,0.462,"2026-06-13T09:00:28.665Z"
"Row2_22",8290,90,0.109,0,1.351,0.462,"2026-06-13T09:00:28.665Z"
"Row3_1",8292,1,0,0.059,0,0.059,"2026-06-14T03:00:29.282Z"
"Row3_2",8292,2,0.312,0,0.312,0.059,"2026-06-14T03:00:29.282Z"
"Row3_3",8292,6,0,0.025,0.312,0.084,"2026-06-14T03:00:29.282Z"
"Row3_4",8292,10,0,0.222,0.312,0.307,"2026-06-14T03:00:29.282Z"
"Row3_5",8292,12,0,0.285,0.312,0.592,"2026-06-14T03:00:29.282Z"
"Row3_6",8292,17,0,0.788,0.312,1.38,"2026-06-14T03:00:29.282Z"
"Row3_7",8292,21,0,0.21,0.312,1.59,"2026-06-14T03:00:29.282Z"
"Row3_8",8292,30,0.079,0,0.391,1.59,"2026-06-14T03:00:29.282Z"
"Row3_9",8292,34,0,0.021,0.391,1.611,"2026-06-14T03:00:29.282Z"
"Row3_10",8292,35,0,0.041,0.391,1.652,"2026-06-14T03:00:29.282Z"
"Row3_11",8292,42,0,0.087,0.391,1.739,"2026-06-14T03:00:29.282Z"
"Row3_12",8292,43,0.056,0,0.447,1.739,"2026-06-14T03:00:29.282Z"
"Row3_13",8292,44,0.004,0,0.451,1.739,"2026-06-14T03:00:29.282Z"
"Row3_14",8292,45,0,0.56,0.451,2.299,"2026-06-14T03:00:29.282Z"
"Row3_15",8292,48,0,0.264,0.451,2.564,"2026-06-14T03:00:29.282Z"
"Row3_16",8292,49,0,0.019,0.451,2.583,"2026-06-14T03:00:29.282Z"
"Row3_17",8292,51,0,0.04,0.451,2.623,"2026-06-14T03:00:29.282Z"
"Row3_18",8292,63,0,0.049,0.451,2.672,"2026-06-14T03:00:29.282Z"
"Row3_19",8292,67,0,0.035,0.451,2.708,"2026-06-14T03:00:29.282Z"
"Row3_20",8292,72,0,0.054,0.451,2.762,"2026-06-14T03:00:29.282Z"
"Row3_21",8292,75,0.02,0.105,0.471,2.867,"2026-06-14T03:00:29.282Z"
"Row3_22",8292,76,0,0.284,0.471,3.151,"2026-06-14T03:00:29.282Z"
"Row3_23",8292,81,0,0.024,0.471,3.175,"2026-06-14T03:00:29.282Z"
"Row3_24",8292,86,0,0.04,0.471,3.215,"2026-06-14T03:00:29.282Z"
"Row3_25",8292,90,0.293,0.03,0.765,3.245,"2026-06-14T03:00:29.282Z"
"Row4_1",8293,6,0,0.157,0,0.157,"2026-06-14T06:00:29.420Z"
"Row4_2",8293,7,0,0.031,0,0.188,"2026-06-14T06:00:29.420Z"
"Row4_3",8293,9,0.031,0.06,0.031,0.248,"2026-06-14T06:00:29.420Z"
"Row4_4",8293,11,0,0.019,0.031,0.267,"2026-06-14T06:00:29.420Z"
"Row4_5",8293,14,0.524,0,0.556,0.267,"2026-06-14T06:00:29.420Z"
"Row4_6",8293,20,0.044,0,0.6,0.267,"2026-06-14T06:00:29.420Z"
"Row4_7",8293,21,0,0.636,0.6,0.903,"2026-06-14T06:00:29.420Z"
"Row4_8",8293,27,0,0.101,0.6,1.004,"2026-06-14T06:00:29.420Z"
"Row4_9",8293,29,0,0.096,0.6,1.101,"2026-06-14T06:00:29.420Z"
"Row4_10",8293,30,0,0.081,0.6,1.181,"2026-06-14T06:00:29.420Z"
"Row4_11",8293,31,0,0.094,0.6,1.275,"2026-06-14T06:00:29.420Z"
"Row4_12",8293,32,0.096,0,0.696,1.275,"2026-06-14T06:00:29.420Z"
"Row4_13",8293,45,0.165,0,0.86,1.275,"2026-06-14T06:00:29.420Z"
"Row4_14",8293,46,0.007,0,0.868,1.275,"2026-06-14T06:00:29.420Z"
"Row4_15",8293,48,0.056,0,0.924,1.275,"2026-06-14T06:00:29.420Z"
"Row4_16",8293,52,0.069,0,0.993,1.275,"2026-06-14T06:00:29.420Z"
"Row4_17",8293,78,0.131,0,1.124,1.275,"2026-06-14T06:00:29.420Z"
"Row4_18",8293,82,0.042,0,1.166,1.275,"2026-06-14T06:00:29.420Z"
"Row4_19",8293,90,0.104,0.193,1.271,1.469,"2026-06-14T06:00:29.420Z"
"Row5_1",8294,3,0,0.021,0,0.021,"2026-06-14T09:00:29.353Z"
"Row5_2",8294,4,0,0.063,0,0.083,"2026-06-14T09:00:29.353Z"
"Row5_3",8294,5,0.042,0,0.042,0.083,"2026-06-14T09:00:29.353Z"
"Row5_4",8294,7,0,0.076,0.042,0.16,"2026-06-14T09:00:29.353Z"
"Row5_5",8294,11,0.086,0,0.129,0.16,"2026-06-14T09:00:29.353Z"
"Row5_6",8294,13,0.029,0,0.157,0.16,"2026-06-14T09:00:29.353Z"
"Row5_7",8294,17,0,0.084,0.157,0.244,"2026-06-14T09:00:29.353Z"
"Row5_8",8294,28,0,0.717,0.157,0.961,"2026-06-14T09:00:29.353Z"
"Row5_9",8294,32,0,0.043,0.157,1.004,"2026-06-14T09:00:29.353Z"
"Row5_10",8294,34,0.52,0,0.677,1.004,"2026-06-14T09:00:29.353Z"
"Row5_11",8294,36,0.011,0,0.688,1.004,"2026-06-14T09:00:29.353Z"
"Row5_12",8294,42,0.019,0,0.707,1.004,"2026-06-14T09:00:29.353Z"
"Row5_13",8294,55,0,0.038,0.707,1.042,"2026-06-14T09:00:29.353Z"
"Row5_14",8294,73,0.032,0.088,0.738,1.131,"2026-06-14T09:00:29.353Z"
"Row5_15",8294,78,0.054,0,0.792,1.131,"2026-06-14T09:00:29.353Z"
"Row5_16",8294,79,0.05,0,0.842,1.131,"2026-06-14T09:00:29.353Z"
"Row5_17",8294,85,0.056,0,0.898,1.131,"2026-06-14T09:00:29.353Z"
"Row5_18",8294,90,0.329,0,1.227,1.131,"2026-06-14T09:00:29.353Z"
"Row6_1",8291,3,0,0.017,0,0.017,"2026-06-14T12:00:29.550Z"
"Row6_2",8291,4,0,0.059,0,0.075,"2026-06-14T12:00:29.550Z"
"Row6_3",8291,7,0,0.03,0,0.106,"2026-06-14T12:00:29.550Z"
"Row6_4",8291,17,0.125,0,0.125,0.106,"2026-06-14T12:00:29.550Z"
"Row6_5",8291,19,0,0.045,0.125,0.15,"2026-06-14T12:00:29.550Z"
"Row6_6",8291,27,0.384,0.052,0.508,0.202,"2026-06-14T12:00:29.550Z"
"Row6_7",8291,30,0,0.044,0.508,0.247,"2026-06-14T12:00:29.550Z"
"Row6_8",8291,36,0,0.063,0.508,0.309,"2026-06-14T12:00:29.550Z"
"Row6_9",8291,39,0.032,0,0.54,0.309,"2026-06-14T12:00:29.550Z"
"Row6_10",8291,42,0,0.026,0.54,0.336,"2026-06-14T12:00:29.550Z"
"Row6_11",8291,45,0.051,0.096,0.592,0.432,"2026-06-14T12:00:29.550Z"
"Row6_12",8291,46,0,0.014,0.592,0.446,"2026-06-14T12:00:29.550Z"
"Row6_13",8291,48,0.049,0,0.641,0.446,"2026-06-14T12:00:29.550Z"
"Row6_14",8291,49,0.018,0,0.659,0.446,"2026-06-14T12:00:29.550Z"
"Row6_15",8291,50,0,0.116,0.659,0.562,"2026-06-14T12:00:29.550Z"
"Row6_16",8291,51,0,0.014,0.659,0.575,"2026-06-14T12:00:29.550Z"
"Row6_17",8291,54,0.118,0,0.777,0.575,"2026-06-14T12:00:29.550Z"
"Row6_18",8291,57,0,0.081,0.777,0.656,"2026-06-14T12:00:29.550Z"
"Row6_19",8291,60,0,0.055,0.777,0.712,"2026-06-14T12:00:29.550Z"
"Row6_20",8291,63,0,0.019,0.777,0.731,"2026-06-14T12:00:29.550Z"
"Row6_21",8291,65,0,0.018,0.777,0.749,"2026-06-14T12:00:29.550Z"
"Row6_22",8291,66,0,0.071,0.777,0.819,"2026-06-14T12:00:29.550Z"
"Row6_23",8291,72,0,0.102,0.777,0.921,"2026-06-14T12:00:29.550Z"
"Row6_24",8291,74,0,0.013,0.777,0.934,"2026-06-14T12:00:29.550Z"
"Row6_25",8291,75,0.036,0,0.813,0.934,"2026-06-14T12:00:29.550Z"
"Row6_26",8291,77,0,0.039,0.813,0.973,"2026-06-14T12:00:29.550Z"
"Row6_27",8291,78,0,0.171,0.813,1.144,"2026-06-14T12:00:29.550Z"
"Row6_28",8291,82,0,0.03,0.813,1.174,"2026-06-14T12:00:29.550Z"
"Row6_29",8291,86,0,0.061,0.813,1.235,"2026-06-14T12:00:29.550Z"
"Row6_30",8291,89,0,0.045,0.813,1.28,"2026-06-14T12:00:29.550Z"
"Row6_31",8291,90,0,0.049,0.813,1.329,"2026-06-14T12:00:29.550Z"
"Row7_1",8295,6,0.226,0,0.226,0,"2026-06-15T01:00:29.838Z"
"Row7_2",8295,7,0.045,0,0.27,0,"2026-06-15T01:00:29.838Z"
"Row7_3",8295,9,0.018,0,0.288,0,"2026-06-15T01:00:29.838Z"
"Row7_4",8295,10,0.045,0,0.333,0,"2026-06-15T01:00:29.838Z"
"Row7_5",8295,11,0.096,0,0.429,0,"2026-06-15T01:00:29.838Z"
"Row7_6",8295,12,0.172,0,0.601,0,"2026-06-15T01:00:29.838Z"
"Row7_7",8295,14,0.022,0,0.624,0,"2026-06-15T01:00:29.838Z"
"Row7_8",8295,19,0,0.021,0.624,0.021,"2026-06-15T01:00:29.838Z"
"Row7_9",8295,21,0,0.084,0.624,0.105,"2026-06-15T01:00:29.838Z"
"Row7_10",8295,28,0.072,0,0.696,0.105,"2026-06-15T01:00:29.838Z"
"Row7_11",8295,30,0.125,0,0.821,0.105,"2026-06-15T01:00:29.838Z"
"Row7_12",8295,32,0.18,0,1,0.105,"2026-06-15T01:00:29.838Z"
"Row7_13",8295,36,0,0.015,1,0.12,"2026-06-15T01:00:29.838Z"
"Row7_14",8295,38,0.242,0,1.242,0.12,"2026-06-15T01:00:29.838Z"
"Row7_15",8295,45,1.196,0.021,2.438,0.142,"2026-06-15T01:00:29.838Z"
"Row7_16",8295,47,0.045,0,2.483,0.142,"2026-06-15T01:00:29.838Z"
"Row7_17",8295,50,0.011,0,2.494,0.142,"2026-06-15T01:00:29.838Z"
"Row7_18",8295,53,0.108,0,2.602,0.142,"2026-06-15T01:00:29.838Z"
"Row7_19",8295,54,0.118,0,2.72,0.142,"2026-06-15T01:00:29.838Z"
"Row7_20",8295,62,0,0.168,2.72,0.309,"2026-06-15T01:00:29.838Z"
"Row7_21",8295,63,0.476,0,3.196,0.309,"2026-06-15T01:00:29.838Z"
"Row7_22",8295,67,0,0.011,3.196,0.32,"2026-06-15T01:00:29.838Z"
"Row7_23",8295,68,0.16,0,3.356,0.32,"2026-06-15T01:00:29.838Z"
"Row7_24",8295,75,0,0.046,3.356,0.366,"2026-06-15T01:00:29.838Z"
"Row7_25",8295,76,0,0.037,3.356,0.402,"2026-06-15T01:00:29.838Z"
"Row7_26",8295,78,0.419,0,3.775,0.402,"2026-06-15T01:00:29.838Z"
"Row7_27",8295,86,0.029,0,3.804,0.402,"2026-06-15T01:00:29.838Z"
"Row7_28",8295,88,0.111,0,3.915,0.402,"2026-06-15T01:00:29.838Z"
"Row8_1",8296,3,0.063,0,0.063,0,"2026-06-15T04:00:29.838Z"
"Row8_2",8296,28,0,0.025,0.063,0.025,"2026-06-15T04:00:29.838Z"
"Row8_3",8296,34,0.103,0,0.167,0.025,"2026-06-15T04:00:29.838Z"
"Row8_4",8296,36,0.173,0,0.34,0.025,"2026-06-15T04:00:29.838Z"
"Row8_5",8296,43,0,0.057,0.34,0.082,"2026-06-15T04:00:29.838Z"
"Row8_6",8296,45,0,0.072,0.34,0.154,"2026-06-15T04:00:29.838Z"
"Row8_7",8296,51,0.11,0,0.45,0.154,"2026-06-15T04:00:29.838Z"
"Row8_8",8296,57,0,0.025,0.45,0.179,"2026-06-15T04:00:29.838Z"
"Row8_9",8296,64,0.019,0,0.469,0.179,"2026-06-15T04:00:29.838Z"
"Row8_10",8296,67,0,0.018,0.469,0.197,"2026-06-15T04:00:29.838Z"
"Row8_11",8296,73,0.138,0,0.607,0.197,"2026-06-15T04:00:29.838Z"
"Row8_12",8296,75,0,0.01,0.607,0.207,"2026-06-15T04:00:29.838Z"
"Row8_13",8296,76,0.095,0,0.701,0.207,"2026-06-15T04:00:29.838Z"
"Row8_14",8296,78,0,0.019,0.701,0.226,"2026-06-15T04:00:29.838Z"
"Row8_15",8296,80,0,0.156,0.701,0.382,"2026-06-15T04:00:29.838Z"
"Row8_16",8296,88,0,0.01,0.701,0.392,"2026-06-15T04:00:29.838Z"
"Row8_17",8296,89,0,0.147,0.701,0.539,"2026-06-15T04:00:29.838Z"
"Row8_18",8296,90,0.087,0,0.788,0.539,"2026-06-15T04:00:29.838Z"
"Row9_1",8297,2,0,0.03,0,0.03,"2026-06-15T07:00:30.095Z"
"Row9_2",8297,14,0,0.032,0,0.062,"2026-06-15T07:00:30.095Z"
"Row9_3",8297,16,0.13,0,0.13,0.062,"2026-06-15T07:00:30.095Z"
"Row9_4",8297,18,0.254,0,0.384,0.062,"2026-06-15T07:00:30.095Z"
"Row9_5",8297,23,0,0.022,0.384,0.084,"2026-06-15T07:00:30.095Z"
"Row9_6",8297,24,0,0.034,0.384,0.118,"2026-06-15T07:00:30.095Z"
"Row9_7",8297,30,0,0.415,0.384,0.533,"2026-06-15T07:00:30.095Z"
"Row9_8",8297,33,0.047,0,0.431,0.533,"2026-06-15T07:00:30.095Z"
"Row9_9",8297,35,0.317,0,0.747,0.533,"2026-06-15T07:00:30.095Z"
"Row9_10",8297,45,0.083,0,0.831,0.533,"2026-06-15T07:00:30.095Z"
"Row9_11",8297,46,0,0.029,0.831,0.562,"2026-06-15T07:00:30.095Z"
"Row9_12",8297,50,0.123,0,0.954,0.562,"2026-06-15T07:00:30.095Z"
"Row9_13",8297,52,0.249,0,1.203,0.562,"2026-06-15T07:00:30.095Z"
"Row9_14",8297,53,0.056,0,1.259,0.562,"2026-06-15T07:00:30.095Z"
"Row9_15",8297,56,0,0.051,1.259,0.613,"2026-06-15T07:00:30.095Z"
"Row9_16",8297,58,0.085,0,1.344,0.613,"2026-06-15T07:00:30.095Z"
"Row9_17",8297,61,0.056,0,1.4,0.613,"2026-06-15T07:00:30.095Z"
"Row9_18",8297,68,0,0.052,1.4,0.665,"2026-06-15T07:00:30.095Z"
"Row9_19",8297,83,0.064,0,1.464,0.665,"2026-06-15T07:00:30.095Z"
"Row9_20",8297,87,0,0.16,1.464,0.825,"2026-06-15T07:00:30.095Z"
"Row9_21",8297,88,0,0.045,1.464,0.87,"2026-06-15T07:00:30.095Z"
"Row9_22",8297,90,0.213,0.14,1.677,1.01,"2026-06-15T07:00:30.095Z"
"Row10_1",8298,5,0.077,0,0.077,0,"2026-06-15T10:00:30.270Z"
"Row10_2",8298,7,0.13,0,0.206,0,"2026-06-15T10:00:30.270Z"
"Row10_3",8298,18,0,0.03,0.206,0.03,"2026-06-15T10:00:30.270Z"
"Row10_4",8298,30,0.042,0,0.249,0.03,"2026-06-15T10:00:30.270Z"
"Row10_5",8298,31,0,0.03,0.249,0.06,"2026-06-15T10:00:30.270Z"
"Row10_6",8298,33,0.136,0,0.385,0.06,"2026-06-15T10:00:30.270Z"
"Row10_7",8298,43,0,0.032,0.385,0.092,"2026-06-15T10:00:30.270Z"
"Row10_8",8298,52,0,0.028,0.385,0.119,"2026-06-15T10:00:30.270Z"
"Row10_9",8298,53,0.031,0,0.416,0.119,"2026-06-15T10:00:30.270Z"
"Row10_10",8298,56,0,0.152,0.416,0.272,"2026-06-15T10:00:30.270Z"
"Row10_11",8298,59,0.358,0,0.774,0.272,"2026-06-15T10:00:30.270Z"
"Row10_12",8298,66,0.083,0,0.857,0.272,"2026-06-15T10:00:30.270Z"
"Row10_13",8298,68,0.141,0,0.998,0.272,"2026-06-15T10:00:30.270Z"
"Row10_14",8298,84,0.086,0,1.084,0.272,"2026-06-15T10:00:30.270Z"
"Row10_15",8298,88,0.175,0,1.26,0.272,"2026-06-15T10:00:30.270Z"
"Row10_16",8298,90,0.102,0.009,1.362,0.28,"2026-06-15T10:00:30.270Z"
"Row11_1",8299,15,0.025,0,0.025,0,"2026-06-16T00:00:30.819Z"
"Row11_2",8299,19,0.023,0,0.048,0,"2026-06-16T00:00:30.819Z"
"Row11_3",8299,20,0.02,0,0.068,0,"2026-06-16T00:00:30.819Z"
"Row11_4",8299,27,0,0.01,0.068,0.01,"2026-06-16T00:00:30.819Z"
"Row11_5",8299,29,0.08,0,0.148,0.01,"2026-06-16T00:00:30.819Z"
"Row11_6",8299,35,0,0.018,0.148,0.028,"2026-06-16T00:00:30.819Z"
"Row11_7",8299,38,0,0.012,0.148,0.04,"2026-06-16T00:00:30.819Z"
"Row11_8",8299,39,0.614,0,0.762,0.04,"2026-06-16T00:00:30.819Z"
"Row11_9",8299,40,0.19,0,0.952,0.04,"2026-06-16T00:00:30.819Z"
"Row11_10",8299,41,0.01,0,0.962,0.04,"2026-06-16T00:00:30.819Z"
"Row11_11",8299,45,0.37,0,1.333,0.04,"2026-06-16T00:00:30.819Z"
"Row11_12",8299,48,0.106,0,1.439,0.04,"2026-06-16T00:00:30.819Z"
"Row11_13",8299,51,0.075,0,1.514,0.04,"2026-06-16T00:00:30.819Z"
"Row11_14",8299,56,0.191,0,1.705,0.04,"2026-06-16T00:00:30.819Z"
"Row11_15",8299,58,0.026,0,1.732,0.04,"2026-06-16T00:00:30.819Z"
"Row11_16",8299,73,0.105,0,1.836,0.04,"2026-06-16T00:00:30.819Z"
"Row11_17",8299,75,0.082,0,1.918,0.04,"2026-06-16T00:00:30.819Z"
"Row11_18",8299,78,0.072,0,1.99,0.04,"2026-06-16T00:00:30.819Z"
"Row11_19",8299,83,0.069,0,2.06,0.04,"2026-06-16T00:00:30.819Z"
"Row11_20",8299,85,0.026,0,2.085,0.04,"2026-06-16T00:00:30.819Z"
"Row11_21",8299,88,0.063,0,2.148,0.04,"2026-06-16T00:00:30.819Z"
"Row11_22",8299,90,0.127,0.261,2.275,0.301,"2026-06-16T00:00:30.819Z"
"Row12_1",8300,6,0.025,0,0.025,0,"2026-06-16T03:00:30.451Z"
"Row12_2",8300,7,0.06,0,0.085,0,"2026-06-16T03:00:30.451Z"
"Row12_3",8300,20,0,0.072,0.085,0.072,"2026-06-16T03:00:30.451Z"
"Row12_4",8300,31,0.039,0,0.124,0.072,"2026-06-16T03:00:30.451Z"
"Row12_5",8300,33,0,0.024,0.124,0.096,"2026-06-16T03:00:30.451Z"
"Row12_6",8300,38,0.096,0,0.22,0.096,"2026-06-16T03:00:30.451Z"
"Row12_7",8300,39,0.084,0,0.304,0.096,"2026-06-16T03:00:30.451Z"
"Row12_8",8300,43,0.033,0,0.336,0.096,"2026-06-16T03:00:30.451Z"
"Row12_9",8300,45,0.12,0.066,0.457,0.162,"2026-06-16T03:00:30.451Z"
"Row12_10",8300,48,0,0.346,0.457,0.508,"2026-06-16T03:00:30.451Z"
"Row12_11",8300,53,0.066,0,0.522,0.508,"2026-06-16T03:00:30.451Z"
"Row12_12",8300,55,0,0.28,0.522,0.788,"2026-06-16T03:00:30.451Z"
"Row12_13",8300,57,0,0.029,0.522,0.817,"2026-06-16T03:00:30.451Z"
"Row12_14",8300,60,0,0.102,0.522,0.919,"2026-06-16T03:00:30.451Z"
"Row12_15",8300,62,0.167,0,0.69,0.919,"2026-06-16T03:00:30.451Z"
"Row12_16",8300,65,0,0.06,0.69,0.978,"2026-06-16T03:00:30.451Z"
"Row12_17",8300,73,0.05,0,0.739,0.978,"2026-06-16T03:00:30.451Z"
"Row12_18",8300,78,0.065,0,0.804,0.978,"2026-06-16T03:00:30.451Z"
"Row12_19",8300,79,0,0.018,0.804,0.996,"2026-06-16T03:00:30.451Z"
"Row12_20",8300,83,0.221,0,1.025,0.996,"2026-06-16T03:00:30.451Z"
"Row12_21",8300,84,0,0.072,1.025,1.068,"2026-06-16T03:00:30.451Z"
"Row12_22",8300,87,0.196,0,1.222,1.068,"2026-06-16T03:00:30.451Z"
"Row12_23",8300,90,0.095,0.022,1.316,1.091,"2026-06-16T03:00:30.451Z"
"Row13_1",8301,5,0,0.11,0,0.11,"2026-06-16T06:00:30.430Z"
"Row13_2",8301,18,0.03,0,0.03,0.11,"2026-06-16T06:00:30.430Z"
"Row13_3",8301,21,0,0.1,0.03,0.21,"2026-06-16T06:00:30.430Z"
"Row13_4",8301,38,0.07,0,0.1,0.21,"2026-06-16T06:00:30.430Z"
"Row13_5",8301,39,0.025,0,0.125,0.21,"2026-06-16T06:00:30.430Z"
"Row13_6",8301,40,0.089,0,0.215,0.21,"2026-06-16T06:00:30.430Z"
"Row13_7",8301,41,0.786,0,1.001,0.21,"2026-06-16T06:00:30.430Z"
"Row13_8",8301,45,0,0.175,1.001,0.385,"2026-06-16T06:00:30.430Z"
"Row13_9",8301,46,0,0.039,1.001,0.424,"2026-06-16T06:00:30.430Z"
"Row13_10",8301,50,0,0.059,1.001,0.483,"2026-06-16T06:00:30.430Z"
"Row13_11",8301,54,0,0.063,1.001,0.546,"2026-06-16T06:00:30.430Z"
"Row13_12",8301,59,0,0.02,1.001,0.566,"2026-06-16T06:00:30.430Z"
"Row13_13",8301,60,0,0.079,1.001,0.645,"2026-06-16T06:00:30.430Z"
"Row13_14",8301,67,0,0.058,1.001,0.703,"2026-06-16T06:00:30.430Z"
"Row13_15",8301,79,0,0.052,1.001,0.754,"2026-06-16T06:00:30.430Z"
"Row13_16",8301,80,0,0.478,1.001,1.232,"2026-06-16T06:00:30.430Z"
"Row13_17",8301,82,0,0.019,1.001,1.251,"2026-06-16T06:00:30.430Z"
"Row13_18",8301,83,0,0.107,1.001,1.358,"2026-06-16T06:00:30.430Z"
"Row13_19",8301,87,0.064,0,1.064,1.358,"2026-06-16T06:00:30.430Z"
"Row13_20",8301,90,0,0.306,1.064,1.664,"2026-06-16T06:00:30.430Z"
"Row14_1",8302,6,0.048,0,0.048,0,"2026-06-16T09:00:30.994Z"
"Row14_2",8302,7,0,0.11,0.048,0.11,"2026-06-16T09:00:30.994Z"
"Row14_3",8302,12,0,0.106,0.048,0.216,"2026-06-16T09:00:30.994Z"
"Row14_4",8302,14,0,0.065,0.048,0.281,"2026-06-16T09:00:30.994Z"
"Row14_5",8302,15,0,0.105,0.048,0.386,"2026-06-16T09:00:30.994Z"
"Row14_6",8302,19,0,0.03,0.048,0.416,"2026-06-16T09:00:30.994Z"
"Row14_7",8302,23,0.134,0,0.182,0.416,"2026-06-16T09:00:30.994Z"
"Row14_8",8302,29,0.067,0,0.249,0.416,"2026-06-16T09:00:30.994Z"
"Row14_9",8302,30,0.053,0.022,0.302,0.439,"2026-06-16T09:00:30.994Z"
"Row14_10",8302,32,0.451,0,0.753,0.439,"2026-06-16T09:00:30.994Z"
"Row14_11",8302,45,0.065,0.057,0.818,0.496,"2026-06-16T09:00:30.994Z"
"Row14_12",8302,47,0,0.031,0.818,0.527,"2026-06-16T09:00:30.994Z"
"Row14_13",8302,49,0.031,0,0.849,0.527,"2026-06-16T09:00:30.994Z"
"Row14_14",8302,51,0.035,0,0.884,0.527,"2026-06-16T09:00:30.994Z"
"Row14_15",8302,55,0,0.198,0.884,0.725,"2026-06-16T09:00:30.994Z"
"Row14_16",8302,61,0,0.016,0.884,0.741,"2026-06-16T09:00:30.994Z"
"Row14_17",8302,64,0.285,0,1.169,0.741,"2026-06-16T09:00:30.994Z"
"Row14_18",8302,73,0.034,0,1.203,0.741,"2026-06-16T09:00:30.994Z"
"Row14_19",8302,76,0.025,0,1.228,0.741,"2026-06-16T09:00:30.994Z"
"Row14_20",8302,80,0.071,0,1.299,0.741,"2026-06-16T09:00:30.994Z"
"Row14_21",8302,81,0,0.451,1.299,1.192,"2026-06-16T09:00:30.994Z"
"Row14_22",8302,85,0.118,0,1.418,1.192,"2026-06-16T09:00:30.994Z"
"Row14_23",8302,87,0.044,0,1.462,1.192,"2026-06-16T09:00:30.994Z"
"Row14_24",8302,89,0.077,0,1.539,1.192,"2026-06-16T09:00:30.994Z"
"Row14_25",8302,90,0,0.048,1.539,1.24,"2026-06-16T09:00:30.994Z"
"Row15_1",8304,7,0,0.036,0,0.036,"2026-06-17T03:00:30.980Z"
"Row15_2",8304,19,0.021,0,0.021,0.036,"2026-06-17T03:00:30.980Z"
"Row15_3",8304,25,0,0.129,0.021,0.165,"2026-06-17T03:00:30.980Z"
"Row15_4",8304,31,0,0.045,0.021,0.21,"2026-06-17T03:00:30.980Z"
"Row15_5",8304,40,0,0.034,0.021,0.244,"2026-06-17T03:00:30.980Z"
"Row15_6",8304,45,0,0.194,0.021,0.438,"2026-06-17T03:00:30.980Z"
"Row15_7",8304,47,0.037,0,0.058,0.438,"2026-06-17T03:00:30.980Z"
"Row15_8",8304,53,0.373,0,0.432,0.438,"2026-06-17T03:00:30.980Z"
"Row15_9",8304,57,0.379,0,0.81,0.438,"2026-06-17T03:00:30.980Z"
"Row15_10",8304,65,0.115,0,0.926,0.438,"2026-06-17T03:00:30.980Z"
"Row15_11",8304,66,0.288,0,1.214,0.438,"2026-06-17T03:00:30.980Z"
"Row15_12",8304,72,0.03,0,1.244,0.438,"2026-06-17T03:00:30.980Z"
"Row15_13",8304,74,0.018,0,1.263,0.438,"2026-06-17T03:00:30.980Z"
"Row15_14",8304,82,0.503,0,1.766,0.438,"2026-06-17T03:00:30.980Z"
"Row15_15",8304,85,0.097,0,1.863,0.438,"2026-06-17T03:00:30.980Z"
"Row15_16",8304,90,0.027,0.062,1.89,0.5,"2026-06-17T03:00:30.980Z"
"Row16_1",8305,5,0.085,0,0.085,0,"2026-06-17T06:00:31.804Z"
"Row16_2",8305,13,0.037,0,0.122,0,"2026-06-17T06:00:31.804Z"
"Row16_3",8305,20,0,0.172,0.122,0.172,"2026-06-17T06:00:31.804Z"
"Row16_4",8305,24,0,0.082,0.122,0.254,"2026-06-17T06:00:31.804Z"
"Row16_5",8305,28,0.009,0,0.131,0.254,"2026-06-17T06:00:31.804Z"
"Row16_6",8305,29,0,0.832,0.131,1.087,"2026-06-17T06:00:31.804Z"
"Row16_7",8305,31,0,0.106,0.131,1.192,"2026-06-17T06:00:31.804Z"
"Row16_8",8305,37,0,0.037,0.131,1.229,"2026-06-17T06:00:31.804Z"
"Row16_9",8305,39,0.088,0,0.218,1.229,"2026-06-17T06:00:31.804Z"
"Row16_10",8305,43,0,0.854,0.218,2.083,"2026-06-17T06:00:31.804Z"
"Row16_11",8305,45,0.486,0,0.704,2.083,"2026-06-17T06:00:31.804Z"
"Row16_12",8305,53,0.034,0,0.738,2.083,"2026-06-17T06:00:31.804Z"
"Row16_13",8305,63,0.03,0,0.768,2.083,"2026-06-17T06:00:31.804Z"
"Row16_14",8305,76,0,0.347,0.768,2.43,"2026-06-17T06:00:31.804Z"
"Row16_15",8305,82,0,0.046,0.768,2.476,"2026-06-17T06:00:31.804Z"
"Row16_16",8305,83,0,0.172,0.768,2.648,"2026-06-17T06:00:31.804Z"
"Row16_17",8305,90,0,0.13,0.768,2.777,"2026-06-17T06:00:31.804Z"
"Row17_1",8306,17,0.095,0,0.095,0,"2026-06-17T09:00:31.349Z"
"Row17_2",8306,37,0.026,0,0.121,0,"2026-06-17T09:00:31.349Z"
"Row17_3",8306,41,0,0.034,0.121,0.034,"2026-06-17T09:00:31.349Z"
"Row17_4",8306,42,0.024,0,0.145,0.034,"2026-06-17T09:00:31.349Z"
"Row17_5",8306,44,0,0.025,0.145,0.059,"2026-06-17T09:00:31.349Z"
"Row17_6",8306,45,0.05,0.044,0.195,0.103,"2026-06-17T09:00:31.349Z"
"Row17_7",8306,51,0.085,0,0.281,0.103,"2026-06-17T09:00:31.349Z"
"Row17_8",8306,54,0.118,0,0.398,0.103,"2026-06-17T09:00:31.349Z"
"Row17_9",8306,57,0,0.058,0.398,0.162,"2026-06-17T09:00:31.349Z"
"Row17_10",8306,60,0.601,0,0.999,0.162,"2026-06-17T09:00:31.349Z"
"Row17_11",8306,66,0.119,0,1.119,0.162,"2026-06-17T09:00:31.349Z"
"Row17_12",8306,69,0,0.072,1.119,0.233,"2026-06-17T09:00:31.349Z"
"Row17_13",8306,76,0.134,0,1.253,0.233,"2026-06-17T09:00:31.349Z"
"Row17_14",8306,86,0,0.074,1.253,0.308,"2026-06-17T09:00:31.349Z"
"Row18_1",8303,2,0,0.017,0,0.017,"2026-06-17T12:00:31.411Z"
"Row18_2",8303,9,0,0.011,0,0.028,"2026-06-17T12:00:31.411Z"
"Row18_3",8303,11,0.018,0,0.018,0.028,"2026-06-17T12:00:31.411Z"
"Row18_4",8303,17,0,0.046,0.018,0.075,"2026-06-17T12:00:31.411Z"
"Row18_5",8303,19,0.015,0,0.032,0.075,"2026-06-17T12:00:31.411Z"
"Row18_6",8303,21,0.043,0,0.076,0.075,"2026-06-17T12:00:31.411Z"
"Row18_7",8303,22,0,0.089,0.076,0.164,"2026-06-17T12:00:31.411Z"
"Row18_8",8303,30,0.109,0,0.185,0.164,"2026-06-17T12:00:31.411Z"
"Row18_9",8303,33,0.071,0,0.255,0.164,"2026-06-17T12:00:31.411Z"
"Row18_10",8303,34,0,0.168,0.255,0.332,"2026-06-17T12:00:31.411Z"
"Row18_11",8303,44,0,0.011,0.255,0.343,"2026-06-17T12:00:31.411Z"
"Row18_12",8303,45,0.015,0.026,0.271,0.369,"2026-06-17T12:00:31.411Z"
"Row18_13",8303,50,0,0.085,0.271,0.455,"2026-06-17T12:00:31.411Z"
"Row18_14",8303,55,0,0.066,0.271,0.521,"2026-06-17T12:00:31.411Z"
"Row18_15",8303,60,0.073,0,0.344,0.521,"2026-06-17T12:00:31.411Z"
"Row18_16",8303,63,0.203,0,0.546,0.521,"2026-06-17T12:00:31.411Z"
"Row18_17",8303,90,1.117,0.017,1.663,0.538,"2026-06-17T12:00:31.411Z"
"Row19_1",8307,6,0.052,0,0.052,0,"2026-06-18T01:00:31.916Z"
"Row19_2",8307,11,0,0.019,0.052,0.019,"2026-06-18T01:00:31.916Z"
"Row19_3",8307,14,0,0.031,0.052,0.049,"2026-06-18T01:00:31.916Z"
"Row19_4",8307,33,0,0.03,0.052,0.08,"2026-06-18T01:00:31.916Z"
"Row19_5",8307,39,0.017,0,0.07,0.08,"2026-06-18T01:00:31.916Z"
"Row19_6",8307,45,0,0.419,0.07,0.498,"2026-06-18T01:00:31.916Z"
"Row19_7",8307,63,0,0.187,0.07,0.686,"2026-06-18T01:00:31.916Z"
"Row19_8",8307,68,0.174,0,0.243,0.686,"2026-06-18T01:00:31.916Z"
"Row19_9",8307,74,0.176,0,0.42,0.686,"2026-06-18T01:00:31.916Z"
"Row19_10",8307,77,0,0.132,0.42,0.818,"2026-06-18T01:00:31.916Z"
"Row19_11",8307,78,0.074,0,0.494,0.818,"2026-06-18T01:00:31.916Z"
"Row19_12",8307,90,0.123,0,0.617,0.818,"2026-06-18T01:00:31.916Z"
"Row20_1",8308,3,0,0.166,0,0.166,"2026-06-18T04:00:31.820Z"
"Row20_2",8308,8,0.037,0,0.037,0.166,"2026-06-18T04:00:31.820Z"
"Row20_3",8308,9,0.029,0,0.065,0.166,"2026-06-18T04:00:31.820Z"
"Row20_4",8308,12,0.788,0,0.854,0.166,"2026-06-18T04:00:31.820Z"
"Row20_5",8308,16,0.11,0,0.963,0.166,"2026-06-18T04:00:31.820Z"
"Row20_6",8308,31,0.257,0,1.22,0.166,"2026-06-18T04:00:31.820Z"
"Row20_7",8308,35,0.063,0,1.283,0.166,"2026-06-18T04:00:31.820Z"
"Row20_8",8308,36,0,0.053,1.283,0.219,"2026-06-18T04:00:31.820Z"
"Row20_9",8308,42,0.041,0,1.324,0.219,"2026-06-18T04:00:31.820Z"
"Row20_10",8308,45,0.04,0.189,1.364,0.408,"2026-06-18T04:00:31.820Z"
"Row20_11",8308,47,0.048,0,1.413,0.408,"2026-06-18T04:00:31.820Z"
"Row20_12",8308,48,0.127,0,1.54,0.408,"2026-06-18T04:00:31.820Z"
"Row20_13",8308,49,0.142,0,1.682,0.408,"2026-06-18T04:00:31.820Z"
"Row20_14",8308,52,0.042,0,1.724,0.408,"2026-06-18T04:00:31.820Z"
"Row20_15",8308,56,0.605,0,2.328,0.408,"2026-06-18T04:00:31.820Z"
"Row20_16",8308,57,0.087,0,2.415,0.408,"2026-06-18T04:00:31.820Z"
"Row20_17",8308,69,0.025,0,2.44,0.408,"2026-06-18T04:00:31.820Z"
"Row20_18",8308,76,0,0.058,2.44,0.466,"2026-06-18T04:00:31.820Z"
"Row20_19",8308,77,0,0.019,2.44,0.485,"2026-06-18T04:00:31.820Z"
"Row20_20",8308,81,0,0.011,2.44,0.497,"2026-06-18T04:00:31.820Z"
"Row20_21",8308,82,0.357,0,2.797,0.497,"2026-06-18T04:00:31.820Z"
"Row20_22",8308,84,0,0.025,2.797,0.521,"2026-06-18T04:00:31.820Z"
"Row20_23",8308,85,0.057,0,2.855,0.521,"2026-06-18T04:00:31.820Z"
"Row20_24",8308,90,0.038,0.192,2.892,0.713,"2026-06-18T04:00:31.820Z"
"Row21_1",8309,2,0,0.058,0,0.058,"2026-06-18T07:00:31.810Z"
"Row21_2",8309,5,0,0.014,0,0.072,"2026-06-18T07:00:31.810Z"
"Row21_3",8309,38,0,0.061,0,0.134,"2026-06-18T07:00:31.810Z"
"Row21_4",8309,48,0.053,0,0.053,0.134,"2026-06-18T07:00:31.810Z"
"Row21_5",8309,50,0.034,0,0.087,0.134,"2026-06-18T07:00:31.810Z"
"Row21_6",8309,53,0,0.037,0.087,0.171,"2026-06-18T07:00:31.810Z"
"Row21_7",8309,59,0.016,0,0.103,0.171,"2026-06-18T07:00:31.810Z"
"Row21_8",8309,60,0,0.136,0.103,0.307,"2026-06-18T07:00:31.810Z"
"Row21_9",8309,64,0,0.024,0.103,0.331,"2026-06-18T07:00:31.810Z"
"Row21_10",8309,66,0.051,0,0.154,0.331,"2026-06-18T07:00:31.810Z"
"Row21_11",8309,67,0.058,0.069,0.212,0.4,"2026-06-18T07:00:31.810Z"
"Row21_12",8309,73,0.072,0,0.285,0.4,"2026-06-18T07:00:31.810Z"
"Row21_13",8309,85,0,0.069,0.285,0.469,"2026-06-18T07:00:31.810Z"
"Row21_14",8309,87,0,0.044,0.285,0.514,"2026-06-18T07:00:31.810Z"
"Row21_15",8309,90,0.965,0.253,1.25,0.766,"2026-06-18T07:00:31.810Z"
"Row22_1",8310,17,0,0.053,0,0.053,"2026-06-18T10:00:31.860Z"
"Row22_2",8310,32,0,0.134,0,0.187,"2026-06-18T10:00:31.860Z"
"Row22_3",8310,40,0,0.554,0,0.741,"2026-06-18T10:00:31.860Z"
"Row22_4",8310,45,0.022,0.091,0.022,0.832,"2026-06-18T10:00:31.860Z"
"Row22_5",8310,60,1.019,0,1.041,0.832,"2026-06-18T10:00:31.860Z"
"Row22_6",8310,64,0,0.276,1.041,1.108,"2026-06-18T10:00:31.860Z"
"Row22_7",8310,65,0,0.148,1.041,1.256,"2026-06-18T10:00:31.860Z"
"Row22_8",8310,82,0,0.015,1.041,1.271,"2026-06-18T10:00:31.860Z"
"Row22_9",8310,86,0,0.086,1.041,1.357,"2026-06-18T10:00:31.860Z"
"Row22_10",8310,87,0,0.072,1.041,1.43,"2026-06-18T10:00:31.860Z"
"Row22_11",8310,88,0.019,0,1.06,1.43,"2026-06-18T10:00:31.860Z"
"Row22_12",8310,90,0.171,0.178,1.231,1.608,"2026-06-18T10:00:31.860Z"
"Row23_1",8311,1,0.089,0,0.089,0,"2026-06-19T00:00:32.322Z"
"Row23_2",8311,5,0.096,0,0.185,0,"2026-06-19T00:00:32.322Z"
"Row23_3",8311,6,0.184,0,0.369,0,"2026-06-19T00:00:32.322Z"
"Row23_4",8311,12,0,0.019,0.369,0.019,"2026-06-19T00:00:32.322Z"
"Row23_5",8311,13,0,0.014,0.369,0.032,"2026-06-19T00:00:32.322Z"
"Row23_6",8311,22,0,0.059,0.369,0.091,"2026-06-19T00:00:32.322Z"
"Row23_7",8311,41,0.036,0,0.405,0.091,"2026-06-19T00:00:32.322Z"
"Row23_8",8311,45,0,0.124,0.405,0.215,"2026-06-19T00:00:32.322Z"
"Row23_9",8311,47,0.175,0,0.58,0.215,"2026-06-19T00:00:32.322Z"
"Row23_10",8311,48,0.111,0,0.691,0.215,"2026-06-19T00:00:32.322Z"
"Row23_11",8311,50,0,0.015,0.691,0.229,"2026-06-19T00:00:32.322Z"
"Row23_12",8311,53,0.023,0,0.715,0.229,"2026-06-19T00:00:32.322Z"
"Row23_13",8311,54,0,0.017,0.715,0.247,"2026-06-19T00:00:32.322Z"
"Row23_14",8311,59,0.107,0,0.821,0.247,"2026-06-19T00:00:32.322Z"
"Row23_15",8311,60,0,0.015,0.821,0.262,"2026-06-19T00:00:32.322Z"
"Row23_16",8311,68,0.057,0,0.878,0.262,"2026-06-19T00:00:32.322Z"
"Row23_17",8311,74,0,0.033,0.878,0.295,"2026-06-19T00:00:32.322Z"
"Row23_18",8311,76,0,0.016,0.878,0.311,"2026-06-19T00:00:32.322Z"
"Row23_19",8311,81,0,0.023,0.878,0.334,"2026-06-19T00:00:32.322Z"
"Row23_20",8311,83,0,0.788,0.878,1.122,"2026-06-19T00:00:32.322Z"
"Row23_21",8311,86,0,0.011,0.878,1.133,"2026-06-19T00:00:32.322Z"
"Row23_22",8311,88,0,0.048,0.878,1.181,"2026-06-19T00:00:32.322Z"
"Row23_23",8311,90,0.14,0.189,1.018,1.37,"2026-06-19T00:00:32.322Z"
"Row24_1",8312,2,0,0.046,0,0.046,"2026-06-19T03:00:32.442Z"
"Row24_2",8312,8,0.014,0,0.014,0.046,"2026-06-19T03:00:32.442Z"
"Row24_3",8312,10,0.022,0,0.036,0.046,"2026-06-19T03:00:32.442Z"
"Row24_4",8312,20,0.013,0,0.048,0.046,"2026-06-19T03:00:32.442Z"
"Row24_5",8312,23,0.016,0,0.064,0.046,"2026-06-19T03:00:32.442Z"
"Row24_6",8312,38,0,0.015,0.064,0.061,"2026-06-19T03:00:32.442Z"
"Row24_7",8312,41,0,0.117,0.064,0.178,"2026-06-19T03:00:32.442Z"
"Row24_8",8312,51,0.02,0,0.085,0.178,"2026-06-19T03:00:32.442Z"
"Row24_9",8312,53,0.062,0,0.147,0.178,"2026-06-19T03:00:32.442Z"
"Row24_10",8312,55,0.046,0,0.193,0.178,"2026-06-19T03:00:32.442Z"
"Row24_11",8312,62,0.153,0,0.346,0.178,"2026-06-19T03:00:32.442Z"
"Row24_12",8312,68,0,0.015,0.346,0.194,"2026-06-19T03:00:32.442Z"
"Row24_13",8312,74,0.064,0,0.41,0.194,"2026-06-19T03:00:32.442Z"
"Row24_14",8312,81,0.094,0,0.504,0.194,"2026-06-19T03:00:32.442Z"
"Row24_15",8312,84,0.268,0,0.772,0.194,"2026-06-19T03:00:32.442Z"
"Row24_16",8312,90,1.233,0.043,2.006,0.237,"2026-06-19T03:00:32.442Z"
"Row25_1",8313,1,0,0.141,0,0.141,"2026-06-19T06:00:32.465Z"
"Row25_2",8313,7,0.046,0,0.046,0.141,"2026-06-19T06:00:32.465Z"
"Row25_3",8313,10,0,0.043,0.046,0.184,"2026-06-19T06:00:32.465Z"
"Row25_4",8313,15,0.024,0,0.07,0.184,"2026-06-19T06:00:32.465Z"
"Row25_5",8313,16,0.416,0,0.486,0.184,"2026-06-19T06:00:32.465Z"
"Row25_6",8313,21,0.056,0,0.542,0.184,"2026-06-19T06:00:32.465Z"
"Row25_7",8313,29,0.16,0,0.702,0.184,"2026-06-19T06:00:32.465Z"
"Row25_8",8313,35,0.162,0,0.864,0.184,"2026-06-19T06:00:32.465Z"
"Row25_9",8313,38,0.484,0,1.348,0.184,"2026-06-19T06:00:32.465Z"
"Row25_10",8313,40,0.022,0,1.37,0.184,"2026-06-19T06:00:32.465Z"
"Row25_11",8313,45,1.354,0,2.724,0.184,"2026-06-19T06:00:32.465Z"
"Row25_12",8313,48,0.094,0,2.817,0.184,"2026-06-19T06:00:32.465Z"
"Row25_13",8313,50,0.105,0,2.922,0.184,"2026-06-19T06:00:32.465Z"
"Row25_14",8313,64,0.063,0,2.985,0.184,"2026-06-19T06:00:32.465Z"
"Row25_15",8313,75,0.16,0,3.145,0.184,"2026-06-19T06:00:32.465Z"
"Row25_16",8313,77,0.024,0,3.169,0.184,"2026-06-19T06:00:32.465Z"
"Row25_17",8313,78,0.028,0,3.197,0.184,"2026-06-19T06:00:32.465Z"
"Row25_18",8313,80,0.026,0,3.223,0.184,"2026-06-19T06:00:32.465Z"
"Row25_19",8313,82,0.009,0,3.231,0.184,"2026-06-19T06:00:32.465Z"
"Row25_20",8313,84,0.169,0,3.4,0.184,"2026-06-19T06:00:32.465Z"
"Row25_21",8313,86,0.033,0,3.434,0.184,"2026-06-19T06:00:32.465Z"
"Row25_22",8313,90,1.408,0,4.842,0.184,"2026-06-19T06:00:32.465Z"
"Row26_1",8314,7,0.048,0,0.048,0,"2026-06-19T09:00:32.527Z"
"Row26_2",8314,20,0.059,0,0.107,0,"2026-06-19T09:00:32.527Z"
"Row26_3",8314,41,0,0.088,0.107,0.088,"2026-06-19T09:00:32.527Z"
"Row26_4",8314,44,0,0.023,0.107,0.111,"2026-06-19T09:00:32.527Z"
"Row26_5",8314,49,0.035,0,0.142,0.111,"2026-06-19T09:00:32.527Z"
"Row26_6",8314,50,0.1,0,0.242,0.111,"2026-06-19T09:00:32.527Z"
"Row26_7",8314,58,0,0.035,0.242,0.146,"2026-06-19T09:00:32.527Z"
"Row26_8",8314,75,0.21,0,0.453,0.146,"2026-06-19T09:00:32.527Z"
"Row26_9",8314,78,0,0.021,0.453,0.167,"2026-06-19T09:00:32.527Z"
"Row26_10",8314,85,0.024,0,0.477,0.167,"2026-06-19T09:00:32.527Z"
"Row26_11",8314,87,0,0.415,0.477,0.583,"2026-06-19T09:00:32.527Z"
"Row26_12",8314,90,0,0.149,0.477,0.732,"2026-06-19T09:00:32.527Z"
"Row27_1",8316,1,0,0.027,0,0.027,"2026-06-20T03:00:33.604Z"
"Row27_2",8316,5,0.052,0,0.052,0.027,"2026-06-20T03:00:33.604Z"
"Row27_3",8316,9,0.04,0,0.091,0.027,"2026-06-20T03:00:33.604Z"
"Row27_4",8316,13,0,0.096,0.091,0.123,"2026-06-20T03:00:33.604Z"
"Row27_5",8316,15,0.262,0,0.354,0.123,"2026-06-20T03:00:33.604Z"
"Row27_6",8316,17,0.039,0,0.393,0.123,"2026-06-20T03:00:33.604Z"
"Row27_7",8316,22,0.067,0,0.46,0.123,"2026-06-20T03:00:33.604Z"
"Row27_8",8316,38,0.059,0,0.519,0.123,"2026-06-20T03:00:33.604Z"
"Row27_9",8316,43,0.661,0,1.18,0.123,"2026-06-20T03:00:33.604Z"
"Row27_10",8316,45,0.025,0,1.205,0.123,"2026-06-20T03:00:33.604Z"
"Row27_11",8316,51,0.098,0,1.303,0.123,"2026-06-20T03:00:33.604Z"
"Row27_12",8316,62,0,0.242,1.303,0.365,"2026-06-20T03:00:33.604Z"
"Row27_13",8316,65,0,0.043,1.303,0.409,"2026-06-20T03:00:33.604Z"
"Row27_14",8316,87,0,0.035,1.303,0.443,"2026-06-20T03:00:33.604Z"
"Row28_1",8317,2,0,0.13,0,0.13,"2026-06-20T06:00:33.092Z"
"Row28_2",8317,21,0,0.011,0,0.141,"2026-06-20T06:00:33.092Z"
"Row28_3",8317,30,0,0.048,0,0.189,"2026-06-20T06:00:33.092Z"
"Row28_4",8317,36,0,0.169,0,0.357,"2026-06-20T06:00:33.092Z"
"Row28_5",8317,38,0,0.304,0,0.661,"2026-06-20T06:00:33.092Z"
"Row28_6",8317,45,0.196,0,0.196,0.661,"2026-06-20T06:00:33.092Z"
"Row28_7",8317,50,0,0.101,0.196,0.763,"2026-06-20T06:00:33.092Z"
"Row28_8",8317,52,0,0.01,0.196,0.773,"2026-06-20T06:00:33.092Z"
"Row28_9",8317,58,0,0.042,0.196,0.815,"2026-06-20T06:00:33.092Z"
"Row28_10",8317,62,0,0.011,0.196,0.825,"2026-06-20T06:00:33.092Z"
"Row28_11",8317,64,0.045,0,0.241,0.825,"2026-06-20T06:00:33.092Z"
"Row28_12",8317,85,0.033,0,0.273,0.825,"2026-06-20T06:00:33.092Z"
"Row28_13",8317,86,0.167,0,0.441,0.825,"2026-06-20T06:00:33.092Z"
"Row28_14",8317,88,0.098,0,0.539,0.825,"2026-06-20T06:00:33.092Z"
"Row28_15",8317,90,0,0.144,0.539,0.97,"2026-06-20T06:00:33.092Z"
"Row29_1",8318,17,0.015,0,0.015,0,"2026-06-20T08:30:33.141Z"
"Row29_2",8318,23,0.474,0,0.489,0,"2026-06-20T08:30:33.141Z"
"Row29_3",8318,29,0.111,0,0.6,0,"2026-06-20T08:30:33.141Z"
"Row29_4",8318,36,0.333,0,0.933,0,"2026-06-20T08:30:33.141Z"
"Row29_5",8318,45,0.31,0,1.243,0,"2026-06-20T08:30:33.141Z"
"Row29_6",8318,49,0,0.05,1.243,0.05,"2026-06-20T08:30:33.141Z"
"Row29_7",8318,63,0,0.061,1.243,0.111,"2026-06-20T08:30:33.141Z"
"Row29_8",8318,66,0,0.047,1.243,0.158,"2026-06-20T08:30:33.141Z"
"Row29_9",8318,76,0.105,0,1.348,0.158,"2026-06-20T08:30:33.141Z"
"Row29_10",8318,87,0,0.034,1.348,0.192,"2026-06-20T08:30:33.141Z"
"Row29_11",8318,89,0,0.016,1.348,0.208,"2026-06-20T08:30:33.141Z"
"Row29_12",8318,90,0.183,0.045,1.531,0.253,"2026-06-20T08:30:33.141Z"
"Row30_1",8315,2,0,0.03,0,0.03,"2026-06-20T11:00:33.287Z"
"Row30_2",8315,11,0,0.029,0,0.059,"2026-06-20T11:00:33.287Z"
"Row30_3",8315,14,0.194,0,0.194,0.059,"2026-06-20T11:00:33.287Z"
"Row30_4",8315,15,0.048,0,0.242,0.059,"2026-06-20T11:00:33.287Z"
"Row30_5",8315,21,0.006,0,0.248,0.059,"2026-06-20T11:00:33.287Z"
"Row30_6",8315,25,0.017,0,0.265,0.059,"2026-06-20T11:00:33.287Z"
"Row30_7",8315,30,0.04,0,0.304,0.059,"2026-06-20T11:00:33.287Z"
"Row30_8",8315,35,0.06,0,0.364,0.059,"2026-06-20T11:00:33.287Z"
"Row30_9",8315,36,0.022,0,0.387,0.059,"2026-06-20T11:00:33.287Z"
"Row30_10",8315,37,0,0.053,0.387,0.112,"2026-06-20T11:00:33.287Z"
"Row30_11",8315,45,0.149,0,0.536,0.112,"2026-06-20T11:00:33.287Z"
"Row30_12",8315,47,0.016,0,0.552,0.112,"2026-06-20T11:00:33.287Z"
"Row30_13",8315,48,0.026,0,0.578,0.112,"2026-06-20T11:00:33.287Z"
"Row30_14",8315,57,0.077,0,0.655,0.112,"2026-06-20T11:00:33.287Z"
"Row30_15",8315,59,0.02,0,0.675,0.112,"2026-06-20T11:00:33.287Z"
"Row30_16",8315,60,0,0.094,0.675,0.206,"2026-06-20T11:00:33.287Z"
"Row30_17",8315,62,0.189,0,0.864,0.206,"2026-06-20T11:00:33.287Z"
"Row30_18",8315,65,0.027,0,0.891,0.206,"2026-06-20T11:00:33.287Z"
"Row30_19",8315,73,0.025,0,0.916,0.206,"2026-06-20T11:00:33.287Z"
"Row30_20",8315,75,0.083,0,0.999,0.206,"2026-06-20T11:00:33.287Z"
"Row30_21",8315,76,0.028,0,1.027,0.206,"2026-06-20T11:00:33.287Z"
"Row30_22",8315,78,0.056,0,1.083,0.206,"2026-06-20T11:00:33.287Z"
"Row30_23",8315,80,0.194,0,1.277,0.206,"2026-06-20T11:00:33.287Z"
"Row30_24",8315,82,0.047,0,1.324,0.206,"2026-06-20T11:00:33.287Z"
"Row30_25",8315,86,0.035,0,1.359,0.206,"2026-06-20T11:00:33.287Z"
"Row30_26",8315,89,0.611,0.053,1.97,0.259,"2026-06-20T11:00:33.287Z"
"Row30_27",8315,90,0.205,0.061,2.175,0.32,"2026-06-20T11:00:33.287Z"
"Row31_1",8320,5,0.555,0,0.555,0,"2026-06-21T01:00:33.681Z"
"Row31_2",8320,7,0,0.033,0.555,0.033,"2026-06-21T01:00:33.681Z"
"Row31_3",8320,11,0.03,0,0.585,0.033,"2026-06-21T01:00:33.681Z"
"Row31_4",8320,15,0.029,0,0.614,0.033,"2026-06-21T01:00:33.681Z"
"Row31_5",8320,17,0.633,0,1.248,0.033,"2026-06-21T01:00:33.681Z"
"Row31_6",8320,27,0,0.082,1.248,0.115,"2026-06-21T01:00:33.681Z"
"Row31_7",8320,31,0,0.036,1.248,0.15,"2026-06-21T01:00:33.681Z"
"Row31_8",8320,33,0,0.073,1.248,0.224,"2026-06-21T01:00:33.681Z"
"Row31_9",8320,37,0,0.052,1.248,0.276,"2026-06-21T01:00:33.681Z"
"Row31_10",8320,38,0.03,0,1.277,0.276,"2026-06-21T01:00:33.681Z"
"Row31_11",8320,41,0,0.076,1.277,0.351,"2026-06-21T01:00:33.681Z"
"Row31_12",8320,45,0,0.13,1.277,0.481,"2026-06-21T01:00:33.681Z"
"Row31_13",8320,47,0.901,0,2.178,0.481,"2026-06-21T01:00:33.681Z"
"Row31_14",8320,50,0.029,0,2.207,0.481,"2026-06-21T01:00:33.681Z"
"Row31_15",8320,52,0,0.057,2.207,0.537,"2026-06-21T01:00:33.681Z"
"Row31_16",8320,54,0.131,0,2.338,0.537,"2026-06-21T01:00:33.681Z"
"Row31_17",8320,57,0.044,0.047,2.382,0.584,"2026-06-21T01:00:33.681Z"
"Row31_18",8320,59,0,0.29,2.382,0.874,"2026-06-21T01:00:33.681Z"
"Row31_19",8320,84,0,0.019,2.382,0.894,"2026-06-21T01:00:33.681Z"
"Row31_20",8320,85,0,0.015,2.382,0.909,"2026-06-21T01:00:33.681Z"
"Row31_21",8320,89,0.092,0,2.475,0.909,"2026-06-21T01:00:33.681Z"
"Row31_22",8320,90,0,0.086,2.475,0.995,"2026-06-21T01:00:33.681Z"
"Row32_1",8321,1,0.071,0,0.071,0,"2026-06-21T04:00:33.780Z"
"Row32_2",8321,10,0.065,0,0.136,0,"2026-06-21T04:00:33.780Z"
"Row32_3",8321,12,0,0.094,0.136,0.094,"2026-06-21T04:00:33.780Z"
"Row32_4",8321,18,0.031,0,0.167,0.094,"2026-06-21T04:00:33.780Z"
"Row32_5",8321,21,0.027,0,0.194,0.094,"2026-06-21T04:00:33.780Z"
"Row32_6",8321,30,0,0.611,0.194,0.705,"2026-06-21T04:00:33.780Z"
"Row32_7",8321,38,0,0.049,0.194,0.754,"2026-06-21T04:00:33.780Z"
"Row32_8",8321,41,0.063,0,0.257,0.754,"2026-06-21T04:00:33.780Z"
"Row32_9",8321,42,0.017,0,0.274,0.754,"2026-06-21T04:00:33.780Z"
"Row32_10",8321,45,0.332,0,0.606,0.754,"2026-06-21T04:00:33.780Z"
"Row32_11",8321,46,0,0.019,0.606,0.773,"2026-06-21T04:00:33.780Z"
"Row32_12",8321,50,0,0.155,0.606,0.928,"2026-06-21T04:00:33.780Z"
"Row32_13",8321,51,0,0.202,0.606,1.13,"2026-06-21T04:00:33.780Z"
"Row32_14",8321,56,0,0.07,0.606,1.2,"2026-06-21T04:00:33.780Z"
"Row32_15",8321,57,0.016,0,0.622,1.2,"2026-06-21T04:00:33.780Z"
"Row32_16",8321,61,0.028,0,0.65,1.2,"2026-06-21T04:00:33.780Z"
"Row32_17",8321,63,0.074,0,0.725,1.2,"2026-06-21T04:00:33.780Z"
"Row32_18",8321,68,0.563,0,1.287,1.2,"2026-06-21T04:00:33.780Z"
"Row32_19",8321,84,0,0.025,1.287,1.225,"2026-06-21T04:00:33.780Z"
"Row32_20",8321,86,0.019,0,1.306,1.225,"2026-06-21T04:00:33.780Z"
"Row32_21",8321,89,0.088,0,1.394,1.225,"2026-06-21T04:00:33.780Z"
"Row32_22",8321,90,0.432,0,1.826,1.225,"2026-06-21T04:00:33.780Z"
"Row33_1",8322,3,0.487,0,0.487,0,"2026-06-21T08:00:33.889Z"
"Row33_2",8322,8,0,0.051,0.487,0.051,"2026-06-21T08:00:33.889Z"
"Row33_3",8322,12,0.033,0,0.52,0.051,"2026-06-21T08:00:33.889Z"
"Row33_4",8322,14,0.052,0,0.572,0.051,"2026-06-21T08:00:33.889Z"
"Row33_5",8322,16,0.024,0,0.597,0.051,"2026-06-21T08:00:33.889Z"
"Row33_6",8322,18,0,0.024,0.597,0.075,"2026-06-21T08:00:33.889Z"
"Row33_7",8322,20,0.322,0,0.919,0.075,"2026-06-21T08:00:33.889Z"
"Row33_8",8322,22,0.039,0,0.958,0.075,"2026-06-21T08:00:33.889Z"
"Row33_9",8322,28,0.068,0,1.026,0.075,"2026-06-21T08:00:33.889Z"
"Row33_10",8322,30,0,0.021,1.026,0.097,"2026-06-21T08:00:33.889Z"
"Row33_11",8322,33,0,0.087,1.026,0.183,"2026-06-21T08:00:33.889Z"
"Row33_12",8322,42,0.073,0,1.099,0.183,"2026-06-21T08:00:33.889Z"
"Row33_13",8322,45,0,0.017,1.099,0.2,"2026-06-21T08:00:33.889Z"
"Row33_14",8322,50,0.037,0,1.136,0.2,"2026-06-21T08:00:33.889Z"
"Row33_15",8322,54,0.01,0,1.146,0.2,"2026-06-21T08:00:33.889Z"
"Row33_16",8322,57,0,0.048,1.146,0.249,"2026-06-21T08:00:33.889Z"
"Row33_17",8322,59,0.332,0,1.478,0.249,"2026-06-21T08:00:33.889Z"
"Row33_18",8322,60,0,0.199,1.478,0.448,"2026-06-21T08:00:33.889Z"
"Row33_19",8322,61,0.05,0,1.528,0.448,"2026-06-21T08:00:33.889Z"
"Row33_20",8322,62,0.018,0,1.547,0.448,"2026-06-21T08:00:33.889Z"
"Row33_21",8322,64,0.067,0,1.613,0.448,"2026-06-21T08:00:33.889Z"
"Row33_22",8322,65,0.183,0,1.796,0.448,"2026-06-21T08:00:33.889Z"
"Row33_23",8322,66,0.74,0,2.536,0.448,"2026-06-21T08:00:33.889Z"
"Row33_24",8322,67,0.043,0,2.579,0.448,"2026-06-21T08:00:33.889Z"
"Row33_25",8322,72,0.017,0,2.595,0.448,"2026-06-21T08:00:33.889Z"
"Row33_26",8322,73,0.09,0,2.686,0.448,"2026-06-21T08:00:33.889Z"
"Row33_27",8322,74,0.267,0.037,2.953,0.485,"2026-06-21T08:00:33.889Z"
"Row33_28",8322,77,0.028,0,2.981,0.485,"2026-06-21T08:00:33.889Z"
"Row33_29",8322,80,0.036,0,3.017,0.485,"2026-06-21T08:00:33.889Z"
"Row33_30",8322,84,0.122,0,3.139,0.485,"2026-06-21T08:00:33.889Z"
"Row34_1",8319,3,0.014,0,0.014,0,"2026-06-21T12:00:33.999Z"
"Row34_2",8319,4,0,0.838,0.014,0.838,"2026-06-21T12:00:33.999Z"
"Row34_3",8319,6,0,0.111,0.014,0.949,"2026-06-21T12:00:33.999Z"
"Row34_4",8319,10,0,0.179,0.014,1.127,"2026-06-21T12:00:33.999Z"
"Row34_5",8319,31,0,0.029,0.014,1.157,"2026-06-21T12:00:33.999Z"
"Row34_6",8319,48,0,0.027,0.014,1.184,"2026-06-21T12:00:33.999Z"
"Row34_7",8319,63,0,0.021,0.014,1.204,"2026-06-21T12:00:33.999Z"
"Row34_8",8319,66,0,0.015,0.014,1.22,"2026-06-21T12:00:33.999Z"
"Row34_9",8319,69,0,0.59,0.014,1.81,"2026-06-21T12:00:33.999Z"
"Row34_10",8319,75,0.031,0,0.046,1.81,"2026-06-21T12:00:33.999Z"
"Row34_11",8319,83,0,0.216,0.046,2.026,"2026-06-21T12:00:33.999Z"
"Row34_12",8319,85,0,0.046,0.046,2.072,"2026-06-21T12:00:33.999Z"
"Row35_1",8323,2,0.032,0,0.032,0,"2026-06-22T00:00:34.226Z"
"Row35_2",8323,4,0.021,0,0.053,0,"2026-06-22T00:00:34.226Z"
"Row35_3",8323,8,0.015,0,0.068,0,"2026-06-22T00:00:34.226Z"
"Row35_4",8323,10,0.624,0,0.692,0,"2026-06-22T00:00:34.226Z"
"Row35_5",8323,13,0.083,0,0.774,0,"2026-06-22T00:00:34.226Z"
"Row35_6",8323,15,0.018,0,0.792,0,"2026-06-22T00:00:34.226Z"
"Row35_7",8323,17,0.024,0,0.816,0,"2026-06-22T00:00:34.226Z"
"Row35_8",8323,21,0.226,0,1.043,0,"2026-06-22T00:00:34.226Z"
"Row35_9",8323,24,0.558,0,1.601,0,"2026-06-22T00:00:34.226Z"
"Row35_10",8323,30,0.039,0,1.641,0,"2026-06-22T00:00:34.226Z"
"Row35_11",8323,35,0,0.082,1.641,0.082,"2026-06-22T00:00:34.226Z"
"Row35_12",8323,36,0.076,0,1.717,0.082,"2026-06-22T00:00:34.226Z"
"Row35_13",8323,37,0.022,0,1.739,0.082,"2026-06-22T00:00:34.226Z"
"Row35_14",8323,42,0.069,0,1.808,0.082,"2026-06-22T00:00:34.226Z"
"Row35_15",8323,45,0.039,0.029,1.847,0.111,"2026-06-22T00:00:34.226Z"
"Row35_16",8323,49,0.238,0,2.085,0.111,"2026-06-22T00:00:34.226Z"
"Row35_17",8323,53,0.296,0,2.381,0.111,"2026-06-22T00:00:34.226Z"
"Row35_18",8323,65,0.441,0,2.822,0.111,"2026-06-22T00:00:34.226Z"
"Row35_19",8323,81,0,0.024,2.822,0.135,"2026-06-22T00:00:34.226Z"
"Row35_20",8323,90,0.048,0,2.87,0.135,"2026-06-22T00:00:34.226Z"
"Row36_1",8324,8,0.033,0,0.033,0,"2026-06-22T03:00:34.629Z"
"Row36_2",8324,9,0.238,0,0.271,0,"2026-06-22T03:00:34.629Z"
"Row36_3",8324,10,0.028,0,0.299,0,"2026-06-22T03:00:34.629Z"
"Row36_4",8324,14,0,0.163,0.299,0.163,"2026-06-22T03:00:34.629Z"
"Row36_5",8324,15,0,0.097,0.299,0.26,"2026-06-22T03:00:34.629Z"
"Row36_6",8324,19,0.056,0,0.355,0.26,"2026-06-22T03:00:34.629Z"
"Row36_7",8324,22,0.035,0,0.39,0.26,"2026-06-22T03:00:34.629Z"
"Row36_8",8324,23,0.053,0,0.443,0.26,"2026-06-22T03:00:34.629Z"
"Row36_9",8324,42,0.225,0,0.667,0.26,"2026-06-22T03:00:34.629Z"
"Row36_10",8324,44,0.217,0,0.884,0.26,"2026-06-22T03:00:34.629Z"
"Row36_11",8324,45,0.028,0,0.912,0.26,"2026-06-22T03:00:34.629Z"
"Row36_12",8324,46,0.029,0.053,0.941,0.313,"2026-06-22T03:00:34.629Z"
"Row36_13",8324,50,0.028,0,0.969,0.313,"2026-06-22T03:00:34.629Z"
"Row36_14",8324,51,0.063,0,1.031,0.313,"2026-06-22T03:00:34.629Z"
"Row36_15",8324,53,0,0.153,1.031,0.466,"2026-06-22T03:00:34.629Z"
"Row36_16",8324,59,0.345,0,1.376,0.466,"2026-06-22T03:00:34.629Z"
"Row36_17",8324,62,0.069,0,1.446,0.466,"2026-06-22T03:00:34.629Z"
"Row36_18",8324,65,0,0.023,1.446,0.488,"2026-06-22T03:00:34.629Z"
"Row36_19",8324,81,0,0.042,1.446,0.531,"2026-06-22T03:00:34.629Z"
"Row36_20",8324,84,0.1,0,1.545,0.531,"2026-06-22T03:00:34.629Z"
"Row36_21",8324,86,0.136,0,1.681,0.531,"2026-06-22T03:00:34.629Z"
"Row36_22",8324,88,0,0.096,1.681,0.627,"2026-06-22T03:00:34.629Z"
"Row36_23",8324,90,0.139,0,1.82,0.627,"2026-06-22T03:00:34.629Z"
"Row37_1",8325,7,0.059,0,0.059,0,"2026-06-22T06:00:34.450Z"
"Row37_2",8325,14,0.246,0,0.305,0,"2026-06-22T06:00:34.450Z"
"Row37_3",8325,21,0,0.039,0.305,0.039,"2026-06-22T06:00:34.450Z"
"Row37_4",8325,24,0.046,0,0.351,0.039,"2026-06-22T06:00:34.450Z"
"Row37_5",8325,28,0.029,0,0.38,0.039,"2026-06-22T06:00:34.450Z"
"Row37_6",8325,33,0.025,0,0.405,0.039,"2026-06-22T06:00:34.450Z"
"Row37_7",8325,34,0.016,0,0.422,0.039,"2026-06-22T06:00:34.450Z"
"Row37_8",8325,40,0.036,0,0.458,0.039,"2026-06-22T06:00:34.450Z"
"Row37_9",8325,42,0.021,0,0.478,0.039,"2026-06-22T06:00:34.450Z"
"Row37_10",8325,43,0,0.012,0.478,0.051,"2026-06-22T06:00:34.450Z"
"Row37_11",8325,44,0.89,0,1.368,0.051,"2026-06-22T06:00:34.450Z"
"Row37_12",8325,45,0.558,0,1.926,0.051,"2026-06-22T06:00:34.450Z"
"Row37_13",8325,52,0,0.008,1.926,0.059,"2026-06-22T06:00:34.450Z"
"Row37_14",8325,59,0,0.032,1.926,0.091,"2026-06-22T06:00:34.450Z"
"Row37_15",8325,61,0,0.403,1.926,0.494,"2026-06-22T06:00:34.450Z"
"Row37_16",8325,63,0,0.058,1.926,0.551,"2026-06-22T06:00:34.450Z"
"Row37_17",8325,67,0.03,0,1.956,0.551,"2026-06-22T06:00:34.450Z"
"Row37_18",8325,76,0,0.113,1.956,0.664,"2026-06-22T06:00:34.450Z"
"Row37_19",8325,79,0.015,0,1.971,0.664,"2026-06-22T06:00:34.450Z"
"Row37_20",8325,86,0.143,0,2.114,0.664,"2026-06-22T06:00:34.450Z"
"Row37_21",8325,90,0.23,0.194,2.344,0.859,"2026-06-22T06:00:34.450Z"
"Row38_1",8326,6,0,0.04,0,0.04,"2026-06-22T09:00:34.504Z"
"Row38_2",8326,7,0.043,0,0.043,0.04,"2026-06-22T09:00:34.504Z"
"Row38_3",8326,14,0.041,0,0.084,0.04,"2026-06-22T09:00:34.504Z"
"Row38_4",8326,15,0.123,0,0.207,0.04,"2026-06-22T09:00:34.504Z"
"Row38_5",8326,19,0.058,0,0.265,0.04,"2026-06-22T09:00:34.504Z"
"Row38_6",8326,20,0,0.025,0.265,0.065,"2026-06-22T09:00:34.504Z"
"Row38_7",8326,21,0,0.072,0.265,0.137,"2026-06-22T09:00:34.504Z"
"Row38_8",8326,26,0.019,0,0.284,0.137,"2026-06-22T09:00:34.504Z"
"Row38_9",8326,27,0.04,0.038,0.324,0.175,"2026-06-22T09:00:34.504Z"
"Row38_10",8326,35,0,0.074,0.324,0.249,"2026-06-22T09:00:34.504Z"
"Row38_11",8326,45,0,0.385,0.324,0.633,"2026-06-22T09:00:34.504Z"
"Row38_12",8326,46,0,0.199,0.324,0.832,"2026-06-22T09:00:34.504Z"
"Row38_13",8326,47,0,0.018,0.324,0.85,"2026-06-22T09:00:34.504Z"
"Row38_14",8326,49,0,0.034,0.324,0.884,"2026-06-22T09:00:34.504Z"
"Row38_15",8326,50,0,0.066,0.324,0.949,"2026-06-22T09:00:34.504Z"
"Row38_16",8326,52,0.274,0,0.598,0.949,"2026-06-22T09:00:34.504Z"
"Row38_17",8326,55,0,0.294,0.598,1.243,"2026-06-22T09:00:34.504Z"
"Row38_18",8326,58,0,0.186,0.598,1.429,"2026-06-22T09:00:34.504Z"
"Row38_19",8326,65,0.016,0,0.614,1.429,"2026-06-22T09:00:34.504Z"
"Row38_20",8326,67,0,0.16,0.614,1.589,"2026-06-22T09:00:34.504Z"
"Row38_21",8326,80,0,0.064,0.614,1.653,"2026-06-22T09:00:34.504Z"
"Row38_22",8326,81,0,0.07,0.614,1.723,"2026-06-22T09:00:34.504Z"
"Row38_23",8326,82,0,0.053,0.614,1.775,"2026-06-22T09:00:34.504Z"
"Row38_24",8326,90,0.721,0.187,1.335,1.963,"2026-06-22T09:00:34.504Z"
"Row39_1",8327,9,0.788,0,0.788,0,"2026-06-23T01:13:19.108Z"
"Row39_2",8327,23,0,0.237,0.788,0.237,"2026-06-23T01:13:19.108Z"
"Row39_3",8327,32,0.072,0,0.861,0.237,"2026-06-23T01:13:19.108Z"
"Row39_4",8327,38,0.188,0,1.049,0.237,"2026-06-23T01:13:19.108Z"
"Row39_5",8327,46,0,0.018,1.049,0.255,"2026-06-23T01:13:19.108Z"
"Row39_6",8327,55,0,0.034,1.049,0.289,"2026-06-23T01:13:19.108Z"
"Row39_7",8327,62,0.096,0,1.144,0.289,"2026-06-23T01:13:19.108Z"
"Row39_8",8327,65,0.075,0,1.219,0.289,"2026-06-23T01:13:19.108Z"
"Row39_9",8327,67,0,0.125,1.219,0.415,"2026-06-23T01:13:19.108Z"
"Row39_10",8327,73,0.137,0,1.356,0.415,"2026-06-23T01:13:19.108Z"
"Row39_11",8327,86,0.225,0,1.581,0.415,"2026-06-23T01:13:19.108Z"
"Row39_12",8327,90,1.232,0.082,2.812,0.497,"2026-06-23T01:13:19.108Z"
"Row40_1",8328,1,0.033,0,0.033,0,"2026-06-23T05:13:18.377Z"
"Row40_2",8328,8,0.074,0,0.107,0,"2026-06-23T05:13:18.377Z"
"Row40_3",8328,14,0.089,0,0.196,0,"2026-06-23T05:13:18.377Z"
"Row40_4",8328,27,0,0.165,0.196,0.165,"2026-06-23T05:13:18.377Z"
"Row40_5",8328,32,0.03,0,0.226,0.165,"2026-06-23T05:13:18.377Z"
"Row40_6",8328,40,0.012,0,0.237,0.165,"2026-06-23T05:13:18.377Z"
"Row41_1",8329,2,0.02,0,0.02,0,"2026-06-23T08:13:20.094Z"
"Row41_2",8329,3,0.2,0,0.22,0,"2026-06-23T08:13:20.094Z"
"Row41_3",8329,8,0,0.013,0.22,0.013,"2026-06-23T08:13:20.094Z"
"Row41_4",8329,14,0.111,0,0.331,0.013,"2026-06-23T08:13:20.094Z"
"Row41_5",8329,17,0,0.126,0.331,0.138,"2026-06-23T08:13:20.094Z"
"Row41_6",8329,28,0,0.029,0.331,0.167,"2026-06-23T08:13:20.094Z"
"Row41_7",8329,37,0.553,0,0.885,0.167,"2026-06-23T08:13:20.094Z"
"Row41_8",8329,39,0,0.04,0.885,0.207,"2026-06-23T08:13:20.094Z"
"Row41_9",8329,41,0,0.015,0.885,0.222,"2026-06-23T08:13:20.094Z"
"Row41_10",8329,42,0.067,0,0.952,0.222,"2026-06-23T08:13:20.094Z"
"Row41_11",8329,43,0.047,0,0.999,0.222,"2026-06-23T08:13:20.094Z"
"Row41_12",8329,45,0.219,0.096,1.218,0.318,"2026-06-23T08:13:20.094Z"
"Row41_13",8329,48,0.158,0,1.377,0.318,"2026-06-23T08:13:20.094Z"
"Row41_14",8329,52,0,0.091,1.377,0.409,"2026-06-23T08:13:20.094Z"
"Row41_15",8329,53,0,0.191,1.377,0.6,"2026-06-23T08:13:20.094Z"
"Row41_16",8329,56,0,0.11,1.377,0.709,"2026-06-23T08:13:20.094Z"
"Row41_17",8329,58,0.38,0,1.757,0.709,"2026-06-23T08:13:20.094Z"
"Row41_18",8329,74,0,0.077,1.757,0.786,"2026-06-23T08:13:20.094Z"
"Row41_19",8329,81,0,0.036,1.757,0.823,"2026-06-23T08:13:20.094Z"
"Row41_20",8329,83,0,0.11,1.757,0.932,"2026-06-23T08:13:20.094Z"
"Row41_21",8329,88,0.159,0,1.916,0.932,"2026-06-23T08:13:20.094Z"
"Row41_22",8329,90,0.183,0.765,2.099,1.698,"2026-06-23T08:13:20.094Z"
"Row42_1",8330,1,0.133,0,0.133,0,"2026-06-23T11:13:18.249Z"
"Row42_2",8330,3,0,0.035,0.133,0.035,"2026-06-23T11:13:18.249Z"
"Row42_3",8330,12,0.019,0,0.152,0.035,"2026-06-23T11:13:18.249Z"
"Row42_4",8330,21,0,0.104,0.152,0.139,"2026-06-23T11:13:18.249Z"
"Row42_5",8330,23,0.027,0,0.179,0.139,"2026-06-23T11:13:18.249Z"
"Row42_6",8330,29,0,0.064,0.179,0.203,"2026-06-23T11:13:18.249Z"
"Row42_7",8330,33,0,0.415,0.179,0.618,"2026-06-23T11:13:18.249Z"
"Row42_8",8330,36,0.344,0,0.523,0.618,"2026-06-23T11:13:18.249Z"
"Row42_9",8330,45,0.009,0,0.532,0.618,"2026-06-23T11:13:18.249Z"
"Row42_10",8330,48,0,0.03,0.532,0.648,"2026-06-23T11:13:18.249Z"
"Row42_11",8330,54,0,0.084,0.532,0.732,"2026-06-23T11:13:18.249Z"
"Row42_12",8330,60,0,0.042,0.532,0.773,"2026-06-23T11:13:18.249Z"
"Row42_13",8330,62,0.046,0,0.578,0.773,"2026-06-23T11:13:18.249Z"
"Row42_14",8330,63,0,0.039,0.578,0.812,"2026-06-23T11:13:18.249Z"
"Row42_15",8330,66,0,0.232,0.578,1.044,"2026-06-23T11:13:18.249Z"
"Row42_16",8330,69,0,0.076,0.578,1.12,"2026-06-23T11:13:18.249Z"
"Row42_17",8330,72,0.073,0,0.651,1.12,"2026-06-23T11:13:18.249Z"
"Row42_18",8330,73,0,0.015,0.651,1.135,"2026-06-23T11:13:18.249Z"
"Row42_19",8330,78,0,0.022,0.651,1.157,"2026-06-23T11:13:18.249Z"
"Row42_20",8330,80,0,0.111,0.651,1.268,"2026-06-23T11:13:18.249Z"
"Row42_21",8330,82,0,0.357,0.651,1.625,"2026-06-23T11:13:18.249Z"
"Row42_22",8330,89,0,0.185,0.651,1.81,"2026-06-23T11:13:18.249Z"
"Row43_1",8331,2,0.233,0,0.233,0,"2026-06-24T01:13:18.672Z"
"Row43_2",8331,4,0.403,0,0.636,0,"2026-06-24T01:13:18.672Z"
"Row43_3",8331,6,0.172,0,0.808,0,"2026-06-24T01:13:18.672Z"
"Row43_4",8331,11,0.04,0,0.848,0,"2026-06-24T01:13:18.672Z"
"Row43_5",8331,17,0.173,0,1.021,0,"2026-06-24T01:13:18.672Z"
"Row43_6",8331,19,0,0.076,1.021,0.076,"2026-06-24T01:13:18.672Z"
"Row43_7",8331,21,0.024,0,1.044,0.076,"2026-06-24T01:13:18.672Z"
"Row43_8",8331,39,0.19,0,1.235,0.076,"2026-06-24T01:13:18.672Z"
"Row43_9",8331,42,0.148,0,1.383,0.076,"2026-06-24T01:13:18.672Z"
"Row43_10",8331,43,0,0.025,1.383,0.101,"2026-06-24T01:13:18.672Z"
"Row43_11",8331,45,0.14,0.053,1.522,0.154,"2026-06-24T01:13:18.672Z"
"Row43_12",8331,47,0.019,0,1.541,0.154,"2026-06-24T01:13:18.672Z"
"Row43_13",8331,52,0,0.029,1.541,0.183,"2026-06-24T01:13:18.672Z"
"Row43_14",8331,55,0,0.018,1.541,0.201,"2026-06-24T01:13:18.672Z"
"Row43_15",8331,58,0.173,0,1.714,0.201,"2026-06-24T01:13:18.672Z"
"Row43_16",8331,60,0.172,0,1.887,0.201,"2026-06-24T01:13:18.672Z"
"Row43_17",8331,62,0,0.011,1.887,0.212,"2026-06-24T01:13:18.672Z"
"Row43_18",8331,73,0.072,0,1.959,0.212,"2026-06-24T01:13:18.672Z"
"Row43_19",8331,74,0.178,0,2.136,0.212,"2026-06-24T01:13:18.672Z"
"Row43_20",8331,78,0,0.039,2.136,0.251,"2026-06-24T01:13:18.672Z"
"Row43_21",8331,84,0.027,0,2.163,0.251,"2026-06-24T01:13:18.672Z"
"Row43_22",8331,87,0.166,0,2.33,0.251,"2026-06-24T01:13:18.672Z"
"Row43_23",8331,90,0.08,0,2.409,0.251,"2026-06-24T01:13:18.672Z"
"Row44_1",8332,14,0.023,0,0.023,0,"2026-06-24T04:10:17.910Z"
"Row44_2",8332,15,0.043,0,0.067,0,"2026-06-24T04:10:17.910Z"
"Row44_3",8332,16,0.053,0,0.12,0,"2026-06-24T04:10:17.910Z"
"Row44_4",8332,33,0.023,0,0.143,0,"2026-06-24T04:10:17.910Z"
"Row44_5",8332,37,0.054,0,0.197,0,"2026-06-24T04:10:17.910Z"
"Row44_6",8332,45,0.087,0,0.285,0,"2026-06-24T04:10:17.910Z"
"Row44_7",8332,50,0,0.045,0.285,0.045,"2026-06-24T04:10:17.910Z"
"Row44_8",8332,57,0.092,0,0.376,0.045,"2026-06-24T04:10:17.910Z"
"Row44_9",8332,61,0.037,0,0.414,0.045,"2026-06-24T04:10:17.910Z"
"Row44_10",8332,62,0.018,0,0.432,0.045,"2026-06-24T04:10:17.910Z"
"Row44_11",8332,63,0.014,0,0.446,0.045,"2026-06-24T04:10:17.910Z"
"Row44_12",8332,64,0.045,0,0.49,0.045,"2026-06-24T04:10:17.910Z"
"Row44_13",8332,69,0.035,0,0.526,0.045,"2026-06-24T04:10:17.910Z"
"Row44_14",8332,70,0.131,0,0.657,0.045,"2026-06-24T04:10:17.910Z"
"Row44_15",8332,79,0,0.241,0.657,0.286,"2026-06-24T04:10:17.910Z"
"Row44_16",8332,86,0.468,0,1.125,0.286,"2026-06-24T04:10:17.910Z"
"Row44_17",8332,90,0.2,0,1.325,0.286,"2026-06-24T04:10:17.910Z"
"Row45_1",8333,2,0,0.035,0,0.035,"2026-06-24T07:10:17.856Z"
"Row45_2",8333,4,0.055,0,0.055,0.035,"2026-06-24T07:10:17.856Z"
"Row45_3",8333,45,0,0.019,0.055,0.053,"2026-06-24T07:10:17.856Z"
"Row45_4",8333,54,0,0.783,0.055,0.837,"2026-06-24T07:10:17.856Z"
"Row45_5",8333,57,0,1.047,0.055,1.884,"2026-06-24T07:10:17.856Z"
"Row45_6",8333,60,0.277,0,0.332,1.884,"2026-06-24T07:10:17.856Z"
"Row45_7",8333,68,0.132,0,0.464,1.884,"2026-06-24T07:10:17.856Z"
"Row45_8",8333,78,0.062,0,0.526,1.884,"2026-06-24T07:10:17.856Z"
"Row45_9",8333,79,0.019,0,0.545,1.884,"2026-06-24T07:10:17.856Z"
"Row45_10",8333,82,0,0.036,0.545,1.92,"2026-06-24T07:10:17.856Z"
"Row45_11",8333,84,0.019,0,0.564,1.92,"2026-06-24T07:10:17.856Z"
"Row45_12",8333,90,0.053,0,0.617,1.92,"2026-06-24T07:10:17.856Z"
"Row46_1",8334,1,0,0.025,0,0.025,"2026-06-24T10:10:17.960Z"
"Row46_2",8334,4,0.259,0,0.259,0.025,"2026-06-24T10:10:17.960Z"
"Row46_3",8334,11,0.025,0,0.283,0.025,"2026-06-24T10:10:17.960Z"
"Row46_4",8334,12,0.05,0,0.333,0.025,"2026-06-24T10:10:17.960Z"
"Row46_5",8334,15,0.016,0,0.349,0.025,"2026-06-24T10:10:17.960Z"
"Row46_6",8334,16,0.124,0,0.474,0.025,"2026-06-24T10:10:17.960Z"
"Row46_7",8334,17,0.029,0,0.503,0.025,"2026-06-24T10:10:17.960Z"
"Row46_8",8334,19,0.016,0,0.519,0.025,"2026-06-24T10:10:17.960Z"
"Row46_9",8334,24,0.021,0,0.54,0.025,"2026-06-24T10:10:17.960Z"
"Row46_10",8334,31,0.026,0,0.566,0.025,"2026-06-24T10:10:17.960Z"
"Row46_11",8334,39,0.021,0,0.587,0.025,"2026-06-24T10:10:17.960Z"
"Row46_12",8334,41,0.034,0,0.621,0.025,"2026-06-24T10:10:17.960Z"
"Row46_13",8334,45,0.093,0.071,0.713,0.096,"2026-06-24T10:10:17.960Z"
"Row46_14",8334,50,0.124,0,0.837,0.096,"2026-06-24T10:10:17.960Z"
"Row46_15",8334,53,0,0.041,0.837,0.137,"2026-06-24T10:10:17.960Z"
"Row46_16",8334,74,0,0.101,0.837,0.237,"2026-06-24T10:10:17.960Z"
"Row46_17",8334,76,0.067,0,0.904,0.237,"2026-06-24T10:10:17.960Z"
"Row46_18",8334,86,0.101,0,1.005,0.237,"2026-06-24T10:10:17.960Z"
"Row46_19",8334,89,0,0.023,1.005,0.26,"2026-06-24T10:10:17.960Z"
"Row46_20",8334,90,0.035,0.131,1.041,0.391,"2026-06-24T10:10:17.960Z"
"Row47_1",8336,2,0.019,0,0.019,0,"2026-06-25T03:10:18.357Z"
"Row47_2",8336,3,0.027,0,0.046,0,"2026-06-25T03:10:18.357Z"
"Row47_3",8336,17,0.031,0,0.077,0,"2026-06-25T03:10:18.357Z"
"Row47_4",8336,18,0.024,0,0.102,0,"2026-06-25T03:10:18.357Z"
"Row47_5",8336,23,0.134,0,0.235,0,"2026-06-25T03:10:18.357Z"
"Row47_6",8336,29,0.037,0,0.273,0,"2026-06-25T03:10:18.357Z"
"Row47_7",8336,33,0.111,0,0.383,0,"2026-06-25T03:10:18.357Z"
"Row47_8",8336,38,0.113,0,0.496,0,"2026-06-25T03:10:18.357Z"
"Row47_9",8336,42,0,0.327,0.496,0.327,"2026-06-25T03:10:18.357Z"
"Row47_10",8336,45,0,0.228,0.496,0.555,"2026-06-25T03:10:18.357Z"
"Row47_11",8336,57,0,0.066,0.496,0.62,"2026-06-25T03:10:18.357Z"
"Row47_12",8336,60,0,0.028,0.496,0.648,"2026-06-25T03:10:18.357Z"
"Row47_13",8336,76,0.012,0,0.508,0.648,"2026-06-25T03:10:18.357Z"
"Row47_14",8336,79,0.042,0,0.549,0.648,"2026-06-25T03:10:18.357Z"
"Row47_15",8336,80,0.095,0,0.644,0.648,"2026-06-25T03:10:18.357Z"
"Row47_16",8336,86,0,0.04,0.644,0.688,"2026-06-25T03:10:18.357Z"
"Row47_17",8336,90,0,0.082,0.644,0.77,"2026-06-25T03:10:18.357Z"
"Row48_1",8335,11,0.661,0,0.661,0,"2026-06-25T03:10:23.013Z"
"Row48_2",8335,17,0.036,0,0.697,0,"2026-06-25T03:10:23.013Z"
"Row48_3",8335,20,0,0.026,0.697,0.026,"2026-06-25T03:10:23.013Z"
"Row48_4",8335,33,0,0.125,0.697,0.151,"2026-06-25T03:10:23.013Z"
"Row48_5",8335,38,0.038,0,0.736,0.151,"2026-06-25T03:10:23.013Z"
"Row48_6",8335,40,0,0.02,0.736,0.171,"2026-06-25T03:10:23.013Z"
"Row48_7",8335,41,0,0.066,0.736,0.237,"2026-06-25T03:10:23.013Z"
"Row48_8",8335,44,0,0.045,0.736,0.283,"2026-06-25T03:10:23.013Z"
"Row48_9",8335,46,0.281,0,1.017,0.283,"2026-06-25T03:10:23.013Z"
"Row48_10",8335,57,0.089,0,1.106,0.283,"2026-06-25T03:10:23.013Z"
"Row48_11",8335,61,0,0.043,1.106,0.326,"2026-06-25T03:10:23.013Z"
"Row48_12",8335,68,0,0.175,1.106,0.501,"2026-06-25T03:10:23.013Z"
"Row48_13",8335,76,0,0.342,1.106,0.843,"2026-06-25T03:10:23.013Z"
"Row48_14",8335,90,0,0.476,1.106,1.319,"2026-06-25T03:10:23.013Z"
"Row49_1",8338,7,0,0.971,0,0.971,"2026-06-25T06:10:18.648Z"
"Row49_2",8338,11,0,0.026,0,0.997,"2026-06-25T06:10:18.648Z"
"Row49_3",8338,12,0,0.021,0,1.017,"2026-06-25T06:10:18.648Z"
"Row49_4",8338,20,0,0.043,0,1.06,"2026-06-25T06:10:18.648Z"
"Row49_5",8338,33,0.016,0,0.016,1.06,"2026-06-25T06:10:18.648Z"
"Row49_6",8338,36,0.019,0,0.035,1.06,"2026-06-25T06:10:18.648Z"
"Row49_7",8338,38,0,0.068,0.035,1.128,"2026-06-25T06:10:18.648Z"
"Row49_8",8338,42,0,0.024,0.035,1.152,"2026-06-25T06:10:18.648Z"
"Row49_9",8338,45,0.104,1.63,0.139,2.783,"2026-06-25T06:10:18.648Z"
"Row49_10",8338,49,0.098,0,0.237,2.783,"2026-06-25T06:10:18.648Z"
"Row49_11",8338,51,0,0.334,0.237,3.117,"2026-06-25T06:10:18.648Z"
"Row49_12",8338,54,0,0.011,0.237,3.127,"2026-06-25T06:10:18.648Z"
"Row49_13",8338,59,0,0.106,0.237,3.233,"2026-06-25T06:10:18.648Z"
"Row49_14",8338,60,0,0.148,0.237,3.382,"2026-06-25T06:10:18.648Z"
"Row49_15",8338,64,0.153,0,0.391,3.382,"2026-06-25T06:10:18.648Z"
"Row49_16",8338,72,0.323,0,0.714,3.382,"2026-06-25T06:10:18.648Z"
"Row49_17",8338,76,0.051,0,0.764,3.382,"2026-06-25T06:10:18.648Z"
"Row49_18",8338,79,0,0.061,0.764,3.443,"2026-06-25T06:10:18.648Z"
"Row49_19",8338,81,0,0.883,0.764,4.326,"2026-06-25T06:10:18.648Z"
"Row49_20",8338,83,0.023,0,0.787,4.326,"2026-06-25T06:10:18.648Z"
"Row49_21",8338,84,0.022,0,0.809,4.326,"2026-06-25T06:10:18.648Z"
"Row49_22",8338,86,0,0.067,0.809,4.394,"2026-06-25T06:10:18.648Z"
"Row49_23",8338,89,0.059,0,0.867,4.394,"2026-06-25T06:10:18.648Z"
"Row49_24",8338,90,0.167,0.067,1.034,4.46,"2026-06-25T06:10:18.648Z"
"Row50_1",8337,8,0,0.039,0,0.039,"2026-06-25T06:10:23.640Z"
"Row50_2",8337,10,0,0.375,0,0.414,"2026-06-25T06:10:23.640Z"
"Row50_3",8337,12,0.029,0,0.029,0.414,"2026-06-25T06:10:23.640Z"
"Row50_4",8337,13,0.406,0,0.434,0.414,"2026-06-25T06:10:23.640Z"
"Row50_5",8337,14,0.026,0,0.46,0.414,"2026-06-25T06:10:23.640Z"
"Row50_6",8337,23,0.077,0,0.538,0.414,"2026-06-25T06:10:23.640Z"
"Row50_7",8337,28,0.034,0,0.572,0.414,"2026-06-25T06:10:23.640Z"
"Row50_8",8337,30,0.174,0,0.747,0.414,"2026-06-25T06:10:23.640Z"
"Row50_9",8337,34,0,0.038,0.747,0.452,"2026-06-25T06:10:23.640Z"
"Row50_10",8337,36,0.059,0,0.805,0.452,"2026-06-25T06:10:23.640Z"
"Row50_11",8337,39,0.866,0,1.672,0.452,"2026-06-25T06:10:23.640Z"
"Row50_12",8337,43,0,0.028,1.672,0.48,"2026-06-25T06:10:23.640Z"
"Row50_13",8337,45,0.5,0,2.172,0.48,"2026-06-25T06:10:23.640Z"
"Row50_14",8337,59,0.052,0,2.224,0.48,"2026-06-25T06:10:23.640Z"
"Row50_15",8337,64,0,0.044,2.224,0.524,"2026-06-25T06:10:23.640Z"
"Row50_16",8337,75,0.05,0,2.274,0.524,"2026-06-25T06:10:23.640Z"
"Row50_17",8337,78,0.147,0,2.421,0.524,"2026-06-25T06:10:23.640Z"
"Row50_18",8337,88,0.035,0,2.455,0.524,"2026-06-25T06:10:23.640Z"
"Row50_19",8337,89,0.814,0,3.269,0.524,"2026-06-25T06:10:23.640Z"
"Row50_20",8337,90,0,0.184,3.269,0.708,"2026-06-25T06:10:23.640Z"
"Row51_1",8339,2,0,0.058,0,0.058,"2026-06-25T09:10:18.388Z"
"Row51_2",8339,6,0.053,0,0.053,0.058,"2026-06-25T09:10:18.388Z"
"Row51_3",8339,7,0,0.207,0.053,0.265,"2026-06-25T09:10:18.388Z"
"Row51_4",8339,8,0,0.146,0.053,0.411,"2026-06-25T09:10:18.388Z"
"Row51_5",8339,14,0.054,0,0.107,0.411,"2026-06-25T09:10:18.388Z"
"Row51_6",8339,19,0.083,0,0.19,0.411,"2026-06-25T09:10:18.388Z"
"Row51_7",8339,20,0.027,0,0.217,0.411,"2026-06-25T09:10:18.388Z"
"Row51_8",8339,30,0.618,0,0.836,0.411,"2026-06-25T09:10:18.388Z"
"Row51_9",8339,34,0,0.018,0.836,0.43,"2026-06-25T09:10:18.388Z"
"Row51_10",8339,39,0.04,0,0.876,0.43,"2026-06-25T09:10:18.388Z"
"Row51_11",8339,42,0.024,0,0.9,0.43,"2026-06-25T09:10:18.388Z"
"Row51_12",8339,43,0.031,0,0.931,0.43,"2026-06-25T09:10:18.388Z"
"Row51_13",8339,45,0.009,0,0.94,0.43,"2026-06-25T09:10:18.388Z"
"Row51_14",8339,51,0.099,0,1.039,0.43,"2026-06-25T09:10:18.388Z"
"Row51_15",8339,60,0,0.165,1.039,0.595,"2026-06-25T09:10:18.388Z"
"Row51_16",8339,63,0.086,0,1.125,0.595,"2026-06-25T09:10:18.388Z"
"Row51_17",8339,86,0,0.005,1.125,0.6,"2026-06-25T09:10:18.388Z"
"Row51_18",8339,88,0,0.032,1.125,0.633,"2026-06-25T09:10:18.388Z"
"Row51_19",8339,90,0,0.365,1.125,0.997,"2026-06-25T09:10:18.388Z"
"Row52_1",8340,7,0.027,0,0.027,0,"2026-06-25T09:10:22.116Z"
"Row52_2",8340,8,0.062,0,0.089,0,"2026-06-25T09:10:22.116Z"
"Row52_3",8340,12,0.037,0,0.126,0,"2026-06-25T09:10:22.116Z"
"Row52_4",8340,15,0.022,0,0.148,0,"2026-06-25T09:10:22.116Z"
"Row52_5",8340,27,0.096,0,0.243,0,"2026-06-25T09:10:22.116Z"
"Row52_6",8340,37,0,0.055,0.243,0.055,"2026-06-25T09:10:22.116Z"
"Row52_7",8340,39,0,0.133,0.243,0.188,"2026-06-25T09:10:22.116Z"
"Row52_8",8340,44,0.013,0,0.257,0.188,"2026-06-25T09:10:22.116Z"
"Row52_9",8340,45,0,0.015,0.257,0.203,"2026-06-25T09:10:22.116Z"
"Row52_10",8340,46,0.11,0,0.366,0.203,"2026-06-25T09:10:22.116Z"
"Row52_11",8340,50,0,0.031,0.366,0.234,"2026-06-25T09:10:22.116Z"
"Row52_12",8340,54,0.013,0,0.379,0.234,"2026-06-25T09:10:22.116Z"
"Row52_13",8340,55,0,0.544,0.379,0.778,"2026-06-25T09:10:22.116Z"
"Row52_14",8340,61,0.03,0.762,0.409,1.54,"2026-06-25T09:10:22.116Z"
"Row52_15",8340,68,0.014,0,0.423,1.54,"2026-06-25T09:10:22.116Z"
"Row52_16",8340,77,0,0.055,0.423,1.595,"2026-06-25T09:10:22.116Z"
"Row52_17",8340,81,0.017,0,0.44,1.595,"2026-06-25T09:10:22.116Z"
"Row52_18",8340,90,0.026,0.313,0.466,1.908,"2026-06-25T09:10:22.116Z"
"Row53_1",8341,2,0.028,0,0.028,0,"2026-06-26T04:10:19.203Z"
"Row53_2",8341,7,0,0.428,0.028,0.428,"2026-06-26T04:10:19.203Z"
"Row53_3",8341,10,0,0.037,0.028,0.465,"2026-06-26T04:10:19.203Z"
"Row53_4",8341,14,0.021,0,0.048,0.465,"2026-06-26T04:10:19.203Z"
"Row53_5",8341,18,0,0.204,0.048,0.668,"2026-06-26T04:10:19.203Z"
"Row53_6",8341,23,0,0.128,0.048,0.796,"2026-06-26T04:10:19.203Z"
"Row53_7",8341,40,0.017,0,0.065,0.796,"2026-06-26T04:10:19.203Z"
"Row53_8",8341,44,0.025,0,0.089,0.796,"2026-06-26T04:10:19.203Z"
"Row53_9",8341,45,0.037,0,0.127,0.796,"2026-06-26T04:10:19.203Z"
"Row53_10",8341,53,0,0.179,0.127,0.975,"2026-06-26T04:10:19.203Z"
"Row53_11",8341,55,0.046,0,0.172,0.975,"2026-06-26T04:10:19.203Z"
"Row53_12",8341,64,0,0.13,0.172,1.105,"2026-06-26T04:10:19.203Z"
"Row53_13",8341,74,0.016,0,0.189,1.105,"2026-06-26T04:10:19.203Z"
"Row53_14",8341,79,0.181,0,0.37,1.105,"2026-06-26T04:10:19.203Z"
"Row53_15",8341,89,0,0.195,0.37,1.3,"2026-06-26T04:10:19.203Z"
"Row53_16",8341,90,0.098,0,0.468,1.3,"2026-06-26T04:10:19.203Z"
"Row54_1",8342,2,0,0.101,0,0.101,"2026-06-26T04:10:22.939Z"
"Row54_2",8342,7,0,0.034,0,0.135,"2026-06-26T04:10:22.939Z"
"Row54_3",8342,9,0.025,0,0.025,0.135,"2026-06-26T04:10:22.939Z"
"Row54_4",8342,14,0,0.022,0.025,0.158,"2026-06-26T04:10:22.939Z"
"Row54_5",8342,25,0,0.088,0.025,0.245,"2026-06-26T04:10:22.939Z"
"Row54_6",8342,32,0.02,0,0.045,0.245,"2026-06-26T04:10:22.939Z"
"Row54_7",8342,35,0,0.028,0.045,0.273,"2026-06-26T04:10:22.939Z"
"Row54_8",8342,38,0,0.022,0.045,0.295,"2026-06-26T04:10:22.939Z"
"Row54_9",8342,45,0,0.072,0.045,0.368,"2026-06-26T04:10:22.939Z"
"Row54_10",8342,54,0.022,0,0.067,0.368,"2026-06-26T04:10:22.939Z"
"Row54_11",8342,62,0.029,0,0.095,0.368,"2026-06-26T04:10:22.939Z"
"Row54_12",8342,63,0,0.059,0.095,0.426,"2026-06-26T04:10:22.939Z"
"Row54_13",8342,73,0.303,0,0.399,0.426,"2026-06-26T04:10:22.939Z"
"Row54_14",8342,76,0,0.18,0.399,0.606,"2026-06-26T04:10:22.939Z"
"Row54_15",8342,77,1.114,0,1.512,0.606,"2026-06-26T04:10:22.939Z"
"Row54_16",8342,90,0,0.043,1.512,0.649,"2026-06-26T04:10:22.939Z"
"Row55_1",8344,2,0.15,0,0.15,0,"2026-06-26T07:10:19.473Z"
"Row55_2",8344,7,0,0.383,0.15,0.383,"2026-06-26T07:10:19.473Z"
"Row55_3",8344,9,0.035,0,0.185,0.383,"2026-06-26T07:10:19.473Z"
"Row55_4",8344,11,0,0.108,0.185,0.492,"2026-06-26T07:10:19.473Z"
"Row55_5",8344,12,0.04,0,0.226,0.492,"2026-06-26T07:10:19.473Z"
"Row55_6",8344,17,0,0.068,0.226,0.559,"2026-06-26T07:10:19.473Z"
"Row55_7",8344,19,0,0.078,0.226,0.637,"2026-06-26T07:10:19.473Z"
"Row55_8",8344,28,0,0.032,0.226,0.669,"2026-06-26T07:10:19.473Z"
"Row55_9",8344,29,0,0.02,0.226,0.689,"2026-06-26T07:10:19.473Z"
"Row55_10",8344,30,0,0.114,0.226,0.804,"2026-06-26T07:10:19.473Z"
"Row55_11",8344,31,0,0.047,0.226,0.851,"2026-06-26T07:10:19.473Z"
"Row55_12",8344,32,0.009,0,0.235,0.851,"2026-06-26T07:10:19.473Z"
"Row55_13",8344,39,0,0.029,0.235,0.88,"2026-06-26T07:10:19.473Z"
"Row55_14",8344,42,0,0.081,0.235,0.96,"2026-06-26T07:10:19.473Z"
"Row55_15",8344,44,0,0.071,0.235,1.031,"2026-06-26T07:10:19.473Z"
"Row55_16",8344,51,0,0.185,0.235,1.216,"2026-06-26T07:10:19.473Z"
"Row55_17",8344,54,0.065,0,0.3,1.216,"2026-06-26T07:10:19.473Z"
"Row55_18",8344,61,0,0.077,0.3,1.293,"2026-06-26T07:10:19.473Z"
"Row55_19",8344,62,0,0.039,0.3,1.332,"2026-06-26T07:10:19.473Z"
"Row55_20",8344,65,0.011,0,0.311,1.332,"2026-06-26T07:10:19.473Z"
"Row55_21",8344,66,0,0.155,0.311,1.487,"2026-06-26T07:10:19.473Z"
"Row55_22",8344,68,0,0.04,0.311,1.527,"2026-06-26T07:10:19.473Z"
"Row55_23",8344,76,0.021,0,0.332,1.527,"2026-06-26T07:10:19.473Z"
"Row55_24",8344,77,0.05,0,0.382,1.527,"2026-06-26T07:10:19.473Z"
"Row55_25",8344,78,0,0.037,0.382,1.564,"2026-06-26T07:10:19.473Z"
"Row55_26",8344,80,0,0.119,0.382,1.684,"2026-06-26T07:10:19.473Z"
"Row55_27",8344,90,0.049,0,0.431,1.684,"2026-06-26T07:10:19.473Z"
"Row56_1",8343,6,0,0.028,0,0.028,"2026-06-26T07:10:23.969Z"
"Row56_2",8343,15,0.022,0,0.022,0.028,"2026-06-26T07:10:23.969Z"
"Row56_3",8343,22,0.117,0,0.14,0.028,"2026-06-26T07:10:23.969Z"
"Row56_4",8343,40,0.008,0,0.148,0.028,"2026-06-26T07:10:23.969Z"
"Row56_5",8343,45,0.062,0.043,0.21,0.071,"2026-06-26T07:10:23.969Z"
"Row56_6",8343,48,0.047,0,0.256,0.071,"2026-06-26T07:10:23.969Z"
"Row56_7",8343,50,0,0.073,0.256,0.144,"2026-06-26T07:10:23.969Z"
"Row56_8",8343,52,0.08,0,0.336,0.144,"2026-06-26T07:10:23.969Z"
"Row56_9",8343,56,0.599,0,0.935,0.144,"2026-06-26T07:10:23.969Z"
"Row56_10",8343,62,0,0.018,0.935,0.162,"2026-06-26T07:10:23.969Z"
"Row56_11",8343,65,0,0.057,0.935,0.219,"2026-06-26T07:10:23.969Z"
"Row56_12",8343,78,0,0.008,0.935,0.227,"2026-06-26T07:10:23.969Z"
"Row56_13",8343,79,0,0.046,0.935,0.273,"2026-06-26T07:10:23.969Z"
"Row56_14",8343,81,0,0.028,0.935,0.301,"2026-06-26T07:10:23.969Z"
"Row56_15",8343,83,0.38,0,1.315,0.301,"2026-06-26T07:10:23.969Z"
"Row56_16",8343,90,0,0.124,1.315,0.424,"2026-06-26T07:10:23.969Z"
"Row57_1",8345,4,0,0.085,0,0.085,"2026-06-26T10:10:19.516Z"
"Row57_2",8345,10,0,0.018,0,0.103,"2026-06-26T10:10:19.516Z"
"Row57_3",8345,23,0,0.015,0,0.118,"2026-06-26T10:10:19.516Z"
"Row57_4",8345,36,0,0.021,0,0.139,"2026-06-26T10:10:19.516Z"
"Row57_5",8345,38,0.05,0,0.05,0.139,"2026-06-26T10:10:19.516Z"
"Row57_6",8345,45,0,0.124,0.05,0.263,"2026-06-26T10:10:19.516Z"
"Row57_7",8345,46,0.004,0,0.054,0.263,"2026-06-26T10:10:19.516Z"
"Row57_8",8345,48,0.025,0,0.078,0.263,"2026-06-26T10:10:19.516Z"
"Row57_9",8345,50,0.041,0,0.119,0.263,"2026-06-26T10:10:19.516Z"
"Row57_10",8345,59,0,0.049,0.119,0.312,"2026-06-26T10:10:19.516Z"
"Row57_11",8345,60,0,0.022,0.119,0.334,"2026-06-26T10:10:19.516Z"
"Row57_12",8345,61,0,0.042,0.119,0.375,"2026-06-26T10:10:19.516Z"
"Row57_13",8345,82,0.067,0,0.186,0.375,"2026-06-26T10:10:19.516Z"
"Row57_14",8345,83,0,0.075,0.186,0.451,"2026-06-26T10:10:19.516Z"
"Row57_15",8345,90,0.065,0.127,0.251,0.578,"2026-06-26T10:10:19.516Z"
"Row58_1",8346,1,0,0.098,0,0.098,"2026-06-26T10:10:29.110Z"
"Row58_2",8346,2,0,0.093,0,0.191,"2026-06-26T10:10:29.110Z"
"Row58_3",8346,3,0,0.063,0,0.254,"2026-06-26T10:10:29.110Z"
"Row58_4",8346,10,0.531,0,0.531,0.254,"2026-06-26T10:10:29.110Z"
"Row58_5",8346,13,0,0.223,0.531,0.477,"2026-06-26T10:10:29.110Z"
"Row58_6",8346,29,0,0.084,0.531,0.561,"2026-06-26T10:10:29.110Z"
"Row58_7",8346,31,1.095,0,1.626,0.561,"2026-06-26T10:10:29.110Z"
"Row58_8",8346,40,0.057,0,1.683,0.561,"2026-06-26T10:10:29.110Z"
"Row58_9",8346,43,0.018,0,1.702,0.561,"2026-06-26T10:10:29.110Z"
"Row58_10",8346,45,0,0.141,1.702,0.702,"2026-06-26T10:10:29.110Z"
"Row58_11",8346,49,0,0.054,1.702,0.757,"2026-06-26T10:10:29.110Z"
"Row58_12",8346,62,0,0.319,1.702,1.076,"2026-06-26T10:10:29.110Z"
"Row58_13",8346,63,0,0.814,1.702,1.89,"2026-06-26T10:10:29.110Z"
"Row58_14",8346,66,0,0.041,1.702,1.931,"2026-06-26T10:10:29.110Z"
"Row58_15",8346,72,0.023,0,1.724,1.931,"2026-06-26T10:10:29.110Z"
"Row58_16",8346,77,0,0.04,1.724,1.971,"2026-06-26T10:10:29.110Z"
"Row58_17",8346,81,0.04,0,1.765,1.971,"2026-06-26T10:10:29.110Z"
"Row58_18",8346,90,0.573,0.083,2.337,2.054,"2026-06-26T10:10:29.110Z"
"Row59_1",8347,1,0,0.038,0,0.038,"2026-06-27T03:10:19.706Z"
"Row59_2",8347,4,0,0.113,0,0.15,"2026-06-27T03:10:19.706Z"
"Row59_3",8347,5,0,0.02,0,0.17,"2026-06-27T03:10:19.706Z"
"Row59_4",8347,7,0,0.088,0,0.258,"2026-06-27T03:10:19.706Z"
"Row59_5",8347,8,0,0.038,0,0.295,"2026-06-27T03:10:19.706Z"
"Row59_6",8347,11,0.021,0,0.021,0.295,"2026-06-27T03:10:19.706Z"
"Row59_7",8347,13,0,0.142,0.021,0.437,"2026-06-27T03:10:19.706Z"
"Row59_8",8347,14,0.256,0,0.276,0.437,"2026-06-27T03:10:19.706Z"
"Row59_9",8347,17,0,0.123,0.276,0.56,"2026-06-27T03:10:19.706Z"
"Row59_10",8347,19,0.029,0,0.305,0.56,"2026-06-27T03:10:19.706Z"
"Row59_11",8347,20,0,0.114,0.305,0.674,"2026-06-27T03:10:19.706Z"
"Row59_12",8347,21,0.103,0,0.408,0.674,"2026-06-27T03:10:19.706Z"
"Row59_13",8347,23,0,0.132,0.408,0.806,"2026-06-27T03:10:19.706Z"
"Row59_14",8347,24,0,0.024,0.408,0.83,"2026-06-27T03:10:19.706Z"
"Row59_15",8347,32,0,0.09,0.408,0.92,"2026-06-27T03:10:19.706Z"
"Row59_16",8347,35,0,0.043,0.408,0.963,"2026-06-27T03:10:19.706Z"
"Row59_17",8347,45,0,0.091,0.408,1.053,"2026-06-27T03:10:19.706Z"
"Row59_18",8347,50,0.788,0,1.196,1.053,"2026-06-27T03:10:19.706Z"
"Row59_19",8347,55,0.07,0,1.267,1.053,"2026-06-27T03:10:19.706Z"
"Row59_20",8347,56,0,0.04,1.267,1.094,"2026-06-27T03:10:19.706Z"
"Row59_21",8347,64,0.025,0.077,1.292,1.171,"2026-06-27T03:10:19.706Z"
"Row59_22",8347,72,0.29,0,1.582,1.171,"2026-06-27T03:10:19.706Z"
"Row59_23",8347,79,0.07,0,1.652,1.171,"2026-06-27T03:10:19.706Z"
"Row59_24",8347,87,0.036,0,1.688,1.171,"2026-06-27T03:10:19.706Z"
"Row59_25",8347,90,0,0.139,1.688,1.31,"2026-06-27T03:10:19.706Z"
"Row60_1",8348,3,0.046,0,0.046,0,"2026-06-27T03:10:32.400Z"
"Row60_2",8348,4,0.549,0,0.596,0,"2026-06-27T03:10:32.400Z"
"Row60_3",8348,14,0.128,0,0.724,0,"2026-06-27T03:10:32.400Z"
"Row60_4",8348,17,0.071,0,0.794,0,"2026-06-27T03:10:32.400Z"
"Row60_5",8348,20,0,0.067,0.794,0.067,"2026-06-27T03:10:32.400Z"
"Row60_6",8348,33,0.082,0,0.877,0.067,"2026-06-27T03:10:32.400Z"
"Row60_7",8348,41,0,0.06,0.877,0.127,"2026-06-27T03:10:32.400Z"
"Row60_8",8348,45,0.126,0,1.003,0.127,"2026-06-27T03:10:32.400Z"
"Row60_9",8348,46,0.02,0,1.023,0.127,"2026-06-27T03:10:32.400Z"
"Row60_10",8348,51,0.355,0,1.378,0.127,"2026-06-27T03:10:32.400Z"
"Row60_11",8348,53,0,0.019,1.378,0.146,"2026-06-27T03:10:32.400Z"
"Row60_12",8348,54,0.142,0,1.52,0.146,"2026-06-27T03:10:32.400Z"
"Row60_13",8348,56,0.41,0,1.93,0.146,"2026-06-27T03:10:32.400Z"
"Row60_14",8348,59,0.022,0,1.952,0.146,"2026-06-27T03:10:32.400Z"
"Row60_15",8348,62,0.064,0,2.016,0.146,"2026-06-27T03:10:32.400Z"
"Row60_16",8348,71,0.137,0,2.154,0.146,"2026-06-27T03:10:32.400Z"
"Row60_17",8348,73,0,0.025,2.154,0.171,"2026-06-27T03:10:32.400Z"
"Row60_18",8348,74,0.12,0,2.274,0.171,"2026-06-27T03:10:32.400Z"
"Row60_19",8348,77,0.109,0,2.383,0.171,"2026-06-27T03:10:32.400Z"
"Row60_20",8348,79,0.318,0,2.701,0.171,"2026-06-27T03:10:32.400Z"
"Row60_21",8348,82,0.04,0,2.741,0.171,"2026-06-27T03:10:32.400Z"
"Row60_22",8348,86,0.095,0,2.836,0.171,"2026-06-27T03:10:32.400Z"
"Row60_23",8348,88,0.028,0,2.863,0.171,"2026-06-27T03:10:32.400Z"
"Row60_24",8348,90,0.167,0,3.031,0.171,"2026-06-27T03:10:32.400Z"
"Row61_1",8349,18,0,0.062,0,0.062,"2026-06-27T08:10:19.817Z"
"Row61_2",8349,22,0.023,0,0.023,0.062,"2026-06-27T08:10:19.817Z"
"Row61_3",8349,34,0.038,0,0.061,0.062,"2026-06-27T08:10:19.817Z"
"Row61_4",8349,39,0.051,0,0.112,0.062,"2026-06-27T08:10:19.817Z"
"Row61_5",8349,42,0.017,0,0.13,0.062,"2026-06-27T08:10:19.817Z"
"Row61_6",8349,45,0,0.125,0.13,0.187,"2026-06-27T08:10:19.817Z"
"Row61_7",8349,47,0,0.013,0.13,0.2,"2026-06-27T08:10:19.817Z"
"Row61_8",8349,48,0.153,0,0.282,0.2,"2026-06-27T08:10:19.817Z"
"Row61_9",8349,50,0.024,0,0.306,0.2,"2026-06-27T08:10:19.817Z"
"Row61_10",8349,53,0.077,0,0.383,0.2,"2026-06-27T08:10:19.817Z"
"Row61_11",8349,57,0.027,0,0.41,0.2,"2026-06-27T08:10:19.817Z"
"Row61_12",8349,67,0,0.037,0.41,0.237,"2026-06-27T08:10:19.817Z"
"Row61_13",8349,75,0.771,0,1.18,0.237,"2026-06-27T08:10:19.817Z"
"Row61_14",8349,77,0.027,0,1.207,0.237,"2026-06-27T08:10:19.817Z"
"Row61_15",8349,79,0.042,0,1.249,0.237,"2026-06-27T08:10:19.817Z"
"Row61_16",8349,83,0,0.029,1.249,0.266,"2026-06-27T08:10:19.817Z"
"Row61_17",8349,84,0.015,0,1.264,0.266,"2026-06-27T08:10:19.817Z"
"Row61_18",8349,85,0.041,0,1.305,0.266,"2026-06-27T08:10:19.817Z"
"Row61_19",8349,86,0.218,0,1.523,0.266,"2026-06-27T08:10:19.817Z"
"Row61_20",8349,90,0,0.136,1.523,0.402,"2026-06-27T08:10:19.817Z"
"Row62_1",8350,17,0,0.029,0,0.029,"2026-06-27T08:10:31.799Z"
"Row62_2",8350,20,0,0.124,0,0.153,"2026-06-27T08:10:31.799Z"
"Row62_3",8350,32,0.071,0,0.071,0.153,"2026-06-27T08:10:31.799Z"
"Row62_4",8350,36,0.019,0,0.09,0.153,"2026-06-27T08:10:31.799Z"
"Row62_5",8350,39,0.009,0,0.099,0.153,"2026-06-27T08:10:31.799Z"
"Row62_6",8350,42,0,0.143,0.099,0.296,"2026-06-27T08:10:31.799Z"
"Row62_7",8350,45,0,0.012,0.099,0.308,"2026-06-27T08:10:31.799Z"
"Row62_8",8350,63,0,0.171,0.099,0.478,"2026-06-27T08:10:31.799Z"
"Row62_9",8350,64,0.083,0,0.183,0.478,"2026-06-27T08:10:31.799Z"
"Row62_10",8350,85,0.018,0,0.201,0.478,"2026-06-27T08:10:31.799Z"
"Row62_11",8350,86,0,0.382,0.201,0.861,"2026-06-27T08:10:31.799Z"
"Row63_1",8351,5,0.167,0,0.167,0,"2026-06-27T11:10:19.753Z"
"Row63_2",8351,11,0,0.95,0.167,0.95,"2026-06-27T11:10:19.753Z"
"Row63_3",8351,14,0,0.192,0.167,1.141,"2026-06-27T11:10:19.753Z"
"Row63_4",8351,17,0.042,0,0.209,1.141,"2026-06-27T11:10:19.753Z"
"Row63_5",8351,21,0.035,0,0.244,1.141,"2026-06-27T11:10:19.753Z"
"Row63_6",8351,30,0.019,0,0.263,1.141,"2026-06-27T11:10:19.753Z"
"Row63_7",8351,34,0,0.052,0.263,1.193,"2026-06-27T11:10:19.753Z"
"Row63_8",8351,39,0.009,0,0.272,1.193,"2026-06-27T11:10:19.753Z"
"Row63_9",8351,41,0.02,0,0.291,1.193,"2026-06-27T11:10:19.753Z"
"Row63_10",8351,45,0.024,0.125,0.315,1.319,"2026-06-27T11:10:19.753Z"
"Row63_11",8351,46,0,0.059,0.315,1.378,"2026-06-27T11:10:19.753Z"
"Row63_12",8351,49,0.072,0,0.387,1.378,"2026-06-27T11:10:19.753Z"
"Row63_13",8351,52,0.205,0,0.591,1.378,"2026-06-27T11:10:19.753Z"
"Row63_14",8351,55,0,0.029,0.591,1.406,"2026-06-27T11:10:19.753Z"
"Row63_15",8351,62,0.079,0,0.67,1.406,"2026-06-27T11:10:19.753Z"
"Row63_16",8351,68,0.038,0,0.708,1.406,"2026-06-27T11:10:19.753Z"
"Row63_17",8351,72,0.07,0,0.778,1.406,"2026-06-27T11:10:19.753Z"
"Row63_18",8351,76,0,0.04,0.778,1.446,"2026-06-27T11:10:19.753Z"
"Row63_19",8351,84,0.036,0,0.815,1.446,"2026-06-27T11:10:19.753Z"
"Row63_20",8351,90,0,0.517,0.815,1.963,"2026-06-27T11:10:19.753Z"
"Row64_1",8352,4,0,0.021,0,0.021,"2026-06-27T11:10:29.532Z"
"Row64_2",8352,11,0,0.479,0,0.501,"2026-06-27T11:10:29.532Z"
"Row64_3",8352,12,0,0.094,0,0.595,"2026-06-27T11:10:29.532Z"
"Row64_4",8352,16,0,0.081,0,0.676,"2026-06-27T11:10:29.532Z"
"Row64_5",8352,19,0,0.047,0,0.724,"2026-06-27T11:10:29.532Z"
"Row64_6",8352,28,0,0.504,0,1.227,"2026-06-27T11:10:29.532Z"
"Row64_7",8352,31,0,0.121,0,1.348,"2026-06-27T11:10:29.532Z"
"Row64_8",8352,39,0,0.031,0,1.379,"2026-06-27T11:10:29.532Z"
"Row64_9",8352,42,0,0.099,0,1.478,"2026-06-27T11:10:29.532Z"
"Row64_10",8352,43,0,0.113,0,1.591,"2026-06-27T11:10:29.532Z"
"Row64_11",8352,45,0,0.301,0,1.893,"2026-06-27T11:10:29.532Z"
"Row64_12",8352,47,0,0.019,0,1.912,"2026-06-27T11:10:29.532Z"
"Row64_13",8352,50,0,0.149,0,2.061,"2026-06-27T11:10:29.532Z"
"Row64_14",8352,55,0.076,0,0.076,2.061,"2026-06-27T11:10:29.532Z"
"Row64_15",8352,59,0.011,0,0.087,2.061,"2026-06-27T11:10:29.532Z"
"Row64_16",8352,60,0,0.031,0.087,2.092,"2026-06-27T11:10:29.532Z"
"Row64_17",8352,61,0,0.026,0.087,2.118,"2026-06-27T11:10:29.532Z"
"Row64_18",8352,62,0,0.147,0.087,2.265,"2026-06-27T11:10:29.532Z"
"Row64_19",8352,65,0,0.169,0.087,2.434,"2026-06-27T11:10:29.532Z"
"Row64_20",8352,66,0,0.273,0.087,2.707,"2026-06-27T11:10:29.532Z"
"Row64_21",8352,74,0,0.171,0.087,2.878,"2026-06-27T11:10:29.532Z"
"Row64_22",8352,76,0.111,0,0.198,2.878,"2026-06-27T11:10:29.532Z"
"Row64_23",8352,78,0,0.099,0.198,2.977,"2026-06-27T11:10:29.532Z"
"Row64_24",8352,80,0,0.022,0.198,2.999,"2026-06-27T11:10:29.532Z"
"Row64_25",8352,84,0.04,0,0.238,2.999,"2026-06-27T11:10:29.532Z"
"Row64_26",8352,86,0,0.52,0.238,3.519,"2026-06-27T11:10:29.532Z"
"Row64_27",8352,90,0,0.143,0.238,3.662,"2026-06-27T11:10:29.532Z"
"Row65_1",8353,17,0.095,0,0.095,0,"2026-06-28T05:10:20.377Z"
"Row65_2",8353,21,0.086,0,0.181,0,"2026-06-28T05:10:20.377Z"
"Row65_3",8353,30,0.025,0,0.206,0,"2026-06-28T05:10:20.377Z"
"Row65_4",8353,31,0.038,0,0.243,0,"2026-06-28T05:10:20.377Z"
"Row65_5",8353,38,0.037,0,0.281,0,"2026-06-28T05:10:20.377Z"
"Row65_6",8353,40,0,0.018,0.281,0.018,"2026-06-28T05:10:20.377Z"
"Row65_7",8353,47,0,0.02,0.281,0.039,"2026-06-28T05:10:20.377Z"
"Row65_8",8353,57,0,0.013,0.281,0.051,"2026-06-28T05:10:20.377Z"
"Row65_9",8353,73,0,0.613,0.281,0.664,"2026-06-28T05:10:20.377Z"
"Row65_10",8353,82,0.049,0,0.329,0.664,"2026-06-28T05:10:20.377Z"
"Row65_11",8353,83,0.048,0,0.378,0.664,"2026-06-28T05:10:20.377Z"
"Row65_12",8353,90,0.082,0.065,0.459,0.729,"2026-06-28T05:10:20.377Z"
"Row66_1",8354,1,0.03,0,0.03,0,"2026-06-28T05:10:29.173Z"
"Row66_2",8354,8,0,0.051,0.03,0.051,"2026-06-28T05:10:29.173Z"
"Row66_3",8354,15,0,0.021,0.03,0.071,"2026-06-28T05:10:29.173Z"
"Row66_4",8354,22,0,0.079,0.03,0.15,"2026-06-28T05:10:29.173Z"
"Row66_5",8354,26,0.064,0,0.094,0.15,"2026-06-28T05:10:29.173Z"
"Row66_6",8354,28,0.055,0,0.148,0.15,"2026-06-28T05:10:29.173Z"
"Row66_7",8354,33,0,0.185,0.148,0.335,"2026-06-28T05:10:29.173Z"
"Row66_8",8354,35,0,0.028,0.148,0.363,"2026-06-28T05:10:29.173Z"
"Row66_9",8354,38,0,0.09,0.148,0.453,"2026-06-28T05:10:29.173Z"
"Row66_10",8354,45,0,0.037,0.148,0.49,"2026-06-28T05:10:29.173Z"
"Row66_11",8354,55,0,0.05,0.148,0.54,"2026-06-28T05:10:29.173Z"
"Row66_12",8354,56,0.029,0,0.178,0.54,"2026-06-28T05:10:29.173Z"
"Row66_13",8354,57,0,0.176,0.178,0.716,"2026-06-28T05:10:29.173Z"
"Row66_14",8354,62,0,0.098,0.178,0.815,"2026-06-28T05:10:29.173Z"
"Row66_15",8354,64,0.041,0,0.219,0.815,"2026-06-28T05:10:29.173Z"
"Row66_16",8354,66,0,0.121,0.219,0.935,"2026-06-28T05:10:29.173Z"
"Row66_17",8354,67,0,0.181,0.219,1.116,"2026-06-28T05:10:29.173Z"
"Row66_18",8354,74,0.133,0,0.351,1.116,"2026-06-28T05:10:29.173Z"
"Row66_19",8354,75,0.047,0,0.399,1.116,"2026-06-28T05:10:29.173Z"
"Row66_20",8354,76,0.16,0,0.558,1.116,"2026-06-28T05:10:29.173Z"
"Row66_21",8354,87,0,0.062,0.558,1.178,"2026-06-28T05:10:29.173Z"
"Row66_22",8354,90,0.11,0.314,0.669,1.493,"2026-06-28T05:10:29.173Z"
"Row67_1",8356,2,0.02,0,0.02,0,"2026-06-28T07:40:20.341Z"
"Row67_2",8356,10,0,0.014,0.02,0.014,"2026-06-28T07:40:20.341Z"
"Row67_3",8356,29,0.103,0,0.123,0.014,"2026-06-28T07:40:20.341Z"
"Row67_4",8356,44,0.03,0,0.153,0.014,"2026-06-28T07:40:20.341Z"
"Row67_5",8356,45,0.05,0.047,0.203,0.06,"2026-06-28T07:40:20.341Z"
"Row67_6",8356,48,0.011,0,0.214,0.06,"2026-06-28T07:40:20.341Z"
"Row67_7",8356,50,0.144,0,0.358,0.06,"2026-06-28T07:40:20.341Z"
"Row67_8",8356,51,0,0.143,0.358,0.204,"2026-06-28T07:40:20.341Z"
"Row67_9",8356,53,0.024,0,0.382,0.204,"2026-06-28T07:40:20.341Z"
"Row67_10",8356,58,0.018,0,0.4,0.204,"2026-06-28T07:40:20.341Z"
"Row67_11",8356,60,0.029,0,0.429,0.204,"2026-06-28T07:40:20.341Z"
"Row67_12",8356,61,0.247,0,0.676,0.204,"2026-06-28T07:40:20.341Z"
"Row67_13",8356,68,0.788,0,1.465,0.204,"2026-06-28T07:40:20.341Z"
"Row67_14",8356,75,0.093,0,1.558,0.204,"2026-06-28T07:40:20.341Z"
"Row67_15",8356,78,0.62,0,2.178,0.204,"2026-06-28T07:40:20.341Z"
"Row67_16",8356,88,0.033,0,2.212,0.204,"2026-06-28T07:40:20.341Z"
"Row67_17",8356,90,0.143,0.066,2.355,0.269,"2026-06-28T07:40:20.341Z"
"Row68_1",8355,2,0.27,0,0.27,0,"2026-06-28T07:40:30.012Z"
"Row68_2",8355,4,0,0.013,0.27,0.013,"2026-06-28T07:40:30.012Z"
"Row68_3",8355,6,0.072,0,0.342,0.013,"2026-06-28T07:40:30.012Z"
"Row68_4",8355,12,0,0.015,0.342,0.028,"2026-06-28T07:40:30.012Z"
"Row68_5",8355,14,0.035,0,0.377,0.028,"2026-06-28T07:40:30.012Z"
"Row68_6",8355,17,0.205,0,0.583,0.028,"2026-06-28T07:40:30.012Z"
"Row68_7",8355,22,0.035,0,0.617,0.028,"2026-06-28T07:40:30.012Z"
"Row68_8",8355,24,0,0.028,0.617,0.055,"2026-06-28T07:40:30.012Z"
"Row68_9",8355,38,0,0.02,0.617,0.075,"2026-06-28T07:40:30.012Z"
"Row68_10",8355,39,0,0.354,0.617,0.428,"2026-06-28T07:40:30.012Z"
"Row68_11",8355,40,0,0.018,0.617,0.446,"2026-06-28T07:40:30.012Z"
"Row68_12",8355,42,0,0.074,0.617,0.52,"2026-06-28T07:40:30.012Z"
"Row68_13",8355,44,0.137,0,0.754,0.52,"2026-06-28T07:40:30.012Z"
"Row68_14",8355,45,0.138,0.024,0.892,0.545,"2026-06-28T07:40:30.012Z"
"Row68_15",8355,51,0,0.073,0.892,0.618,"2026-06-28T07:40:30.012Z"
"Row68_16",8355,55,0.048,0,0.94,0.618,"2026-06-28T07:40:30.012Z"
"Row68_17",8355,57,0,0.043,0.94,0.661,"2026-06-28T07:40:30.012Z"
"Row68_18",8355,62,0.19,0,1.13,0.661,"2026-06-28T07:40:30.012Z"
"Row68_19",8355,65,0.073,0,1.203,0.661,"2026-06-28T07:40:30.012Z"
"Row68_20",8355,66,0.065,0,1.268,0.661,"2026-06-28T07:40:30.012Z"
"Row68_21",8355,67,0.015,0,1.283,0.661,"2026-06-28T07:40:30.012Z"
"Row68_22",8355,73,0.083,0,1.366,0.661,"2026-06-28T07:40:30.012Z"
"Row68_23",8355,74,0.031,0,1.398,0.661,"2026-06-28T07:40:30.012Z"
"Row68_24",8355,78,0,0.033,1.398,0.694,"2026-06-28T07:40:30.012Z"
"Row68_25",8355,88,0.081,0,1.479,0.694,"2026-06-28T07:40:30.012Z"
"Row68_26",8355,90,0.155,0.027,1.634,0.721,"2026-06-28T07:40:30.012Z"
"Row69_1",8357,8,0,0.009,0,0.009,"2026-06-28T10:10:20.445Z"
"Row69_2",8357,10,0.013,0,0.013,0.009,"2026-06-28T10:10:20.445Z"
"Row69_3",8357,28,0,0.766,0.013,0.775,"2026-06-28T10:10:20.445Z"
"Row69_4",8357,32,0.027,0,0.04,0.775,"2026-06-28T10:10:20.445Z"
"Row69_5",8357,36,0.155,0,0.195,0.775,"2026-06-28T10:10:20.445Z"
"Row69_6",8357,38,0,0.003,0.195,0.778,"2026-06-28T10:10:20.445Z"
"Row69_7",8357,40,0.089,0,0.284,0.778,"2026-06-28T10:10:20.445Z"
"Row69_8",8357,41,0,0.049,0.284,0.827,"2026-06-28T10:10:20.445Z"
"Row69_9",8357,42,0.051,0,0.335,0.827,"2026-06-28T10:10:20.445Z"
"Row69_10",8357,44,0.458,0,0.793,0.827,"2026-06-28T10:10:20.445Z"
"Row69_11",8357,45,0.089,0.097,0.882,0.924,"2026-06-28T10:10:20.445Z"
"Row69_12",8357,49,0.007,0,0.889,0.924,"2026-06-28T10:10:20.445Z"
"Row69_13",8357,54,0.072,0,0.961,0.924,"2026-06-28T10:10:20.445Z"
"Row69_14",8357,55,0,0.105,0.961,1.03,"2026-06-28T10:10:20.445Z"
"Row69_15",8357,59,0.016,0,0.977,1.03,"2026-06-28T10:10:20.445Z"
"Row69_16",8357,60,0.165,0,1.142,1.03,"2026-06-28T10:10:20.445Z"
"Row69_17",8357,65,0,0.018,1.142,1.048,"2026-06-28T10:10:20.445Z"
"Row69_18",8357,68,0,0.133,1.142,1.181,"2026-06-28T10:10:20.445Z"
"Row69_19",8357,90,0.445,0.227,1.587,1.408,"2026-06-28T10:10:20.445Z"
"Row70_1",8358,13,0,0.038,0,0.038,"2026-06-28T10:10:24.214Z"
"Row70_2",8358,19,0,0.101,0,0.139,"2026-06-28T10:10:24.214Z"
"Row70_3",8358,28,0,0.562,0,0.701,"2026-06-28T10:10:24.214Z"
"Row70_4",8358,31,0,0.788,0,1.489,"2026-06-28T10:10:24.214Z"
"Row70_5",8358,35,0.058,0,0.058,1.489,"2026-06-28T10:10:24.214Z"
"Row70_6",8358,38,0.042,0,0.099,1.489,"2026-06-28T10:10:24.214Z"
"Row70_7",8358,45,0,0.09,0.099,1.579,"2026-06-28T10:10:24.214Z"
"Row70_8",8358,51,0.121,0,0.221,1.579,"2026-06-28T10:10:24.214Z"
"Row70_9",8358,53,0,0.02,0.221,1.599,"2026-06-28T10:10:24.214Z"
"Row70_10",8358,55,0.522,0,0.742,1.599,"2026-06-28T10:10:24.214Z"
"Row70_11",8358,59,0,0.057,0.742,1.657,"2026-06-28T10:10:24.214Z"
"Row70_12",8358,65,0,0.039,0.742,1.695,"2026-06-28T10:10:24.214Z"
"Row70_13",8358,80,0,0.083,0.742,1.778,"2026-06-28T10:10:24.214Z"
"Row70_14",8358,82,0,0.048,0.742,1.826,"2026-06-28T10:10:24.214Z"
"Row70_15",8358,86,0,0.021,0.742,1.847,"2026-06-28T10:10:24.214Z"
"Row70_16",8358,90,0,0.285,0.742,2.131,"2026-06-28T10:10:24.214Z"
"Row71_1",8359,6,0.023,0,0.023,0,"2026-06-29T03:13:23.070Z"
"Row71_2",8359,7,0,0.019,0.023,0.019,"2026-06-29T03:13:23.070Z"
"Row71_3",8359,17,0,0.112,0.023,0.131,"2026-06-29T03:13:23.070Z"
"Row71_4",8359,22,0,0.329,0.023,0.459,"2026-06-29T03:13:23.070Z"
"Row71_5",8359,23,0.024,0,0.047,0.459,"2026-06-29T03:13:23.070Z"
"Row71_6",8359,35,0,0.032,0.047,0.492,"2026-06-29T03:13:23.070Z"
"Row71_7",8359,36,0.014,0,0.061,0.492,"2026-06-29T03:13:23.070Z"
"Row71_8",8359,41,0,0.058,0.061,0.549,"2026-06-29T03:13:23.070Z"
"Row71_9",8359,44,0,0.39,0.061,0.94,"2026-06-29T03:13:23.070Z"
"Row71_10",8359,62,0.033,0,0.094,0.94,"2026-06-29T03:13:23.070Z"
"Row71_11",8359,65,0,0.149,0.094,1.089,"2026-06-29T03:13:23.070Z"
"Row71_12",8359,66,0,0.046,0.094,1.136,"2026-06-29T03:13:23.070Z"
"Row71_13",8359,75,0.01,0,0.104,1.136,"2026-06-29T03:13:23.070Z"
"Row71_14",8359,76,0,0.044,0.104,1.18,"2026-06-29T03:13:23.070Z"
"Row71_15",8359,78,0,0.05,0.104,1.23,"2026-06-29T03:13:23.070Z"
"Row71_16",8359,85,0.028,0,0.132,1.23,"2026-06-29T03:13:23.070Z"
"Row71_17",8359,90,0,0.094,0.132,1.323,"2026-06-29T03:13:23.070Z"
"Row72_1",8360,2,0.032,0,0.032,0,"2026-06-30T01:03:51.334Z"
"Row72_2",8360,10,0.047,0,0.079,0,"2026-06-30T01:03:51.334Z"
"Row72_3",8360,14,0.095,0,0.174,0,"2026-06-30T01:03:51.334Z"
"Row72_4",8360,16,0,0.091,0.174,0.091,"2026-06-30T01:03:51.334Z"
"Row72_5",8360,28,0,0.055,0.174,0.145,"2026-06-30T01:03:51.334Z"
"Row72_6",8360,29,0,0.035,0.174,0.181,"2026-06-30T01:03:51.334Z"
"Row72_7",8360,34,0.042,0,0.216,0.181,"2026-06-30T01:03:51.334Z"
"Row72_8",8360,35,0.062,0,0.279,0.181,"2026-06-30T01:03:51.334Z"
"Row72_9",8360,38,0.017,0,0.296,0.181,"2026-06-30T01:03:51.334Z"
"Row72_10",8360,45,0.058,0.025,0.353,0.206,"2026-06-30T01:03:51.334Z"
"Row72_11",8360,52,0.056,0,0.409,0.206,"2026-06-30T01:03:51.334Z"
"Row72_12",8360,53,0.077,0,0.486,0.206,"2026-06-30T01:03:51.334Z"
"Row72_13",8360,54,0.369,0,0.855,0.206,"2026-06-30T01:03:51.334Z"
"Row72_14",8360,56,0.282,0,1.137,0.206,"2026-06-30T01:03:51.334Z"
"Row72_15",8360,58,0.243,0,1.381,0.206,"2026-06-30T01:03:51.334Z"
"Row72_16",8360,64,0,0.023,1.381,0.229,"2026-06-30T01:03:51.334Z"
"Row72_17",8360,74,0.071,0,1.452,0.229,"2026-06-30T01:03:51.334Z"
"Row72_18",8360,77,0.033,0,1.484,0.229,"2026-06-30T01:03:51.334Z"
"Row72_19",8360,89,0.024,0,1.508,0.229,"2026-06-30T01:03:51.334Z"
"Row72_20",8360,90,0.23,0,1.739,0.229,"2026-06-30T01:03:51.334Z"
"Row73_1",8361,1,0,0.018,0,0.018,"2026-06-30T04:33:51.459Z"
"Row73_2",8361,2,0,0.12,0,0.138,"2026-06-30T04:33:51.459Z"
"Row73_3",8361,6,0.034,0,0.034,0.138,"2026-06-30T04:33:51.459Z"
"Row73_4",8361,8,0.037,0,0.071,0.138,"2026-06-30T04:33:51.459Z"
"Row73_5",8361,33,0.019,0,0.09,0.138,"2026-06-30T04:33:51.459Z"
"Row73_6",8361,42,0,0.062,0.09,0.2,"2026-06-30T04:33:51.459Z"
"Row73_7",8361,45,0.051,0,0.141,0.2,"2026-06-30T04:33:51.459Z"
"Row73_8",8361,50,0,0.115,0.141,0.315,"2026-06-30T04:33:51.459Z"
"Row73_9",8361,54,0.034,0,0.175,0.315,"2026-06-30T04:33:51.459Z"
"Row73_10",8361,56,0.269,0,0.444,0.315,"2026-06-30T04:33:51.459Z"
"Row73_11",8361,59,0,0.051,0.444,0.366,"2026-06-30T04:33:51.459Z"
"Row73_12",8361,66,0.034,0,0.478,0.366,"2026-06-30T04:33:51.459Z"
"Row73_13",8361,70,0,0.033,0.478,0.399,"2026-06-30T04:33:51.459Z"
"Row73_14",8361,78,0.119,0,0.597,0.399,"2026-06-30T04:33:51.459Z"
"Row73_15",8361,80,0.027,0,0.624,0.399,"2026-06-30T04:33:51.459Z"
"Row73_16",8361,86,0.054,0,0.678,0.399,"2026-06-30T04:33:51.459Z"
"Row73_17",8361,90,0.041,0.023,0.719,0.422,"2026-06-30T04:33:51.459Z"
"Row73_18",8361,93,0.161,0,0.88,0.422,"2026-06-30T04:33:51.459Z"
"Row73_19",8361,97,0.135,0,1.015,0.422,"2026-06-30T04:33:51.459Z"
"Row73_20",8361,105,0.246,0,1.261,0.422,"2026-06-30T04:33:51.459Z"
"Row73_21",8361,111,0.007,0,1.267,0.422,"2026-06-30T04:33:51.459Z"
"Row73_22",8361,119,0.19,0,1.457,0.422,"2026-06-30T04:33:51.459Z"
"Row73_23",8361,120,0.032,0,1.489,0.422,"2026-06-30T04:33:51.459Z"
"Row73_24",8361,122,0.788,0,2.278,0.422,"2026-06-30T04:33:51.459Z"
"Row73_25",8361,124,0,0.788,2.278,1.211,"2026-06-30T04:33:51.459Z"
"Row73_26",8361,125,0.788,0.788,3.066,1.999,"2026-06-30T04:33:51.459Z"
"Row73_27",8361,126,0.788,0,3.855,1.999,"2026-06-30T04:33:51.459Z"
"Row73_28",8361,127,0,0.788,3.855,2.787,"2026-06-30T04:33:51.459Z"
"Row73_29",8361,128,0.788,0,4.643,2.787,"2026-06-30T04:33:51.459Z"
"Row73_30",8361,129,0,0.788,4.643,3.576,"2026-06-30T04:33:51.459Z"
"Row73_31",8361,130,0.788,0,5.432,3.576,"2026-06-30T04:33:51.459Z"
"Row73_32",8361,131,0,0.788,5.432,4.364,"2026-06-30T04:33:51.459Z"
"Row73_33",8361,132,0.788,0.788,6.22,5.153,"2026-06-30T04:33:51.459Z"
"Row74_1",8362,7,0.023,0,0.023,0,"2026-06-30T09:03:51.295Z"
"Row74_2",8362,20,0,0.133,0.023,0.133,"2026-06-30T09:03:51.295Z"
"Row74_3",8362,21,0,0.038,0.023,0.172,"2026-06-30T09:03:51.295Z"
"Row74_4",8362,37,0.009,0,0.032,0.172,"2026-06-30T09:03:51.295Z"
"Row74_5",8362,44,0.026,0,0.058,0.172,"2026-06-30T09:03:51.295Z"
"Row74_6",8362,45,0,0.034,0.058,0.205,"2026-06-30T09:03:51.295Z"
"Row74_7",8362,48,0.012,0.027,0.071,0.232,"2026-06-30T09:03:51.295Z"
"Row74_8",8362,52,0,0.114,0.071,0.346,"2026-06-30T09:03:51.295Z"
"Row74_9",8362,56,0,0.082,0.071,0.428,"2026-06-30T09:03:51.295Z"
"Row74_10",8362,58,0,0.018,0.071,0.445,"2026-06-30T09:03:51.295Z"
"Row74_11",8362,59,0.067,0,0.138,0.445,"2026-06-30T09:03:51.295Z"
"Row74_12",8362,72,0.096,0,0.233,0.445,"2026-06-30T09:03:51.295Z"
"Row74_13",8362,78,0,0.022,0.233,0.468,"2026-06-30T09:03:51.295Z"
"Row74_14",8362,90,0,0.178,0.233,0.646,"2026-06-30T09:03:51.295Z"
"Row74_15",8362,97,0,0.753,0.233,1.399,"2026-06-30T09:03:51.295Z"
"Row74_16",8362,121,0.788,0,1.022,1.399,"2026-06-30T09:03:51.295Z"
"Row74_17",8362,122,0,0.788,1.022,2.188,"2026-06-30T09:03:51.295Z"
"Row74_18",8362,123,0.788,0,1.81,2.188,"2026-06-30T09:03:51.295Z"
"Row74_19",8362,124,0,0.788,1.81,2.976,"2026-06-30T09:03:51.295Z"
"Row74_20",8362,125,0.788,0,2.599,2.976,"2026-06-30T09:03:51.295Z"
"Row74_21",8362,126,0,0.788,2.599,3.764,"2026-06-30T09:03:51.295Z"
"Row74_22",8362,127,0.788,0.788,3.387,4.553,"2026-06-30T09:03:51.295Z"
"Row74_23",8362,129,0.788,0,4.175,4.553,"2026-06-30T09:03:51.295Z"
"Row74_24",8362,130,0,0.788,4.175,5.341,"2026-06-30T09:03:51.295Z"
"Row75_1",8363,3,0,0.03,0,0.03,"2026-07-01T01:03:51.824Z"
"Row75_2",8363,8,0.088,0,0.088,0.03,"2026-07-01T01:03:51.824Z"
"Row75_3",8363,21,0.076,0,0.164,0.03,"2026-07-01T01:03:51.824Z"
"Row75_4",8363,28,0.192,0,0.356,0.03,"2026-07-01T01:03:51.824Z"
"Row75_5",8363,35,0.009,0,0.366,0.03,"2026-07-01T01:03:51.824Z"
"Row75_6",8363,37,0,0.062,0.366,0.092,"2026-07-01T01:03:51.824Z"
"Row75_7",8363,38,0,0.028,0.366,0.12,"2026-07-01T01:03:51.824Z"
"Row75_8",8363,39,0,0.022,0.366,0.142,"2026-07-01T01:03:51.824Z"
"Row75_9",8363,42,0,0.539,0.366,0.681,"2026-07-01T01:03:51.824Z"
"Row75_10",8363,45,0.078,0,0.444,0.681,"2026-07-01T01:03:51.824Z"
"Row75_11",8363,52,0.026,0,0.47,0.681,"2026-07-01T01:03:51.824Z"
"Row75_12",8363,55,0.127,0,0.596,0.681,"2026-07-01T01:03:51.824Z"
"Row75_13",8363,57,0.1,0,0.696,0.681,"2026-07-01T01:03:51.824Z"
"Row75_14",8363,59,0.02,0,0.716,0.681,"2026-07-01T01:03:51.824Z"
"Row75_15",8363,64,0.129,0,0.845,0.681,"2026-07-01T01:03:51.824Z"
"Row75_16",8363,67,0,0.45,0.845,1.131,"2026-07-01T01:03:51.824Z"
"Row75_17",8363,72,0.059,0,0.905,1.131,"2026-07-01T01:03:51.824Z"
"Row75_18",8363,74,0.198,0,1.103,1.131,"2026-07-01T01:03:51.824Z"
"Row75_19",8363,86,0,0.802,1.103,1.933,"2026-07-01T01:03:51.824Z"
"Row75_20",8363,90,0.256,0.086,1.359,2.02,"2026-07-01T01:03:51.824Z"
"Row76_1",8364,3,0,0.031,0,0.031,"2026-07-01T05:03:52.255Z"
"Row76_2",8364,16,0.02,0,0.02,0.031,"2026-07-01T05:03:52.255Z"
"Row76_3",8364,17,0.031,0,0.051,0.031,"2026-07-01T05:03:52.255Z"
"Row76_4",8364,19,0.047,0,0.099,0.031,"2026-07-01T05:03:52.255Z"
"Row76_5",8364,28,0.013,0.139,0.112,0.17,"2026-07-01T05:03:52.255Z"
"Row76_6",8364,30,0.034,0,0.146,0.17,"2026-07-01T05:03:52.255Z"
"Row76_7",8364,32,0.17,0,0.316,0.17,"2026-07-01T05:03:52.255Z"
"Row76_8",8364,33,0.028,0,0.344,0.17,"2026-07-01T05:03:52.255Z"
"Row76_9",8364,36,0.259,0,0.603,0.17,"2026-07-01T05:03:52.255Z"
"Row76_10",8364,39,0.084,0,0.687,0.17,"2026-07-01T05:03:52.255Z"
"Row76_11",8364,40,0.052,0,0.739,0.17,"2026-07-01T05:03:52.255Z"
"Row76_12",8364,42,0.049,0,0.788,0.17,"2026-07-01T05:03:52.255Z"
"Row76_13",8364,44,0.031,0,0.819,0.17,"2026-07-01T05:03:52.255Z"
"Row76_14",8364,45,0.089,0.116,0.908,0.286,"2026-07-01T05:03:52.255Z"
"Row76_15",8364,50,0.024,0,0.931,0.286,"2026-07-01T05:03:52.255Z"
"Row76_16",8364,53,0.556,0,1.487,0.286,"2026-07-01T05:03:52.255Z"
"Row76_17",8364,57,0,0.043,1.487,0.328,"2026-07-01T05:03:52.255Z"
"Row76_18",8364,61,0.043,0,1.53,0.328,"2026-07-01T05:03:52.255Z"
"Row76_19",8364,65,0.085,0,1.616,0.328,"2026-07-01T05:03:52.255Z"
"Row76_20",8364,66,0.074,0,1.69,0.328,"2026-07-01T05:03:52.255Z"
"Row76_21",8364,71,0.546,0,2.236,0.328,"2026-07-01T05:03:52.255Z"
"Row76_22",8364,74,0.325,0,2.561,0.328,"2026-07-01T05:03:52.255Z"
"Row76_23",8364,81,0.037,0,2.598,0.328,"2026-07-01T05:03:52.255Z"
"Row76_24",8364,82,0.329,0,2.926,0.328,"2026-07-01T05:03:52.255Z"
"Row76_25",8364,86,0,0.021,2.926,0.349,"2026-07-01T05:03:52.255Z"
"Row76_26",8364,89,0,0.207,2.926,0.556,"2026-07-01T05:03:52.255Z"
"Row76_27",8364,90,0.255,0.097,3.181,0.653,"2026-07-01T05:03:52.255Z"
"Row77_1",8365,4,0.033,0,0.033,0,"2026-07-01T10:03:51.880Z"
"Row77_2",8365,5,0.023,0,0.056,0,"2026-07-01T10:03:51.880Z"
"Row77_3",8365,6,0.029,0,0.085,0,"2026-07-01T10:03:51.880Z"
"Row77_4",8365,7,0.203,0,0.287,0,"2026-07-01T10:03:51.880Z"
"Row77_5",8365,14,0.049,0,0.336,0,"2026-07-01T10:03:51.880Z"
"Row77_6",8365,15,0.032,0,0.369,0,"2026-07-01T10:03:51.880Z"
"Row77_7",8365,18,0,0.176,0.369,0.176,"2026-07-01T10:03:51.880Z"
"Row77_8",8365,22,0.1,0,0.468,0.176,"2026-07-01T10:03:51.880Z"
"Row77_9",8365,31,0.116,0,0.584,0.176,"2026-07-01T10:03:51.880Z"
"Row77_10",8365,40,0,0.054,0.584,0.231,"2026-07-01T10:03:51.880Z"
"Row77_11",8365,44,0.077,0,0.661,0.231,"2026-07-01T10:03:51.880Z"
"Row77_12",8365,45,0.049,0,0.71,0.231,"2026-07-01T10:03:51.880Z"
"Row77_13",8365,46,0.062,0,0.773,0.231,"2026-07-01T10:03:51.880Z"
"Row77_14",8365,51,0,0.025,0.773,0.256,"2026-07-01T10:03:51.880Z"
"Row77_15",8365,52,0.025,0,0.798,0.256,"2026-07-01T10:03:51.880Z"
"Row77_16",8365,67,0.093,0,0.89,0.256,"2026-07-01T10:03:51.880Z"
"Row77_17",8365,74,0,0.355,0.89,0.611,"2026-07-01T10:03:51.880Z"
"Row77_18",8365,85,0,0.012,0.89,0.623,"2026-07-01T10:03:51.880Z"
"Row77_19",8365,88,0,0.032,0.89,0.655,"2026-07-01T10:03:51.880Z"
"Row77_20",8365,89,0,0.07,0.89,0.725,"2026-07-01T10:03:51.880Z"
"Row77_21",8365,90,0.126,0,1.016,0.725,"2026-07-01T10:03:51.880Z"
"Row78_1",8366,7,0,0.065,0,0.065,"2026-07-02T00:03:54.252Z"
"Row78_2",8366,30,0.177,0,0.177,0.065,"2026-07-02T00:03:54.252Z"
"Row78_3",8366,32,0,0.012,0.177,0.077,"2026-07-02T00:03:54.252Z"
"Row78_4",8366,35,0.701,0,0.877,0.077,"2026-07-02T00:03:54.252Z"
"Row78_5",8366,36,0.043,0,0.92,0.077,"2026-07-02T00:03:54.252Z"
"Row78_6",8366,39,0.015,0,0.935,0.077,"2026-07-02T00:03:54.252Z"
"Row78_7",8366,42,0,0.613,0.935,0.69,"2026-07-02T00:03:54.252Z"
"Row78_8",8366,45,0.407,0,1.342,0.69,"2026-07-02T00:03:54.252Z"
"Row78_9",8366,51,0.202,0,1.543,0.69,"2026-07-02T00:03:54.252Z"
"Row78_10",8366,54,0.013,0,1.557,0.69,"2026-07-02T00:03:54.252Z"
"Row78_11",8366,62,0,0.014,1.557,0.704,"2026-07-02T00:03:54.252Z"
"Row78_12",8366,63,0,0.025,1.557,0.729,"2026-07-02T00:03:54.252Z"
"Row78_13",8366,75,0.206,0,1.763,0.729,"2026-07-02T00:03:54.252Z"
"Row78_14",8366,79,0.037,0,1.801,0.729,"2026-07-02T00:03:54.252Z"
"Row78_15",8366,85,0.028,0.028,1.829,0.757,"2026-07-02T00:03:54.252Z"
"Row78_16",8366,86,0.201,0,2.03,0.757,"2026-07-02T00:03:54.252Z"
"Row78_17",8366,90,0.011,0.059,2.042,0.816,"2026-07-02T00:03:54.252Z"
"Row79_1",8367,9,0.054,0,0.054,0,"2026-07-02T04:03:53.737Z"
"Row79_2",8367,13,0,1.318,0.054,1.318,"2026-07-02T04:03:53.737Z"
"Row79_3",8367,17,0,0.046,0.054,1.365,"2026-07-02T04:03:53.737Z"
"Row79_4",8367,18,0.04,0,0.094,1.365,"2026-07-02T04:03:53.737Z"
"Row79_5",8367,25,0,0.927,0.094,2.292,"2026-07-02T04:03:53.737Z"
"Row79_6",8367,37,0,0.042,0.094,2.334,"2026-07-02T04:03:53.737Z"
"Row79_7",8367,45,0.079,0.04,0.173,2.374,"2026-07-02T04:03:53.737Z"
"Row79_8",8367,46,0,0.129,0.173,2.502,"2026-07-02T04:03:53.737Z"
"Row79_9",8367,51,0,0.683,0.173,3.185,"2026-07-02T04:03:53.737Z"
"Row79_10",8367,57,0.066,0,0.239,3.185,"2026-07-02T04:03:53.737Z"
"Row79_11",8367,60,0.074,0,0.313,3.185,"2026-07-02T04:03:53.737Z"
"Row79_12",8367,62,0.098,0,0.411,3.185,"2026-07-02T04:03:53.737Z"
"Row79_13",8367,77,0.021,0,0.432,3.185,"2026-07-02T04:03:53.737Z"
"Row79_14",8367,78,0.04,0,0.472,3.185,"2026-07-02T04:03:53.737Z"
"Row79_15",8367,83,0.064,0,0.536,3.185,"2026-07-02T04:03:53.737Z"
"Row79_16",8367,84,0.03,0,0.566,3.185,"2026-07-02T04:03:53.737Z"
"Row79_17",8367,86,0.159,0,0.725,3.185,"2026-07-02T04:03:53.737Z"
"Row79_18",8367,88,0,0.059,0.725,3.244,"2026-07-02T04:03:53.737Z"
"Row79_19",8367,89,0.142,0,0.867,3.244,"2026-07-02T04:03:53.737Z"
"Row79_20",8367,90,0.015,0.028,0.882,3.272,"2026-07-02T04:03:53.737Z"
"Row79_21",8367,104,0.075,0,0.957,3.272,"2026-07-02T04:03:53.737Z"
"Row79_22",8367,107,0.051,0,1.009,3.272,"2026-07-02T04:03:53.737Z"
"Row79_23",8367,109,0,0.362,1.009,3.634,"2026-07-02T04:03:53.737Z"
"Row79_24",8367,113,0,0.031,1.009,3.664,"2026-07-02T04:03:53.737Z"
"Row79_25",8367,120,0.788,0.337,1.797,4.001,"2026-07-02T04:03:53.737Z"
"Row80_1",8368,4,0.087,0,0.087,0,"2026-07-02T08:03:52.435Z"
"Row80_2",8368,10,0,0.044,0.087,0.044,"2026-07-02T08:03:52.435Z"
"Row80_3",8368,15,0.167,0,0.254,0.044,"2026-07-02T08:03:52.435Z"
"Row80_4",8368,42,0.065,0,0.319,0.044,"2026-07-02T08:03:52.435Z"
"Row80_5",8368,45,0.406,0,0.725,0.044,"2026-07-02T08:03:52.435Z"
"Row80_6",8368,56,0,0.015,0.725,0.059,"2026-07-02T08:03:52.435Z"
"Row80_7",8368,66,0,0.043,0.725,0.102,"2026-07-02T08:03:52.435Z"
"Row80_8",8368,68,0,0.026,0.725,0.128,"2026-07-02T08:03:52.435Z"
"Row80_9",8368,74,0,0.011,0.725,0.139,"2026-07-02T08:03:52.435Z"
"Row80_10",8368,77,0,0.028,0.725,0.167,"2026-07-02T08:03:52.435Z"
"Row80_11",8368,79,0.076,0,0.801,0.167,"2026-07-02T08:03:52.435Z"
"Row80_12",8368,82,0.075,0,0.876,0.167,"2026-07-02T08:03:52.435Z"
"Row80_13",8368,90,0.04,0.081,0.917,0.248,"2026-07-02T08:03:52.435Z"
"Row81_1",8369,2,0.052,0,0.052,0,"2026-07-03T03:03:53.027Z"
"Row81_2",8369,8,0.26,0,0.312,0,"2026-07-03T03:03:53.027Z"
"Row81_3",8369,32,0.012,0,0.324,0,"2026-07-03T03:03:53.027Z"
"Row81_4",8369,33,0.082,0,0.406,0,"2026-07-03T03:03:53.027Z"
"Row81_5",8369,35,0,0.022,0.406,0.022,"2026-07-03T03:03:53.027Z"
"Row81_6",8369,36,0.24,0,0.646,0.022,"2026-07-03T03:03:53.027Z"
"Row81_7",8369,38,0.038,0,0.683,0.022,"2026-07-03T03:03:53.027Z"
"Row81_8",8369,39,0.14,0,0.823,0.022,"2026-07-03T03:03:53.027Z"
"Row81_9",8369,42,0.007,0,0.83,0.022,"2026-07-03T03:03:53.027Z"
"Row81_10",8369,45,0.505,0.066,1.336,0.088,"2026-07-03T03:03:53.027Z"
"Row81_11",8369,49,0.058,0,1.394,0.088,"2026-07-03T03:03:53.027Z"
"Row81_12",8369,52,0.061,0,1.455,0.088,"2026-07-03T03:03:53.027Z"
"Row81_13",8369,54,0.02,0,1.475,0.088,"2026-07-03T03:03:53.027Z"
"Row81_14",8369,58,0.024,0,1.499,0.088,"2026-07-03T03:03:53.027Z"
"Row81_15",8369,59,0.036,0,1.536,0.088,"2026-07-03T03:03:53.027Z"
"Row81_16",8369,61,0,0.119,1.536,0.208,"2026-07-03T03:03:53.027Z"
"Row81_17",8369,62,0.061,0,1.596,0.208,"2026-07-03T03:03:53.027Z"
"Row81_18",8369,66,0.392,0,1.988,0.208,"2026-07-03T03:03:53.027Z"
"Row81_19",8369,78,0.021,0,2.01,0.208,"2026-07-03T03:03:53.027Z"
"Row81_20",8369,79,0,0.059,2.01,0.267,"2026-07-03T03:03:53.027Z"
"Row81_21",8369,82,0,0.055,2.01,0.322,"2026-07-03T03:03:53.027Z"
"Row81_22",8369,85,0.205,0,2.215,0.322,"2026-07-03T03:03:53.027Z"
"Row81_23",8369,89,0.585,0,2.799,0.322,"2026-07-03T03:03:53.027Z"
"Row81_24",8369,90,0.036,0,2.836,0.322,"2026-07-03T03:03:53.027Z"
"Row82_1",8370,3,0,0.125,0,0.125,"2026-07-03T07:03:53.121Z"
"Row82_2",8370,4,0.645,0,0.645,0.125,"2026-07-03T07:03:53.121Z"
"Row82_3",8370,7,0.038,0,0.683,0.125,"2026-07-03T07:03:53.121Z"
"Row82_4",8370,10,0,0.04,0.683,0.165,"2026-07-03T07:03:53.121Z"
"Row82_5",8370,13,0.034,0,0.717,0.165,"2026-07-03T07:03:53.121Z"
"Row82_6",8370,16,0.143,0,0.86,0.165,"2026-07-03T07:03:53.121Z"
"Row82_7",8370,24,0.135,0,0.995,0.165,"2026-07-03T07:03:53.121Z"
"Row82_8",8370,28,0,0.045,0.995,0.21,"2026-07-03T07:03:53.121Z"
"Row82_9",8370,34,0.023,0,1.018,0.21,"2026-07-03T07:03:53.121Z"
"Row82_10",8370,45,0.048,0,1.066,0.21,"2026-07-03T07:03:53.121Z"
"Row82_11",8370,48,0,0.14,1.066,0.35,"2026-07-03T07:03:53.121Z"
"Row82_12",8370,49,0,0.016,1.066,0.366,"2026-07-03T07:03:53.121Z"
"Row82_13",8370,53,0,0.214,1.066,0.581,"2026-07-03T07:03:53.121Z"
"Row82_14",8370,58,0.064,0,1.129,0.581,"2026-07-03T07:03:53.121Z"
"Row82_15",8370,59,0,0.084,1.129,0.665,"2026-07-03T07:03:53.121Z"
"Row82_16",8370,68,0.788,0,1.917,0.665,"2026-07-03T07:03:53.121Z"
"Row82_17",8370,75,0,0.114,1.917,0.778,"2026-07-03T07:03:53.121Z"
"Row82_18",8370,76,0,0.068,1.917,0.847,"2026-07-03T07:03:53.121Z"
"Row82_19",8370,77,0,0.23,1.917,1.076,"2026-07-03T07:03:53.121Z"
"Row82_20",8370,87,0.188,0,2.106,1.076,"2026-07-03T07:03:53.121Z"
"Row82_21",8370,89,0,0.157,2.106,1.233,"2026-07-03T07:03:53.121Z"
"Row82_22",8370,90,0.172,0.106,2.278,1.339,"2026-07-03T07:03:53.121Z"
"Row83_1",8371,6,0,0.331,0,0.331,"2026-07-03T11:03:53.235Z"
"Row83_2",8371,10,0.972,0,0.972,0.331,"2026-07-03T11:03:53.235Z"
"Row83_3",8371,14,0,0.026,0.972,0.357,"2026-07-03T11:03:53.235Z"
"Row83_4",8371,15,0.205,0,1.177,0.357,"2026-07-03T11:03:53.235Z"
"Row83_5",8371,18,0,0.027,1.177,0.384,"2026-07-03T11:03:53.235Z"
"Row83_6",8371,25,0.016,0,1.193,0.384,"2026-07-03T11:03:53.235Z"
"Row83_7",8371,37,0.089,0,1.282,0.384,"2026-07-03T11:03:53.235Z"
"Row83_8",8371,43,0,0.042,1.282,0.426,"2026-07-03T11:03:53.235Z"
"Row83_9",8371,45,0,0.099,1.282,0.525,"2026-07-03T11:03:53.235Z"
"Row83_10",8371,46,0.146,0,1.427,0.525,"2026-07-03T11:03:53.235Z"
"Row83_11",8371,50,0,0.166,1.427,0.691,"2026-07-03T11:03:53.235Z"
"Row83_12",8371,65,0.167,0,1.594,0.691,"2026-07-03T11:03:53.235Z"
"Row83_13",8371,75,0.11,0,1.704,0.691,"2026-07-03T11:03:53.235Z"
"Row83_14",8371,77,0,0.019,1.704,0.711,"2026-07-03T11:03:53.235Z"
"Row83_15",8371,80,0.026,0,1.73,0.711,"2026-07-03T11:03:53.235Z"
"Row83_16",8371,81,0.668,0,2.398,0.711,"2026-07-03T11:03:53.235Z"
"Row83_17",8371,90,0.159,0.025,2.557,0.735,"2026-07-03T11:03:53.235Z"
"Row84_1",8372,5,0.02,0,0.02,0,"2026-07-04T02:03:58.852Z"
"Row84_2",8372,13,0,0.284,0.02,0.284,"2026-07-04T02:03:58.852Z"
"Row84_3",8372,15,0.191,0,0.211,0.284,"2026-07-04T02:03:58.852Z"
"Row84_4",8372,16,0,0.109,0.211,0.393,"2026-07-04T02:03:58.852Z"
"Row84_5",8372,35,0.047,0,0.257,0.393,"2026-07-04T02:03:58.852Z"
"Row84_6",8372,45,0.147,0,0.404,0.393,"2026-07-04T02:03:58.852Z"
"Row84_7",8372,46,0,0.409,0.404,0.802,"2026-07-04T02:03:58.852Z"
"Row84_8",8372,61,0.025,0,0.43,0.802,"2026-07-04T02:03:58.852Z"
"Row84_9",8372,73,0,0.039,0.43,0.841,"2026-07-04T02:03:58.852Z"
"Row84_10",8372,78,0.03,0,0.459,0.841,"2026-07-04T02:03:58.852Z"
"Row84_11",8372,81,0.025,0,0.484,0.841,"2026-07-04T02:03:58.852Z"
"Row84_12",8372,86,0.027,0.018,0.511,0.859,"2026-07-04T02:03:58.852Z"
"Row84_13",8372,88,0.084,0,0.595,0.859,"2026-07-04T02:03:58.852Z"
"Row84_14",8372,90,0,0.291,0.595,1.15,"2026-07-04T02:03:58.852Z"
"Row84_15",8372,93,0,0.099,0.595,1.249,"2026-07-04T02:03:58.852Z"
"Row84_16",8372,103,0,0.018,0.595,1.267,"2026-07-04T02:03:58.852Z"
"Row84_17",8372,106,0.055,0,0.649,1.267,"2026-07-04T02:03:58.852Z"
"Row84_18",8372,109,0,0.019,0.649,1.286,"2026-07-04T02:03:58.852Z"
"Row84_19",8372,112,0,0.072,0.649,1.358,"2026-07-04T02:03:58.852Z"
"Row84_20",8372,118,0.044,0,0.693,1.358,"2026-07-04T02:03:58.852Z"
"Row84_21",8372,120,0.174,0,0.868,1.358,"2026-07-04T02:03:58.852Z"
"Row84_22",8372,122,0.788,0,1.656,1.358,"2026-07-04T02:03:58.852Z"
"Row84_23",8372,123,0,0.788,1.656,2.146,"2026-07-04T02:03:58.852Z"
"Row84_24",8372,124,0.788,0,2.444,2.146,"2026-07-04T02:03:58.852Z"
"Row84_25",8372,125,0,0.788,2.444,2.935,"2026-07-04T02:03:58.852Z"
"Row84_26",8372,126,0.788,0,3.233,2.935,"2026-07-04T02:03:58.852Z"
"Row84_27",8372,127,0,0.788,3.233,3.723,"2026-07-04T02:03:58.852Z"
"Row84_28",8372,128,0.788,0,4.021,3.723,"2026-07-04T02:03:58.852Z"
"Row84_29",8372,129,0,0.788,4.021,4.512,"2026-07-04T02:03:58.852Z"
"Row85_1",8373,7,0,0.036,0,0.036,"2026-07-04T06:03:53.655Z"
"Row85_2",8373,15,0.07,0,0.07,0.036,"2026-07-04T06:03:53.655Z"
"Row85_3",8373,18,0.039,0,0.108,0.036,"2026-07-04T06:03:53.655Z"
"Row85_4",8373,29,0.24,0,0.348,0.036,"2026-07-04T06:03:53.655Z"
"Row85_5",8373,45,0.061,0,0.41,0.036,"2026-07-04T06:03:53.655Z"
"Row85_6",8373,49,0,0.018,0.41,0.055,"2026-07-04T06:03:53.655Z"
"Row85_7",8373,50,0,0.014,0.41,0.069,"2026-07-04T06:03:53.655Z"
"Row85_8",8373,54,0,0.034,0.41,0.102,"2026-07-04T06:03:53.655Z"
"Row85_9",8373,59,0,0.045,0.41,0.147,"2026-07-04T06:03:53.655Z"
"Row85_10",8373,63,0.485,0,0.895,0.147,"2026-07-04T06:03:53.655Z"
"Row85_11",8373,67,0.025,0,0.92,0.147,"2026-07-04T06:03:53.655Z"
"Row85_12",8373,69,0.04,0,0.96,0.147,"2026-07-04T06:03:53.655Z"
"Row85_13",8373,73,0.235,0,1.195,0.147,"2026-07-04T06:03:53.655Z"
"Row85_14",8373,78,0,0.028,1.195,0.175,"2026-07-04T06:03:53.655Z"
"Row85_15",8373,84,0.123,0,1.318,0.175,"2026-07-04T06:03:53.655Z"
"Row85_16",8373,87,0.015,0,1.334,0.175,"2026-07-04T06:03:53.655Z"
"Row85_17",8373,89,0.112,0,1.446,0.175,"2026-07-04T06:03:53.655Z"
"Row85_18",8373,90,0.233,0,1.679,0.175,"2026-07-04T06:03:53.655Z"
"Row85_19",8373,92,0.047,0,1.726,0.175,"2026-07-04T06:03:53.655Z"
"Row85_20",8373,97,0,0.051,1.726,0.226,"2026-07-04T06:03:53.655Z"
"Row85_21",8373,98,0.147,0,1.873,0.226,"2026-07-04T06:03:53.655Z"
"Row85_22",8373,99,0.03,0,1.903,0.226,"2026-07-04T06:03:53.655Z"
"Row85_23",8373,103,0,0.032,1.903,0.258,"2026-07-04T06:03:53.655Z"
"Row85_24",8373,105,0.156,0,2.059,0.258,"2026-07-04T06:03:53.655Z"
"Row85_25",8373,108,0,0.016,2.059,0.274,"2026-07-04T06:03:53.655Z"
"Row85_26",8373,111,0.119,0,2.179,0.274,"2026-07-04T06:03:53.655Z"
"Row85_27",8373,114,0,0.021,2.179,0.295,"2026-07-04T06:03:53.655Z"
"Row85_28",8373,116,0,0.043,2.179,0.339,"2026-07-04T06:03:53.655Z"
"Row85_29",8373,119,0,0.02,2.179,0.359,"2026-07-04T06:03:53.655Z"
"Row85_30",8373,120,0,0.095,2.179,0.454,"2026-07-04T06:03:53.655Z"
"Row86_1",8374,1,0,0.019,0,0.019,"2026-07-04T09:33:53.650Z"
"Row86_2",8374,14,0.46,0,0.46,0.019,"2026-07-04T09:33:53.650Z"
"Row86_3",8374,20,0.038,0,0.498,0.019,"2026-07-04T09:33:53.650Z"
"Row86_4",8374,34,0,0.022,0.498,0.04,"2026-07-04T09:33:53.650Z"
"Row86_5",8374,37,0,0.038,0.498,0.078,"2026-07-04T09:33:53.650Z"
"Row86_6",8374,39,0.125,0,0.623,0.078,"2026-07-04T09:33:53.650Z"
"Row86_7",8374,40,0,0.028,0.623,0.106,"2026-07-04T09:33:53.650Z"
"Row86_8",8374,42,0.03,0,0.653,0.106,"2026-07-04T09:33:53.650Z"
"Row86_9",8374,44,0,0.062,0.653,0.169,"2026-07-04T09:33:53.650Z"
"Row86_10",8374,45,0.214,0,0.868,0.169,"2026-07-04T09:33:53.650Z"
"Row86_11",8374,48,0.015,0,0.883,0.169,"2026-07-04T09:33:53.650Z"
"Row86_12",8374,55,0.03,0,0.913,0.169,"2026-07-04T09:33:53.650Z"
"Row86_13",8374,56,0.022,0,0.935,0.169,"2026-07-04T09:33:53.650Z"
"Row86_14",8374,58,0.295,0,1.23,0.169,"2026-07-04T09:33:53.650Z"
"Row86_15",8374,69,0,0.096,1.23,0.265,"2026-07-04T09:33:53.650Z"
"Row86_16",8374,77,0.035,0,1.265,0.265,"2026-07-04T09:33:53.650Z"
"Row86_17",8374,80,0.052,0,1.316,0.265,"2026-07-04T09:33:53.650Z"
"Row86_18",8374,81,0.31,0,1.626,0.265,"2026-07-04T09:33:53.650Z"
"Row86_19",8374,84,0.034,0,1.66,0.265,"2026-07-04T09:33:53.650Z"
"Row86_20",8374,87,0.02,0,1.68,0.265,"2026-07-04T09:33:53.650Z"
"Row86_21",8374,90,0.501,0,2.181,0.265,"2026-07-04T09:33:53.650Z"
"Row87_1",8375,5,0.021,0,0.021,0,"2026-07-05T01:03:54.140Z"
"Row87_2",8375,10,0.281,0,0.302,0,"2026-07-05T01:03:54.140Z"
"Row87_3",8375,11,0.067,0,0.369,0,"2026-07-05T01:03:54.140Z"
"Row87_4",8375,18,0.053,0,0.422,0,"2026-07-05T01:03:54.140Z"
"Row87_5",8375,29,0,0.019,0.422,0.019,"2026-07-05T01:03:54.140Z"
"Row87_6",8375,49,0.141,0,0.563,0.019,"2026-07-05T01:03:54.140Z"
"Row87_7",8375,50,0,0.07,0.563,0.09,"2026-07-05T01:03:54.140Z"
"Row87_8",8375,78,0.175,0,0.738,0.09,"2026-07-05T01:03:54.140Z"
"Row87_9",8375,79,0.02,0,0.758,0.09,"2026-07-05T01:03:54.140Z"
"Row87_10",8375,82,0,0.16,0.758,0.249,"2026-07-05T01:03:54.140Z"
"Row87_11",8375,84,0.031,0,0.789,0.249,"2026-07-05T01:03:54.140Z"
"Row87_12",8375,85,0,0.085,0.789,0.334,"2026-07-05T01:03:54.140Z"
"Row87_13",8375,90,0.073,0.435,0.862,0.769,"2026-07-05T01:03:54.140Z"
"Row88_1",8376,22,0,0.028,0,0.028,"2026-07-05T05:03:54.213Z"
"Row88_2",8376,28,0.054,0,0.054,0.028,"2026-07-05T05:03:54.213Z"
"Row88_3",8376,33,0,0.024,0.054,0.052,"2026-07-05T05:03:54.213Z"
"Row88_4",8376,38,0,0.025,0.054,0.077,"2026-07-05T05:03:54.213Z"
"Row88_5",8376,43,0,0.03,0.054,0.107,"2026-07-05T05:03:54.213Z"
"Row88_6",8376,45,0,0.042,0.054,0.149,"2026-07-05T05:03:54.213Z"
"Row88_7",8376,49,0,0.024,0.054,0.172,"2026-07-05T05:03:54.213Z"
"Row88_8",8376,50,0.018,0,0.072,0.172,"2026-07-05T05:03:54.213Z"
"Row88_9",8376,52,0,0.027,0.072,0.199,"2026-07-05T05:03:54.213Z"
"Row88_10",8376,54,0,0.019,0.072,0.218,"2026-07-05T05:03:54.213Z"
"Row88_11",8376,60,0,0.025,0.072,0.243,"2026-07-05T05:03:54.213Z"
"Row88_12",8376,64,0,0.021,0.072,0.264,"2026-07-05T05:03:54.213Z"
"Row88_13",8376,70,0,0.788,0.072,1.052,"2026-07-05T05:03:54.213Z"
"Row88_14",8376,87,0.032,0,0.104,1.052,"2026-07-05T05:03:54.213Z"
"Row88_15",8376,89,0,0.053,0.104,1.105,"2026-07-05T05:03:54.213Z"
"Row88_16",8376,90,0.047,0.274,0.151,1.379,"2026-07-05T05:03:54.213Z"
"Row89_1",8377,14,0.788,0,0.788,0,"2026-07-06T04:00:06.953Z"
"Row89_2",8377,16,0.018,0,0.807,0,"2026-07-06T04:00:06.953Z"
"Row89_3",8377,31,0.071,0,0.878,0,"2026-07-06T04:00:06.953Z"
"Row89_4",8377,35,0.04,0.027,0.918,0.027,"2026-07-06T04:00:06.953Z"
"Row89_5",8377,37,0,0.093,0.918,0.12,"2026-07-06T04:00:06.953Z"
"Row89_6",8377,40,0.151,0,1.07,0.12,"2026-07-06T04:00:06.953Z"
"Row89_7",8377,43,0,0.05,1.07,0.169,"2026-07-06T04:00:06.953Z"
"Row89_8",8377,45,0.06,0.272,1.13,0.442,"2026-07-06T04:00:06.953Z"
"Row89_9",8377,49,0,0.023,1.13,0.465,"2026-07-06T04:00:06.953Z"
"Row89_10",8377,59,0.669,0,1.798,0.465,"2026-07-06T04:00:06.953Z"
"Row89_11",8377,61,0.028,0,1.826,0.465,"2026-07-06T04:00:06.953Z"
"Row89_12",8377,62,0.073,0,1.899,0.465,"2026-07-06T04:00:06.953Z"
"Row89_13",8377,67,0,0.187,1.899,0.652,"2026-07-06T04:00:06.953Z"
"Row89_14",8377,75,0,0.075,1.899,0.726,"2026-07-06T04:00:06.953Z"
"Row89_15",8377,79,0,0.077,1.899,0.803,"2026-07-06T04:00:06.953Z"
"Row89_16",8377,84,0.014,0,1.913,0.803,"2026-07-06T04:00:06.953Z"
"Row89_17",8377,90,0.819,0.037,2.732,0.84,"2026-07-06T04:00:06.953Z"
"Row90_1",8378,3,0.018,0,0.018,0,"2026-07-06T09:04:32.303Z"
"Row90_2",8378,15,0.046,0,0.065,0,"2026-07-06T09:04:32.303Z"
"Row90_3",8378,19,0.043,0,0.108,0,"2026-07-06T09:04:32.303Z"
"Row90_4",8378,26,0,0.038,0.108,0.038,"2026-07-06T09:04:32.303Z"
"Row90_5",8378,32,0.028,0,0.136,0.038,"2026-07-06T09:04:32.303Z"
"Row90_6",8378,36,0,0.345,0.136,0.384,"2026-07-06T09:04:32.303Z"
"Row90_7",8378,38,0,0.308,0.136,0.692,"2026-07-06T09:04:32.303Z"
"Row90_8",8378,42,0.189,0,0.324,0.692,"2026-07-06T09:04:32.303Z"
"Row90_9",8378,45,0.127,0,0.452,0.692,"2026-07-06T09:04:32.303Z"
"Row90_10",8378,48,0.016,0,0.468,0.692,"2026-07-06T09:04:32.303Z"
"Row90_11",8378,49,0,0.054,0.468,0.747,"2026-07-06T09:04:32.303Z"
"Row90_12",8378,57,0.012,0,0.479,0.747,"2026-07-06T09:04:32.303Z"
"Row90_13",8378,60,0,0.788,0.479,1.535,"2026-07-06T09:04:32.303Z"
"Row90_14",8378,69,0.788,0,1.268,1.535,"2026-07-06T09:04:32.303Z"
"Row90_15",8378,78,0.033,0,1.3,1.535,"2026-07-06T09:04:32.303Z"
"Row90_16",8378,80,0.2,0,1.5,1.535,"2026-07-06T09:04:32.303Z"
"Row90_17",8378,82,0.126,0,1.625,1.535,"2026-07-06T09:04:32.303Z"
"Row90_18",8378,89,0.019,0,1.644,1.535,"2026-07-06T09:04:32.303Z"
"Row90_19",8378,90,0.324,0.016,1.968,1.551,"2026-07-06T09:04:32.303Z"
"Row91_1",8379,3,0,0.045,0,0.045,"2026-07-07T03:04:32.930Z"
"Row91_2",8379,7,0.032,0,0.032,0.045,"2026-07-07T03:04:32.930Z"
"Row91_3",8379,8,0,0.614,0.032,0.659,"2026-07-07T03:04:32.930Z"
"Row91_4",8379,10,0.01,0,0.042,0.659,"2026-07-07T03:04:32.930Z"
"Row91_5",8379,12,0.023,0,0.065,0.659,"2026-07-07T03:04:32.930Z"
"Row91_6",8379,14,0,0.022,0.065,0.682,"2026-07-07T03:04:32.930Z"
"Row91_7",8379,16,0,0.125,0.065,0.806,"2026-07-07T03:04:32.930Z"
"Row91_8",8379,23,0,0.011,0.065,0.817,"2026-07-07T03:04:32.930Z"
"Row91_9",8379,31,0,0.147,0.065,0.964,"2026-07-07T03:04:32.930Z"
"Row91_10",8379,37,0.167,0,0.231,0.964,"2026-07-07T03:04:32.930Z"
"Row91_11",8379,41,0.03,0,0.261,0.964,"2026-07-07T03:04:32.930Z"
"Row91_12",8379,45,0,0.022,0.261,0.986,"2026-07-07T03:04:32.930Z"
"Row91_13",8379,59,0.088,0,0.349,0.986,"2026-07-07T03:04:32.930Z"
"Row91_14",8379,61,0,0.037,0.349,1.023,"2026-07-07T03:04:32.930Z"
"Row91_15",8379,62,0,0.022,0.349,1.045,"2026-07-07T03:04:32.930Z"
"Row91_16",8379,65,0,0.083,0.349,1.129,"2026-07-07T03:04:32.930Z"
"Row91_17",8379,73,0,0.042,0.349,1.171,"2026-07-07T03:04:32.930Z"
"Row91_18",8379,76,0.053,0,0.402,1.171,"2026-07-07T03:04:32.930Z"
"Row91_19",8379,77,0,0.015,0.402,1.186,"2026-07-07T03:04:32.930Z"
"Row91_20",8379,78,0,0.041,0.402,1.228,"2026-07-07T03:04:32.930Z"
"Row91_21",8379,90,0.174,0.55,0.575,1.778,"2026-07-07T03:04:32.930Z"
"Row92_1",8380,1,0,0.138,0,0.138,"2026-07-07T08:04:33.038Z"
"Row92_2",8380,2,0,0.024,0,0.162,"2026-07-07T08:04:33.038Z"
"Row92_3",8380,8,0,0.277,0,0.439,"2026-07-07T08:04:33.038Z"
"Row92_4",8380,9,0,0.882,0,1.321,"2026-07-07T08:04:33.038Z"
"Row92_5",8380,14,0,0.027,0,1.348,"2026-07-07T08:04:33.038Z"
"Row92_6",8380,31,0.103,0,0.103,1.348,"2026-07-07T08:04:33.038Z"
"Row92_7",8380,33,0,0.317,0.103,1.665,"2026-07-07T08:04:33.038Z"
"Row92_8",8380,39,0,0.053,0.103,1.718,"2026-07-07T08:04:33.038Z"
"Row92_9",8380,43,0,0.159,0.103,1.877,"2026-07-07T08:04:33.038Z"
"Row92_10",8380,45,0.314,0.024,0.418,1.901,"2026-07-07T08:04:33.038Z"
"Row92_11",8380,57,0,0.084,0.418,1.984,"2026-07-07T08:04:33.038Z"
"Row92_12",8380,62,0,0.052,0.418,2.036,"2026-07-07T08:04:33.038Z"
"Row92_13",8380,66,0.02,0,0.438,2.036,"2026-07-07T08:04:33.038Z"
"Row92_14",8380,79,0.058,0,0.495,2.036,"2026-07-07T08:04:33.038Z"
"Row92_15",8380,82,0.08,0,0.575,2.036,"2026-07-07T08:04:33.038Z"
"Row92_16",8380,83,0.091,0,0.666,2.036,"2026-07-07T08:04:33.038Z"
"Row92_17",8380,86,0,0.063,0.666,2.099,"2026-07-07T08:04:33.038Z"
"Row92_18",8380,90,0,0.053,0.666,2.152,"2026-07-07T08:04:33.038Z"
"Row93_1",8381,15,0,0.195,0,0.195,"2026-07-08T00:04:33.125Z"
"Row93_2",8381,21,0.788,0,0.788,0.195,"2026-07-08T00:04:33.125Z"
"Row93_3",8381,28,0.227,0,1.015,0.195,"2026-07-08T00:04:33.125Z"
"Row93_4",8381,29,0.082,0,1.097,0.195,"2026-07-08T00:04:33.125Z"
"Row93_5",8381,31,0.036,0,1.134,0.195,"2026-07-08T00:04:33.125Z"
"Row93_6",8381,35,0,0.016,1.134,0.211,"2026-07-08T00:04:33.125Z"
"Row93_7",8381,38,0.046,0,1.179,0.211,"2026-07-08T00:04:33.125Z"
"Row93_8",8381,39,0.288,0,1.467,0.211,"2026-07-08T00:04:33.125Z"
"Row93_9",8381,43,0.046,0,1.514,0.211,"2026-07-08T00:04:33.125Z"
"Row93_10",8381,47,0.038,0,1.552,0.211,"2026-07-08T00:04:33.125Z"
"Row93_11",8381,53,0.011,0,1.562,0.211,"2026-07-08T00:04:33.125Z"
"Row93_12",8381,58,0.011,0,1.573,0.211,"2026-07-08T00:04:33.125Z"
"Row93_13",8381,61,0.103,0,1.676,0.211,"2026-07-08T00:04:33.125Z"
"Row93_14",8381,67,0,0.644,1.676,0.855,"2026-07-08T00:04:33.125Z"
"Row93_15",8381,70,0.019,0,1.695,0.855,"2026-07-08T00:04:33.125Z"
"Row93_16",8381,74,0.139,0,1.834,0.855,"2026-07-08T00:04:33.125Z"
"Row93_17",8381,75,0.172,0,2.006,0.855,"2026-07-08T00:04:33.125Z"
"Row93_18",8381,77,0,0.034,2.006,0.888,"2026-07-08T00:04:33.125Z"
"Row93_19",8381,78,0.07,0,2.076,0.888,"2026-07-08T00:04:33.125Z"
"Row93_20",8381,79,0.35,0,2.426,0.888,"2026-07-08T00:04:33.125Z"
"Row93_21",8381,82,0.138,0,2.564,0.888,"2026-07-08T00:04:33.125Z"
"Row93_22",8381,83,0.064,0,2.628,0.888,"2026-07-08T00:04:33.125Z"
"Row93_23",8381,90,0.267,0.086,2.895,0.974,"2026-07-08T00:04:33.125Z"
"Row94_1",8382,2,0,0.04,0,0.04,"2026-07-08T04:04:34.061Z"
"Row94_2",8382,21,0,0.061,0,0.101,"2026-07-08T04:04:34.061Z"
"Row94_3",8382,30,0.044,0,0.044,0.101,"2026-07-08T04:04:34.061Z"
"Row94_4",8382,32,0.018,0,0.062,0.101,"2026-07-08T04:04:34.061Z"
"Row94_5",8382,33,0,0.06,0.062,0.161,"2026-07-08T04:04:34.061Z"
"Row94_6",8382,39,0,0.086,0.062,0.247,"2026-07-08T04:04:34.061Z"
"Row94_7",8382,47,0.144,0,0.206,0.247,"2026-07-08T04:04:34.061Z"
"Row94_8",8382,53,0.063,0,0.269,0.247,"2026-07-08T04:04:34.061Z"
"Row94_9",8382,60,0,0.078,0.269,0.325,"2026-07-08T04:04:34.061Z"
"Row94_10",8382,61,0.019,0,0.288,0.325,"2026-07-08T04:04:34.061Z"
"Row94_11",8382,63,0,0.073,0.288,0.398,"2026-07-08T04:04:34.061Z"
"Row94_12",8382,90,0.013,0,0.301,0.398,"2026-07-08T04:04:34.061Z"
"Row94_13",8382,93,0,0.051,0.301,0.45,"2026-07-08T04:04:34.061Z"
"Row94_14",8382,99,0,0.108,0.301,0.557,"2026-07-08T04:04:34.061Z"
"Row94_15",8382,100,0,0.018,0.301,0.576,"2026-07-08T04:04:34.061Z"
"Row94_16",8382,101,0,0.015,0.301,0.591,"2026-07-08T04:04:34.061Z"
"Row94_17",8382,105,0,0.086,0.301,0.677,"2026-07-08T04:04:34.061Z"
"Row94_18",8382,112,0,0.02,0.301,0.697,"2026-07-08T04:04:34.061Z"
"Row94_19",8382,114,0.051,0,0.351,0.697,"2026-07-08T04:04:34.061Z"
"Row94_20",8382,115,0,0.303,0.351,1,"2026-07-08T04:04:34.061Z"
"Row94_21",8382,117,0,0.03,0.351,1.03,"2026-07-08T04:04:34.061Z"
"Row94_22",8382,122,0,0.788,0.351,1.818,"2026-07-08T04:04:34.061Z"
"Row94_23",8382,123,0.788,0,1.14,1.818,"2026-07-08T04:04:34.061Z"
"Row94_24",8382,124,0,0.788,1.14,2.607,"2026-07-08T04:04:34.061Z"
"Row94_25",8382,125,0.788,0,1.928,2.607,"2026-07-08T04:04:34.061Z"
"Row94_26",8382,126,0,0.788,1.928,3.395,"2026-07-08T04:04:34.061Z"
"Row94_27",8382,127,0.788,0,2.716,3.395,"2026-07-08T04:04:34.061Z"
"Row94_28",8382,128,0,0.788,2.716,4.184,"2026-07-08T04:04:34.061Z"
"Row94_29",8382,129,0.788,0,3.505,4.184,"2026-07-08T04:04:34.061Z"
"Row94_30",8382,130,0,0.788,3.505,4.972,"2026-07-08T04:04:34.061Z"
"Row94_31",8382,131,0.788,0,4.293,4.972,"2026-07-08T04:04:34.061Z"
"Row95_1",8383,4,0.459,0,0.459,0,"2026-07-10T04:01:20.668Z"
"Row95_2",8383,10,0.026,0,0.485,0,"2026-07-10T04:01:20.668Z"
"Row95_3",8383,18,0.055,0,0.539,0,"2026-07-10T04:01:20.668Z"
"Row95_4",8383,20,0.019,0,0.559,0,"2026-07-10T04:01:20.668Z"
"Row95_5",8383,21,0.051,0,0.61,0,"2026-07-10T04:01:20.668Z"
"Row95_6",8383,28,0.788,0,1.398,0,"2026-07-10T04:01:20.668Z"
"Row95_7",8383,33,0.035,0,1.434,0,"2026-07-10T04:01:20.668Z"
"Row95_8",8383,35,0.276,0,1.71,0,"2026-07-10T04:01:20.668Z"
"Row95_9",8383,36,0.051,0,1.761,0,"2026-07-10T04:01:20.668Z"
"Row95_10",8383,45,0.108,0.044,1.869,0.044,"2026-07-10T04:01:20.668Z"
"Row95_11",8383,48,0,0.035,1.869,0.079,"2026-07-10T04:01:20.668Z"
"Row95_12",8383,55,0.019,0,1.889,0.079,"2026-07-10T04:01:20.668Z"
"Row95_13",8383,56,0.45,0,2.338,0.079,"2026-07-10T04:01:20.668Z"
"Row95_14",8383,60,0.05,0,2.388,0.079,"2026-07-10T04:01:20.668Z"
"Row95_15",8383,66,0.116,0,2.504,0.079,"2026-07-10T04:01:20.668Z"
"Row95_16",8383,83,0,0.019,2.504,0.097,"2026-07-10T04:01:20.668Z"
"Row95_17",8383,84,0,0.029,2.504,0.127,"2026-07-10T04:01:20.668Z"
"Row95_18",8383,86,0.105,0,2.609,0.127,"2026-07-10T04:01:20.668Z"
"Row95_19",8383,88,0.267,0,2.876,0.127,"2026-07-10T04:01:20.668Z"
"Row95_20",8383,90,0.163,0.013,3.039,0.14,"2026-07-10T04:01:20.668Z"
"Row96_1",8287,4,0.035,0,0.035,0,"2026-07-10T19:01:59.875Z"
"Row96_2",8287,5,0.095,0,0.13,0,"2026-07-10T19:01:59.875Z"
"Row96_3",8287,9,0.19,0,0.32,0,"2026-07-10T19:01:59.875Z"
"Row96_4",8287,13,0.04,0,0.36,0,"2026-07-10T19:01:59.875Z"
"Row96_5",8287,19,0.029,0,0.389,0,"2026-07-10T19:01:59.875Z"
"Row96_6",8287,30,0.035,0,0.424,0,"2026-07-10T19:01:59.875Z"
"Row96_7",8287,37,0,0.043,0.424,0.043,"2026-07-10T19:01:59.875Z"
"Row96_8",8287,42,0.133,0,0.558,0.043,"2026-07-10T19:01:59.875Z"
"Row96_9",8287,45,0.104,0.014,0.662,0.056,"2026-07-10T19:01:59.875Z"
"Row96_10",8287,46,0.018,0,0.68,0.056,"2026-07-10T19:01:59.875Z"
"Row96_11",8287,48,0.016,0,0.696,0.056,"2026-07-10T19:01:59.875Z"
"Row96_12",8287,52,0.191,0,0.887,0.056,"2026-07-10T19:01:59.875Z"
"Row96_13",8287,56,0,0.016,0.887,0.072,"2026-07-10T19:01:59.875Z"
"Row96_14",8287,58,0.014,0,0.901,0.072,"2026-07-10T19:01:59.875Z"
"Row96_15",8287,67,0.512,0,1.413,0.072,"2026-07-10T19:01:59.875Z"
"Row97_1",8384,10,0.194,0,0.194,0,"2026-07-11T03:01:21.217Z"
"Row97_2",8384,13,0.104,0,0.298,0,"2026-07-11T03:01:21.217Z"
"Row97_3",8384,15,0,0.036,0.298,0.036,"2026-07-11T03:01:21.217Z"
"Row97_4",8384,21,0.035,0,0.332,0.036,"2026-07-11T03:01:21.217Z"
"Row97_5",8384,30,0.666,0,0.998,0.036,"2026-07-11T03:01:21.217Z"
"Row97_6",8384,35,0.082,0,1.08,0.036,"2026-07-11T03:01:21.217Z"
"Row97_7",8384,40,0.02,0,1.099,0.036,"2026-07-11T03:01:21.217Z"
"Row97_8",8384,41,0,0.139,1.099,0.175,"2026-07-11T03:01:21.217Z"
"Row97_9",8384,45,0.097,0,1.197,0.175,"2026-07-11T03:01:21.217Z"
"Row97_10",8384,52,0.115,0,1.312,0.175,"2026-07-11T03:01:21.217Z"
"Row97_11",8384,53,0.03,0,1.342,0.175,"2026-07-11T03:01:21.217Z"
"Row97_12",8384,55,0,0.079,1.342,0.254,"2026-07-11T03:01:21.217Z"
"Row97_13",8384,61,0.019,0,1.361,0.254,"2026-07-11T03:01:21.217Z"
"Row97_14",8384,62,0.069,0.086,1.431,0.34,"2026-07-11T03:01:21.217Z"
"Row97_15",8384,74,0.017,0,1.448,0.34,"2026-07-11T03:01:21.217Z"
"Row97_16",8384,84,0,0.028,1.448,0.368,"2026-07-11T03:01:21.217Z"
"Row97_17",8384,88,0.721,0,2.169,0.368,"2026-07-11T03:01:21.217Z"
"Row97_18",8384,90,0.028,0,2.196,0.368,"2026-07-11T03:01:21.217Z"
"Row98_1",8385,29,0,0.064,0,0.064,"2026-07-12T05:01:21.622Z"
"Row98_2",8385,35,0.083,0,0.083,0.064,"2026-07-12T05:01:21.622Z"
"Row98_3",8385,36,0.025,0,0.108,0.064,"2026-07-12T05:01:21.622Z"
"Row98_4",8385,39,0.018,0,0.126,0.064,"2026-07-12T05:01:21.622Z"
"Row98_5",8385,40,0.029,0,0.155,0.064,"2026-07-12T05:01:21.622Z"
"Row98_6",8385,44,0.189,0,0.344,0.064,"2026-07-12T05:01:21.622Z"
"Row98_7",8385,45,0,0.12,0.344,0.184,"2026-07-12T05:01:21.622Z"
"Row98_8",8385,48,0,0.031,0.344,0.215,"2026-07-12T05:01:21.622Z"
"Row98_9",8385,52,0,0.027,0.344,0.242,"2026-07-12T05:01:21.622Z"
"Row98_10",8385,53,0.028,0,0.372,0.242,"2026-07-12T05:01:21.622Z"
"Row98_11",8385,76,0.118,0,0.49,0.242,"2026-07-12T05:01:21.622Z"
"Row98_12",8385,85,0.032,0,0.522,0.242,"2026-07-12T05:01:21.622Z"
"Row98_13",8385,90,0,0.03,0.522,0.272,"2026-07-12T05:01:21.622Z"
"Row98_14",8385,93,0,0.482,0.522,0.753,"2026-07-12T05:01:21.622Z"
"Row98_15",8385,104,0.117,0,0.639,0.753,"2026-07-12T05:01:21.622Z"
"Row98_16",8385,105,0,0.051,0.639,0.804,"2026-07-12T05:01:21.622Z"
"Row98_17",8385,109,0.027,0,0.667,0.804,"2026-07-12T05:01:21.622Z"
"Row98_18",8385,110,0,0.273,0.667,1.077,"2026-07-12T05:01:21.622Z"
"Row98_19",8385,114,0.106,0,0.773,1.077,"2026-07-12T05:01:21.622Z"
"Row99_1",8386,1,0,0.018,0,0.018,"2026-07-12T09:01:21.670Z"
"Row99_2",8386,7,0,0.015,0,0.034,"2026-07-12T09:01:21.670Z"
"Row99_3",8386,9,0.132,0,0.132,0.034,"2026-07-12T09:01:21.670Z"
"Row99_4",8386,10,0.144,0,0.276,0.034,"2026-07-12T09:01:21.670Z"
"Row99_5",8386,20,0,0.024,0.276,0.058,"2026-07-12T09:01:21.670Z"
"Row99_6",8386,47,0,0.063,0.276,0.12,"2026-07-12T09:01:21.670Z"
"Row99_7",8386,50,0.041,0,0.317,0.12,"2026-07-12T09:01:21.670Z"
"Row99_8",8386,52,0.057,0,0.374,0.12,"2026-07-12T09:01:21.670Z"
"Row99_9",8386,55,0,0.046,0.374,0.166,"2026-07-12T09:01:21.670Z"
"Row99_10",8386,60,0,0.078,0.374,0.244,"2026-07-12T09:01:21.670Z"
"Row99_11",8386,65,0,0.032,0.374,0.276,"2026-07-12T09:01:21.670Z"
"Row99_12",8386,66,0,0.016,0.374,0.292,"2026-07-12T09:01:21.670Z"
"Row99_13",8386,67,0,0.2,0.374,0.492,"2026-07-12T09:01:21.670Z"
"Row99_14",8386,89,0.28,0,0.655,0.492,"2026-07-12T09:01:21.670Z"
"Row99_15",8386,90,0.145,0,0.8,0.492,"2026-07-12T09:01:21.670Z"
"Row99_16",8386,91,0.209,0,1.009,0.492,"2026-07-12T09:01:21.670Z"
"Row99_17",8386,92,0.016,0,1.025,0.492,"2026-07-12T09:01:21.670Z"
"Row99_18",8386,93,0.061,0,1.086,0.492,"2026-07-12T09:01:21.670Z"
"Row99_19",8386,95,0.018,0,1.104,0.492,"2026-07-12T09:01:21.670Z"
"Row99_20",8386,99,0,0.019,1.104,0.511,"2026-07-12T09:01:21.670Z"
"Row99_21",8386,103,0.035,0,1.14,0.511,"2026-07-12T09:01:21.670Z"
"Row99_22",8386,105,0.078,0.015,1.218,0.526,"2026-07-12T09:01:21.670Z"
"Row99_23",8386,112,0.111,0,1.329,0.526,"2026-07-12T09:01:21.670Z"
"Row99_24",8386,119,0.108,0,1.437,0.526,"2026-07-12T09:01:21.670Z"
"Row99_25",8386,120,0.677,0,2.114,0.526,"2026-07-12T09:01:21.670Z"
"Row100_1",8387,6,0.012,0,0.012,0,"2026-07-14T21:55:33.358Z"
"Row100_2",8387,11,0,0.056,0.012,0.056,"2026-07-14T21:55:33.358Z"
"Row100_3",8387,22,0,0.788,0.012,0.845,"2026-07-14T21:55:33.358Z"
"Row100_4",8387,34,0,0.014,0.012,0.859,"2026-07-14T21:55:33.358Z"
"Row100_5",8387,36,0.025,0,0.037,0.859,"2026-07-14T21:55:33.358Z"
"Row100_6",8387,37,0,0.013,0.037,0.872,"2026-07-14T21:55:33.358Z"
"Row100_7",8387,38,0,0.117,0.037,0.989,"2026-07-14T21:55:33.358Z"
"Row100_8",8387,52,0,0.013,0.037,1.002,"2026-07-14T21:55:33.358Z"
"Row100_9",8387,58,0,0.541,0.037,1.543,"2026-07-14T21:55:33.358Z"
"Row100_10",8387,65,0.063,0,0.1,1.543,"2026-07-14T21:55:33.358Z"
"Row100_11",8387,67,0.026,0,0.126,1.543,"2026-07-14T21:55:33.358Z"
"Row100_12",8387,68,0.033,0,0.159,1.543,"2026-07-14T21:55:33.358Z"
"Row100_13",8387,78,0,0.062,0.159,1.605,"2026-07-14T21:55:33.358Z"
"Row100_14",8387,81,0.025,0,0.184,1.605,"2026-07-14T21:55:33.358Z"
"Row100_15",8387,89,0.044,0,0.228,1.605,"2026-07-14T21:55:33.358Z"
"Row100_16",8387,90,0.07,0.026,0.299,1.631,"2026-07-14T21:55:33.358Z"
"Row101_1",8388,33,0.055,0,0.055,0,"2026-07-16T03:00:01.840Z"
"Row101_2",8388,38,0,0.025,0.055,0.025,"2026-07-16T03:00:01.840Z"
"Row101_3",8388,47,0,0.122,0.055,0.147,"2026-07-16T03:00:01.840Z"
"Row101_4",8388,54,0,0.015,0.055,0.161,"2026-07-16T03:00:01.840Z"
"Row101_5",8388,55,0.384,0,0.439,0.161,"2026-07-16T03:00:01.840Z"
"Row101_6",8388,61,0,0.026,0.439,0.187,"2026-07-16T03:00:01.840Z"
"Row101_7",8388,66,0.044,0,0.483,0.187,"2026-07-16T03:00:01.840Z"
"Row101_8",8388,69,0,0.121,0.483,0.308,"2026-07-16T03:00:01.840Z"
"Row101_9",8388,76,0,0.706,0.483,1.014,"2026-07-16T03:00:01.840Z"
"Row101_10",8388,79,0.055,0,0.538,1.014,"2026-07-16T03:00:01.840Z"
"Row101_11",8388,84,0,0.027,0.538,1.041,"2026-07-16T03:00:01.840Z"
"Row101_12",8388,85,0,0.068,0.538,1.109,"2026-07-16T03:00:01.840Z"
"Row101_13",8388,90,0,0.795,0.538,1.904,"2026-07-16T03:00:01.840Z"
"Row102_1",8389,3,0,0.045,0,0.045,"2026-07-19T05:00:03.850Z"
"Row102_2",8389,5,0.026,0,0.026,0.045,"2026-07-19T05:00:03.850Z"
"Row102_3",8389,7,0,0.123,0.026,0.168,"2026-07-19T05:00:03.850Z"
"Row102_4",8389,8,0,0.022,0.026,0.19,"2026-07-19T05:00:03.850Z"
"Row102_5",8389,11,0.061,0,0.087,0.19,"2026-07-19T05:00:03.850Z"
"Row102_6",8389,18,0,0.225,0.087,0.415,"2026-07-19T05:00:03.850Z"
"Row102_7",8389,22,0.024,0,0.111,0.415,"2026-07-19T05:00:03.850Z"
"Row102_8",8389,33,0,0.022,0.111,0.437,"2026-07-19T05:00:03.850Z"
"Row102_9",8389,35,0.392,0,0.503,0.437,"2026-07-19T05:00:03.850Z"
"Row102_10",8389,37,0,0.855,0.503,1.292,"2026-07-19T05:00:03.850Z"
"Row102_11",8389,45,0,0.11,0.503,1.403,"2026-07-19T05:00:03.850Z"
"Row102_12",8389,48,0.636,0,1.14,1.403,"2026-07-19T05:00:03.850Z"
"Row102_13",8389,50,0,0.049,1.14,1.452,"2026-07-19T05:00:03.850Z"
"Row102_14",8389,51,0.06,0,1.199,1.452,"2026-07-19T05:00:03.850Z"
"Row102_15",8389,54,0.373,0.029,1.572,1.481,"2026-07-19T05:00:03.850Z"
"Row102_16",8389,59,0,0.097,1.572,1.578,"2026-07-19T05:00:03.850Z"
"Row102_17",8389,61,0.118,0,1.69,1.578,"2026-07-19T05:00:03.850Z"
"Row102_18",8389,64,0.158,0.032,1.848,1.61,"2026-07-19T05:00:03.850Z"
"Row102_19",8389,65,0.027,0,1.875,1.61,"2026-07-19T05:00:03.850Z"
"Row102_20",8389,66,0.078,0,1.953,1.61,"2026-07-19T05:00:03.850Z"
"Row102_21",8389,68,0.15,0,2.103,1.61,"2026-07-19T05:00:03.850Z"
"Row102_22",8389,75,0.164,0,2.268,1.61,"2026-07-19T05:00:03.850Z"
"Row102_23",8389,79,0.05,0,2.317,1.61,"2026-07-19T05:00:03.850Z"
"Row102_24",8389,80,0,0.189,2.317,1.799,"2026-07-19T05:00:03.850Z"
"Row102_25",8389,81,0.189,0,2.507,1.799,"2026-07-19T05:00:03.850Z"
"Row102_26",8389,84,0.034,0,2.54,1.799,"2026-07-19T05:00:03.850Z"
"Row102_27",8389,87,0,0.788,2.54,2.587,"2026-07-19T05:00:03.850Z"
"Row102_28",8389,90,0.258,0.476,2.798,3.063,"2026-07-19T05:00:03.850Z"
"Row103_1",8390,5,0.1,0,0.1,0,"2026-07-20T03:00:03.988Z"
"Row103_2",8390,39,0.1,0,0.2,0,"2026-07-20T03:00:03.988Z"
"Row103_3",8390,43,0.029,0,0.229,0,"2026-07-20T03:00:03.988Z"
"Row103_4",8390,46,0.077,0,0.307,0,"2026-07-20T03:00:03.988Z"
"Row103_5",8390,61,0.035,0,0.342,0,"2026-07-20T03:00:03.988Z"
"Row103_6",8390,64,0.046,0,0.388,0,"2026-07-20T03:00:03.988Z"
"Row103_7",8390,65,0.16,0,0.548,0,"2026-07-20T03:00:03.988Z"
"Row103_8",8390,67,0.176,0,0.725,0,"2026-07-20T03:00:03.988Z"
"Row103_9",8390,77,0.074,0,0.799,0,"2026-07-20T03:00:03.988Z"
"Row103_10",8390,81,0.093,0,0.891,0,"2026-07-20T03:00:03.988Z"
"Row103_11",8390,87,0.118,0,1.009,0,"2026-07-20T03:00:03.988Z"
"Row103_12",8390,89,0.024,0,1.033,0,"2026-07-20T03:00:03.988Z"
"Row103_13",8390,90,0.158,0,1.191,0,"2026-07-20T03:00:03.988Z"
"Row103_14",8390,93,0.242,0,1.433,0,"2026-07-20T03:00:03.988Z"
"Row103_15",8390,101,0.023,0,1.456,0,"2026-07-20T03:00:03.988Z"
"Row103_16",8390,103,0.235,0,1.691,0,"2026-07-20T03:00:03.988Z"
"Row103_17",8390,104,0.029,0,1.72,0,"2026-07-20T03:00:03.988Z"
"Row103_18",8390,106,0.222,0,1.942,0,"2026-07-20T03:00:03.988Z"
"Row103_19",8390,117,0,0.044,1.942,0.044,"2026-07-20T03:00:03.988Z"
"Row103_20",8390,120,0,0.177,1.942,0.222,"2026-07-20T03:00:03.988Z"
