"row ID","event_id","sequence","received_at","xg","gml","min","sit","body","home","type","xgot","added","player_id","gm_x","gm_y","gm_z","pos_x","pos_y","pos_z","block_x","block_y","block_z","gtype"
"Row0_1",8288,0,"2026-06-12T10:05:33.753Z",0.0342,"right",90,"set-piece","right-foot",0,"miss",,7,5156,0,4.9,5.6,19.1,37.9,0,18.1,44.8,0,
"Row0_2",8288,1,"2026-06-12T10:05:33.753Z",0.0163,"left",90,"regular","head",0,"miss",,4,5156,0,90.9,2.8,10,35.5,0,6.3,17.7,0,
"Row0_3",8288,2,"2026-06-12T10:05:33.753Z",0.0573,"low-left",90,"assisted","left-foot",1,"block",,4,17043,0,53.3,19,20.3,57.3,0,17.7,56,0,
"Row0_4",8288,3,"2026-06-12T10:05:33.753Z",0.1545,"low-left",90,"assisted","right-foot",0,"save",0.7506,3,3703,0,53.6,3.2,14.9,56.4,0,0.90000000000001,52.3,0,
"Row0_5",8288,4,"2026-06-12T10:05:33.753Z",0.0103,"low-centre",88,"regular","head",0,"save",0.0167,,3703,0,51.1,3.2,31.6,25.3,0,2.7,29.2,0,
"Row0_6",8288,5,"2026-06-12T10:05:33.753Z",0.1205,"low-left",82,"throw-in-set-piece","left-foot",0,"save",0.6294,,5156,0,53.4,8.2,4,40,0,1,46.4,0,
"Row0_7",8288,6,"2026-06-12T10:05:33.753Z",0.5307,"low-left",80,"assisted","left-foot",1,"goal",0.4611,,3131,0,52,14.6,4.8,54.6,0,,,,"regular"
"Row0_8",8288,7,"2026-06-12T10:05:33.753Z",0.3113,"low-right",67,"assisted","right-foot",1,"goal",0.8786,,4397,0,45.8,5.7,10.9,38.1,0,,,,"regular"
"Row0_9",8288,8,"2026-06-12T10:05:33.753Z",0.0458,"left",61,"assisted","head",1,"miss",,,1197,0,60.7,2.8,9.6,59.4,0,4.2,49.6,0,
"Row0_10",8288,9,"2026-06-12T10:05:33.753Z",0.2145,"low-right",59,"throw-in-set-piece","head",0,"goal",0.2408,,3904,0,47.4,19.6,5,53.8,0,,,,"regular"
"Row0_11",8288,10,"2026-06-12T10:05:33.753Z",0.2028,"low-left",56,"assisted","left-foot",1,"save",0.363,,9190,0,52.2,16.5,8.5,36.8,0,5.4,39.9,0,
"Row0_12",8288,11,"2026-06-12T10:05:33.753Z",0.3144,"low-centre",49,"regular","left-foot",1,"save",0.2288,,1197,0,49.3,6.3,6.7,55.8,0,3.7,53.6,0,
"Row0_13",8288,12,"2026-06-12T10:05:33.753Z",0.0299,"low-left",49,"assisted","right-foot",1,"save",0.0473,,4397,0,51.8,1.9,14.4,69.9,0,3.2,54.5,0,
"Row0_14",8288,13,"2026-06-12T10:05:33.753Z",0.0182,"high-left",45,"assisted","right-foot",1,"miss",,3,4397,0,59.8,72.2,30,47,0,,,,
"Row0_15",8288,14,"2026-06-12T10:05:33.753Z",0.1933,"low-right",45,"assisted","right-foot",1,"block",,2,9190,0,47.3,19,9.5,46.2,0,5,49.3,0,
"Row0_16",8288,15,"2026-06-12T10:05:33.753Z",0.1297,"left",39,"assisted","left-foot",1,"miss",,,9190,0,60,18.1,19.4,43.6,0,,,,
"Row0_17",8288,16,"2026-06-12T10:05:33.753Z",0.0254,"high",38,"assisted","right-foot",1,"miss",,,9190,0,44.9,81.9,26.3,50.1,0,,,,
"Row0_18",8288,17,"2026-06-12T10:05:33.753Z",0.0067,"close-high",32,"regular","right-foot",0,"miss",,,1112,0,49.8,50,30.9,66.2,0,,,,
"Row0_19",8288,18,"2026-06-12T10:05:33.753Z",0.2786,"right",22,"corner","left-foot",0,"miss",,,1647,0,39.7,13.9,5.2,53.4,0,,,,
"Row0_20",8288,19,"2026-06-12T10:05:33.753Z",0.0424,"low-right",14,"corner","right-foot",1,"block",,,9190,0,47,19,13,55.2,0,11.1,54.9,0,
"Row0_21",8288,20,"2026-06-12T10:05:33.753Z",0.0161,"low-right",14,"assisted","left-foot",1,"save",0.0414,,2250,0,47.6,18.4,29.9,33.7,0,2.3,47.8,0,
"Row0_22",8288,21,"2026-06-12T10:05:33.753Z",0.043,"high",12,"corner","head",1,"miss",,,3259,0,47.1,69.4,8.2,55.8,0,,,,
"Row0_23",8288,22,"2026-06-12T10:05:33.753Z",0.0517,"low-centre",12,"assisted","left-foot",1,"block",,,9190,0,51.5,19,14.4,41.2,0,2,47.5,0,
"Row1_1",8289,0,"2026-06-13T03:00:28.543Z",0.1906,"low-centre",90,"assisted","left-foot",1,"block",,6,4164,0,51.2,19,7.3,48.3,0,6.2,48.4,0,
"Row1_2",8289,1,"2026-06-13T03:00:28.543Z",0.01,"low-left",85,"corner","right-foot",0,"block",,,41783,0,53.9,19,24,43.3,0,22.3,43.5,0,
"Row1_3",8289,2,"2026-06-13T03:00:28.543Z",0.0367,"left",81,"fast-break","right-foot",1,"miss",,,3754,0,59.5,6.9,23.8,46.4,0,,,,
"Row1_4",8289,3,"2026-06-13T03:00:28.543Z",0.0761,"low-right",78,"assisted","right-foot",1,"goal",0.6421,,4164,0,46.1,8.9,14.6,48,0,,,,"regular"
"Row1_5",8289,4,"2026-06-13T03:00:28.543Z",0.0974,"low-left",66,"assisted","head",1,"save",,,1779,0,52.3,19,5.4,57,0,0.7,48.9,0,
"Row1_6",8289,5,"2026-06-13T03:00:28.543Z",0.0163,"high-right",65,"assisted","right-foot",1,"miss",,,1011,0,37.7,66.7,22.7,36.3,0,,,,
"Row1_7",8289,6,"2026-06-13T03:00:28.543Z",0.1859,"close-high",59,"corner","head",0,"miss",,,2846,0,53.1,52.8,5.2,47.9,0,,,,
"Row1_8",8289,7,"2026-06-13T03:00:28.543Z",0.2568,"low-centre",53,"assisted","right-foot",1,"save",,,9548,0,49.2,19,6.9,35.8,0,0.90000000000001,48.9,0,
"Row1_9",8289,8,"2026-06-13T03:00:28.543Z",0.0164,"low-centre",46,"assisted","right-foot",0,"save",0.01,,4516,0,50,7.6,23.6,72.6,0,1.5,52.7,0,
"Row1_10",8289,9,"2026-06-13T03:00:28.543Z",0.0678,"high-right",45,"corner","head",1,"miss",,4,4155,0,43.7,80.6,9.2,52.9,0,,,,
"Row1_11",8289,10,"2026-06-13T03:00:28.543Z",0.0573,"low-centre",45,"throw-in-set-piece","right-foot",1,"block",,3,4406,0,50.6,19,10.4,67.5,0,7.6,62.6,0,
"Row1_12",8289,11,"2026-06-13T03:00:28.543Z",0.0163,"high",44,"throw-in-set-piece","right-foot",0,"miss",,,26812,0,45.7,76.4,17.9,27,0,,,,
"Row1_13",8289,12,"2026-06-13T03:00:28.543Z",0.0439,"close-left",38,"corner","right-foot",1,"miss",,,2186,0,58.7,29.2,4.3,62,0,3.4,59.9,0,
"Row1_14",8289,13,"2026-06-13T03:00:28.543Z",0.051,"high",32,"assisted","left-foot",1,"miss",,,1779,0,52.9,69.4,12.9,68.5,0,,,,
"Row1_15",8289,14,"2026-06-13T03:00:28.543Z",0.0249,"low-left",30,"set-piece","right-foot",1,"block",,,2848,0,54.4,19,18.7,52.2,0,17.1,51.6,0,
"Row1_16",8289,15,"2026-06-13T03:00:28.543Z",0.0606,"low-centre",28,"set-piece","left-foot",1,"block",,,2186,0,50.9,19,13.7,61.8,0,10.3,58.7,0,
"Row1_17",8289,16,"2026-06-13T03:00:28.543Z",0.64,"low-centre",21,"corner","head",0,"goal",0.9868,,10686,0,50.7,13.3,1.8,51.2,0,,,,"regular"
"Row1_18",8289,17,"2026-06-13T03:00:28.543Z",0.268,"low-centre",17,"regular","left-foot",1,"save",0.0975,,2186,0,50.1,1.3,13.4,51.4,0,1.4,49.8,0,
"Row1_19",8289,18,"2026-06-13T03:00:28.543Z",0.0435,"low-centre",13,"set-piece","head",0,"save",0.0079,,10686,0,50.1,11.4,11.9,47.4,0,1.6,49.6,0,
"Row1_20",8289,19,"2026-06-13T03:00:28.543Z",0.0183,"left",5,"set-piece","head",0,"miss",,,10686,0,59.5,9.7,11.1,40.6,0,,,,
"Row1_21",8289,20,"2026-06-13T03:00:28.543Z",0.0536,"high",3,"set-piece","right-foot",0,"miss",,,3222,0,50.9,69.4,12.9,54.2,0,,,,
"Row2_1",8290,0,"2026-06-13T09:00:28.665Z",0.077,"low-left",90,"assisted","right-foot",1,"goal",0.6212,8,2878,0,54,16.5,13.9,62.9,0,,,,"regular"
"Row2_2",8290,1,"2026-06-13T09:00:28.665Z",0.0154,"low-centre",90,"assisted","right-foot",1,"block",,7,1923,0,48.6,9.7,32.7,43.8,0,24.3,45.7,0,
"Row2_3",8290,2,"2026-06-13T09:00:28.665Z",0.0162,"right",90,"regular","right-foot",1,"miss",,,9104,0,39.2,26.4,37.2,59.8,0,2.1,59.9,0,
"Row2_4",8290,3,"2026-06-13T09:00:28.665Z",0.0912,"high",89,"assisted","left-foot",1,"miss",,,3513,0,53.8,93.1,10.8,44.5,0,,,,
"Row2_5",8290,4,"2026-06-13T09:00:28.665Z",0.0322,"high-left",77,"assisted","right-foot",1,"miss",,,1923,0,65.9,56.9,13.4,72.3,0,,,,
"Row2_6",8290,5,"2026-06-13T09:00:28.665Z",0.1556,"low-right",75,"assisted","right-foot",1,"save",0.1365,,2143,0,47.4,3.8,13.9,51.7,0,1.8,52.2,0,
"Row2_7",8290,6,"2026-06-13T09:00:28.665Z",0.2172,"low-right",73,"set-piece","left-foot",0,"goal",0.4168,,42,0,47.8,1.9,11.9,41.9,0,,,,"regular"
"Row2_8",8290,7,"2026-06-13T09:00:28.665Z",0.0264,"low-centre",71,"throw-in-set-piece","left-foot",0,"block",,,9678,0,49.9,19,19.7,49.8,0,18.2,49.8,0,
"Row2_9",8290,8,"2026-06-13T09:00:28.665Z",0.0339,"high-right",65,"assisted","right-foot",0,"miss",,,488,0,43.4,84.7,24,54.7,0,,,,
"Row2_10",8290,9,"2026-06-13T09:00:28.665Z",0.0234,"low-right",65,"assisted","right-foot",0,"block",,,1710,0,46.4,19,13.6,33.4,0,12.1,35.6,0,
"Row2_11",8290,10,"2026-06-13T09:00:28.665Z",0.0646,"right",61,"regular","right-foot",1,"miss",,,2143,0,36.3,8.3,12.7,42.4,0,,,,
"Row2_12",8290,11,"2026-06-13T09:00:28.665Z",0.0851,"low-centre",57,"assisted","right-foot",1,"block",,,2143,0,49.7,19,12.7,60.3,0,9,57.4,0,
"Row2_13",8290,12,"2026-06-13T09:00:28.665Z",0.0308,"low-right",50,"corner","right-foot",0,"block",,,488,0,46.9,19,23.2,34.3,0,10.1,44.9,0,
"Row2_14",8290,13,"2026-06-13T09:00:28.665Z",0.0257,"low-left",49,"regular","right-foot",0,"block",,,488,0,52.5,19,12.2,67.1,0,11.1,65.3,0,
"Row2_15",8290,14,"2026-06-13T09:00:28.665Z",0.0173,"low-right",48,"regular","left-foot",0,"block",,,9678,0,47.6,8.3,24.1,59.7,0,11.8,54.9,0,
"Row2_16",8290,15,"2026-06-13T09:00:28.665Z",0.0182,"low-right",47,"throw-in-set-piece","right-foot",1,"block",,,2232,0,47.2,5.6,16.1,29.5,0,8.6,40.4,0,
"Row2_17",8290,16,"2026-06-13T09:00:28.665Z",0.1481,"high-left",45,"assisted","left-foot",1,"goal",0.9124,5,2232,0,54.3,32.9,12.8,56.5,0,,,,"regular"
"Row2_18",8290,17,"2026-06-13T09:00:28.665Z",0.2703,"low-centre",43,"regular","right-foot",1,"save",0.171,,2143,0,49.3,13.3,3.9,56.8,0,1.8,53.2,0,
"Row2_19",8290,18,"2026-06-13T09:00:28.665Z",0.0266,"close-right",38,"corner","head",1,"miss",,,423,0,42.7,4.2,10.2,45.4,0,,,,
"Row2_20",8290,19,"2026-06-13T09:00:28.665Z",0.0756,"low-centre",37,"regular","left-foot",1,"block",,,2143,0,50.4,19.4,18.3,55.8,0,14.4,54.1,0,
"Row2_21",8290,20,"2026-06-13T09:00:28.665Z",0.0833,"right",35,"assisted","head",1,"miss",,,2232,0,0.3,9.7,9.2,44.5,0,5.7,86.8,0,
"Row2_22",8290,21,"2026-06-13T09:00:28.665Z",0.1551,"low-right",31,"assisted","right-foot",1,"goal",0.4822,,2232,0,47.6,3.8,12.5,42,0,,,,"regular"
"Row2_23",8290,22,"2026-06-13T09:00:28.665Z",0.024,"left",14,"assisted","right-foot",0,"miss",,,1710,0,66.4,4.2,18.1,67.7,0,,,,
"Row2_24",8290,23,"2026-06-13T09:00:28.665Z",,"low-centre",7,"regular","right-foot",1,"goal",,,143,0,48.3,2.5,7.9,45.8,0,,,,"own"
"Row2_25",8290,24,"2026-06-13T09:00:28.665Z",0.0365,"low-centre",3,"assisted","right-foot",1,"save",0.1345,,2232,0,49.7,11.4,12.7,65.7,0,4.1,55.6,0,
"Row2_26",8290,25,"2026-06-13T09:00:28.665Z",0.0636,"close-high",2,"assisted","left-foot",0,"miss",0.3721,,488,0,48.4,58.3,1.8,35.4,0,0.099999999999994,46.2,0,
"Row3_1",8292,0,"2026-06-14T03:00:29.282Z",0.0107,"right",90,"corner","left-foot",0,"miss",,7,2005,0,14.3,31.9,20.8,32.1,0,,,,
"Row3_2",8292,1,"2026-06-14T03:00:29.282Z",0.1251,"low-right",90,"assisted","head",1,"goal",0.7499,4,53907,0,46.5,15.2,6.8,52.6,0,,,,"regular"
"Row3_3",8292,2,"2026-06-14T03:00:29.282Z",0.0189,"low-left",90,"assisted","right-foot",0,"block",,2,22868,0,52.2,19,22.9,38.8,0,19.7,40.1,0,
"Row3_4",8292,3,"2026-06-14T03:00:29.282Z",0.1683,"low-left",90,"assisted","right-foot",1,"save",0.0941,,53917,0,52.3,4.4,16,44.8,0,1.6,47.6,0,
"Row3_5",8292,4,"2026-06-14T03:00:29.282Z",0.0398,"low-left",86,"assisted","left-foot",0,"block",,,1178,0,53.4,19,19.1,49,0,16.9,48.7,0,
"Row3_6",8292,5,"2026-06-14T03:00:29.282Z",0.024,"close-left",81,"assisted","right-foot",0,"miss",,,1178,0,57,8.3,27.1,37.6,0,,,,
"Row3_7",8292,6,"2026-06-14T03:00:29.282Z",0.2845,"close-left",76,"assisted","right-foot",0,"miss",,,2811,0,57.7,2.8,7.2,32.7,0,,,,
"Row3_8",8292,7,"2026-06-14T03:00:29.282Z",0.1048,"low-centre",75,"assisted","right-foot",0,"save",0.073,,3803,0,49.3,10.1,11,32.7,0,1.6,46.6,0,
"Row3_9",8292,8,"2026-06-14T03:00:29.282Z",0.0199,"high",75,"assisted","right-foot",1,"miss",,,53916,0,53.1,70.8,26.5,32.8,0,,,,
"Row3_10",8292,9,"2026-06-14T03:00:29.282Z",0.0543,"low-left",72,"assisted","right-foot",0,"block",,,2404,0,53.5,19,16.4,48.6,0,14.6,48.4,0,
"Row3_11",8292,10,"2026-06-14T03:00:29.282Z",0.0354,"close-right",67,"assisted","left-foot",0,"miss",,,348,0,41.3,8.3,20.1,33.6,0,,,,
"Row3_12",8292,11,"2026-06-14T03:00:29.282Z",0.0494,"low-centre",63,"set-piece","left-foot",0,"block",,,2869,0,51,19,10.5,56.9,0,8.8,55.6,0,
"Row3_13",8292,12,"2026-06-14T03:00:29.282Z",0.0403,"close-right",51,"assisted","right-foot",0,"miss",,,551,0,41.2,31.9,3.2,66.2,0,,,,
"Row3_14",8292,13,"2026-06-14T03:00:29.282Z",0.0189,"close-high",49,"corner","left-foot",0,"miss",,,348,0,50.1,51.4,25.9,67.8,0,,,,
"Row3_15",8292,14,"2026-06-14T03:00:29.282Z",0.2643,"right",48,"set-piece","head",0,"miss",,,2869,0,10.8,27.8,3.9,47.7,0,3.6,50.4,0,
"Row3_16",8292,15,"2026-06-14T03:00:29.282Z",0.2022,"low-right",45,"assisted","right-foot",0,"save",,6,1660,0,47.1,19,12.9,54.8,0,1.2,53.1,0,
"Row3_17",8292,16,"2026-06-14T03:00:29.282Z",0.0659,"low-right",45,"assisted","right-foot",0,"block",,4,3616,0,47.5,19,11.7,44.5,0,6.8,47.8,0,
"Row3_18",8292,17,"2026-06-14T03:00:29.282Z",0.2418,"close-right",45,"assisted","right-foot",0,"miss",,3,3803,0,44,4.2,6.8,60,0,0.90000000000001,56.7,0,
"Row3_19",8292,18,"2026-06-14T03:00:29.282Z",0.0501,"low-centre",45,"assisted","left-foot",0,"save",0.1777,1,551,0,49.2,16.5,10.3,35.2,0,2.1,44.4,0,
"Row3_20",8292,19,"2026-06-14T03:00:29.282Z",0.0044,"right",44,"corner","left-foot",1,"miss",,,35888,0,15.5,18.1,26.6,36.8,0,17.9,50.5,0,
"Row3_21",8292,20,"2026-06-14T03:00:29.282Z",0.0555,"low-centre",43,"assisted","right-foot",1,"save",0.2358,,53911,0,48.8,3.8,12,62.4,0,1.8,53.8,0,
"Row3_22",8292,21,"2026-06-14T03:00:29.282Z",0.0874,"low-centre",42,"corner","right-foot",0,"block",,,2811,0,49.2,19,11.4,53.6,0,7.7,52.7,0,
"Row3_23",8292,22,"2026-06-14T03:00:29.282Z",0.0408,"right",35,"assisted","right-foot",0,"miss",,,551,0,38.2,19.4,9.4,66.9,0,,,,
"Row3_24",8292,23,"2026-06-14T03:00:29.282Z",0.0209,"low-centre",34,"assisted","left-foot",0,"block",,,551,0,50.4,19,13,72.2,0,10.2,67.3,0,
"Row3_25",8292,24,"2026-06-14T03:00:29.282Z",0.079,"high-right",30,"corner","head",1,"miss",,,53910,0,39.8,65.3,8,50.3,0,,,,
"Row3_26",8292,25,"2026-06-14T03:00:29.282Z",0.0155,"low-right",21,"assisted","right-foot",0,"block",,,3803,0,48.1,19,19.4,20.1,0,16.7,24.5,0,
"Row3_27",8292,26,"2026-06-14T03:00:29.282Z",0.1949,"low-right",21,"assisted","right-foot",0,"save",0.2297,,3616,0,47.1,3.8,5.4,66.1,0,1.1,55.2,0,
"Row3_28",8292,27,"2026-06-14T03:00:29.282Z",0.7884,"low-left",17,"penalty","right-foot",0,"goal",0.7168,,2811,0,53.7,12,11.5,50,0,,,,"penalty"
"Row3_29",8292,28,"2026-06-14T03:00:29.282Z",0.285,"low-centre",12,"set-piece","left-foot",0,"save",0.1804,,1679,0,49.6,8.2,7,46.4,0,1.6,49.1,0,
"Row3_30",8292,29,"2026-06-14T03:00:29.282Z",0.2222,"close-high",10,"assisted","left-foot",0,"miss",,,551,0,52.3,59.7,11.1,47.2,0,,,,
"Row3_31",8292,30,"2026-06-14T03:00:29.282Z",0.0251,"low-left",6,"assisted","right-foot",0,"save",0.0953,,551,0,52,2.5,13,66.1,0,1.5,52.7,0,
"Row3_32",8292,31,"2026-06-14T03:00:29.282Z",0.3124,"low-centre",2,"regular","right-foot",1,"save",0.3468,,53911,0,51.7,3.8,9.2,35.9,0,6.6,40.1,0,
"Row3_33",8292,32,"2026-06-14T03:00:29.282Z",0.0593,"low-centre",1,"assisted","right-foot",0,"block",,,2811,0,51.5,19,19.5,49.3,0,14.4,49.1,0,
"Row4_1",8293,0,"2026-06-14T06:00:29.420Z",0.1708,"low-right",90,"regular","right-foot",0,"save",0.3906,9,8503,0,46.6,5.7,2.6,58.3,0,1.9,57,0,
"Row4_2",8293,1,"2026-06-14T06:00:29.420Z",0.0226,"close-right",90,"regular","right-foot",0,"miss",,9,1070,0,43.5,13.9,28.1,48.7,0,1,56.1,0,
"Row4_3",8293,2,"2026-06-14T06:00:29.420Z",0.0302,"low-centre",90,"corner","left-foot",1,"save",0.0226,3,3877,0,50,3.2,6.9,69.9,0,1,53.2,0,
"Row4_4",8293,3,"2026-06-14T06:00:29.420Z",0.0742,"left",90,"assisted","head",1,"miss",,1,3877,0,98.8,31.9,9.6,55,0,19,1.4,0,
"Row4_5",8293,4,"2026-06-14T06:00:29.420Z",0.042,"low-left",82,"assisted","left-foot",1,"block",,,4119,0,54.3,19,4.6,32.5,0,4.1,33.9,0,
"Row4_6",8293,5,"2026-06-14T06:00:29.420Z",0.1313,"low-centre",78,"assisted","left-foot",1,"save",0.1191,,747,0,51,5.1,13.3,39.1,0,1.8,48.9,0,
"Row4_7",8293,6,"2026-06-14T06:00:29.420Z",0.0691,"high-centre",52,"throw-in-set-piece","left-foot",1,"save",0.1534,,473,0,51.6,29.8,10.5,32.7,0,2.7,44.4,0,
"Row4_8",8293,7,"2026-06-14T06:00:29.420Z",0.0563,"low-centre",48,"corner","right-foot",1,"block",,,2244,0,49.4,19,3.3,59.9,0,2.4,57.4,0,
"Row4_9",8293,8,"2026-06-14T06:00:29.420Z",0.0072,"high-right",46,"regular","right-foot",1,"miss",,,709,0,30.4,63.9,27.1,73,0,12.1,75.1,0,
"Row4_10",8293,9,"2026-06-14T06:00:29.420Z",0.0473,"left",45,"corner","head",1,"miss",,3,2244,0,71.1,1.4,4.9,60.1,0,,,,
"Row4_11",8293,10,"2026-06-14T06:00:29.420Z",0.1173,"low-right",45,"assisted","left-foot",1,"save",0.6106,2,1642,0,47.1,14.6,12.2,41.1,0,1,47.5,0,
"Row4_12",8293,11,"2026-06-14T06:00:29.420Z",0.096,"high-right",32,"assisted","right-foot",1,"goal",0.5812,,595,0,47.1,22.2,7.7,33.6,0,,,,"regular"
"Row4_13",8293,12,"2026-06-14T06:00:29.420Z",0.0939,"high-right",31,"regular","right-foot",0,"miss",,,4241,0,43.7,95.8,18.6,48.2,0,,,,
"Row4_14",8293,13,"2026-06-14T06:00:29.420Z",0.0156,"low-right",30,"set-piece","right-foot",0,"save",0.2045,,598,0,47.4,6.3,16.8,38.8,0,2.3,48.2,0,
"Row4_15",8293,14,"2026-06-14T06:00:29.420Z",0.0651,"low-centre",30,"set-piece","right-foot",0,"block",,,3511,0,50,19,8.9,38.9,0,8.2,39.7,0,
"Row4_16",8293,15,"2026-06-14T06:00:29.420Z",0.0962,"left",29,"set-piece","head",0,"miss",,,1070,0,65.2,27.8,6.1,58.8,0,2,45.7,0,
"Row4_17",8293,16,"2026-06-14T06:00:29.420Z",0.1014,"left",27,"fast-break","right-foot",0,"miss",,,4241,0,61.2,5.6,21.6,59.9,0,,,,
"Row4_18",8293,17,"2026-06-14T06:00:29.420Z",0.6363,"low-centre",21,"fast-break","right-foot",0,"goal",0.269,,3511,0,50.1,12,23.1,48.3,0,,,,"regular"
"Row4_19",8293,18,"2026-06-14T06:00:29.420Z",0.0442,"low-centre",20,"corner","right-foot",1,"block",,,1642,0,50.6,19,17.6,61.5,0,12.4,57.9,0,
"Row4_20",8293,19,"2026-06-14T06:00:29.420Z",0.5245,"high-right",14,"regular","head",1,"miss",,,473,0,26.9,55.6,4.3,47,0,4.6,61.9,0,
"Row4_21",8293,20,"2026-06-14T06:00:29.420Z",0.0186,"low-centre",11,"assisted","left-foot",0,"block",,,3511,0,50,19,24.1,39.9,0,21.1,41.1,0,
"Row4_22",8293,21,"2026-06-14T06:00:29.420Z",0.0604,"low-centre",9,"assisted","right-foot",0,"block",,,598,0,49.7,19,20.9,62.4,0,14.7,58.8,0,
"Row4_23",8293,22,"2026-06-14T06:00:29.420Z",0.0312,"low-left",9,"assisted","left-foot",1,"block",,,747,0,53.9,19,27.5,41.7,0,19.7,43,0,
"Row4_24",8293,23,"2026-06-14T06:00:29.420Z",0.014,"left",7,"assisted","right-foot",0,"miss",,,4241,0,68.4,1.4,9.2,74.8,0,,,,
"Row4_25",8293,24,"2026-06-14T06:00:29.420Z",0.0173,"low-right",7,"assisted","right-foot",0,"block",,,1619,0,46.8,19,27.8,29.9,0,21.5,35.2,0,
"Row4_26",8293,25,"2026-06-14T06:00:29.420Z",0.1248,"low-centre",6,"assisted","right-foot",0,"block",,,1070,0,51.1,19,15.5,47.9,0,4.9,48.6,0,
"Row4_27",8293,26,"2026-06-14T06:00:29.420Z",0.0317,"low-centre",6,"assisted","right-foot",0,"block",,,598,0,49.2,19,14.2,70.3,0,11.1,66.1,0,
"Row5_1",8294,0,"2026-06-14T09:00:29.353Z",0.0207,"high-right",90,"set-piece","right-foot",1,"miss",,7,17099,0,43,90.3,27.9,52.6,0,,,,
"Row5_2",8294,1,"2026-06-14T09:00:29.353Z",0.3085,"high-centre",90,"assisted","right-foot",1,"save",0.1046,4,9020,0,50,25.3,13,43.6,0,3.8,48.4,0,
"Row5_3",8294,2,"2026-06-14T09:00:29.353Z",0.0559,"left",85,"assisted","head",1,"miss",,,9020,0,59.5,11.1,9.7,50.2,0,,,,
"Row5_4",8294,3,"2026-06-14T09:00:29.353Z",0.0108,"close-right",79,"assisted","right-foot",1,"miss",,,2103,0,42.9,2.8,28.3,51,0,1.2,57.6,0,
"Row5_5",8294,4,"2026-06-14T09:00:29.353Z",0.039,"low-right",79,"regular","right-foot",1,"block",,,17101,0,48,19,12.9,31.1,0,10.6,34.8,0,
"Row5_6",8294,5,"2026-06-14T09:00:29.353Z",0.0539,"low-centre",78,"assisted","right-foot",1,"block",,,532,0,49.9,19,21.9,50.2,0,15.5,50.2,0,
"Row5_7",8294,6,"2026-06-14T09:00:29.353Z",0.0315,"right",73,"regular","right-foot",1,"miss",,,17101,0,40.5,2.8,14.5,29.3,0,,,,
"Row5_8",8294,7,"2026-06-14T09:00:29.353Z",0.0885,"right",73,"assisted","left-foot",0,"miss",,,510,0,40.5,2.8,11.9,41.1,0,,,,
"Row5_9",8294,8,"2026-06-14T09:00:29.353Z",0.0379,"low-left",55,"assisted","right-foot",0,"block",,,4027,0,52.6,16.7,5.8,66.2,0,4.9,63.7,0,
"Row5_10",8294,9,"2026-06-14T09:00:29.353Z",0.0188,"high-right",42,"assisted","right-foot",1,"miss",,,532,0,43.4,90.3,25.3,43.4,0,,,,
"Row5_11",8294,10,"2026-06-14T09:00:29.353Z",0.0108,"high",36,"set-piece","head",1,"miss",,,353,0,44.7,69.4,8.9,65.6,0,,,,
"Row5_12",8294,11,"2026-06-14T09:00:29.353Z",0.4596,"low-centre",34,"regular","left-foot",1,"block",,,9020,0,50.3,19,6.4,48.1,0,5.3,48.4,0,
"Row5_13",8294,12,"2026-06-14T09:00:29.353Z",0.0338,"low-left",34,"assisted","right-foot",1,"save",0.1184,,17101,0,52.8,3.2,9.7,29.7,0,2.1,45.7,0,
"Row5_14",8294,13,"2026-06-14T09:00:29.353Z",0.0267,"right",34,"set-piece","head",1,"miss",,,17095,0,0.3,1.4,11.9,51.9,0,1.5,100,0,
"Row5_15",8294,14,"2026-06-14T09:00:29.353Z",0.0431,"left",32,"assisted","head",0,"miss",,,5774,0,86.6,1.4,7.3,60,0,,,,
"Row5_16",8294,15,"2026-06-14T09:00:29.353Z",0.1399,"high-centre",28,"regular","left-foot",0,"goal",0.3371,,510,0,49.4,24.7,14.2,51.7,0,,,,"regular"
"Row5_17",8294,16,"2026-06-14T09:00:29.353Z",0.5774,"low-right",28,"regular","right-foot",0,"save",0.8463,,1843,0,47.1,1.9,3.6,53.3,0,1.5,52.3,0,
"Row5_18",8294,17,"2026-06-14T09:00:29.353Z",0.0843,"right",17,"assisted","right-foot",0,"post",,,1088,0,44.5,16.5,15.7,63.4,0,,,,
"Row5_19",8294,18,"2026-06-14T09:00:29.353Z",0.0285,"low-centre",13,"assisted","right-foot",1,"block",,,353,0,48.6,15.3,24.3,50.3,0,20.6,50.9,0,
"Row5_20",8294,19,"2026-06-14T09:00:29.353Z",0.0865,"high",11,"assisted","left-foot",1,"miss",,,532,0,55.3,97.2,19.3,47.4,0,,,,
"Row5_21",8294,20,"2026-06-14T09:00:29.353Z",0.0762,"high-left",7,"assisted","head",0,"miss",,,1088,0,61.3,87.5,8.8,51.5,0,,,,
"Row5_22",8294,21,"2026-06-14T09:00:29.353Z",0.0421,"right",5,"regular","left-foot",1,"miss",,,9717,0,36.5,1.4,24.8,55.8,0,,,,
"Row5_23",8294,22,"2026-06-14T09:00:29.353Z",0.0626,"low-centre",4,"assisted","right-foot",0,"block",,,5774,0,49.9,19,15.9,37,0,13.7,38.8,0,
"Row5_24",8294,23,"2026-06-14T09:00:29.353Z",0.0208,"close-right",3,"assisted","left-foot",0,"miss",,,4027,0,42.5,4.2,21.1,69.4,0,0.90000000000001,57.8,0,
"Row6_1",8291,0,"2026-06-14T12:00:29.550Z",0.0272,"low-centre",90,"regular","right-foot",0,"block",,5,2184,0,48.3,19,21,33.1,0,12.5,40.6,0,
"Row6_2",8291,1,"2026-06-14T12:00:29.550Z",0.0219,"close-high-right",90,"assisted","head",0,"miss",,1,8112,0,41.3,43.1,7.9,62.8,0,,,,
"Row6_3",8291,2,"2026-06-14T12:00:29.550Z",0.0451,"low-centre",89,"assisted","left-foot",0,"save",0.0166,,597,0,50.3,6.3,20.6,57.3,0,1.1,49.6,0,
"Row6_4",8291,3,"2026-06-14T12:00:29.550Z",0.0607,"low-right",86,"free-kick","right-foot",0,"save",0.6716,,1684,0,45.5,8.9,23.7,39.2,0,1.1,49.1,0,
"Row6_5",8291,4,"2026-06-14T12:00:29.550Z",0.0301,"high-left",82,"throw-in-set-piece","left-foot",0,"miss",,,597,0,59.3,73.6,22.3,69.1,0,,,,
"Row6_6",8291,5,"2026-06-14T12:00:29.550Z",0.1705,"low-centre",78,"assisted","right-foot",0,"save",0.1716,,3415,0,50,17.1,8.5,50.9,0,1.2,51.3,0,
"Row6_7",8291,6,"2026-06-14T12:00:29.550Z",0.0389,"low-centre",77,"assisted","right-foot",0,"block",,,2184,0,49.9,19,12.4,68.9,0,9.8,65,0,
"Row6_8",8291,7,"2026-06-14T12:00:29.550Z",0.036,"low-right",75,"regular","left-foot",1,"goal",0.1869,,2490,0,46.3,4.4,23.1,55.8,0,,,,"regular"
"Row6_9",8291,8,"2026-06-14T12:00:29.550Z",0.0133,"high-left",74,"assisted","left-foot",0,"miss",,,597,0,58.5,69.4,23.2,67.5,0,,,,
"Row6_10",8291,9,"2026-06-14T12:00:29.550Z",0.102,"low-right",72,"assisted","right-foot",0,"save",0.2149,,1062,0,45.8,13.3,2.3,64.4,0,0.3,54.5,0,
"Row6_11",8291,10,"2026-06-14T12:00:29.550Z",0.0476,"low-centre",66,"regular","right-foot",0,"block",,,2184,0,50.7,19,15.1,35.9,0,11.6,39,0,
"Row6_12",8291,11,"2026-06-14T12:00:29.550Z",0.023,"low-centre",66,"assisted","right-foot",0,"block",,,2184,0,48.7,19,13.2,24.8,0,8.4,34.5,0,
"Row6_13",8291,12,"2026-06-14T12:00:29.550Z",0.0181,"low-centre",65,"assisted","left-foot",0,"block",,,597,0,51.1,19,25.5,36.4,0,20.6,38.8,0,
"Row6_14",8291,13,"2026-06-14T12:00:29.550Z",0.019,"low-centre",63,"assisted","right-foot",0,"block",,,2184,0,50.1,19,21.3,27.9,0,17.7,31.6,0,
"Row6_15",8291,14,"2026-06-14T12:00:29.550Z",0.0553,"low-centre",60,"assisted","right-foot",0,"block",,,2184,0,50.6,19,10.8,36.8,0,8,40.1,0,
"Row6_16",8291,15,"2026-06-14T12:00:29.550Z",0.0465,"high",57,"corner","right-foot",0,"miss",,,4172,0,44.9,88.9,12.6,58.3,0,,,,
"Row6_17",8291,16,"2026-06-14T12:00:29.550Z",0.0345,"low-left",57,"free-kick","left-foot",0,"save",0.0524,,597,0,53.4,7,26.8,57,0,1.5,50.5,0,
"Row6_18",8291,17,"2026-06-14T12:00:29.550Z",0.1015,"left",54,"corner","right-foot",1,"miss",,,8991,0,92.9,2.8,11,55,0,5.1,23.5,0,
"Row6_19",8291,18,"2026-06-14T12:00:29.550Z",0.0162,"low-centre",54,"corner","head",1,"save",0.0702,,23925,0,51.3,15.2,10.2,58.8,0,1.5,52.5,0,
"Row6_20",8291,19,"2026-06-14T12:00:29.550Z",0.0136,"left",51,"corner","right-foot",0,"miss",,,3415,0,60.8,15.3,23.5,53.4,0,13.6,48,0,
"Row6_21",8291,20,"2026-06-14T12:00:29.550Z",0.0575,"low-centre",50,"regular","left-foot",0,"block",,,4172,0,49.9,19,20.2,50.8,0,13.2,50.5,0,
"Row6_22",8291,21,"2026-06-14T12:00:29.550Z",0.0585,"low-centre",50,"regular","right-foot",0,"block",,,1684,0,50.1,19,15,52.4,0,13.6,52.2,0,
"Row6_23",8291,22,"2026-06-14T12:00:29.550Z",0.0184,"high-right",49,"corner","right-foot",1,"miss",,,30894,0,35,94.4,24,36,0,,,,
"Row6_24",8291,23,"2026-06-14T12:00:29.550Z",0.0494,"low-left",48,"fast-break","right-foot",1,"block",,,4396,0,53.2,19,11.5,32.9,0,10.2,34.5,0,
"Row6_25",8291,24,"2026-06-14T12:00:29.550Z",0.0136,"low-centre",46,"assisted","right-foot",0,"save",0.0096,,1684,0,49.4,15.8,24.4,24.4,0,1.4,48.2,0,
"Row6_26",8291,25,"2026-06-14T12:00:29.550Z",0.096,"low-centre",45,"regular","left-foot",0,"block",,4,3415,0,51.7,19,12.6,51.4,0,10.6,50.9,0,
"Row6_27",8291,26,"2026-06-14T12:00:29.550Z",0.0513,"low-centre",45,"assisted","right-foot",1,"save",0.0281,,6040,0,50.9,6.3,16.3,43.8,0,2.4,48.4,0,
"Row6_28",8291,27,"2026-06-14T12:00:29.550Z",0.0265,"high-left",42,"assisted","left-foot",0,"miss",,,597,0,58.8,68.1,25.3,54.8,0,,,,
"Row6_29",8291,28,"2026-06-14T12:00:29.550Z",0.032,"high-left",39,"throw-in-set-piece","left-foot",1,"miss",,,4396,0,57.1,79.2,25.1,46.2,0,,,,
"Row6_30",8291,29,"2026-06-14T12:00:29.550Z",0.0629,"right",36,"assisted","right-foot",0,"miss",,,5835,0,33.8,26.4,12.9,41.8,0,,,,
"Row6_31",8291,30,"2026-06-14T12:00:29.550Z",0.0176,"high-right",30,"assisted","right-foot",0,"miss",,,1684,0,41.9,65.3,26.8,70.7,0,,,,
"Row6_32",8291,31,"2026-06-14T12:00:29.550Z",0.0265,"high-left",30,"regular","left-foot",0,"save",0.2094,,3727,0,54,20.9,27.6,42.8,0,1.4,50,0,
"Row6_33",8291,32,"2026-06-14T12:00:29.550Z",0.3837,"low-left",27,"assisted","right-foot",1,"goal",0.7646,,6040,0,53.4,1.9,13,43.6,0,,,,"regular"
"Row6_34",8291,33,"2026-06-14T12:00:29.550Z",0.052,"low-centre",27,"regular","right-foot",0,"save",0.1186,,597,0,51.6,7.6,14,52.3,0,1.2,50.4,0,
"Row6_35",8291,34,"2026-06-14T12:00:29.550Z",0.0447,"high",19,"assisted","right-foot",0,"miss",,,486,0,45.7,76.4,21.9,39.5,0,,,,
"Row6_36",8291,35,"2026-06-14T12:00:29.550Z",0.1247,"high-left",17,"corner","head",1,"miss",,,4264,0,65.2,52.8,5.7,44.2,0,,,,
"Row6_37",8291,36,"2026-06-14T12:00:29.550Z",0.0305,"high-left",7,"assisted","left-foot",0,"miss",,,597,0,59.3,77.8,14.7,71.4,0,,,,
"Row6_38",8291,37,"2026-06-14T12:00:29.550Z",0.0585,"low-centre",4,"corner","head",0,"block",,,4172,0,50.8,19,8.1,45.5,0,6.6,46.2,0,
"Row6_39",8291,38,"2026-06-14T12:00:29.550Z",0.0168,"low-left",3,"assisted","right-foot",0,"block",,,1684,0,52.7,19,26.2,48.9,0,23.6,48.7,0,
"Row7_1",8295,0,"2026-06-15T01:00:29.838Z",0.1111,"low-centre",88,"fast-break","left-foot",1,"goal",0.1133,,4941,0,50,7,11.4,37,0,,,,"regular"
"Row7_2",8295,1,"2026-06-15T01:00:29.838Z",0.029,"low-left",86,"assisted","left-foot",1,"save",0.2495,,2891,0,53.8,3.2,8,30.9,0,1.2,45.5,0,
"Row7_3",8295,2,"2026-06-15T01:00:29.838Z",0.4187,"low-left",78,"assisted","right-foot",1,"goal",0.984,,1620,0,52.8,14.6,6.6,47,0,,,,"regular"
"Row7_4",8295,3,"2026-06-15T01:00:29.838Z",0.0367,"close-high-right",76,"assisted","right-foot",0,"miss",,,22233,0,43.2,56.9,11.4,29.1,0,,,,
"Row7_5",8295,4,"2026-06-15T01:00:29.838Z",0.0458,"left",75,"assisted","left-foot",0,"miss",,,6073,0,63.7,12.5,12.1,75.4,0,,,,
"Row7_6",8295,5,"2026-06-15T01:00:29.838Z",0.1601,"low-right",68,"assisted","right-foot",1,"goal",0.2591,,1350,0,46.7,4.4,10.5,45.2,0,,,,"regular"
"Row7_7",8295,6,"2026-06-15T01:00:29.838Z",0.0105,"left",67,"set-piece","right-foot",0,"miss",,,7715,0,61.7,15.3,22.8,51.5,0,7.6,44,0,
"Row7_8",8295,7,"2026-06-15T01:00:29.838Z",0.4763,"close-left",63,"assisted","left-foot",1,"miss",,,3732,0,57.7,26.4,14.4,56.8,0,,,,
"Row7_9",8295,8,"2026-06-15T01:00:29.838Z",0.1676,"close-high",62,"set-piece","head",0,"miss",,,22231,0,49.8,59.7,8.3,47,0,,,,
"Row7_10",8295,9,"2026-06-15T01:00:29.838Z",0.0978,"high",54,"assisted","right-foot",1,"miss",,,2462,0,44.9,75,18.7,48.1,0,,,,
"Row7_11",8295,10,"2026-06-15T01:00:29.838Z",0.0202,"low-centre",54,"throw-in-set-piece","left-foot",1,"block",,,4941,0,48.8,19,11,72.6,0,9.7,70,0,
"Row7_12",8295,11,"2026-06-15T01:00:29.838Z",0.1081,"low-centre",53,"throw-in-set-piece","right-foot",1,"block",,,330,0,51.2,19,11.2,53.2,0,9,52.3,0,
"Row7_13",8295,12,"2026-06-15T01:00:29.838Z",0.0105,"high-centre",50,"set-piece","right-foot",1,"save",0.1198,,2160,0,48.7,27.9,2.7,70.5,0,0.5,54.5,0,
"Row7_14",8295,13,"2026-06-15T01:00:29.838Z",0.0447,"low-left",47,"assisted","right-foot",1,"goal",0.4779,,8564,0,53.9,3.2,6.4,66,0,,,,"regular"
"Row7_15",8295,14,"2026-06-15T01:00:29.838Z",0.7884,"low-left",45,"penalty","left-foot",1,"goal",0.8528,5,4941,0,53.7,2.5,11.5,50,0,,,,"penalty"
"Row7_16",8295,15,"2026-06-15T01:00:29.838Z",0.0212,"low-right",45,"assisted","right-foot",0,"save",0.1589,2,5631,0,47.4,1.3,20.9,31,0,1.1,48.2,0,
"Row7_17",8295,16,"2026-06-15T01:00:29.838Z",0.0266,"low-left",45,"regular","head",1,"block",,,4941,0,53,19,9.2,40.7,0,7.5,41.9,0,
"Row7_18",8295,17,"2026-06-15T01:00:29.838Z",0.1391,"low-right",45,"assisted","right-foot",1,"save",,,2462,0,45.6,19,15.1,51.3,0,3.8,53.6,0,
"Row7_19",8295,18,"2026-06-15T01:00:29.838Z",0.2419,"low-centre",45,"regular","right-foot",1,"block",,,1350,0,50.9,19,11.3,42.6,0,7.9,44.6,0,
"Row7_20",8295,19,"2026-06-15T01:00:29.838Z",0.2419,"low-left",38,"corner","head",1,"goal",0.743,,2158,0,52.3,11.4,4.8,54.2,0,,,,"regular"
"Row7_21",8295,20,"2026-06-15T01:00:29.838Z",0.0153,"high-right",36,"assisted","right-foot",0,"miss",,,6672,0,41.9,77.8,26.6,43.4,0,,,,
"Row7_22",8295,21,"2026-06-15T01:00:29.838Z",0.1798,"right",32,"assisted","left-foot",1,"miss",,,3732,0,39.3,12.5,13.4,43.7,0,9.5,49.3,0,
"Row7_23",8295,22,"2026-06-15T01:00:29.838Z",0.1249,"low-centre",30,"assisted","left-foot",1,"block",,,2462,0,50.7,19,18.8,48.1,0,9,48.7,0,
"Row7_24",8295,23,"2026-06-15T01:00:29.838Z",0.0722,"high-centre",28,"set-piece","head",1,"save",0.1287,,2158,0,51,34.2,7.7,44.4,0,1,48.4,0,
"Row7_25",8295,24,"2026-06-15T01:00:29.838Z",0.084,"low-left",21,"regular","left-foot",0,"goal",0.2956,,7715,0,53.9,17.7,15.4,60.9,0,,,,"regular"
"Row7_26",8295,25,"2026-06-15T01:00:29.838Z",0.0212,"high-left",19,"assisted","left-foot",0,"miss",,,22231,0,57,76.4,27.5,48.3,0,,,,
"Row7_27",8295,26,"2026-06-15T01:00:29.838Z",0.0224,"close-right",14,"assisted","right-foot",1,"miss",,,330,0,42.2,15.3,17.2,26.4,0,,,,
"Row7_28",8295,27,"2026-06-15T01:00:29.838Z",0.1725,"low-centre",12,"assisted","right-foot",1,"save",0.1296,,2160,0,49.9,3.8,10.5,56,0,1.4,51.4,0,
"Row7_29",8295,28,"2026-06-15T01:00:29.838Z",0.0958,"close-left",11,"assisted","left-foot",1,"miss",,,3732,0,59.2,2.8,11.3,56.4,0,,,,
"Row7_30",8295,29,"2026-06-15T01:00:29.838Z",0.0447,"low-centre",10,"regular","right-foot",1,"block",,,330,0,51.8,19,18.8,54.8,0,16.9,54.1,0,
"Row7_31",8295,30,"2026-06-15T01:00:29.838Z",0.0178,"close-left",9,"assisted","right-foot",1,"miss",,,2160,0,57.5,18.1,21.6,65,0,,,,
"Row7_32",8295,31,"2026-06-15T01:00:29.838Z",0.0449,"low-centre",7,"regular","right-foot",1,"block",,,8564,0,51.3,19,12.9,36.8,0,9.5,39.9,0,
"Row7_33",8295,32,"2026-06-15T01:00:29.838Z",0.0529,"low-right",6,"assisted","right-foot",1,"goal",0.4713,,2160,0,46.5,17.7,15.4,38.3,0,,,,"regular"
"Row7_34",8295,33,"2026-06-15T01:00:29.838Z",0.1726,"low-centre",6,"assisted","right-foot",1,"block",,,8564,0,50.9,19,14.9,44.5,0,9.9,46,0,
"Row8_1",8296,0,"2026-06-15T04:00:29.838Z",0.087,"high-left",90,"assisted","head",1,"miss",,3,2178,0,61.7,66.7,5.1,41.8,0,,,,
"Row8_2",8296,1,"2026-06-15T04:00:29.838Z",0.1472,"high-right",89,"corner","head",0,"goal",0.2975,,430,0,46.2,27.9,8.7,52.4,0,,,,"regular"
"Row8_3",8296,2,"2026-06-15T04:00:29.838Z",0.01,"low-right",88,"corner","head",0,"block",,,5458,0,46.6,19,14.9,53.2,0,10.5,53.2,0,
"Row8_4",8296,3,"2026-06-15T04:00:29.838Z",0.1559,"high-centre",80,"assisted","right-foot",0,"save",0.2797,,2497,0,49.5,29.8,14.5,57.6,0,0.59999999999999,52.3,0,
"Row8_5",8296,4,"2026-06-15T04:00:29.838Z",0.0191,"left",78,"assisted","head",0,"miss",,,5458,0,99.2,12.5,15,58,0,6.7,15,0,
"Row8_6",8296,5,"2026-06-15T04:00:29.838Z",0.0945,"low-centre",76,"assisted","left-foot",1,"block",,,2178,0,51.1,19,9,47.6,0,7.3,47.8,0,
"Row8_7",8296,6,"2026-06-15T04:00:29.838Z",0.0102,"high-right",75,"corner","right-foot",0,"miss",,,16971,0,36.5,80.6,20.7,27.3,0,,,,
"Row8_8",8296,7,"2026-06-15T04:00:29.838Z",0.1206,"high-right",73,"corner","head",1,"save",0.7522,,484,0,46.4,26,4.4,55.9,0,0.7,52.3,0,
"Row8_9",8296,8,"2026-06-15T04:00:29.838Z",0.0171,"low-left",73,"assisted","right-foot",1,"save",0.3487,,331,0,54.2,0.6,8.5,28.2,0,1.1,48.9,0,
"Row8_10",8296,9,"2026-06-15T04:00:29.838Z",0.0185,"high",67,"assisted","left-foot",0,"miss",,,1748,0,50.8,65.3,30.3,51.4,0,,,,
"Row8_11",8296,10,"2026-06-15T04:00:29.838Z",0.0191,"low-left",64,"assisted","left-foot",1,"goal",0.1495,,4092,0,53.5,3.8,15,70,0,,,,"regular"
"Row8_12",8296,11,"2026-06-15T04:00:29.838Z",0.0246,"low-left",57,"assisted","right-foot",0,"goal",0.3882,,16971,0,54.5,5.1,18.8,38.2,0,,,,"regular"
"Row8_13",8296,12,"2026-06-15T04:00:29.838Z",0.1104,"low-right",51,"set-piece","head",1,"goal",0.6316,,325,0,46.6,10.8,8.8,41.3,0,,,,"regular"
"Row8_14",8296,13,"2026-06-15T04:00:29.838Z",0.0718,"close-right",45,"assisted","right-foot",0,"miss",,,3369,0,44,33.3,7.7,67.6,0,,,,
"Row8_15",8296,14,"2026-06-15T04:00:29.838Z",0.0569,"close-left",43,"assisted","right-foot",0,"miss",,,16971,0,56.5,4.2,13.3,33.1,0,,,,
"Row8_16",8296,15,"2026-06-15T04:00:29.838Z",0.1727,"high-right",36,"set-piece","right-foot",1,"miss",,,331,0,42.2,94.4,10.3,56.2,0,,,,
"Row8_17",8296,16,"2026-06-15T04:00:29.838Z",0.0228,"high",34,"corner","head",1,"miss",,,736,0,50.6,73.6,8.3,65.4,0,,,,
"Row8_18",8296,17,"2026-06-15T04:00:29.838Z",0.0806,"low-centre",34,"corner","head",1,"save",0.2914,,515,0,48.3,3.8,7.4,54.6,0,1.8,50.4,0,
"Row8_19",8296,18,"2026-06-15T04:00:29.838Z",0.0253,"high",28,"assisted","left-foot",0,"miss",,,2474,0,46.7,84.7,22.2,28.2,0,,,,
"Row8_20",8296,19,"2026-06-15T04:00:29.838Z",0.0634,"low-left",3,"assisted","right-foot",1,"save",0.4496,,515,0,53.7,18.4,13.8,42.1,0,1.9,48.4,0,
"Row9_1",8297,0,"2026-06-15T07:00:30.095Z",0.1399,"low-centre",90,"corner","head",0,"block",,9,445,0,50.3,19,5.5,45.5,0,4.1,46.6,0,
"Row9_2",8297,1,"2026-06-15T07:00:30.095Z",0.0175,"high",90,"regular","right-foot",1,"miss",,7,6614,0,46.6,93.1,21.1,63.9,0,,,,
"Row9_3",8297,2,"2026-06-15T07:00:30.095Z",0.0301,"high-centre",90,"assisted","left-foot",1,"save",0.0627,4,1792,0,51.3,25.3,23.2,47.3,0,1.8,50.4,0,
"Row9_4",8297,3,"2026-06-15T07:00:30.095Z",0.1653,"low-left",90,"assisted","left-foot",1,"goal",0.8737,,1792,0,54.4,5.7,15,52.8,0,,,,"regular"
"Row9_5",8297,4,"2026-06-15T07:00:30.095Z",0.0452,"low-centre",88,"corner","right-foot",0,"block",,,3536,0,49.7,19,10.8,46.2,0,8.4,47.1,0,
"Row9_6",8297,5,"2026-06-15T07:00:30.095Z",0.1595,"low-right",87,"set-piece","head",0,"block",,,3536,0,45.4,19,5.7,54.2,0,4.6,54.3,0,
"Row9_7",8297,6,"2026-06-15T07:00:30.095Z",0.064,"left",83,"regular","right-foot",1,"miss",,,1886,0,66.1,12.5,5.2,35.8,0,,,,
"Row9_8",8297,7,"2026-06-15T07:00:30.095Z",0.0521,"low-right",68,"regular","left-foot",0,"save",0.0568,,59,0,47.5,19,21,59.4,0,1.8,51.8,0,
"Row9_9",8297,8,"2026-06-15T07:00:30.095Z",0.0557,"low-centre",61,"corner","right-foot",1,"save",0.1108,,4130,0,51,5.1,21.6,40.9,0,2.1,47.3,0,
"Row9_10",8297,9,"2026-06-15T07:00:30.095Z",0.085,"high-right",58,"regular","right-foot",1,"miss",,,2895,0,39.8,84.7,9.8,35.2,0,,,,
"Row9_11",8297,10,"2026-06-15T07:00:30.095Z",0.0509,"right",56,"assisted","left-foot",0,"miss",,,9854,0,40.7,9.7,21.2,56.4,0,,,,
"Row9_12",8297,11,"2026-06-15T07:00:30.095Z",0.0562,"left",53,"assisted","left-foot",1,"miss",,,4130,0,68.4,30.6,21.7,38.3,0,,,,
"Row9_13",8297,12,"2026-06-15T07:00:30.095Z",0.2488,"high",52,"assisted","right-foot",1,"post",,,3527,0,52,41.8,7,52.2,0,,,,
"Row9_14",8297,13,"2026-06-15T07:00:30.095Z",0.1232,"high-left",50,"assisted","left-foot",1,"miss",,,2895,0,58.3,79.2,15.3,51.9,0,,,,
"Row9_15",8297,14,"2026-06-15T07:00:30.095Z",0.0293,"left",46,"assisted","left-foot",0,"post",,,4754,0,55.2,5.1,1.5,33.8,0,,,,
"Row9_16",8297,15,"2026-06-15T07:00:30.095Z",0.0315,"low-centre",45,"assisted","left-foot",1,"block",,3,1786,0,48.8,19,19.5,59.4,0,13.1,56.7,0,
"Row9_17",8297,16,"2026-06-15T07:00:30.095Z",0.0519,"high",45,"corner","right-foot",1,"miss",,2,4214,0,52.3,68.1,9.9,44.8,0,,,,
"Row9_18",8297,17,"2026-06-15T07:00:30.095Z",0.3166,"low-left",35,"fast-break","left-foot",1,"block",,,1786,0,52.3,19,9.9,55.1,0,8.4,54,0,
"Row9_19",8297,18,"2026-06-15T07:00:30.095Z",0.0472,"high-right",33,"assisted","right-foot",1,"miss",,,4130,0,43.4,94.4,23.2,50.5,0,,,,
"Row9_20",8297,19,"2026-06-15T07:00:30.095Z",0.0791,"left",30,"assisted","left-foot",0,"miss",,,16888,0,62.2,30.6,17.5,53.4,0,,,,
"Row9_21",8297,20,"2026-06-15T07:00:30.095Z",0.3364,"high",30,"assisted","right-foot",0,"post",,,7284,0,47.1,40.5,8.8,38.5,0,,,,
"Row9_22",8297,21,"2026-06-15T07:00:30.095Z",0.0339,"right",24,"regular","right-foot",0,"miss",,,7284,0,36.5,4.2,23.4,44.4,0,,,,
"Row9_23",8297,22,"2026-06-15T07:00:30.095Z",0.0217,"high",23,"regular","left-foot",0,"post",,,16888,0,53.3,40.5,17.9,67,0,,,,
"Row9_24",8297,23,"2026-06-15T07:00:30.095Z",0.2539,"low-right",18,"regular","right-foot",1,"save",0.2675,,3527,0,47.8,0.6,6.7,59.1,0,0.2,52.7,0,
"Row9_25",8297,24,"2026-06-15T07:00:30.095Z",0.1297,"low-centre",16,"assisted","right-foot",1,"block",,,4130,0,50.5,19,20.9,54.6,0,12.1,53.2,0,
"Row9_26",8297,25,"2026-06-15T07:00:30.095Z",0.0324,"high-left",14,"assisted","left-foot",0,"miss",,,16888,0,58.7,68.1,19.7,69.7,0,,,,
"Row9_27",8297,26,"2026-06-15T07:00:30.095Z",0.0296,"left",2,"assisted","right-foot",0,"miss",,,1345,0,66.7,2.8,20.9,64.6,0,,,,
"Row10_1",8298,0,"2026-06-15T10:00:30.270Z",0.0224,"low-left",90,"assisted","right-foot",1,"goal",0.2106,6,1632,0,54.1,19.6,21.4,68.6,0,,,,"regular"
"Row10_2",8298,1,"2026-06-15T10:00:30.270Z",0.0087,"low-centre",90,"set-piece","right-foot",0,"save",0.0171,3,4243,0,48.8,19.6,31.7,29.8,0,1.4,48.6,0,
"Row10_3",8298,2,"2026-06-15T10:00:30.270Z",0.0798,"low-centre",90,"assisted","right-foot",1,"block",,,726,0,50.2,19,10.5,43,0,8.9,44,0,
"Row10_4",8298,3,"2026-06-15T10:00:30.270Z",0.1755,"low-right",88,"fast-break","right-foot",1,"save",0.3723,,332,0,48.1,12,14.3,37.5,0,1.6,46.7,0,
"Row10_5",8298,4,"2026-06-15T10:00:30.270Z",0.0859,"low-centre",84,"set-piece","right-foot",1,"goal",0.7042,,1377,0,51.3,3.2,11,54.4,0,,,,"regular"
"Row10_6",8298,5,"2026-06-15T10:00:30.270Z",0.1411,"low-left",68,"fast-break","right-foot",1,"block",,,332,0,52.5,19,13,43.5,0,11.2,44,0,
"Row10_7",8298,6,"2026-06-15T10:00:30.270Z",0.083,"high-right",66,"assisted","right-foot",1,"miss",,,456,0,43.4,81.9,9.5,64.4,0,,,,
"Row10_8",8298,7,"2026-06-15T10:00:30.270Z",0.3585,"low-left",59,"assisted","right-foot",1,"goal",0.5819,,456,0,52.8,8.2,11.6,61.4,0,,,,"regular"
"Row10_9",8298,8,"2026-06-15T10:00:30.270Z",0.1525,"high-left",56,"corner","head",0,"miss",,,1467,0,94.1,69.4,6.7,49.9,0,10.5,12.8,0,
"Row10_10",8298,9,"2026-06-15T10:00:30.270Z",0.031,"low-left",53,"assisted","right-foot",1,"block",,,456,0,54.1,19,20.8,67.3,0,18.4,64.8,0,
"Row10_11",8298,10,"2026-06-15T10:00:30.270Z",0.0275,"high",52,"free-kick","right-foot",0,"miss",,,415,0,50.1,83.3,32,49,0,,,,
"Row10_12",8298,11,"2026-06-15T10:00:30.270Z",0.0318,"low-left",43,"throw-in-set-piece","head",0,"goal",0.3291,,17112,0,53.5,3.8,8.2,59.9,0,,,,"regular"
"Row10_13",8298,12,"2026-06-15T10:00:30.270Z",0.136,"high-right",33,"corner","head",1,"miss",,,519,0,40,87.5,6.4,48.5,0,,,,
"Row10_14",8298,13,"2026-06-15T10:00:30.270Z",0.0298,"low-left",31,"assisted","right-foot",0,"block",,,2421,0,52,19,24.4,50.5,0,21.2,50.2,0,
"Row10_15",8298,14,"2026-06-15T10:00:30.270Z",0.0423,"low-right",30,"fast-break","right-foot",1,"goal",0.068,,332,0,46.3,7.6,17.6,30.4,0,,,,"regular"
"Row10_16",8298,15,"2026-06-15T10:00:30.270Z",0.0301,"high",18,"assisted","right-foot",0,"miss",,,2415,0,46.2,80.6,24,59.3,0,,,,
"Row10_17",8298,16,"2026-06-15T10:00:30.270Z",0.0462,"high-right",7,"regular","right-foot",1,"goal",0.0689,,1632,0,47.8,24.7,24.4,43.1,0,,,,"regular"
"Row10_18",8298,17,"2026-06-15T10:00:30.270Z",0.0834,"low-left",7,"regular","left-foot",1,"save",,,456,0,52.2,19,14.4,41.4,0,2.3,46.7,0,
"Row10_19",8298,18,"2026-06-15T10:00:30.270Z",0.0767,"high-right",5,"fast-break","right-foot",1,"miss",,,456,0,39.5,81.9,15.1,40.3,0,,,,
"Row11_1",8299,0,"2026-06-16T00:00:30.819Z",0.0958,"left",90,"corner","head",1,"miss",,5,3890,0,63.9,19.4,4.1,58.4,0,,,,
"Row11_2",8299,1,"2026-06-16T00:00:30.819Z",0.0171,"left",90,"regular","left-foot",1,"miss",,5,745,0,92.1,30.6,14.3,72.7,0,13.3,67.3,0,
"Row11_3",8299,2,"2026-06-16T00:00:30.819Z",0.0204,"high-right",90,"assisted","right-foot",0,"miss",,4,7073,0,27.7,45.8,29.6,49.3,0,,,,
"Row11_4",8299,3,"2026-06-16T00:00:30.819Z",0.0143,"low-left",90,"assisted","left-foot",1,"block",,2,745,0,52,19,22.9,76.1,0,11.5,62.1,0,
"Row11_5",8299,4,"2026-06-16T00:00:30.819Z",0.2144,"low-centre",90,"corner","head",0,"save",0.1574,1,22092,0,50.9,8.9,6.6,47,0,1.1,49.3,0,
"Row11_6",8299,5,"2026-06-16T00:00:30.819Z",0.0259,"low-centre",90,"fast-break","right-foot",0,"block",,,22076,0,51.1,19,29.8,43.3,0,21.2,44.9,0,
"Row11_7",8299,6,"2026-06-16T00:00:30.819Z",0.0628,"low-centre",88,"assisted","right-foot",1,"block",,,3890,0,49.8,19,13.1,51.7,0,10.8,51.4,0,
"Row11_8",8299,7,"2026-06-16T00:00:30.819Z",0.0256,"right",85,"regular","left-foot",1,"miss",,,4267,0,33.6,9.7,23.1,36.2,0,,,,
"Row11_9",8299,8,"2026-06-16T00:00:30.819Z",0.0693,"low-centre",83,"assisted","head",1,"save",0.1856,,386,0,48.9,19.6,6.1,41.6,0,1.2,47.1,0,
"Row11_10",8299,9,"2026-06-16T00:00:30.819Z",0.0724,"low-right",78,"assisted","right-foot",1,"block",,,744,0,47.1,19,22.1,51.5,0,11.8,52.2,0,
"Row11_11",8299,10,"2026-06-16T00:00:30.819Z",0.0816,"low-centre",75,"assisted","right-foot",1,"block",,,749,0,49.7,19,17.9,53.8,0,13.2,52.9,0,
"Row11_12",8299,11,"2026-06-16T00:00:30.819Z",0.1047,"low-centre",73,"assisted","right-foot",1,"save",0.1553,,451,0,49.6,2.5,10.7,50.1,0,1,51.6,0,
"Row11_13",8299,12,"2026-06-16T00:00:30.819Z",0.0262,"high",58,"assisted","left-foot",1,"miss",,,565,0,53.1,63.9,27.1,38.7,0,,,,
"Row11_14",8299,13,"2026-06-16T00:00:30.819Z",0.191,"low-centre",56,"assisted","head",1,"save",0.0678,,2249,0,50.7,15.8,9.1,49.5,0,1.1,50.2,0,
"Row11_15",8299,14,"2026-06-16T00:00:30.819Z",0.0754,"high",51,"assisted","left-foot",1,"miss",,,2249,0,55.5,68.1,18.7,64,0,,,,
"Row11_16",8299,15,"2026-06-16T00:00:30.819Z",0.0187,"close-high",48,"assisted","left-foot",1,"miss",,,2249,0,54,59.7,25.4,72.4,0,,,,
"Row11_17",8299,16,"2026-06-16T00:00:30.819Z",0.0877,"right",48,"assisted","head",1,"miss",,,3890,0,1.7,20.8,9.4,49.1,0,2.1,73.8,0,
"Row11_18",8299,17,"2026-06-16T00:00:30.819Z",0.1474,"right",45,"assisted","head",1,"miss",,4,3890,0,30.3,9.7,5.4,44.9,0,,,,
"Row11_19",8299,18,"2026-06-16T00:00:30.819Z",0.0875,"low-left",45,"corner","head",1,"block",,3,4267,0,53.2,19,3.8,41.6,0,2.4,43.5,0,
"Row11_20",8299,19,"2026-06-16T00:00:30.819Z",0.0525,"low-left",45,"corner","head",1,"save",0.7661,3,565,0,54.3,12,8.9,52.6,0,0.5,51.4,0,
"Row11_21",8299,20,"2026-06-16T00:00:30.819Z",0.0829,"low-centre",45,"regular","left-foot",1,"save",0.167,,749,0,51.6,5.1,11.8,56,0,0.7,50.2,0,
"Row11_22",8299,21,"2026-06-16T00:00:30.819Z",0.0103,"high-left",41,"corner","left-foot",1,"miss",,,2249,0,59.3,81.9,25,45.8,0,,,,
"Row11_23",8299,22,"2026-06-16T00:00:30.819Z",0.1903,"low-centre",40,"corner","head",1,"block",,,749,0,51,19,4.2,46.6,0,3.3,47.1,0,
"Row11_24",8299,23,"2026-06-16T00:00:30.819Z",0.0828,"high-centre",39,"assisted","head",1,"save",0.0856,,3890,0,50.1,34.2,8.9,53.2,0,2.3,51.6,0,
"Row11_25",8299,24,"2026-06-16T00:00:30.819Z",0.531,"high",39,"assisted","right-foot",1,"post",,,749,0,49.7,40.5,5,50.9,0,,,,
"Row11_26",8299,25,"2026-06-16T00:00:30.819Z",0.0124,"high",38,"set-piece","right-foot",0,"miss",,,1241,0,51.3,66.7,20,20.3,0,,,,
"Row11_27",8299,26,"2026-06-16T00:00:30.819Z",0.0178,"left",35,"fast-break","right-foot",0,"miss",,,2276,0,74.3,5.6,54.5,51.3,0,,,,
"Row11_28",8299,27,"2026-06-16T00:00:30.819Z",0.0153,"high",29,"regular","right-foot",1,"miss",,,386,0,45,63.9,15.4,28.4,0,,,,
"Row11_29",8299,28,"2026-06-16T00:00:30.819Z",0.0644,"low-centre",29,"assisted","right-foot",1,"block",,,4900,0,50.6,19,14.2,34.8,0,11.9,37.2,0,
"Row11_30",8299,29,"2026-06-16T00:00:30.819Z",0.0097,"low-left",27,"regular","right-foot",0,"block",,,9199,0,53.5,19,10.1,77.1,0,8.1,71.1,0,
"Row11_31",8299,30,"2026-06-16T00:00:30.819Z",0.0199,"low-left",20,"assisted","right-foot",1,"block",,,740,0,52,19,29.3,57.5,0,18.8,54.1,0,
"Row11_32",8299,31,"2026-06-16T00:00:30.819Z",0.023,"left",19,"regular","left-foot",1,"miss",,,2249,0,97.3,30.6,24,53.2,0,24,50.4,0,
"Row11_33",8299,32,"2026-06-16T00:00:30.819Z",0.0252,"low-centre",15,"regular","right-foot",1,"save",0.0327,,744,0,48.7,5.7,24,29.9,0,1.2,47.5,0,
"Row12_1",8300,0,"2026-06-16T03:00:30.451Z",0.0949,"close-high",90,"set-piece","right-foot",1,"miss",,4,3537,0,46.9,55.6,9.1,44.6,0,,,,
"Row12_2",8300,1,"2026-06-16T03:00:30.451Z",0.0225,"low-centre",90,"assisted","right-foot",0,"block",,,14676,0,49.9,19.4,17.9,73.2,0,14.9,69.1,0,
"Row12_3",8300,2,"2026-06-16T03:00:30.451Z",0.1961,"high",87,"assisted","head",1,"miss",,,8676,0,50.4,72.2,8.3,48.7,0,,,,
"Row12_4",8300,3,"2026-06-16T03:00:30.451Z",0.072,"low-centre",84,"corner","right-foot",0,"block",,,862,0,50.4,19,15.3,48.3,0,12.4,48.6,0,
"Row12_5",8300,4,"2026-06-16T03:00:30.451Z",0.2209,"low-right",83,"set-piece","head",1,"save",0.421,,3537,0,47.8,14.6,8,45,0,1.9,48.2,0,
"Row12_6",8300,5,"2026-06-16T03:00:30.451Z",0.0181,"low-centre",79,"assisted","right-foot",0,"block",,,14682,0,49.5,19,25.7,35.4,0,22.7,37.2,0,
"Row12_7",8300,6,"2026-06-16T03:00:30.451Z",0.0653,"low-centre",78,"assisted","right-foot",1,"block",,,8676,0,50.8,16.7,15.3,48.3,0,13.2,48.6,0,
"Row12_8",8300,7,"2026-06-16T03:00:30.451Z",0.0497,"low-centre",73,"assisted","left-foot",1,"save",0.068,,1446,0,49.2,5.1,9.8,64.8,0,2,52.5,0,
"Row12_9",8300,8,"2026-06-16T03:00:30.451Z",,"high-left",66,"regular","left-foot",1,"goal",,,14676,0,53.7,26,5.7,48.5,0,,,,"own"
"Row12_10",8300,9,"2026-06-16T03:00:30.451Z",0.0596,"low-centre",65,"assisted","right-foot",0,"block",,,862,0,50.1,19.4,15.7,37.4,0,13.7,38.6,0,
"Row12_11",8300,10,"2026-06-16T03:00:30.451Z",0.1529,"low-centre",62,"assisted","right-foot",1,"save",0.0882,,4374,0,50.1,3.2,15.1,50.3,0,2.5,50.7,0,
"Row12_12",8300,11,"2026-06-16T03:00:30.451Z",0.0141,"close-left",62,"corner","left-foot",1,"miss",,,514,0,58.2,5.6,22.9,53.6,0,,,,
"Row12_13",8300,12,"2026-06-16T03:00:30.451Z",0.1021,"high-right",60,"fast-break","right-foot",0,"miss",,,862,0,42.4,75,11,66.7,0,,,,
"Row12_14",8300,13,"2026-06-16T03:00:30.451Z",0.0288,"low-centre",57,"assisted","left-foot",0,"block",,,14681,0,48.6,19,14.8,36.2,0,13.3,37.7,0,
"Row12_15",8300,14,"2026-06-16T03:00:30.451Z",0.1363,"left",55,"regular","right-foot",0,"miss",,,14683,0,99.7,1.4,7.1,66,0,1.9,0,0,
"Row12_16",8300,15,"2026-06-16T03:00:30.451Z",0.1433,"high-right",55,"assisted","head",0,"save",0.4981,,333,0,48.1,22.2,8.9,51.1,0,1.5,49.3,0,
"Row12_17",8300,16,"2026-06-16T03:00:30.451Z",0.066,"left",53,"free-kick","right-foot",1,"post",,,4374,0,55.4,17.7,21.5,36.2,0,,,,
"Row12_18",8300,17,"2026-06-16T03:00:30.451Z",0.2126,"low-centre",48,"assisted","right-foot",0,"block",,,862,0,49.5,19,11.4,46.8,0,9.3,47.3,0,
"Row12_19",8300,18,"2026-06-16T03:00:30.451Z",0.1336,"low-right",48,"regular","left-foot",0,"block",,,14729,0,48.1,6.9,13.2,49.3,0,11.2,49.8,0,
"Row12_20",8300,19,"2026-06-16T03:00:30.451Z",0.0155,"low-centre",45,"corner","right-foot",0,"block",,4,14676,0,51,19,24.2,52.8,0,17.9,51.8,0,
"Row12_21",8300,20,"2026-06-16T03:00:30.451Z",0.0504,"right",45,"regular","right-foot",0,"miss",,4,862,0,39.8,2.8,2.4,29.3,0,1.8,44.8,0,
"Row12_22",8300,21,"2026-06-16T03:00:30.451Z",0.1201,"high-right",45,"throw-in-set-piece","right-foot",1,"miss",,1,853,0,43.4,83.3,13.9,50.1,0,,,,
"Row12_23",8300,22,"2026-06-16T03:00:30.451Z",0.0326,"high-centre",43,"assisted","right-foot",1,"block",,,4374,0,50.6,23.6,25,62.2,0,17.6,58.7,0,
"Row12_24",8300,23,"2026-06-16T03:00:30.451Z",0.0836,"low-centre",39,"assisted","left-foot",1,"block",,,3461,0,49.3,19,18.6,45.4,0,10.7,47.6,0,
"Row12_25",8300,24,"2026-06-16T03:00:30.451Z",0.0961,"low-centre",38,"assisted","right-foot",1,"block",,,3461,0,48.7,11.1,14.3,57.9,0,12.9,57.2,0,
"Row12_26",8300,25,"2026-06-16T03:00:30.451Z",0.0243,"low-centre",33,"assisted","right-foot",0,"save",0.0284,,14729,0,51.3,3.8,14.4,74.7,0,1.4,52.9,0,
"Row12_27",8300,26,"2026-06-16T03:00:30.451Z",0.0392,"right",31,"assisted","head",1,"miss",,,514,0,34.1,4.2,12,46.4,0,,,,
"Row12_28",8300,27,"2026-06-16T03:00:30.451Z",0.0717,"low-left",20,"assisted","right-foot",0,"goal",0.1842,,14683,0,53.3,4.4,21.9,46.2,0,,,,"regular"
"Row12_29",8300,28,"2026-06-16T03:00:30.451Z",0.0598,"close-left",7,"assisted","right-foot",1,"miss",,,4374,0,57.1,12.5,19.2,44.8,0,,,,
"Row12_30",8300,29,"2026-06-16T03:00:30.451Z",0.0251,"low-centre",6,"assisted","left-foot",1,"block",,,3461,0,49.9,19,22.5,56.7,0,20.6,56.1,0,
"Row13_1",8301,0,"2026-06-16T06:00:30.430Z",0.0345,"low-centre",90,"corner","right-foot",0,"block",,8,10229,0,49.9,19,13,67.6,0,8.5,61.6,0,
"Row13_2",8301,1,"2026-06-16T06:00:30.430Z",0.0168,"low-left",90,"assisted","right-foot",0,"save",0.0305,6,10110,0,52.9,3.8,21.4,21.6,0,0.90000000000001,45.7,0,
"Row13_3",8301,2,"2026-06-16T06:00:30.430Z",0.0092,"left",90,"corner","right-foot",0,"miss",,6,48,0,76.3,2.8,26.3,57.3,0,19,47.8,0,
"Row13_4",8301,3,"2026-06-16T06:00:30.430Z",0.0375,"low-centre",90,"assisted","right-foot",0,"block",,5,593,0,48.7,19,14.7,70.9,0,8.8,63,0,
"Row13_5",8301,4,"2026-06-16T06:00:30.430Z",0.0324,"close-right",90,"corner","head",0,"miss",,3,10103,0,42.7,23.6,9.2,58.6,0,,,,
"Row13_6",8301,5,"2026-06-16T06:00:30.430Z",0.0174,"low-right",90,"corner","right-foot",0,"save",0.0781,3,593,0,46.7,3.2,21.6,32,0,1.5,48.6,0,
"Row13_7",8301,6,"2026-06-16T06:00:30.430Z",0.1,"low-centre",90,"assisted","left-foot",0,"save",0.0708,1,61,0,50.2,19,14.4,41.9,0,1.1,47.6,0,
"Row13_8",8301,7,"2026-06-16T06:00:30.430Z",0.0586,"left",90,"assisted","head",0,"miss",,,1089,0,60.8,22.2,7.3,59.2,0,3.8,50,0,
"Row13_9",8301,8,"2026-06-16T06:00:30.430Z",0.0438,"high",87,"regular","right-foot",1,"miss",,,1418,0,48.7,63.9,16.9,64,0,,,,
"Row13_10",8301,9,"2026-06-16T06:00:30.430Z",0.0197,"low-centre",87,"regular","right-foot",1,"block",,,7998,0,50.1,19,26.6,57.9,0,20.7,56.1,0,
"Row13_11",8301,10,"2026-06-16T06:00:30.430Z",0.0119,"close-right",83,"assisted","right-foot",0,"miss",,,10110,0,42.4,19.4,20.8,25.5,0,,,,
"Row13_12",8301,11,"2026-06-16T06:00:30.430Z",0.0949,"close-high",83,"corner","head",0,"miss",,,10103,0,54.6,56.9,7.1,54.4,0,,,,
"Row13_13",8301,12,"2026-06-16T06:00:30.430Z",0.0191,"low-centre",82,"assisted","left-foot",0,"block",,,10229,0,50.4,19,26.5,30.6,0,21.1,34.5,0,
"Row13_14",8301,13,"2026-06-16T06:00:30.430Z",0.1751,"low-left",80,"regular","left-foot",0,"goal",0.2843,,1215,0,53.5,15.8,4.1,37.7,0,,,,"regular"
"Row13_15",8301,14,"2026-06-16T06:00:30.430Z",0.3027,"low-left",80,"assisted","head",0,"save",0.4216,,1973,0,51.9,19,7.7,51.2,0,1,50.4,0,
"Row13_16",8301,15,"2026-06-16T06:00:30.430Z",0.0516,"low-centre",79,"assisted","left-foot",0,"block",,,61,0,50.1,19,22.5,60.1,0,17.7,57.9,0,
"Row13_17",8301,16,"2026-06-16T06:00:30.430Z",0.0283,"low-centre",67,"set-piece","right-foot",0,"block",,,48,0,50.4,19,20.4,62.4,0,16.2,59.7,0,
"Row13_18",8301,17,"2026-06-16T06:00:30.430Z",0.0296,"high-left",67,"free-kick","right-foot",0,"save",0.046,,593,0,52.3,22.2,5.6,14.8,0,0.59999999999999,44.4,0,
"Row13_19",8301,18,"2026-06-16T06:00:30.430Z",0.0612,"left",60,"regular","left-foot",0,"miss",,,10229,0,82.4,4.2,9.8,36,0,,,,
"Row13_20",8301,19,"2026-06-16T06:00:30.430Z",0.0174,"low-left",60,"assisted","right-foot",0,"save",0.1611,,1806,0,53.9,5.1,24.8,62.2,0,1.8,51.4,0,
"Row13_21",8301,20,"2026-06-16T06:00:30.430Z",0.0198,"high-right",59,"assisted","other",0,"miss",,,2908,0,43.7,61.1,10.3,62.4,0,,,,
"Row13_22",8301,21,"2026-06-16T06:00:30.430Z",0.0145,"close-left",54,"corner","right-foot",0,"miss",,,1806,0,59.2,1.4,23.7,43.6,0,1.1,42.6,0,
"Row13_23",8301,22,"2026-06-16T06:00:30.430Z",0.0488,"low-right",54,"corner","head",0,"block",,,1089,0,46.7,19,9.9,48.3,0,3.3,51.6,0,
"Row13_24",8301,23,"2026-06-16T06:00:30.430Z",0.0591,"close-left",50,"corner","head",0,"miss",,,1973,0,57.5,4.2,8.7,47.5,0,,,,
"Row13_25",8301,24,"2026-06-16T06:00:30.430Z",0.0388,"low-centre",46,"assisted","head",0,"save",0.0351,,1973,0,49.1,15.2,11.1,55.6,0,1.4,52.5,0,
"Row13_26",8301,25,"2026-06-16T06:00:30.430Z",0.1222,"right",45,"corner","head",0,"miss",,1,8000,0,4.2,9.7,4.8,44.4,0,11,93.2,0,
"Row13_27",8301,26,"2026-06-16T06:00:30.430Z",0.0524,"high-left",45,"set-piece","head",0,"save",0.3311,,1973,0,52.6,26,8.1,57.6,0,1.5,52.3,0,
"Row13_28",8301,27,"2026-06-16T06:00:30.430Z",0.7859,"low-centre",41,"corner","right-foot",1,"goal",0.3186,,7886,0,49.4,8.2,3.2,50.1,0,,,,"regular"
"Row13_29",8301,28,"2026-06-16T06:00:30.430Z",0.0893,"low-centre",40,"corner","head",1,"save",0.072,,7998,0,51,18.4,9.4,48.1,0,1.4,49.8,0,
"Row13_30",8301,29,"2026-06-16T06:00:30.430Z",0.0254,"right",39,"throw-in-set-piece","right-foot",1,"miss",,,7883,0,21.9,5.6,24.6,30.7,0,,,,
"Row13_31",8301,30,"2026-06-16T06:00:30.430Z",0.07,"high-centre",38,"corner","right-foot",1,"save",0.3467,,7886,0,48.7,23.4,10.4,45.9,0,1.9,48.4,0,
"Row13_32",8301,31,"2026-06-16T06:00:30.430Z",0.1003,"right",21,"set-piece","head",0,"miss",,,723,0,27.1,22.2,7.8,47.4,0,1.8,66.8,0,
"Row13_33",8301,32,"2026-06-16T06:00:30.430Z",0.0299,"close-right",18,"regular","right-foot",1,"miss",,,7999,0,43,27.8,21.9,26.4,0,,,,
"Row13_34",8301,33,"2026-06-16T06:00:30.430Z",0.049,"low-centre",5,"corner","head",0,"block",,,1973,0,49.4,19,9.2,53,0,6.7,52.3,0,
"Row13_35",8301,34,"2026-06-16T06:00:30.430Z",0.0612,"low-centre",5,"assisted","left-foot",0,"save",0.0557,,1215,0,51.4,19.6,18.7,36.2,0,0.5,47.1,0,
"Row14_1",8302,0,"2026-06-16T09:00:30.994Z",0.0477,"high-centre",90,"assisted","head",0,"save",0.2549,3,4472,0,51.8,26,9.2,57,0,2,52.7,0,
"Row14_2",8302,1,"2026-06-16T09:00:30.994Z",0.0769,"left",89,"corner","left-foot",1,"miss",,,16831,0,100,6.9,9,58.4,0,1.6,14.1,0,
"Row14_3",8302,2,"2026-06-16T09:00:30.994Z",0.0441,"high-centre",87,"assisted","right-foot",1,"save",0.0471,,53951,0,50.6,30.4,23.3,38.4,0,2.5,49.3,0,
"Row14_4",8302,3,"2026-06-16T09:00:30.994Z",0.0268,"high-right",85,"regular","right-foot",1,"miss",,,53951,0,40.3,87.5,26.8,62,0,,,,
"Row14_5",8302,4,"2026-06-16T09:00:30.994Z",0.0914,"low-centre",85,"regular","left-foot",1,"block",,,21423,0,50.6,19,13.5,59.3,0,11.5,57.8,0,
"Row14_6",8302,5,"2026-06-16T09:00:30.994Z",0.4506,"high-right",81,"set-piece","head",0,"miss",,,9220,0,1.7,54.2,4.8,51.9,0,8,80.9,0,
"Row14_7",8302,6,"2026-06-16T09:00:30.994Z",0.071,"high-right",80,"assisted","head",1,"miss",,,3487,0,34.6,47.2,8,43.6,0,,,,
"Row14_8",8302,7,"2026-06-16T09:00:30.994Z",0.0253,"low-left",76,"assisted","left-foot",1,"block",,,16836,0,52,19,24.1,35,0,17.7,38.4,0,
"Row14_9",8302,8,"2026-06-16T09:00:30.994Z",0.0343,"low-left",73,"assisted","right-foot",1,"block",,,16834,0,52.1,19,11.4,34.4,0,8.9,37.4,0,
"Row14_10",8302,9,"2026-06-16T09:00:30.994Z",0.2846,"low-left",64,"assisted","head",1,"goal",0.875,,16834,0,53.4,8.2,8.6,50,0,,,,"regular"
"Row14_11",8302,10,"2026-06-16T09:00:30.994Z",0.0163,"low-centre",61,"set-piece","left-foot",0,"save",0.016,,55975,0,50.1,14.6,10.7,33.7,0,2,46.9,0,
"Row14_12",8302,11,"2026-06-16T09:00:30.994Z",0.1976,"low-centre",55,"fast-break","right-foot",0,"goal",0.1731,,5955,0,48.7,19.6,10.6,63.2,0,,,,"regular"
"Row14_13",8302,12,"2026-06-16T09:00:30.994Z",0.0351,"high-left",51,"assisted","left-foot",1,"miss",,,55325,0,58.3,80.6,19.8,70.3,0,,,,
"Row14_14",8302,13,"2026-06-16T09:00:30.994Z",0.0311,"low-centre",49,"corner","right-foot",1,"block",,,55770,0,50.1,19,18.7,60,0,14.2,57.6,0,
"Row14_15",8302,14,"2026-06-16T09:00:30.994Z",0.0312,"high-right",47,"assisted","right-foot",0,"miss",,,4472,0,39.8,83.3,26.4,56.2,0,,,,
"Row14_16",8302,15,"2026-06-16T09:00:30.994Z",0.065,"close-high-right",45,"throw-in-set-piece","head",1,"miss",,3,55325,0,44,52.8,4.5,60.5,0,,,,
"Row14_17",8302,16,"2026-06-16T09:00:30.994Z",0.0193,"low-right",45,"assisted","left-foot",0,"save",0.0436,1,29409,0,47.4,3.8,26.5,57,0,1.9,50.2,0,
"Row14_18",8302,17,"2026-06-16T09:00:30.994Z",0.0382,"low-centre",45,"free-kick","right-foot",0,"save",0.029,,4472,0,51.3,2.5,22,22.3,0,1.1,49.1,0,
"Row14_19",8302,18,"2026-06-16T09:00:30.994Z",0.3697,"low-left",32,"regular","right-foot",1,"goal",0.8253,,16838,0,52.3,15.2,6.4,55.1,0,,,,"regular"
"Row14_20",8302,19,"2026-06-16T09:00:30.994Z",0.0816,"low-centre",32,"regular","right-foot",1,"block",,,55325,0,49.7,19,9.5,57.5,0,7.5,56,0,
"Row14_21",8302,20,"2026-06-16T09:00:30.994Z",0.053,"high",30,"assisted","left-foot",1,"miss",,,16833,0,50.9,75,13.1,64.5,0,,,,
"Row14_22",8302,21,"2026-06-16T09:00:30.994Z",0.0225,"low-right",30,"assisted","left-foot",0,"save",0.097,,6946,0,47.4,1.9,7.7,29.5,0,1,46,0,
"Row14_23",8302,22,"2026-06-16T09:00:30.994Z",0.0667,"right",29,"regular","right-foot",1,"miss",,,16833,0,39,31.9,27.1,66.8,0,,,,
"Row14_24",8302,23,"2026-06-16T09:00:30.994Z",0.1337,"right",23,"fast-break","right-foot",1,"post",,,3487,0,44.7,24.1,19.6,54.1,0,,,,
"Row14_25",8302,24,"2026-06-16T09:00:30.994Z",0.0303,"low-centre",19,"assisted","left-foot",0,"save",0.0217,,55975,0,51,8.9,26.8,55,0,3.3,50.9,0,
"Row14_26",8302,25,"2026-06-16T09:00:30.994Z",0.1054,"low-centre",15,"corner","right-foot",0,"block",,,4472,0,50.5,19,8.1,50.3,0,6,50.1,0,
"Row14_27",8302,26,"2026-06-16T09:00:30.994Z",0.0327,"left",14,"corner","right-foot",0,"miss",,,29409,0,61.5,23.6,13.9,60.5,0,6.8,51.4,0,
"Row14_28",8302,27,"2026-06-16T09:00:30.994Z",0.032,"low-centre",14,"throw-in-set-piece","right-foot",0,"block",,,6528,0,48.6,19,9.8,67.7,0,8,64.8,0,
"Row14_29",8302,28,"2026-06-16T09:00:30.994Z",0.1064,"right",12,"assisted","left-foot",0,"miss",,,55975,0,33.6,4.2,12.5,38.9,0,,,,
"Row14_30",8302,29,"2026-06-16T09:00:30.994Z",0.1095,"high-centre",7,"assisted","right-foot",0,"goal",0.4698,,5955,0,48.2,29.8,9.2,52.4,0,,,,"regular"
"Row14_31",8302,30,"2026-06-16T09:00:30.994Z",0.0483,"low-centre",6,"assisted","right-foot",1,"save",0.0532,,16828,0,50.4,3.2,10.1,30.5,0,2.4,44,0,
"Row15_1",8304,0,"2026-06-17T03:00:30.980Z",0.0274,"high-left",90,"regular","right-foot",1,"goal",0.1349,6,594,0,52.9,25.3,27.6,53.2,0,,,,"regular"
"Row15_2",8304,1,"2026-06-17T03:00:30.980Z",0.0619,"high-right",90,"fast-break","right-foot",0,"goal",0.1014,5,2255,0,47.1,24.7,9.8,69.8,0,,,,"regular"
"Row15_3",8304,2,"2026-06-17T03:00:30.980Z",0.097,"low-left",85,"assisted","left-foot",1,"save",0.2303,,594,0,52.7,3.2,15.3,48.3,0,1.2,49.6,0,
"Row15_4",8304,3,"2026-06-17T03:00:30.980Z",0.5027,"low-right",82,"fast-break","right-foot",1,"goal",0.5855,,2261,0,47.4,8.2,9.5,64,0,,,,"regular"
"Row15_5",8304,4,"2026-06-17T03:00:30.980Z",0.0185,"low-left",74,"assisted","left-foot",1,"save",0.1745,,4324,0,52.8,5.1,9.2,28.4,0,2.3,43.7,0,
"Row15_6",8304,5,"2026-06-17T03:00:30.980Z",0.0304,"low-right",72,"regular","left-foot",1,"save",0.0506,,2467,0,47.4,3.2,19.7,64.4,0,1.5,51.6,0,
"Row15_7",8304,6,"2026-06-17T03:00:30.980Z",0.2882,"low-centre",66,"assisted","right-foot",1,"goal",0.3383,,594,0,51.5,1.9,7.6,61.7,0,,,,"regular"
"Row15_8",8304,7,"2026-06-17T03:00:30.980Z",0.1154,"low-centre",65,"assisted","left-foot",1,"block",,,7994,0,49.4,8.3,14.7,43.2,0,12.4,44.2,0,
"Row15_9",8304,8,"2026-06-17T03:00:30.980Z",0.3788,"low-centre",57,"assisted","right-foot",1,"save",0.2422,,594,0,49.9,3.8,11.3,44,0,7.3,45.8,0,
"Row15_10",8304,9,"2026-06-17T03:00:30.980Z",0.3735,"low-centre",53,"assisted","left-foot",1,"save",0.2469,,2467,0,50.3,2.5,10.8,39.5,0,6.7,43.1,0,
"Row15_11",8304,10,"2026-06-17T03:00:30.980Z",0.0367,"close-left",47,"assisted","left-foot",1,"miss",,,4324,0,58.3,12.5,22.8,46.6,0,,,,
"Row15_12",8304,11,"2026-06-17T03:00:30.980Z",0.1944,"high",45,"regular","right-foot",0,"miss",,6,1787,0,47.6,76.4,7.7,55,0,,,,
"Row15_13",8304,12,"2026-06-17T03:00:30.980Z",0.0342,"high-centre",40,"assisted","right-foot",0,"save",0.011,,7879,0,50.1,20.9,26.5,51.1,0,1.9,50.2,0,
"Row15_14",8304,13,"2026-06-17T03:00:30.980Z",0.0447,"high-right",31,"assisted","right-foot",0,"miss",,,1787,0,38.8,80.6,18.1,56,0,,,,
"Row15_15",8304,14,"2026-06-17T03:00:30.980Z",0.1289,"left",25,"fast-break","left-foot",0,"post",,,2471,0,55,5.1,10.4,31.3,0,,,,
"Row15_16",8304,15,"2026-06-17T03:00:30.980Z",0.0215,"low-centre",19,"assisted","left-foot",1,"block",,,2253,0,51.7,19,22.8,68,0,10.7,57.6,0,
"Row15_17",8304,16,"2026-06-17T03:00:30.980Z",0.0362,"low-centre",7,"assisted","right-foot",0,"block",,,1787,0,48.9,19,9.6,67.3,0,8.6,65.5,0,
"Row16_1",8305,0,"2026-06-17T06:00:31.804Z",,"low-right",90,"set-piece","other",0,"goal",,6,54107,0,46.8,13.9,2.6,48.6,0,,,,"own"
"Row16_2",8305,1,"2026-06-17T06:00:31.804Z",0.0695,"close-right",90,"set-piece","head",0,"miss",,6,852,0,41.5,8.3,3.5,39.5,0,1.8,51.1,0,
"Row16_3",8305,2,"2026-06-17T06:00:31.804Z",0.0602,"close-left",90,"assisted","right-foot",0,"miss",,1,2850,0,58,4.2,8.8,36.2,0,,,,
"Row16_4",8305,3,"2026-06-17T06:00:31.804Z",0.1715,"low-centre",83,"regular","left-foot",0,"save",0.156,,852,0,50.3,9.5,9.7,69.6,0,6.3,63.5,0,
"Row16_5",8305,4,"2026-06-17T06:00:31.804Z",0.0459,"right",82,"set-piece","head",0,"miss",,,2590,0,37.8,13.9,10.9,54,0,,,,
"Row16_6",8305,5,"2026-06-17T06:00:31.804Z",0.2369,"high-centre",76,"corner","head",0,"goal",0.8835,,2590,0,51.2,26,3.6,52.2,0,,,,"regular"
"Row16_7",8305,6,"2026-06-17T06:00:31.804Z",0.11,"low-centre",76,"assisted","left-foot",0,"block",,,2850,0,48.7,19,8.5,65,0,5.9,60.8,0,
"Row16_8",8305,7,"2026-06-17T06:00:31.804Z",0.03,"close-high",63,"assisted","right-foot",1,"miss",,,13840,0,50.4,52.8,3.6,67,0,,,,
"Row16_9",8305,8,"2026-06-17T06:00:31.804Z",0.0339,"left",53,"assisted","head",1,"miss",,,54107,0,60.2,4.2,12,53,0,,,,
"Row16_10",8305,9,"2026-06-17T06:00:31.804Z",0.0312,"high",45,"corner","left-foot",1,"miss",,6,53948,0,53.5,61.1,22,54.4,0,,,,
"Row16_11",8305,10,"2026-06-17T06:00:31.804Z",0.1354,"low-left",45,"fast-break","right-foot",1,"block",,5,7175,0,51.9,4.2,17.8,59.1,0,16.3,58.3,0,
"Row16_12",8305,11,"2026-06-17T06:00:31.804Z",0.1078,"high-left",45,"corner","head",1,"miss",,4,53947,0,61,48.6,4.8,43.5,0,,,,
"Row16_13",8305,12,"2026-06-17T06:00:31.804Z",0.1916,"low-right",45,"assisted","right-foot",1,"block",,3,8316,0,46.2,18.1,4.1,57.4,0,2.4,55.4,0,
"Row16_14",8305,13,"2026-06-17T06:00:31.804Z",0.0202,"right",45,"assisted","other",1,"miss",,3,7175,0,37.1,16.7,8.8,55.8,0,3.7,59.9,0,
"Row16_15",8305,14,"2026-06-17T06:00:31.804Z",0.3734,"low-centre",43,"regular","right-foot",0,"goal",0.423,,852,0,50.8,3.8,3.8,48.4,0,,,,"regular"
"Row16_16",8305,15,"2026-06-17T06:00:31.804Z",0.4805,"low-centre",43,"regular","right-foot",0,"save",0.3239,,852,0,50.6,3.8,3.9,47.4,0,2.8,47.8,0,
"Row16_17",8305,16,"2026-06-17T06:00:31.804Z",0.0876,"low-right",39,"assisted","head",1,"goal",0.5481,,54107,0,46.3,12.7,8.2,52.6,0,,,,"regular"
"Row16_18",8305,17,"2026-06-17T06:00:31.804Z",0.0371,"right",37,"assisted","left-foot",0,"miss",,,447,0,40.2,4.2,21.9,39.5,0,,,,
"Row16_19",8305,18,"2026-06-17T06:00:31.804Z",0.1057,"low-left",31,"fast-break","left-foot",0,"block",,,774,0,53.4,19,8.7,36.3,0,7.3,37.9,0,
"Row16_20",8305,19,"2026-06-17T06:00:31.804Z",0.8323,"high-right",29,"assisted","left-foot",0,"goal",0.9947,,852,0,47.9,20.9,2.4,53.4,0,,,,"regular"
"Row16_21",8305,20,"2026-06-17T06:00:31.804Z",0.0087,"high-left",28,"set-piece","left-foot",1,"miss",,,53947,0,61.9,69.4,22.9,32.9,0,,,,
"Row16_22",8305,21,"2026-06-17T06:00:31.804Z",0.0822,"low-centre",24,"set-piece","head",0,"block",,,774,0,49.4,19,8.3,52.1,0,6.7,51.8,0,
"Row16_23",8305,22,"2026-06-17T06:00:31.804Z",0.1721,"high",20,"corner","head",0,"miss",,,852,0,54.3,84.7,6.6,51.7,0,,,,
"Row16_24",8305,23,"2026-06-17T06:00:31.804Z",0.0372,"high",13,"assisted","right-foot",1,"miss",,,7175,0,47.2,88.9,15.1,59.2,0,,,,
"Row16_25",8305,24,"2026-06-17T06:00:31.804Z",0.0847,"high",5,"set-piece","head",1,"miss",,,54107,0,55.6,84.7,8.1,47,0,,,,
"Row17_1",8306,0,"2026-06-17T09:00:31.349Z",0.0744,"low-centre",86,"free-kick","left-foot",0,"block",,,8116,0,50.2,19,22.5,61.8,0,14.2,57.4,0,
"Row17_2",8306,1,"2026-06-17T09:00:31.349Z",0.1341,"low-left",76,"assisted","left-foot",1,"goal",0.5933,,9063,0,54.1,7.6,16.9,47.4,0,,,,"regular"
"Row17_3",8306,2,"2026-06-17T09:00:31.349Z",0.0716,"close-left",69,"assisted","right-foot",0,"miss",,,8230,0,58.5,2.8,21.3,56.4,0,,,,
"Row17_4",8306,3,"2026-06-17T09:00:31.349Z",0.1195,"high-centre",66,"assisted","left-foot",1,"save",0.0492,,9063,0,49.9,29.1,17.3,48.7,0,6.2,49.5,0,
"Row17_5",8306,4,"2026-06-17T09:00:31.349Z",0.5692,"low-right",60,"regular","right-foot",1,"goal",0.7736,,9063,0,46.8,1.9,8.9,47.2,0,,,,"regular"
"Row17_6",8306,5,"2026-06-17T09:00:31.349Z",0.0319,"low-centre",60,"regular","right-foot",1,"save",0.0125,,328,0,49.4,3.2,26,42.3,0,1.4,49.8,0,
"Row17_7",8306,6,"2026-06-17T09:00:31.349Z",0.0583,"low-right",57,"assisted","right-foot",0,"block",,,2140,0,47,19,21.9,40.9,0,17.9,43.1,0,
"Row17_8",8306,7,"2026-06-17T09:00:31.349Z",0.1177,"low-left",54,"fast-break","right-foot",1,"save",0.401,,1687,0,52.5,0.6,12,66.7,0,2.4,55.1,0,
"Row17_9",8306,8,"2026-06-17T09:00:31.349Z",0.0852,"high-left",51,"assisted","left-foot",1,"miss",,,9063,0,58.8,65.3,20.9,59.3,0,,,,
"Row17_10",8306,9,"2026-06-17T09:00:31.349Z",0.0504,"high",45,"set-piece","head",1,"miss",,5,328,0,48.7,69.4,11.2,46.2,0,,,,
"Row17_11",8306,10,"2026-06-17T09:00:31.349Z",0.0371,"low-left",45,"assisted","left-foot",0,"block",,4,3368,0,52.5,19,14.5,68.1,0,7.2,57.8,0,
"Row17_12",8306,11,"2026-06-17T09:00:31.349Z",0.0074,"close-right",45,"assisted","right-foot",0,"miss",,,1351,0,44,13.9,3.2,75.4,0,,,,
"Row17_13",8306,12,"2026-06-17T09:00:31.349Z",0.0252,"high",44,"assisted","right-foot",0,"miss",,,1351,0,44.5,98.6,26,48.3,0,,,,
"Row17_14",8306,13,"2026-06-17T09:00:31.349Z",0.0243,"high-right",42,"assisted","right-foot",1,"miss",,,773,0,37.8,84.7,24.5,31.3,0,,,,
"Row17_15",8306,14,"2026-06-17T09:00:31.349Z",0.0336,"left",41,"corner","head",0,"miss",,,1351,0,65.9,8.3,10.8,42.1,0,,,,
"Row17_16",8306,15,"2026-06-17T09:00:31.349Z",0.0261,"left",37,"free-kick","left-foot",1,"miss",,,9063,0,60.8,5.6,34.2,26.7,0,10.5,35.9,0,
"Row17_17",8306,16,"2026-06-17T09:00:31.349Z",0.0946,"high-right",17,"assisted","left-foot",1,"goal",0.1518,,9063,0,46.9,27.9,20.7,44.4,0,,,,"regular"
"Row18_1",8303,0,"2026-06-17T12:00:31.411Z",0.7884,"low-left",90,"penalty","right-foot",1,"goal",0.5978,12,3065,0,53,13.9,11.5,50,0,,,,"penalty"
"Row18_2",8303,1,"2026-06-17T12:00:31.411Z",0.0113,"high-right",90,"corner","right-foot",1,"miss",,4,2457,0,23.2,73.6,25.3,45.2,0,,,,
"Row18_3",8303,2,"2026-06-17T12:00:31.411Z",0.0168,"close-right",90,"set-piece","left-foot",0,"miss",,3,8821,0,40.8,4.2,29.1,50,0,,,,
"Row18_4",8303,3,"2026-06-17T12:00:31.411Z",0.3169,"low-centre",90,"regular","left-foot",1,"save",0.2708,2,3065,0,51.7,4.4,13.3,41.3,0,6.8,44.9,0,
"Row18_5",8303,4,"2026-06-17T12:00:31.411Z",,"high-right",76,"corner","head",1,"goal",,,16702,0,46.5,21.5,4.6,44.9,0,,,,"own"
"Row18_6",8303,5,"2026-06-17T12:00:31.411Z",0.2027,"low-centre",63,"assisted","right-foot",1,"save",,,2170,0,48.9,6.9,11,58.3,0,6.2,56.1,0,
"Row18_7",8303,6,"2026-06-17T12:00:31.411Z",0.073,"high",60,"assisted","right-foot",1,"miss",,,2832,0,46.1,88.9,13.8,64.2,0,,,,
"Row18_8",8303,7,"2026-06-17T12:00:31.411Z",0.0661,"low-centre",55,"assisted","right-foot",0,"block",,,55283,0,48.4,19,15,50,0,13.3,50.2,0,
"Row18_9",8303,8,"2026-06-17T12:00:31.411Z",0.0854,"low-right",50,"fast-break","right-foot",0,"goal",0.7843,,55283,0,45.4,18.4,13.6,36,0,,,,"regular"
"Row18_10",8303,9,"2026-06-17T12:00:31.411Z",0.0154,"high",45,"assisted","right-foot",1,"miss",,4,4824,0,45.2,93.1,28.7,24.9,0,,,,
"Row18_11",8303,10,"2026-06-17T12:00:31.411Z",0.0265,"close-right",45,"assisted","left-foot",0,"miss",,1,2809,0,42.2,2.8,15.6,65,0,,,,
"Row18_12",8303,11,"2026-06-17T12:00:31.411Z",0.0112,"right",44,"set-piece","left-foot",0,"miss",,,2809,0,35.1,13.9,22.9,31.6,0,10.5,47.8,0,
"Row18_13",8303,12,"2026-06-17T12:00:31.411Z",0.0937,"high-left",34,"regular","left-foot",0,"block",,,2809,0,54.5,29.2,11.1,54.8,0,6.3,51.6,0,
"Row18_14",8303,13,"2026-06-17T12:00:31.411Z",0.0738,"high-left",34,"assisted","right-foot",0,"save",0.6018,,55283,0,54.3,20.9,11.1,65.8,0,1.8,53.8,0,
"Row18_15",8303,14,"2026-06-17T12:00:31.411Z",0.0707,"high-left",33,"regular","right-foot",1,"miss",,,2832,0,66.9,70.8,7.3,62.7,0,,,,
"Row18_16",8303,15,"2026-06-17T12:00:31.411Z",0.1089,"right",30,"assisted","head",1,"miss",,,4824,0,3.9,1.4,9.9,49,0,14.5,83.6,0,
"Row18_17",8303,16,"2026-06-17T12:00:31.411Z",0.0893,"high",22,"corner","head",0,"post",,,55283,0,48.4,39.2,4.2,39.4,0,,,,
"Row18_18",8303,17,"2026-06-17T12:00:31.411Z",0.0435,"high-right",21,"assisted","right-foot",1,"goal",0.4014,,2504,0,46.3,23.4,22.2,46.6,0,,,,"regular"
"Row18_19",8303,18,"2026-06-17T12:00:31.411Z",0.0145,"low-right",19,"assisted","left-foot",1,"block",,,2161,0,45.6,19.4,20.1,30.4,0,18.5,31.9,0,
"Row18_20",8303,19,"2026-06-17T12:00:31.411Z",0.0465,"high-centre",17,"set-piece","right-foot",0,"save",0.254,,14727,0,51.1,32.3,18.8,57.5,0,2,51.3,0,
"Row18_21",8303,20,"2026-06-17T12:00:31.411Z",0.0177,"right",11,"regular","left-foot",1,"miss",,,4020,0,40.2,4.2,30.4,50.9,0,18,55.2,0,
"Row18_22",8303,21,"2026-06-17T12:00:31.411Z",0.0111,"low-right",9,"assisted","left-foot",0,"save",0.055,,2809,0,47.8,1.9,20.2,76.4,0,1.6,53.2,0,
"Row18_23",8303,22,"2026-06-17T12:00:31.411Z",0.0172,"close-right",2,"assisted","right-foot",0,"miss",,,55790,0,43.7,2.8,3.9,69.9,0,,,,
"Row19_1",8307,0,"2026-06-18T01:00:31.916Z",0.083,"left",90,"assisted","head",1,"miss",,2,7880,0,83.2,5.6,9,51.2,0,6,19.1,0,
"Row19_2",8307,1,"2026-06-18T01:00:31.916Z",0.0401,"close-right",90,"regular","left-foot",1,"miss",,,1794,0,42.5,4.2,24,59.7,0,,,,
"Row19_3",8307,2,"2026-06-18T01:00:31.916Z",0.074,"low-right",78,"assisted","left-foot",1,"block",,,2183,0,47.3,19,10.1,65.8,0,8.8,64.1,0,
"Row19_4",8307,3,"2026-06-18T01:00:31.916Z",0.1324,"high",77,"fast-break","right-foot",0,"miss",,,1588,0,55.5,63.9,18.2,45,0,,,,
"Row19_5",8307,4,"2026-06-18T01:00:31.916Z",0.1765,"close-right",74,"assisted","right-foot",1,"miss",,,7880,0,41,16.7,8.8,52.9,0,,,,
"Row19_6",8307,5,"2026-06-18T01:00:31.916Z",0.1738,"close-right",68,"assisted","right-foot",1,"miss",,,7880,0,41.7,13.9,8.6,55.8,0,,,,
"Row19_7",8307,6,"2026-06-18T01:00:31.916Z",0.1873,"close-right",63,"throw-in-set-piece","head",0,"miss",,,12599,0,41.2,6.9,6.6,51.5,0,,,,
"Row19_8",8307,7,"2026-06-18T01:00:31.916Z",0.3501,"high-left",45,"corner","head",0,"goal",0.8862,5,5140,0,52.4,31.7,5.5,46.6,0,,,,"regular"
"Row19_9",8307,8,"2026-06-18T01:00:31.916Z",0.033,"low-centre",45,"fast-break","left-foot",0,"block",,3,11283,0,50.3,19,24,46.9,0,19.2,47.5,0,
"Row19_10",8307,9,"2026-06-18T01:00:31.916Z",0.0358,"low-centre",45,"assisted","left-foot",0,"block",,1,11283,0,50.8,19,25,61.7,0,17.5,57.9,0,
"Row19_11",8307,10,"2026-06-18T01:00:31.916Z",0.0171,"low-centre",39,"assisted","right-foot",1,"block",,,1794,0,50.3,19,25.1,32.5,0,12.5,41.1,0,
"Row19_12",8307,11,"2026-06-18T01:00:31.916Z",0.0302,"high-right",33,"assisted","left-foot",0,"save",0.1416,,6695,0,47.4,26.6,24.6,34.4,0,1.2,50.2,0,
"Row19_13",8307,12,"2026-06-18T01:00:31.916Z",0.0307,"low-right",14,"assisted","right-foot",0,"block",,,1588,0,47.9,19,22.5,62.5,0,15.8,59.4,0,
"Row19_14",8307,13,"2026-06-18T01:00:31.916Z",0.0186,"close-left",11,"regular","left-foot",0,"miss",,,5140,0,57,2.8,22,62.5,0,,,,
"Row19_15",8307,14,"2026-06-18T01:00:31.916Z",0.0524,"low-right",6,"assisted","head",1,"goal",0.5263,,2247,0,46.4,19,10.1,46.8,0,,,,"regular"
"Row20_1",8308,0,"2026-06-18T04:00:31.820Z",0.0377,"high-right",90,"throw-in-set-piece","right-foot",1,"miss",,6,2466,0,4.4,65.3,11.1,30.7,0,,,,
"Row20_2",8308,1,"2026-06-18T04:00:31.820Z",0.1743,"low-centre",90,"corner","right-foot",0,"block",,5,846,0,49.4,19,5,43.1,0,2.8,46.4,0,
"Row20_3",8308,2,"2026-06-18T04:00:31.820Z",0.0176,"low-left",90,"assisted","right-foot",0,"block",,4,2387,0,52.7,19,24.8,30.1,0,20.3,33.2,0,
"Row20_4",8308,3,"2026-06-18T04:00:31.820Z",0.0573,"low-right",85,"assisted","right-foot",1,"goal",0.5027,,750,0,46.5,6.3,12.8,39.3,0,,,,"regular"
"Row20_5",8308,4,"2026-06-18T04:00:31.820Z",0.0247,"low-left",84,"regular","right-foot",0,"save",0.1041,,4350,0,53.3,0.6,25.3,56.4,0,1.5,50.9,0,
"Row20_6",8308,5,"2026-06-18T04:00:31.820Z",0.3569,"low-centre",82,"assisted","right-foot",1,"save",0.2748,,735,0,50.7,1.3,12.2,57.6,0,7.2,54.5,0,
"Row20_7",8308,6,"2026-06-18T04:00:31.820Z",0.0115,"high",81,"regular","right-foot",0,"miss",,,1685,0,47.1,73.6,24.6,63.6,0,,,,
"Row20_8",8308,7,"2026-06-18T04:00:31.820Z",0.0192,"low-left",77,"throw-in-set-piece","right-foot",0,"save",0.2418,,1183,0,54.4,15.2,29.9,48.8,0,1.1,50.2,0,
"Row20_9",8308,8,"2026-06-18T04:00:31.820Z",0.0578,"low-centre",76,"assisted","left-foot",0,"save",0.0444,,9568,0,49.2,17.1,8.8,68.4,0,0.90000000000001,53.4,0,
"Row20_10",8308,9,"2026-06-18T04:00:31.820Z",0.0254,"low-centre",69,"assisted","right-foot",1,"block",,,711,0,48.9,19,13,31.9,0,9.5,37,0,
"Row20_11",8308,10,"2026-06-18T04:00:31.820Z",0.065,"close-right",57,"assisted","right-foot",1,"miss",,,2466,0,41.9,31.9,6.1,31,0,2.4,50.5,0,
"Row20_12",8308,11,"2026-06-18T04:00:31.820Z",0.0216,"low-centre",57,"assisted","left-foot",1,"save",0.0247,,2466,0,50.5,0.6,6.4,29.2,0,0.5,47.1,0,
"Row20_13",8308,12,"2026-06-18T04:00:31.820Z",0.3385,"low-centre",56,"corner","right-foot",1,"save",0.4617,,504,0,50.2,2.5,3.7,49.5,0,2,50.4,0,
"Row20_14",8308,13,"2026-06-18T04:00:31.820Z",0.2408,"high-centre",56,"corner","head",1,"save",0.2876,,711,0,50.1,20.3,3.6,53.8,0,0.5,51.6,0,
"Row20_15",8308,14,"2026-06-18T04:00:31.820Z",0.0252,"high-centre",56,"corner","head",1,"save",0.0395,,847,0,49,23.4,7.8,58.8,0,0.90000000000001,51.1,0,
"Row20_16",8308,15,"2026-06-18T04:00:31.820Z",0.0418,"high-right",52,"fast-break","right-foot",1,"save",0.0934,,449,0,48.1,23.4,16.3,31.2,0,1.2,48.2,0,
"Row20_17",8308,16,"2026-06-18T04:00:31.820Z",0.1421,"close-right",49,"corner","head",1,"miss",,,847,0,43.9,16.7,4.8,57,0,,,,
"Row20_18",8308,17,"2026-06-18T04:00:31.820Z",0.1274,"low-left",48,"assisted","right-foot",1,"save",0.1333,,592,0,52,12,14.5,44.1,0,1.8,48.2,0,
"Row20_19",8308,18,"2026-06-18T04:00:31.820Z",0.0484,"low-left",47,"assisted","right-foot",1,"goal",0.5203,,592,0,54,2.5,8.7,68,0,,,,"regular"
"Row20_20",8308,19,"2026-06-18T04:00:31.820Z",0.1774,"low-centre",45,"assisted","right-foot",0,"goal",0.1488,5,9331,0,50.6,7.6,8.3,43,0,,,,"regular"
"Row20_21",8308,20,"2026-06-18T04:00:31.820Z",0.0118,"close-high-right",45,"assisted","right-foot",0,"miss",,4,1309,0,41.7,54.2,29.7,63.6,0,,,,
"Row20_22",8308,21,"2026-06-18T04:00:31.820Z",0.0398,"low-right",45,"free-kick","right-foot",1,"block",,1,400,0,47.2,19,27.5,47.7,0,15.1,50,0,
"Row20_23",8308,22,"2026-06-18T04:00:31.820Z",0.0413,"low-left",42,"corner","head",1,"goal",0.2336,,2466,0,53.3,10.8,9.9,48.4,0,,,,"regular"
"Row20_24",8308,23,"2026-06-18T04:00:31.820Z",0.0527,"high-left",36,"assisted","right-foot",0,"goal",0.049,,2833,0,52.7,24.7,21,64.8,0,,,,"regular"
"Row20_25",8308,24,"2026-06-18T04:00:31.820Z",0.0627,"left",35,"regular","head",1,"miss",,,2466,0,96.6,33.3,9,46.3,0,5.9,24.7,0,
"Row20_26",8308,25,"2026-06-18T04:00:31.820Z",0.257,"left",31,"assisted","left-foot",1,"miss",,,592,0,100,38.9,8.1,45.9,0,1,1.6,0,
"Row20_27",8308,26,"2026-06-18T04:00:31.820Z",0.0429,"low-centre",16,"corner","right-foot",1,"block",,,548,0,49.9,19,22.9,43.7,0,12,46.7,0,
"Row20_28",8308,27,"2026-06-18T04:00:31.820Z",0.0666,"low-centre",16,"assisted","right-foot",1,"block",,,450,0,49.1,19,6.1,67.7,0,3.7,61,0,
"Row20_29",8308,28,"2026-06-18T04:00:31.820Z",0.7884,"low-right",12,"penalty","right-foot",1,"goal",0.6324,,2466,0,46.8,12.7,11.5,50,0,,,,"penalty"
"Row20_30",8308,29,"2026-06-18T04:00:31.820Z",0.0286,"right",9,"corner","head",1,"miss",,,504,0,0.5,20.8,10.4,48.9,0,15.5,61,0,
"Row20_31",8308,30,"2026-06-18T04:00:31.820Z",0.0368,"low-left",8,"regular","right-foot",1,"block",,,2466,0,52.1,19,16.9,47.4,0,14,47.5,0,
"Row20_32",8308,31,"2026-06-18T04:00:31.820Z",0.1663,"high-right",3,"corner","right-foot",0,"miss",,,3767,0,41.3,86.1,7.5,44.2,0,,,,
"Row21_1",8309,0,"2026-06-18T07:00:31.810Z",0.2372,"low-left",90,"set-piece","head",0,"save",0.4185,9,10127,0,51.8,8.9,6.6,50.5,0,0.59999999999999,50.2,0,
"Row21_2",8309,1,"2026-06-18T07:00:31.810Z",0.0155,"right",90,"set-piece","head",0,"miss",,9,8050,0,32.9,6.9,9.7,39.7,0,6.4,49.6,0,
"Row21_3",8309,2,"2026-06-18T07:00:31.810Z",0.9653,"high-right",90,"fast-break","right-foot",1,"goal",0.9947,5,16696,0,47.3,20.9,2.4,51.4,0,,,,"regular"
"Row21_4",8309,3,"2026-06-18T07:00:31.810Z",0.0445,"high",87,"assisted","right-foot",0,"miss",,,10252,0,54.1,77.8,22.3,58.3,0,,,,
"Row21_5",8309,4,"2026-06-18T07:00:31.810Z",0.069,"low-centre",85,"assisted","right-foot",0,"save",0.0348,,10127,0,50,2.5,17.6,48.3,0,1.6,50.4,0,
"Row21_6",8309,5,"2026-06-18T07:00:31.810Z",0.0722,"close-left",73,"set-piece","head",1,"miss",,,3146,0,57.5,12.5,6.7,43.2,0,,,,
"Row21_7",8309,6,"2026-06-18T07:00:31.810Z",0.0687,"close-left",67,"regular","left-foot",0,"miss",,,16748,0,59.2,12.5,22.3,55.6,0,,,,
"Row21_8",8309,7,"2026-06-18T07:00:31.810Z",0.0583,"low-centre",67,"regular","left-foot",1,"block",,,792,0,49.7,19,13,40.9,0,12.1,41.5,0,
"Row21_9",8309,8,"2026-06-18T07:00:31.810Z",0.051,"right",66,"corner","head",1,"miss",,,792,0,0.2,1.4,8,44.4,0,1.9,96.8,0,
"Row21_10",8309,9,"2026-06-18T07:00:31.810Z",0.024,"high-right",64,"assisted","right-foot",0,"save",0.2441,,12373,0,46.9,30.4,15.5,25.3,0,1.6,47.5,0,
"Row21_11",8309,10,"2026-06-18T07:00:31.810Z",0.0898,"close-right",60,"assisted","right-foot",0,"miss",,,16741,0,43.4,33.3,6.7,61.1,0,,,,
"Row21_12",8309,11,"2026-06-18T07:00:31.810Z",0.0466,"right",60,"regular","left-foot",0,"miss",,,9102,0,35.1,5.6,22.2,43.1,0,8,57,0,
"Row21_13",8309,12,"2026-06-18T07:00:31.810Z",0.0162,"right",59,"regular","left-foot",1,"miss",,,6131,0,29.6,18.1,34.9,60.5,0,,,,
"Row21_14",8309,13,"2026-06-18T07:00:31.810Z",0.0372,"low-left",53,"assisted","left-foot",0,"block",,,10252,0,54.4,19,18.9,51.1,0,17.6,50.7,0,
"Row21_15",8309,14,"2026-06-18T07:00:31.810Z",0.0339,"high-right",50,"assisted","right-foot",1,"miss",,,16696,0,39.5,98.6,12.9,65.8,0,,,,
"Row21_16",8309,15,"2026-06-18T07:00:31.810Z",0.0531,"low-centre",48,"set-piece","head",1,"save",0.046,,3146,0,48.2,1.9,8.8,56,0,1.1,51.8,0,
"Row21_17",8309,16,"2026-06-18T07:00:31.810Z",0.0613,"close-high-right",38,"regular","right-foot",0,"miss",,,16748,0,42.9,45.8,14.2,68.9,0,,,,
"Row21_18",8309,17,"2026-06-18T07:00:31.810Z",0.0144,"high-right",5,"assisted","right-foot",0,"block",,,12373,0,46.1,25,15.4,25.5,0,14.2,27.4,0,
"Row21_19",8309,18,"2026-06-18T07:00:31.810Z",0.0581,"high-left",2,"assisted","right-foot",0,"save",0.6262,,16744,0,53.6,29.8,12,59.9,0,1.4,51.8,0,
"Row22_1",8310,0,"2026-06-18T10:00:31.860Z",0.0269,"high",90,"regular","right-foot",1,"post",,11,59413,0,53.3,40.5,26.8,66.4,0,,,,
"Row22_2",8310,1,"2026-06-18T10:00:31.860Z",0.0284,"low-left",90,"assisted","right-foot",1,"block",,11,56128,0,52.2,19,24.7,31.8,0,20.6,34.5,0,
"Row22_3",8310,2,"2026-06-18T10:00:31.860Z",0.1785,"low-left",90,"assisted","head",0,"goal",0.5648,9,16391,0,52.6,10.1,7.6,45.8,0,,,,"regular"
"Row22_4",8310,3,"2026-06-18T10:00:31.860Z",0.0357,"right",90,"assisted","head",1,"miss",,2,59376,0,27.7,11.1,7.6,36.4,0,4.7,56.1,0,
"Row22_5",8310,4,"2026-06-18T10:00:31.860Z",0.0804,"high-right",90,"assisted","right-foot",1,"miss",,,55375,0,43,66.7,10.3,34.5,0,,,,
"Row22_6",8310,5,"2026-06-18T10:00:31.860Z",0.019,"low-centre",88,"assisted","left-foot",1,"block",,,59376,0,51.1,19,19.7,73.2,0,16.7,69.3,0,
"Row22_7",8310,6,"2026-06-18T10:00:31.860Z",0.0725,"high-left",87,"regular","left-foot",0,"miss",,,16391,0,71.3,72.2,16.9,65.8,0,,,,
"Row22_8",8310,7,"2026-06-18T10:00:31.860Z",0.0858,"close-left",86,"corner","right-foot",0,"miss",,,428,0,56.1,22.2,10.2,39.3,0,,,,
"Row22_9",8310,8,"2026-06-18T10:00:31.860Z",0.0154,"high",82,"assisted","left-foot",0,"miss",,,2641,0,49.1,70.8,28.4,30.1,0,,,,
"Row22_10",8310,9,"2026-06-18T10:00:31.860Z",0.1483,"low-right",65,"assisted","right-foot",0,"goal",0.2287,,2465,0,46.4,7,13.4,40.7,0,,,,"regular"
"Row22_11",8310,10,"2026-06-18T10:00:31.860Z",0.059,"left",64,"corner","head",0,"miss",,,3726,0,68.6,19.4,7.6,45.2,0,,,,
"Row22_12",8310,11,"2026-06-18T10:00:31.860Z",0.032,"low-centre",64,"regular","right-foot",0,"block",,,428,0,50.9,19,25.5,49.1,0,22.4,49.1,0,
"Row22_13",8310,12,"2026-06-18T10:00:31.860Z",0.1847,"low-centre",64,"assisted","left-foot",0,"block",,,530,0,51.3,19,12.6,47.6,0,9.9,47.8,0,
"Row22_14",8310,13,"2026-06-18T10:00:31.860Z",0.9823,"high-left",60,"regular","head",1,"goal",0.9953,,6642,0,52.6,20.3,1.5,48.9,0,,,,"regular"
"Row22_15",8310,14,"2026-06-18T10:00:31.860Z",0.0368,"low-right",60,"assisted","right-foot",1,"save",0.16,,6643,0,46.3,13.3,9.2,67.7,0,1.2,53.4,0,
"Row22_16",8310,15,"2026-06-18T10:00:31.860Z",0.01,"low-centre",45,"corner","right-foot",0,"block",,4,16386,0,51.2,19,20.9,63.8,0,19,62.5,0,
"Row22_17",8310,16,"2026-06-18T10:00:31.860Z",0.0655,"left",45,"corner","left-foot",0,"miss",,4,428,0,99.7,8.3,8.4,64.8,0,11.1,55.8,0,
"Row22_18",8310,17,"2026-06-18T10:00:31.860Z",0.022,"right",45,"corner","right-foot",1,"miss",,2,59413,0,0.3,5.6,20.3,64.2,0,18.1,81.8,0,
"Row22_19",8310,18,"2026-06-18T10:00:31.860Z",0.0154,"low-right",45,"assisted","left-foot",0,"save",0.0366,,10128,0,47.6,14.6,32.4,59.1,0,2.8,51.1,0,
"Row22_20",8310,19,"2026-06-18T10:00:31.860Z",0.4773,"high-centre",40,"assisted","right-foot",0,"goal",0.4689,,426,0,51.1,24.1,8.1,47.2,0,,,,"regular"
"Row22_21",8310,20,"2026-06-18T10:00:31.860Z",0.0767,"low-centre",40,"assisted","left-foot",0,"block",,,10128,0,49.3,19,13.2,53.6,0,11.6,53.2,0,
"Row22_22",8310,21,"2026-06-18T10:00:31.860Z",0.1342,"right",32,"assisted","left-foot",0,"post",,,2465,0,44.9,1.9,7,32.1,0,,,,
"Row22_23",8310,22,"2026-06-18T10:00:31.860Z",0.0528,"close-right",17,"assisted","right-foot",0,"miss",,,530,0,43.7,11.1,21.3,64.6,0,,,,
"Row23_1",8311,0,"2026-06-19T00:00:32.322Z",0.0156,"low-centre",90,"corner","right-foot",0,"block",,7,12123,0,49.5,19,28.3,65.1,0,18.6,60.1,0,
"Row23_2",8311,1,"2026-06-19T00:00:32.322Z",0.1207,"low-centre",90,"regular","right-foot",0,"block",,7,14397,0,49.6,19,14.4,42.5,0,7,46.6,0,
"Row23_3",8311,2,"2026-06-19T00:00:32.322Z",0.0531,"low-centre",90,"assisted","left-foot",0,"save",0.0379,6,15470,0,49.1,7,14.7,66.7,0,2.1,52.3,0,
"Row23_4",8311,3,"2026-06-19T00:00:32.322Z",0.0278,"close-right",90,"assisted","left-foot",1,"miss",,4,3706,0,41,2.8,17.9,27,0,,,,
"Row23_5",8311,4,"2026-06-19T00:00:32.322Z",0.0126,"right",90,"set-piece","head",1,"miss",,1,26388,0,39.8,11.1,14.3,53.8,0,9.7,55.4,0,
"Row23_6",8311,5,"2026-06-19T00:00:32.322Z",0.0994,"right",90,"assisted","head",1,"miss",,,3904,0,6.1,5.6,9.1,50.7,0,17.6,57.4,0,
"Row23_7",8311,6,"2026-06-19T00:00:32.322Z",0.0483,"low-left",88,"regular","right-foot",0,"save",0.3032,,15469,0,53.6,7.6,21.2,58.3,0,1.9,51.3,0,
"Row23_8",8311,7,"2026-06-19T00:00:32.322Z",0.0105,"low-centre",86,"regular","right-foot",0,"block",,,15476,0,50.7,19,28,50.3,0,24.6,50.2,0,
"Row23_9",8311,8,"2026-06-19T00:00:32.322Z",0.7884,"low-left",83,"penalty","right-foot",0,"goal",0.7499,,14399,0,53.5,7.6,11.5,50,0,,,,"penalty"
"Row23_10",8311,9,"2026-06-19T00:00:32.322Z",0.0229,"low-centre",81,"assisted","left-foot",0,"block",,,15830,0,48.8,19,18.5,71.8,0,15.8,68.8,0,
"Row23_11",8311,10,"2026-06-19T00:00:32.322Z",0.0158,"low-centre",76,"set-piece","left-foot",0,"block",,,12123,0,49.9,19,29.6,43,0,21.5,44.9,0,
"Row23_12",8311,11,"2026-06-19T00:00:32.322Z",0.033,"low-centre",74,"assisted","head",0,"save",0.0143,,15470,0,50.1,7.6,10,32.7,0,1.9,45.7,0,
"Row23_13",8311,12,"2026-06-19T00:00:32.322Z",0.0569,"low-centre",68,"throw-in-set-piece","head",1,"block",,,3904,0,50,19,8.4,55.5,0,3.6,52.3,0,
"Row23_14",8311,13,"2026-06-19T00:00:32.322Z",0.0154,"right",60,"assisted","left-foot",0,"miss",,,14397,0,38.5,1.4,30.2,27.6,0,,,,
"Row23_15",8311,14,"2026-06-19T00:00:32.322Z",0.1067,"low-centre",59,"assisted","left-foot",1,"block",,,3703,0,48.2,19,14.6,46.9,0,8,49.1,0,
"Row23_16",8311,15,"2026-06-19T00:00:32.322Z",0.0171,"high",54,"assisted","left-foot",0,"miss",,,15830,0,55.5,72.2,21,64.4,0,,,,
"Row23_17",8311,16,"2026-06-19T00:00:32.322Z",0.0233,"close-high",53,"corner","head",1,"miss",,,3904,0,49.6,56.9,10,44.1,0,,,,
"Row23_18",8311,17,"2026-06-19T00:00:32.322Z",0.0147,"close-right",50,"corner","left-foot",0,"miss",,,12123,0,41.9,8.3,28.4,54.1,0,17.6,56.7,0,
"Row23_19",8311,18,"2026-06-19T00:00:32.322Z",0.1109,"low-centre",48,"corner","head",1,"save",0.0323,,2145,0,50.3,12,8.6,47.4,0,1,49.3,0,
"Row23_20",8311,19,"2026-06-19T00:00:32.322Z",0.0292,"high-centre",47,"regular","left-foot",1,"save",0.036,,3224,0,49.4,29.8,27.8,49.7,0,2.1,50.9,0,
"Row23_21",8311,20,"2026-06-19T00:00:32.322Z",0.1461,"low-centre",47,"assisted","right-foot",1,"block",,,53970,0,51.3,19,13.4,45.9,0,10.2,46.6,0,
"Row23_22",8311,21,"2026-06-19T00:00:32.322Z",0.1116,"low-left",45,"regular","left-foot",0,"block",,4,15830,0,52,19,10.2,55.8,0,8.5,54.5,0,
"Row23_23",8311,22,"2026-06-19T00:00:32.322Z",0.0121,"high",45,"assisted","right-foot",0,"miss",,,14399,0,48.4,87.5,30.9,45.6,0,,,,
"Row23_24",8311,23,"2026-06-19T00:00:32.322Z",0.0359,"high",41,"free-kick","right-foot",1,"miss",,,5156,0,47.4,83.3,28.2,55,0,,,,
"Row23_25",8311,24,"2026-06-19T00:00:32.322Z",0.0588,"low-centre",22,"assisted","head",0,"block",,,14402,0,51.3,19,9.4,46.2,0,8,46.6,0,
"Row23_26",8311,25,"2026-06-19T00:00:32.322Z",0.0136,"high-left",13,"corner","left-foot",0,"miss",,,14397,0,61.3,87.5,34.9,53.4,0,,,,
"Row23_27",8311,26,"2026-06-19T00:00:32.322Z",0.0187,"low-centre",12,"assisted","right-foot",0,"block",,,15468,0,51.3,19,27.1,55.2,0,24.2,54.5,0,
"Row23_28",8311,27,"2026-06-19T00:00:32.322Z",0.1839,"low-centre",6,"throw-in-set-piece","left-foot",1,"goal",0.5137,,3703,0,48.5,10.8,11.4,41.1,0,,,,"regular"
"Row23_29",8311,28,"2026-06-19T00:00:32.322Z",0.0217,"left",5,"corner","left-foot",1,"miss",,,3703,0,64.4,4.2,15.4,39.7,0,,,,
"Row23_30",8311,29,"2026-06-19T00:00:32.322Z",0.0745,"left",5,"corner","head",1,"miss",,,3904,0,82.7,5.6,8.7,53.4,0,8,51.8,0,
"Row23_31",8311,30,"2026-06-19T00:00:32.322Z",0.0891,"close-right",1,"assisted","head",1,"miss",,,2145,0,42.7,8.3,7.9,59.1,0,,,,
"Row24_1",8312,0,"2026-06-19T03:00:32.442Z",0.7884,"low-right",90,"penalty","left-foot",1,"goal",0.9242,7,348,0,45.8,1.3,11.5,50,0,,,,"penalty"
"Row24_2",8312,1,"2026-06-19T03:00:32.442Z",0.0433,"high-centre",90,"corner","right-foot",0,"goal",0.0717,3,53958,0,48.7,31.7,15.2,48.6,0,,,,"regular"
"Row24_3",8312,2,"2026-06-19T03:00:32.442Z",0.445,"low-centre",90,"assisted","right-foot",1,"goal",0.4188,,1178,0,50,5.1,9.5,45.7,0,,,,"regular"
"Row24_4",8312,3,"2026-06-19T03:00:32.442Z",0.2683,"low-right",84,"assisted","right-foot",1,"goal",0.4792,,3803,0,48,1.9,11.8,41.1,0,,,,"regular"
"Row24_5",8312,4,"2026-06-19T03:00:32.442Z",0.0944,"high-right",81,"free-kick","right-foot",1,"save",0.2115,,3803,0,47.5,26,18.9,36.7,0,2.4,48.7,0,
"Row24_6",8312,5,"2026-06-19T03:00:32.442Z",0.0639,"high-right",74,"regular","right-foot",1,"goal",0.2853,,1178,0,47.8,32.9,11.7,48.2,0,,,,"regular"
"Row24_7",8312,6,"2026-06-19T03:00:32.442Z",0.0154,"low-left",68,"assisted","right-foot",0,"save",0.0439,,2052,0,52,8.9,28.2,70.7,0,1.5,52.7,0,
"Row24_8",8312,7,"2026-06-19T03:00:32.442Z",0.1527,"low-left",62,"corner","head",1,"block",,,2811,0,53.1,16.7,3.6,44.1,0,2.3,45.8,0,
"Row24_9",8312,8,"2026-06-19T03:00:32.442Z",0.0461,"low-centre",55,"assisted","right-foot",1,"block",,,551,0,49,19,13,31.5,0,10.8,34.6,0,
"Row24_10",8312,9,"2026-06-19T03:00:32.442Z",0.0621,"right",53,"assisted","head",1,"miss",,,1660,0,40,23.6,9.2,54.2,0,,,,
"Row24_11",8312,10,"2026-06-19T03:00:32.442Z",0.0204,"low-left",51,"assisted","right-foot",1,"save",0.0564,,551,0,53.2,3.8,9.8,29.7,0,0.90000000000001,46.7,0,
"Row24_12",8312,11,"2026-06-19T03:00:32.442Z",0.1169,"low-left",41,"assisted","left-foot",0,"block",,,1343,0,52.6,4.2,14.3,53.7,0,11.5,52.2,0,
"Row24_13",8312,12,"2026-06-19T03:00:32.442Z",0.0155,"low-left",38,"assisted","right-foot",0,"save",0.0383,,3222,0,53.8,5.1,25,32.7,0,1.4,46.2,0,
"Row24_14",8312,13,"2026-06-19T03:00:32.442Z",0.0159,"close-left",23,"assisted","right-foot",1,"miss",,,4266,0,57.1,4.2,29,33,0,,,,
"Row24_15",8312,14,"2026-06-19T03:00:32.442Z",0.0127,"low-centre",20,"assisted","right-foot",1,"save",0.0443,,551,0,48.4,0.6,26.5,42.1,0,1.1,50,0,
"Row24_16",8312,15,"2026-06-19T03:00:32.442Z",0.0221,"close-left",10,"assisted","left-foot",1,"miss",,,551,0,56.6,4.2,11.3,29.8,0,,,,
"Row24_17",8312,16,"2026-06-19T03:00:32.442Z",0.0136,"low-centre",8,"assisted","left-foot",1,"block",,,348,0,50.6,19,29.6,58.1,0,16.2,54.1,0,
"Row24_18",8312,17,"2026-06-19T03:00:32.442Z",0.0458,"left",2,"corner","left-foot",0,"miss",,,1343,0,82.7,13.9,11.2,46.1,0,5.4,26.3,0,
"Row25_1",8313,0,"2026-06-19T06:00:32.465Z",0.0239,"left",90,"corner","head",1,"miss",,10,7351,0,71.4,12.5,13.8,52.5,0,1,28.5,0,
"Row25_2",8313,1,"2026-06-19T06:00:32.465Z",0.0872,"high-right",90,"assisted","left-foot",1,"block",,9,2186,0,45.9,26.4,9.5,43.8,0,7.7,45.7,0,
"Row25_3",8313,2,"2026-06-19T06:00:32.465Z",0.3251,"left",90,"assisted","head",1,"miss",,8,4164,0,90.3,25,4.2,51.1,0,7.2,19.3,0,
"Row25_4",8313,3,"2026-06-19T06:00:32.465Z",0.229,"high-left",90,"assisted","head",1,"block",,5,4164,0,54.5,26.4,5.5,50.5,0,4.5,50.2,0,
"Row25_5",8313,4,"2026-06-19T06:00:32.465Z",0.6498,"high-left",90,"assisted","left-foot",1,"goal",0.9856,2,2186,0,53.9,20.9,7.7,42.9,0,,,,"regular"
"Row25_6",8313,5,"2026-06-19T06:00:32.465Z",0.0488,"low-right",90,"assisted","right-foot",1,"block",,2,7351,0,47.1,19,21.6,43.9,0,9.5,48.9,0,
"Row25_7",8313,6,"2026-06-19T06:00:32.465Z",0.0443,"low-right",90,"corner","right-foot",1,"block",,,16947,0,46.4,19,19.1,46.9,0,13.3,48.9,0,
"Row25_8",8313,7,"2026-06-19T06:00:32.465Z",0.0334,"low-right",86,"assisted","left-foot",1,"block",,,2186,0,46.5,19,22.1,60.6,0,12.1,57.4,0,
"Row25_9",8313,8,"2026-06-19T06:00:32.465Z",0.1015,"low-centre",84,"assisted","left-foot",1,"block",,,1779,0,50.1,19,3.9,39.9,0,3.1,42.1,0,
"Row25_10",8313,9,"2026-06-19T06:00:32.465Z",0.0672,"high-left",84,"regular","left-foot",1,"block",,,2186,0,54.1,25,18.7,50.3,0,13.4,49.5,0,
"Row25_11",8313,10,"2026-06-19T06:00:32.465Z",0.0086,"high-left",82,"regular","left-foot",1,"miss",,,9296,0,60.2,69.4,3.4,30,0,,,,
"Row25_12",8313,11,"2026-06-19T06:00:32.465Z",0.0257,"right",80,"corner","left-foot",1,"miss",,,9296,0,40.2,22.2,22.2,30.1,0,,,,
"Row25_13",8313,12,"2026-06-19T06:00:32.465Z",0.0278,"high-right",78,"assisted","right-foot",1,"block",,,9548,0,46.2,22.2,20.9,33.3,0,11,42.1,0,
"Row25_14",8313,13,"2026-06-19T06:00:32.465Z",0.0241,"high",77,"assisted","right-foot",1,"miss",,,1769,0,48.9,94.4,18.2,73.9,0,,,,
"Row25_15",8313,14,"2026-06-19T06:00:32.465Z",,"low-right",75,"regular","right-foot",1,"goal",,,53914,0,47.4,11.4,2.7,53.6,0,,,,"own"
"Row25_16",8313,15,"2026-06-19T06:00:32.465Z",0.0897,"close-right",75,"regular","left-foot",1,"miss",,,9296,0,43,4.2,10,43,0,2.1,54,0,
"Row25_17",8313,16,"2026-06-19T06:00:32.465Z",0.0702,"low-left",75,"regular","left-foot",1,"block",,,1769,0,54.6,2.8,10.1,66.9,0,4.7,55.8,0,
"Row25_18",8313,17,"2026-06-19T06:00:32.465Z",0.0632,"low-right",64,"free-kick","right-foot",1,"goal",0.1902,,7351,0,47.2,1.3,22.5,62.1,0,,,,"regular"
"Row25_19",8313,18,"2026-06-19T06:00:32.465Z",0.1047,"low-left",50,"assisted","left-foot",1,"block",,,4164,0,54.1,4.2,9.8,54.4,0,8.5,53.4,0,
"Row25_20",8313,19,"2026-06-19T06:00:32.465Z",0.094,"low-left",48,"assisted","left-foot",1,"block",,,2848,0,53.7,19,16,48.3,0,9.4,47.5,0,
"Row25_21",8313,20,"2026-06-19T06:00:32.465Z",0.0541,"low-centre",45,"assisted","right-foot",1,"save",0.066,5,4406,0,50,12,6.4,68.2,0,1.8,52.9,0,
"Row25_22",8313,21,"2026-06-19T06:00:32.465Z",0.9816,"low-centre",45,"regular","right-foot",1,"goal",0.9927,3,2186,0,49.4,8.9,0.7,50.2,0,,,,"regular"
"Row25_23",8313,22,"2026-06-19T06:00:32.465Z",0.2778,"high-left",45,"assisted","head",1,"save",0.8712,3,4164,0,53.9,24.7,6.7,44.8,0,1.1,49.3,0,
"Row25_24",8313,23,"2026-06-19T06:00:32.465Z",0.0404,"high-left",45,"assisted","right-foot",1,"block",,,4164,0,54.6,26.4,8.2,67.2,0,7.2,64.8,0,
"Row25_25",8313,24,"2026-06-19T06:00:32.465Z",0.0218,"low-left",40,"assisted","right-foot",1,"block",,,2186,0,53.9,19,11.9,70.3,0,11.2,69,0,
"Row25_26",8313,25,"2026-06-19T06:00:32.465Z",0.484,"low-right",38,"assisted","right-foot",1,"save",,,1769,0,47.2,4.2,5,54.6,0,0.7,53.4,0,
"Row25_27",8313,26,"2026-06-19T06:00:32.465Z",0.1619,"high",35,"free-kick","right-foot",1,"miss",,,8580,0,53.5,62.5,18.3,47.5,0,,,,
"Row25_28",8313,27,"2026-06-19T06:00:32.465Z",0.141,"low-right",29,"regular","right-foot",1,"goal",0.1993,,2186,0,46.2,7.6,11.1,63.2,0,,,,"regular"
"Row25_29",8313,28,"2026-06-19T06:00:32.465Z",0.019,"low-left",29,"assisted","left-foot",1,"block",,,1769,0,53,19,27.1,60.8,0,15.8,55.1,0,
"Row25_30",8313,29,"2026-06-19T06:00:32.465Z",0.0558,"high-left",21,"set-piece","head",1,"miss",,,4155,0,59.8,47.2,8.9,45.6,0,,,,
"Row25_31",8313,30,"2026-06-19T06:00:32.465Z",0.3087,"low-right",16,"corner","left-foot",1,"goal",0.7582,,4164,0,46.5,4.4,4.5,49.6,0,,,,"regular"
"Row25_32",8313,31,"2026-06-19T06:00:32.465Z",0.1074,"high-centre",16,"corner","right-foot",1,"save",0.0931,,2186,0,50.4,22.8,13.2,46.1,0,1.1,49.8,0,
"Row25_33",8313,32,"2026-06-19T06:00:32.465Z",0.0236,"low-right",15,"set-piece","right-foot",1,"block",,,1011,0,45.8,19,20.1,48.7,0,18,49.3,0,
"Row25_34",8313,33,"2026-06-19T06:00:32.465Z",0.0429,"low-left",10,"free-kick","right-foot",0,"block",,,53907,0,53.4,19,23.1,29.1,0,15.8,34.6,0,
"Row25_35",8313,34,"2026-06-19T06:00:32.465Z",0.0464,"low-left",7,"corner","right-foot",1,"save",0.5185,,2186,0,54.5,6.3,9.7,34,0,1.2,48,0,
"Row25_36",8313,35,"2026-06-19T06:00:32.465Z",0.1409,"right",1,"assisted","right-foot",0,"miss",,,53911,0,33.6,6.9,7.6,64.6,0,,,,
"Row26_1",8314,0,"2026-06-19T09:00:32.527Z",0.0237,"right",90,"corner","head",0,"miss",,4,3131,0,39.7,11.1,8.8,57.4,0,5.7,57.4,0,
"Row26_2",8314,1,"2026-06-19T09:00:32.527Z",0.0411,"low-centre",90,"assisted","head",0,"block",,4,3263,0,49.9,19,10,44.8,0,7.3,46.2,0,
"Row26_3",8314,2,"2026-06-19T09:00:32.527Z",0.0844,"right",90,"corner","head",0,"miss",,2,3259,0,35.3,13.9,9.5,54.6,0,,,,
"Row26_4",8314,3,"2026-06-19T09:00:32.527Z",0.1562,"low-right",87,"regular","left-foot",0,"save",0.2288,,3392,0,47.5,13.3,1.9,57.2,0,0.5,53.1,0,
"Row26_5",8314,4,"2026-06-19T09:00:32.527Z",0.2593,"low-centre",87,"assisted","head",0,"save",0.2287,,3263,0,48.6,7.6,3.5,57.9,0,0.7,53.1,0,
"Row26_6",8314,5,"2026-06-19T09:00:32.527Z",0.0241,"low-right",85,"assisted","right-foot",1,"save",0.2892,,9006,0,45.8,8.9,24.3,44,0,2.4,50.5,0,
"Row26_7",8314,6,"2026-06-19T09:00:32.527Z",0.0209,"high",78,"assisted","left-foot",0,"miss",,,2250,0,49.6,76.4,26.5,53.1,0,,,,
"Row26_8",8314,7,"2026-06-19T09:00:32.527Z",0.2101,"low-centre",75,"assisted","right-foot",1,"save",0.1983,,833,0,48.3,13.3,2.5,59.9,0,0.5,53.6,0,
"Row26_9",8314,8,"2026-06-19T09:00:32.527Z",0.035,"low-centre",58,"regular","left-foot",0,"block",,,4397,0,49.3,19,25.2,60,0,14.2,56,0,
"Row26_10",8314,9,"2026-06-19T09:00:32.527Z",0.0645,"low-centre",50,"regular","right-foot",1,"goal",0.163,,10370,0,51,9.5,13.2,48.3,0,,,,"regular"
"Row26_11",8314,10,"2026-06-19T09:00:32.527Z",0.0357,"low-centre",50,"assisted","head",1,"block",,,833,0,49.8,19,10.8,46,0,8.4,46.9,0,
"Row26_12",8314,11,"2026-06-19T09:00:32.527Z",0.0355,"close-left",49,"assisted","left-foot",1,"miss",,,10088,0,57.3,6.9,5.1,29.4,0,,,,
"Row26_13",8314,12,"2026-06-19T09:00:32.527Z",0.0233,"low-right",44,"assisted","right-foot",0,"block",,,2250,0,47,19,24.7,62.2,0,13.7,58.1,0,
"Row26_14",8314,13,"2026-06-19T09:00:32.527Z",0.0881,"high-left",41,"regular","left-foot",0,"miss",,,3056,0,69.4,54.2,5,32.6,0,,,,
"Row26_15",8314,14,"2026-06-19T09:00:32.527Z",0.059,"low-centre",20,"assisted","head",1,"save",0.1212,,8296,0,51.5,17.1,10,52.1,0,2.3,50.7,0,
"Row26_16",8314,15,"2026-06-19T09:00:32.527Z",0.0242,"right",7,"assisted","right-foot",1,"miss",,,9355,0,39,13.9,24.6,39.2,0,1.2,57,0,
"Row26_17",8314,16,"2026-06-19T09:00:32.527Z",0.0236,"close-right",7,"regular","left-foot",1,"miss",,,10169,0,40.8,6.9,25.3,60.5,0,1.5,60.1,0,
"Row27_1",8316,0,"2026-06-20T03:00:33.604Z",0.0346,"high",87,"regular","left-foot",0,"miss",,,4264,0,47.1,97.2,18.8,45,0,,,,
"Row27_2",8316,1,"2026-06-20T03:00:33.604Z",0.0435,"low-centre",65,"assisted","left-foot",0,"save",0.0493,,2490,0,49.2,8.2,18.4,49,0,1.1,49.1,0,
"Row27_3",8316,2,"2026-06-20T03:00:33.604Z",0.2417,"high",62,"fast-break","right-foot",0,"miss",,,2854,0,52.1,65.3,11,59.5,0,,,,
"Row27_4",8316,3,"2026-06-20T03:00:33.604Z",0.098,"low-centre",51,"fast-break","right-foot",1,"block",,,2232,0,49.6,19,13,62.2,0,11.5,60.8,0,
"Row27_5",8316,4,"2026-06-20T03:00:33.604Z",0.0252,"low-left",45,"assisted","left-foot",1,"save",0.1418,7,3503,0,52,1.9,18.1,63.3,0,1.2,52.5,0,
"Row27_6",8316,5,"2026-06-20T03:00:33.604Z",0.6042,"low-right",43,"set-piece","head",1,"goal",0.9461,,8860,0,46.1,10.1,3.3,51.1,0,,,,"regular"
"Row27_7",8316,6,"2026-06-20T03:00:33.604Z",0.0572,"low-left",43,"set-piece","right-foot",1,"block",,,3503,0,52.7,19,18.3,51,0,12.4,49.8,0,
"Row27_8",8316,7,"2026-06-20T03:00:33.604Z",0.059,"left",38,"assisted","head",1,"miss",,,3513,0,64.7,13.9,9.8,49.9,0,8.4,48.4,0,
"Row27_9",8316,8,"2026-06-20T03:00:33.604Z",0.0669,"low-left",22,"assisted","left-foot",1,"block",,,2232,0,52.2,19,14.4,45.4,0,11.8,45.8,0,
"Row27_10",8316,9,"2026-06-20T03:00:33.604Z",0.0394,"high",17,"set-piece","right-foot",1,"miss",,,2179,0,49.1,86.1,12.9,60.3,0,,,,
"Row27_11",8316,10,"2026-06-20T03:00:33.604Z",0.2623,"low-right",15,"corner","head",1,"block",,,2179,0,46.5,19,4.3,52.1,0,1.9,52.9,0,
"Row27_12",8316,11,"2026-06-20T03:00:33.604Z",0.0961,"close-high-left",13,"assisted","right-foot",0,"miss",,,57496,0,57.1,58.3,15.7,54.1,0,,,,
"Row27_13",8316,12,"2026-06-20T03:00:33.604Z",,"high-left",11,"regular","left-foot",1,"goal",,,6525,0,52.4,26,3.7,50.6,0,,,,"own"
"Row27_14",8316,13,"2026-06-20T03:00:33.604Z",0.0395,"low-left",9,"assisted","left-foot",1,"block",,,3503,0,53.4,19,9.4,68.2,0,5.4,59,0,
"Row27_15",8316,14,"2026-06-20T03:00:33.604Z",0.0518,"low-centre",5,"assisted","head",1,"block",,,3513,0,51.5,19,10.1,52.1,0,8.8,51.6,0,
"Row27_16",8316,15,"2026-06-20T03:00:33.604Z",0.0273,"low-right",1,"regular","right-foot",0,"save",0.07,,8991,0,45.8,5.7,12.2,76.1,0,0.7,54.3,0,
"Row28_1",8317,0,"2026-06-20T06:00:33.092Z",0.0907,"close-left",90,"fast-break","left-foot",0,"miss",,5,8503,0,58.2,9.7,13.5,67.3,0,,,,
"Row28_2",8317,1,"2026-06-20T06:00:33.092Z",0.0447,"close-high",90,"fast-break","left-foot",0,"miss",,3,350,0,50.9,56.9,9.2,28.4,0,,,,
"Row28_3",8317,2,"2026-06-20T06:00:33.092Z",0.0091,"low-centre",90,"assisted","right-foot",0,"block",,1,350,0,49.3,19,26.3,25.8,0,13.3,38.1,0,
"Row28_4",8317,3,"2026-06-20T06:00:33.092Z",0.098,"low-centre",88,"regular","left-foot",1,"block",,,1088,0,48.7,19,8.7,59.1,0,7.2,57.8,0,
"Row28_5",8317,4,"2026-06-20T06:00:33.092Z",0.1674,"left",86,"corner","head",1,"miss",,,6100,0,61.5,29.2,6,46.7,0,,,,
"Row28_6",8317,5,"2026-06-20T06:00:33.092Z",0.0325,"low-centre",85,"assisted","right-foot",1,"block",,,1088,0,51.2,19,9.2,72.2,0,7.2,67.1,0,
"Row28_7",8317,6,"2026-06-20T06:00:33.092Z",0.0447,"high-left",64,"assisted","right-foot",1,"miss",,,3900,0,56.3,68.1,18.4,49.5,0,,,,
"Row28_8",8317,7,"2026-06-20T06:00:33.092Z",0.0105,"right",62,"assisted","right-foot",0,"miss",,,4241,0,39.5,23.6,20.3,21.5,0,,,,
"Row28_9",8317,8,"2026-06-20T06:00:33.092Z",0.0422,"low-left",58,"assisted","right-foot",0,"block",,,598,0,53.2,19,6,67.3,0,5.3,64.8,0,
"Row28_10",8317,9,"2026-06-20T06:00:33.092Z",0.01,"high-right",52,"corner","head",0,"save",0.0402,,1619,0,47.7,20.9,5.1,65.6,0,0.3,52.2,0,
"Row28_11",8317,10,"2026-06-20T06:00:33.092Z",0.1011,"low-centre",50,"assisted","left-foot",0,"block",,,3511,0,51,19,11.4,43.8,0,9.7,44.6,0,
"Row28_12",8317,11,"2026-06-20T06:00:33.092Z",0.032,"low-left",45,"assisted","left-foot",1,"block",,2,3387,0,52.9,19,12.2,33.8,0,10.6,35.6,0,
"Row28_13",8317,12,"2026-06-20T06:00:33.092Z",0.1641,"high-right",45,"assisted","right-foot",1,"miss",,1,510,0,34.3,63.9,2.7,59.9,0,,,,
"Row28_14",8317,13,"2026-06-20T06:00:33.092Z",0.3044,"right",38,"assisted","right-foot",0,"miss",,,4241,0,13.6,22.2,7.6,53,0,5.7,65.9,0,
"Row28_15",8317,14,"2026-06-20T06:00:33.092Z",0.1685,"high",36,"assisted","right-foot",0,"miss",,,1619,0,45.4,81.9,10.8,36,0,,,,
"Row28_16",8317,15,"2026-06-20T06:00:33.092Z",0.0475,"high",30,"assisted","right-foot",0,"miss",,,1070,0,48.4,65.3,13.7,64.6,0,,,,
"Row28_17",8317,16,"2026-06-20T06:00:33.092Z",0.0115,"low-centre",21,"corner","right-foot",0,"block",,,1451,0,50.3,19,27,64.1,0,19.2,59.9,0,
"Row28_18",8317,17,"2026-06-20T06:00:33.092Z",0.1296,"high-centre",2,"assisted","right-foot",0,"goal",0.4538,,3511,0,51.6,28.5,7.6,69.2,0,,,,"regular"
"Row29_1",8318,0,"2026-06-20T08:30:33.141Z",0.0177,"right",90,"corner","head",0,"miss",,4,9069,0,40.7,19.4,8.5,39.2,0,1.2,54.5,0,
"Row29_2",8318,1,"2026-06-20T08:30:33.141Z",0.0274,"low-left",90,"assisted","right-foot",0,"save",0.1523,3,59655,0,53,19.6,27.6,56.9,0,0.7,50.9,0,
"Row29_3",8318,2,"2026-06-20T08:30:33.141Z",0.1827,"left",90,"assisted","right-foot",1,"miss",,1,1302,0,97,11.1,3.3,59.6,0,2.9,56.7,0,
"Row29_4",8318,3,"2026-06-20T08:30:33.141Z",0.0161,"left",89,"assisted","right-foot",0,"miss",,,17095,0,73.1,5.6,34.5,66.5,0,,,,
"Row29_5",8318,4,"2026-06-20T08:30:33.141Z",0.0337,"low-left",87,"assisted","left-foot",0,"save",0.1216,,353,0,52.6,7,4.6,29.7,0,2.7,38.4,0,
"Row29_6",8318,5,"2026-06-20T08:30:33.141Z",0.105,"high",76,"assisted","left-foot",1,"miss",,,16392,0,46.7,61.1,10.1,32.1,0,,,,
"Row29_7",8318,6,"2026-06-20T08:30:33.141Z",0.0179,"left",66,"set-piece","right-foot",0,"miss",,,4809,0,59.7,4.2,8.8,32,0,,,,
"Row29_8",8318,7,"2026-06-20T08:30:33.141Z",0.0295,"left",66,"set-piece","right-foot",0,"miss",,,17101,0,61.5,5.6,13.8,33.1,0,12.3,33.9,0,
"Row29_9",8318,8,"2026-06-20T08:30:33.141Z",0.0611,"high-left",63,"corner","head",0,"save",0.2285,,17095,0,51.9,22.8,4.3,39.8,0,0,46.9,0,
"Row29_10",8318,9,"2026-06-20T08:30:33.141Z",0.0496,"low-centre",49,"regular","right-foot",0,"block",,,353,0,51.6,19,21.9,51.9,0,17.9,51.3,0,
"Row29_11",8318,10,"2026-06-20T08:30:33.141Z",0.3105,"low-centre",45,"assisted","right-foot",1,"goal",0.2425,3,595,0,49.7,2.5,10.5,33.6,0,,,,"regular"
"Row29_12",8318,11,"2026-06-20T08:30:33.141Z",0.3331,"high-left",36,"fast-break","left-foot",1,"goal",0.8618,,4119,0,54.1,25.3,11,35.6,0,,,,"regular"
"Row29_13",8318,12,"2026-06-20T08:30:33.141Z",0.1108,"low-left",29,"assisted","left-foot",1,"save",0.3292,,747,0,52.7,3.8,14.4,61,0,7.2,55.6,0,
"Row29_14",8318,13,"2026-06-20T08:30:33.141Z",0.3965,"low-left",23,"fast-break","left-foot",1,"goal",0.7851,,4119,0,52.9,3.8,6.7,48.6,0,,,,"regular"
"Row29_15",8318,14,"2026-06-20T08:30:33.141Z",0.0773,"low-centre",23,"fast-break","right-foot",1,"save",0.0904,,595,0,51.2,15.8,11.3,33.7,0,1.9,47.6,0,
"Row29_16",8318,15,"2026-06-20T08:30:33.141Z",0.0149,"low-left",17,"corner","right-foot",1,"block",,,595,0,52.4,19,14.1,33.9,0,12,35.9,0,
"Row30_1",8315,0,"2026-06-20T11:00:33.287Z",0.033,"left",90,"set-piece","right-foot",1,"miss",,9,1684,0,59.5,18.1,24.7,52.1,0,,,,
"Row30_2",8315,1,"2026-06-20T11:00:33.287Z",0.0762,"right",90,"throw-in-set-piece","head",1,"miss",,7,8112,0,40.2,6.9,8.8,48.6,0,,,,
"Row30_3",8315,2,"2026-06-20T11:00:33.287Z",0.0662,"low-centre",90,"assisted","right-foot",1,"block",,7,4308,0,51.3,19,18.7,35.1,0,14.1,38.4,0,
"Row30_4",8315,3,"2026-06-20T11:00:33.287Z",0.0296,"low-left",90,"assisted","right-foot",1,"block",,6,2184,0,51.8,19,13.8,28,0,11,32.1,0,
"Row30_5",8315,4,"2026-06-20T11:00:33.287Z",0.0608,"low-centre",90,"fast-break","left-foot",0,"block",,,13574,0,50.5,19,25.6,49.7,0,18.6,49.6,0,
"Row30_6",8315,5,"2026-06-20T11:00:33.287Z",0.4384,"close-left",89,"regular","left-foot",1,"miss",,,3449,0,56.3,16.7,3.9,41.9,0,,,,
"Row30_7",8315,6,"2026-06-20T11:00:33.287Z",0.1724,"low-left",89,"assisted","right-foot",1,"save",0.3064,,4308,0,52.6,1.3,13.5,47.4,0,1.8,49.1,0,
"Row30_8",8315,7,"2026-06-20T11:00:33.287Z",0.0533,"low-centre",89,"set-piece","head",0,"block",,,26,0,50.7,19,9.8,51.2,0,8.2,50.9,0,
"Row30_9",8315,8,"2026-06-20T11:00:33.287Z",0.0352,"low-centre",86,"assisted","left-foot",1,"block",,,597,0,49.8,19,20.3,66,0,17.6,63.9,0,
"Row30_10",8315,9,"2026-06-20T11:00:33.287Z",0.047,"close-left",82,"assisted","right-foot",1,"miss",,,4308,0,58,2.8,18.1,35.6,0,,,,
"Row30_11",8315,10,"2026-06-20T11:00:33.287Z",0.1938,"high",80,"assisted","right-foot",1,"miss",,,8112,0,44.7,88.9,9.8,57.9,0,,,,
"Row30_12",8315,11,"2026-06-20T11:00:33.287Z",0.0558,"left",78,"assisted","head",1,"miss",,,3420,0,62.9,38.9,9.9,41.7,0,,,,
"Row30_13",8315,12,"2026-06-20T11:00:33.287Z",0.0282,"low-centre",76,"corner","right-foot",1,"block",,,1684,0,48.8,19,22.5,56.8,0,14.1,54.7,0,
"Row30_14",8315,13,"2026-06-20T11:00:33.287Z",0.0828,"low-centre",75,"corner","head",1,"block",,,3420,0,49.8,19,7.9,52.1,0,6.7,51.8,0,
"Row30_15",8315,14,"2026-06-20T11:00:33.287Z",0.0249,"high-right",73,"fast-break","right-foot",1,"miss",,,3734,0,41.5,62.5,19.5,73,0,,,,
"Row30_16",8315,15,"2026-06-20T11:00:33.287Z",0.0273,"high-right",65,"assisted","right-foot",1,"miss",,,8112,0,35.6,59.7,26.5,60,0,,,,
"Row30_17",8315,16,"2026-06-20T11:00:33.287Z",0.0391,"right",62,"assisted","right-foot",1,"miss",,,2184,0,36.3,19.4,12.5,31.5,0,,,,
"Row30_18",8315,17,"2026-06-20T11:00:33.287Z",0.1503,"low-centre",62,"assisted","head",1,"save",0.1713,,3449,0,49.1,19.6,7.4,48.5,0,1.1,49.6,0,
"Row30_19",8315,18,"2026-06-20T11:00:33.287Z",0.0941,"left",60,"throw-in-set-piece","left-foot",0,"miss",,,1710,0,69.2,2.8,7.6,59.7,0,,,,
"Row30_20",8315,19,"2026-06-20T11:00:33.287Z",0.0199,"low-centre",59,"assisted","right-foot",1,"save",0.0266,,8112,0,49.7,2.5,25,71.4,0,3.4,53.4,0,
"Row30_21",8315,20,"2026-06-20T11:00:33.287Z",0.0769,"high-right",57,"assisted","left-foot",1,"miss",,,1684,0,35,55.6,4.5,35.9,0,,,,
"Row30_22",8315,21,"2026-06-20T11:00:33.287Z",0.0258,"close-left",48,"throw-in-set-piece","left-foot",1,"miss",,,2184,0,57,12.5,6.3,29.1,0,,,,
"Row30_23",8315,22,"2026-06-20T11:00:33.287Z",0.0161,"high-left",47,"assisted","right-foot",1,"save",0.0694,,8112,0,51.9,26.6,30.3,65.4,0,2.9,52.5,0,
"Row30_24",8315,23,"2026-06-20T11:00:33.287Z",0.0188,"low-centre",45,"assisted","right-foot",1,"block",,10,1684,0,49.1,19,28.2,35.8,0,13.4,43.7,0,
"Row30_25",8315,24,"2026-06-20T11:00:33.287Z",0.0215,"low-centre",45,"assisted","left-foot",1,"block",,9,3727,0,51.3,19,26.3,33.6,0,20.1,37.2,0,
"Row30_26",8315,25,"2026-06-20T11:00:33.287Z",0.0385,"left",45,"throw-in-set-piece","right-foot",1,"miss",,8,4172,0,60.3,6.9,13.8,31.5,0,,,,
"Row30_27",8315,26,"2026-06-20T11:00:33.287Z",0.0454,"high",45,"regular","left-foot",1,"miss",,6,4172,0,49.9,70.8,24.6,48.9,0,,,,
"Row30_28",8315,27,"2026-06-20T11:00:33.287Z",0.0251,"low-centre",45,"assisted","right-foot",1,"block",,,1684,0,49.8,19,26.1,44.5,0,20.7,45.7,0,
"Row30_29",8315,28,"2026-06-20T11:00:33.287Z",0.0528,"low-centre",37,"assisted","right-foot",0,"save",0.0501,,16918,0,48.4,14.6,7.7,71.6,0,1.9,56,0,
"Row30_30",8315,29,"2026-06-20T11:00:33.287Z",0.022,"right",36,"assisted","right-foot",1,"miss",,,2184,0,31.1,20.8,12.8,30.1,0,7.7,46.2,0,
"Row30_31",8315,30,"2026-06-20T11:00:33.287Z",0.06,"low-left",35,"set-piece","head",1,"block",,,3420,0,51.9,19,8.8,45.8,0,7.1,46.7,0,
"Row30_32",8315,31,"2026-06-20T11:00:33.287Z",0.0399,"high-centre",30,"corner","right-foot",1,"save",0.0186,,2184,0,50.2,20.3,18.8,48.1,0,1.6,50,0,
"Row30_33",8315,32,"2026-06-20T11:00:33.287Z",0.0166,"low-centre",25,"regular","left-foot",1,"block",,,597,0,50.7,19,28.2,68.1,0,18.1,61.4,0,
"Row30_34",8315,33,"2026-06-20T11:00:33.287Z",0.0064,"low-centre",21,"corner","right-foot",1,"block",,,1684,0,48.6,19,21.6,31.1,0,19.9,32.7,0,
"Row30_35",8315,34,"2026-06-20T11:00:33.287Z",0.0478,"low-centre",15,"regular","right-foot",1,"block",,,2184,0,51.2,19,8.3,29.7,0,6.7,33.4,0,
"Row30_36",8315,35,"2026-06-20T11:00:33.287Z",0.1938,"high",14,"fast-break","right-foot",1,"miss",,,597,0,49.9,87.5,15.4,56.8,0,,,,
"Row30_37",8315,36,"2026-06-20T11:00:33.287Z",0.0232,"high",11,"regular","right-foot",0,"miss",,,488,0,55.5,79.2,27.7,49.9,0,,,,
"Row30_38",8315,37,"2026-06-20T11:00:33.287Z",0.0061,"right",11,"regular","left-foot",0,"miss",,,345,0,32.6,8.3,30.5,47.4,0,18.5,56.3,0,
"Row30_39",8315,38,"2026-06-20T11:00:33.287Z",0.0298,"low-right",2,"assisted","left-foot",0,"goal",0.1918,,13574,0,45.4,1.9,24,48.5,0,,,,"regular"
"Row31_1",8320,0,"2026-06-21T01:00:33.681Z",0.0512,"low-right",90,"corner","head",0,"save",0.1471,6,884,0,47.3,14.6,9.6,45,0,1.4,48.7,0,
"Row31_2",8320,1,"2026-06-21T01:00:33.681Z",0.0351,"low-right",90,"fast-break","right-foot",0,"block",,1,456,0,46.6,19,17.4,30.2,0,14.9,33.6,0,
"Row31_3",8320,2,"2026-06-21T01:00:33.681Z",0.0923,"low-left",89,"assisted","right-foot",1,"goal",0.6797,,4092,0,53.9,3.8,18.4,47.6,0,,,,"regular"
"Row31_4",8320,3,"2026-06-21T01:00:33.681Z",0.0153,"high-right",85,"corner","left-foot",0,"save",0.0618,,8600,0,47.8,25.3,27.2,57.3,0,1.8,50.5,0,
"Row31_5",8320,4,"2026-06-21T01:00:33.681Z",0.0194,"high-right",84,"assisted","right-foot",0,"save",0.1064,,332,0,47.3,24.1,20.9,28.6,0,1.5,48.2,0,
"Row31_6",8320,5,"2026-06-21T01:00:33.681Z",0.2902,"low-left",59,"fast-break","left-foot",0,"goal",0.7137,,710,0,53.4,19,13.6,39.3,0,,,,"regular"
"Row31_7",8320,6,"2026-06-21T01:00:33.681Z",0.0438,"high",57,"assisted","right-foot",1,"miss",,,327,0,46.1,86.1,23.7,67.9,0,,,,
"Row31_8",8320,7,"2026-06-21T01:00:33.681Z",0.0468,"high",57,"assisted","right-foot",0,"miss",,,1632,0,55.3,61.1,21.6,64.8,0,,,,
"Row31_9",8320,8,"2026-06-21T01:00:33.681Z",0.1312,"low-left",54,"fast-break","right-foot",1,"goal",0.6616,,331,0,54.2,2.5,13.8,36.8,0,,,,"regular"
"Row31_10",8320,9,"2026-06-21T01:00:33.681Z",0.0566,"low-centre",52,"throw-in-set-piece","right-foot",0,"block",,,1632,0,50.4,19,22.2,44,0,16.3,45.5,0,
"Row31_11",8320,10,"2026-06-21T01:00:33.681Z",0.029,"low-centre",50,"assisted","right-foot",1,"block",,,331,0,49.6,19,19.4,37.9,0,18,38.8,0,
"Row31_12",8320,11,"2026-06-21T01:00:33.681Z",0.901,"low-centre",47,"assisted","left-foot",1,"goal",0.9928,,331,0,50.4,6.3,1.3,47.2,0,,,,"regular"
"Row31_13",8320,12,"2026-06-21T01:00:33.681Z",0.0229,"low-left",45,"assisted","right-foot",0,"save",0.3016,5,1632,0,54.2,0.6,19.8,32.8,0,1.4,49.8,0,
"Row31_14",8320,13,"2026-06-21T01:00:33.681Z",0.0472,"right",45,"throw-in-set-piece","left-foot",0,"miss",,4,3394,0,37,27.8,18.9,61.5,0,,,,
"Row31_15",8320,14,"2026-06-21T01:00:33.681Z",0.0596,"low-right",45,"free-kick","right-foot",0,"save",0.0899,3,456,0,47.4,10.1,18.5,32,0,1.2,48.9,0,
"Row31_16",8320,15,"2026-06-21T01:00:33.681Z",0.0756,"high",41,"assisted","right-foot",0,"miss",,,1632,0,50.9,65.3,18.2,46,0,,,,
"Row31_17",8320,16,"2026-06-21T01:00:33.681Z",0.0297,"low-centre",38,"assisted","right-foot",1,"save",0.0165,,331,0,49.1,3.2,19.8,27.3,0,1.8,48.2,0,
"Row31_18",8320,17,"2026-06-21T01:00:33.681Z",0.0519,"low-right",37,"assisted","right-foot",0,"save",0.1607,,456,0,47.3,13.3,14.1,31.6,0,2,46.6,0,
"Row31_19",8320,18,"2026-06-21T01:00:33.681Z",0.0732,"close-right",33,"assisted","right-foot",0,"miss",,,456,0,43,8.3,10.5,62.4,0,1.8,56.9,0,
"Row31_20",8320,19,"2026-06-21T01:00:33.681Z",0.0359,"right",31,"assisted","right-foot",0,"miss",,,1632,0,1.8,6.9,14.4,30.7,0,,,,
"Row31_21",8320,20,"2026-06-21T01:00:33.681Z",0.0816,"low-centre",27,"throw-in-set-piece","right-foot",0,"block",,,2568,0,49.8,19,10,51.8,0,7.7,51.4,0,
"Row31_22",8320,21,"2026-06-21T01:00:33.681Z",0.6333,"low-left",17,"assisted","right-foot",1,"goal",0.9833,,352,0,53.8,0.6,4.1,53.4,0,,,,"regular"
"Row31_23",8320,22,"2026-06-21T01:00:33.681Z",0.0292,"left",15,"regular","left-foot",1,"miss",,,850,0,60.7,4.2,11.3,33.3,0,,,,
"Row31_24",8320,23,"2026-06-21T01:00:33.681Z",0.0298,"low-centre",11,"assisted","head",1,"save",0.0093,,331,0,50.3,17.1,11.2,41.1,0,1.1,48.6,0,
"Row31_25",8320,24,"2026-06-21T01:00:33.681Z",0.0329,"low-right",7,"assisted","right-foot",0,"save",0.0895,,456,0,46.6,5.7,10.4,69.5,0,1.5,54.1,0,
"Row31_26",8320,25,"2026-06-21T01:00:33.681Z",0.5552,"low-centre",5,"assisted","right-foot",1,"goal",0.8174,,352,0,49.1,9.5,4.9,50.2,0,,,,"regular"
"Row32_1",8321,0,"2026-06-21T04:00:33.780Z",0.3477,"low-left",90,"assisted","left-foot",1,"goal",0.3106,4,1620,0,52.4,7.6,13.2,44.8,0,,,,"regular"
"Row32_2",8321,1,"2026-06-21T04:00:33.780Z",0.0841,"low-right",90,"assisted","right-foot",1,"save",0.2234,1,3934,0,47.7,2.5,13.6,47.9,0,3.2,49.5,0,
"Row32_3",8321,2,"2026-06-21T04:00:33.780Z",0.0878,"low-centre",89,"assisted","left-foot",1,"save",0.1498,,1350,0,48.3,1.9,12.9,35,0,1.4,47.8,0,
"Row32_4",8321,3,"2026-06-21T04:00:33.780Z",0.0191,"high-right",86,"assisted","right-foot",1,"save",0.044,,1620,0,47.9,24.7,26.1,70.5,0,1.8,52.7,0,
"Row32_5",8321,4,"2026-06-21T04:00:33.780Z",0.0247,"low-centre",84,"assisted","right-foot",0,"block",,,4130,0,51.7,19,19.1,29.1,0,15,33.2,0,
"Row32_6",8321,5,"2026-06-21T04:00:33.780Z",0.5626,"high-centre",68,"assisted","left-foot",1,"goal",0.7817,,1620,0,50.6,29.8,5.1,47.9,0,,,,"regular"
"Row32_7",8321,6,"2026-06-21T04:00:33.780Z",0.0742,"close-right",63,"corner","head",1,"miss",,,4941,0,43.4,9.7,3.6,60.5,0,,,,
"Row32_8",8321,7,"2026-06-21T04:00:33.780Z",0.0282,"high-left",61,"assisted","left-foot",1,"miss",,,1621,0,66.7,93.1,24,54.3,0,,,,
"Row32_9",8321,8,"2026-06-21T04:00:33.780Z",0.0164,"high-left",57,"assisted","right-foot",1,"miss",,,588,0,59.5,83.3,33.1,49.5,0,,,,
"Row32_10",8321,9,"2026-06-21T04:00:33.780Z",0.0704,"left",56,"regular","right-foot",0,"miss",,,2895,0,61.9,13.9,16.3,57.9,0,,,,
"Row32_11",8321,10,"2026-06-21T04:00:33.780Z",0.2024,"high",51,"fast-break","right-foot",0,"miss",,,6614,0,53.3,66.7,14.1,58.1,0,,,,
"Row32_12",8321,11,"2026-06-21T04:00:33.780Z",0.1551,"low-centre",50,"fast-break","right-foot",0,"block",,,8117,0,48.9,9.7,12.5,57,0,10.8,56.3,0,
"Row32_13",8321,12,"2026-06-21T04:00:33.780Z",0.0188,"low-centre",46,"assisted","left-foot",0,"block",,,1886,0,50.7,19,20.1,26,0,17.2,29.3,0,
"Row32_14",8321,13,"2026-06-21T04:00:33.780Z",0.2994,"low-centre",45,"assisted","right-foot",1,"save",0.2873,7,330,0,48.6,1.9,10.2,54,0,2.9,51.6,0,
"Row32_15",8321,14,"2026-06-21T04:00:33.780Z",0.0325,"low-centre",45,"regular","right-foot",1,"block",,2,2160,0,49.3,19,27.8,52.3,0,12.7,51.4,0,
"Row32_16",8321,15,"2026-06-21T04:00:33.780Z",0.0171,"low-left",42,"corner","left-foot",1,"block",,,8564,0,52.2,19,20.4,35.2,0,6.7,43.7,0,
"Row32_17",8321,16,"2026-06-21T04:00:33.780Z",0.063,"low-left",41,"assisted","right-foot",1,"block",,,330,0,52.7,19,14.7,55.6,0,12.1,54.1,0,
"Row32_18",8321,17,"2026-06-21T04:00:33.780Z",0.0486,"high-right",38,"fast-break","right-foot",0,"save",0.1408,,3468,0,46.9,20.9,18.1,32.7,0,2.4,48.4,0,
"Row32_19",8321,18,"2026-06-21T04:00:33.780Z",0.3048,"low-left",30,"regular","right-foot",0,"goal",0.9642,,8117,0,53.7,4.4,6.9,55.1,0,,,,"regular"
"Row32_20",8321,19,"2026-06-21T04:00:33.780Z",0.3065,"low-right",30,"assisted","left-foot",0,"block",,,1792,0,48,19,3.9,53.3,0,2.7,52.9,0,
"Row32_21",8321,20,"2026-06-21T04:00:33.780Z",0.0269,"low-centre",21,"assisted","right-foot",1,"block",,,2160,0,50.8,19,23.7,58.7,0,18.6,56.7,0,
"Row32_22",8321,21,"2026-06-21T04:00:33.780Z",0.0314,"right",18,"assisted","right-foot",1,"miss",,,8564,0,40.7,5.6,20.5,34.3,0,,,,
"Row32_23",8321,22,"2026-06-21T04:00:33.780Z",0.0939,"high-right",12,"regular","left-foot",0,"block",,,4214,0,46.1,25,15.1,58.8,0,7,54.9,0,
"Row32_24",8321,23,"2026-06-21T04:00:33.780Z",0.0646,"low-left",10,"assisted","head",1,"save",0.5295,,4941,0,53.8,5.7,10.1,51.5,0,0.90000000000001,49.8,0,
"Row32_25",8321,24,"2026-06-21T04:00:33.780Z",0.071,"high",1,"assisted","left-foot",1,"miss",,,4941,0,47.1,83.3,14.4,50.9,0,,,,
"Row33_1",8322,0,"2026-06-21T08:00:33.889Z",0.1221,"left",84,"regular","right-foot",1,"miss",,,4754,0,61.3,11.1,8.1,36.8,0,,,,
"Row33_2",8322,1,"2026-06-21T08:00:33.889Z",0.0139,"low-centre",80,"corner","head",1,"block",,,59,0,48.9,19,8.2,64.1,0,6.8,61.9,0,
"Row33_3",8322,2,"2026-06-21T08:00:33.889Z",0.0219,"high-left",80,"assisted","left-foot",1,"save",0.1114,,9854,0,52.7,24.7,22.8,30.3,0,1.1,49.3,0,
"Row33_4",8322,3,"2026-06-21T08:00:33.889Z",0.0277,"high-centre",77,"assisted","head",1,"save",0.0346,,4754,0,50.3,29.8,12.6,49.1,0,1.4,50.2,0,
"Row33_5",8322,4,"2026-06-21T08:00:33.889Z",0.037,"high-centre",74,"assisted","left-foot",0,"save",0.3229,,6672,0,51.6,20.9,19.9,41.3,0,2.9,50,0,
"Row33_6",8322,5,"2026-06-21T08:00:33.889Z",0.2673,"high",74,"corner","head",1,"miss",,,445,0,50.6,61.1,5.5,49.9,0,,,,
"Row33_7",8322,6,"2026-06-21T08:00:33.889Z",0.0905,"low-centre",73,"throw-in-set-piece","right-foot",1,"block",,,16888,0,48.4,19,11.1,65.7,0,8.2,62.1,0,
"Row33_8",8322,7,"2026-06-21T08:00:33.889Z",0.0165,"low-left",72,"assisted","right-foot",1,"save",0.0414,,7347,0,53.6,3.2,25.7,25.8,0,1.2,47.8,0,
"Row33_9",8322,8,"2026-06-21T08:00:33.889Z",0.0426,"right",67,"assisted","right-foot",1,"miss",,,3755,0,39.8,23.6,16,49.8,0,11.2,54,0,
"Row33_10",8322,9,"2026-06-21T08:00:33.889Z",0.1162,"low-centre",66,"corner","head",1,"save",0.0614,,2245,0,49.4,16.5,7,46.4,0,1,50.4,0,
"Row33_11",8322,10,"2026-06-21T08:00:33.889Z",0.4561,"low-centre",66,"corner","right-foot",1,"block",,,4754,0,50.3,19,2.9,47.7,0,3.1,49.6,0,
"Row33_12",8322,11,"2026-06-21T08:00:33.889Z",0.1678,"low-centre",66,"corner","head",1,"save",0.2344,,3755,0,50.3,17.1,5.6,49.3,0,1.2,50.5,0,
"Row33_13",8322,12,"2026-06-21T08:00:33.889Z",0.183,"low-left",65,"assisted","head",1,"save",0.2608,,4754,0,52.9,17.1,4.7,40.3,0,0.90000000000001,46.7,0,
"Row33_14",8322,13,"2026-06-21T08:00:33.889Z",0.0665,"left",64,"corner","head",1,"miss",,,3755,0,69.9,15.3,7.4,55.2,0,,,,
"Row33_15",8322,14,"2026-06-21T08:00:33.889Z",0.0184,"close-left",62,"fast-break","left-foot",1,"miss",,,3755,0,58.2,23.6,8.5,27.3,0,,,,
"Row33_16",8322,15,"2026-06-21T08:00:33.889Z",0.0504,"low-left",61,"fast-break","right-foot",1,"save",0.0783,,4754,0,53.4,1.9,15.8,32.1,0,1,47.3,0,
"Row33_17",8322,16,"2026-06-21T08:00:33.889Z",0.0673,"low-left",60,"regular","right-foot",0,"block",,,22227,0,53.3,19,8.2,68.1,0,4.1,57.4,0,
"Row33_18",8322,17,"2026-06-21T08:00:33.889Z",0.1022,"low-right",60,"assisted","right-foot",0,"save",0.5402,,7715,0,46.5,6.3,15.4,54,0,2.1,50.4,0,
"Row33_19",8322,18,"2026-06-21T08:00:33.889Z",0.0299,"low-left",60,"assisted","right-foot",0,"save",0.0622,,22231,0,53.3,18.4,20,35.2,0,0.7,48.2,0,
"Row33_20",8322,19,"2026-06-21T08:00:33.889Z",0.1899,"low-right",59,"corner","head",1,"save",0.6608,,59,0,47.3,19.6,5.1,49.8,0,1.4,50.5,0,
"Row33_21",8322,20,"2026-06-21T08:00:33.889Z",0.142,"left",59,"corner","head",1,"miss",,,445,0,79.8,4.2,3.8,57.1,0,2.9,50.4,0,
"Row33_22",8322,21,"2026-06-21T08:00:33.889Z",0.0482,"right",57,"fast-break","right-foot",0,"miss",,,22231,0,31.4,15.3,22.8,40.1,0,,,,
"Row33_23",8322,22,"2026-06-21T08:00:33.889Z",0.0098,"high",54,"set-piece","right-foot",1,"miss",,,59,0,48.7,84.7,2.5,69.2,0,,,,
"Row33_24",8322,23,"2026-06-21T08:00:33.889Z",0.0162,"high-left",50,"assisted","left-foot",1,"miss",,,59,0,56.6,94.4,31.3,45,0,,,,
"Row33_25",8322,24,"2026-06-21T08:00:33.889Z",0.0211,"low-left",50,"assisted","right-foot",1,"save",0.052,,1345,0,53.3,1.3,29,49.9,0,1.2,50,0,
"Row33_26",8322,25,"2026-06-21T08:00:33.889Z",0.0172,"close-right",45,"assisted","left-foot",0,"miss",,2,7715,0,40.8,15.3,28.7,49.9,0,6.6,57.9,0,
"Row33_27",8322,26,"2026-06-21T08:00:33.889Z",0.0727,"low-right",42,"assisted","left-foot",1,"save",0.0935,,16888,0,47.2,17.7,14.7,37.6,0,1.9,49.8,0,
"Row33_28",8322,27,"2026-06-21T08:00:33.889Z",0.0867,"low-centre",33,"assisted","right-foot",0,"block",,,6672,0,51.4,19,14.2,39.2,0,7.7,43.5,0,
"Row33_29",8322,28,"2026-06-21T08:00:33.889Z",0.0215,"low-centre",30,"assisted","left-foot",0,"block",,,6672,0,51.2,19,28.3,40.1,0,15.5,44,0,
"Row33_30",8322,29,"2026-06-21T08:00:33.889Z",0.0682,"low-centre",28,"fast-break","right-foot",1,"save",0.0232,,59,0,50.6,14.6,19.4,48.9,0,1,49.1,0,
"Row33_31",8322,30,"2026-06-21T08:00:33.889Z",0.0391,"right",22,"assisted","right-foot",1,"miss",,,16889,0,22.4,13.9,16.6,50.5,0,3.6,73.3,0,
"Row33_32",8322,31,"2026-06-21T08:00:33.889Z",0.3222,"low-centre",20,"regular","right-foot",1,"save",0.2505,,4754,0,51.4,8.9,7.7,48,0,1,48.7,0,
"Row33_33",8322,32,"2026-06-21T08:00:33.889Z",0.024,"left",18,"assisted","right-foot",0,"miss",,,7715,0,68.9,9.7,22.7,68.1,0,12.8,53.6,0,
"Row33_34",8322,33,"2026-06-21T08:00:33.889Z",0.0243,"low-centre",16,"assisted","left-foot",1,"save",0.0108,,59,0,50.3,4.4,25,63.4,0,4,52,0,
"Row33_35",8322,34,"2026-06-21T08:00:33.889Z",0.0522,"close-left",14,"assisted","left-foot",1,"miss",,,9854,0,58.3,20.8,13,63.5,0,,,,
"Row33_36",8322,35,"2026-06-21T08:00:33.889Z",0.0333,"low-centre",12,"assisted","left-foot",1,"save",0.0288,,16888,0,50.1,6.3,14.5,64.8,0,4,54.5,0,
"Row33_37",8322,36,"2026-06-21T08:00:33.889Z",0.0511,"left",8,"fast-break","right-foot",0,"miss",,,5328,0,60,29.2,13.8,30,0,,,,
"Row33_38",8322,37,"2026-06-21T08:00:33.889Z",0.4868,"low-right",3,"assisted","right-foot",1,"save",0.5402,,4754,0,47.8,18.4,11,45,0,4.7,48.2,0,
"Row34_1",8319,0,"2026-06-21T12:00:33.999Z",0.0462,"high-right",85,"fast-break","right-foot",0,"block",,,4564,0,46.2,25,7.4,32.3,0,6.4,34.5,0,
"Row34_2",8319,1,"2026-06-21T12:00:33.999Z",0.2158,"low-right",83,"assisted","head",0,"goal",0.9152,,3369,0,45.8,18.4,5.8,47,0,,,,"regular"
"Row34_3",8319,2,"2026-06-21T12:00:33.999Z",0.0314,"high-right",75,"corner","left-foot",1,"block",,,3913,0,45.7,25,11.4,31.8,0,9.2,35.6,0,
"Row34_4",8319,3,"2026-06-21T12:00:33.999Z",0.5904,"low-right",69,"assisted","right-foot",0,"goal",0.4925,,4564,0,47.8,3.2,10.8,55.5,0,,,,"regular"
"Row34_5",8319,4,"2026-06-21T12:00:33.999Z",0.0153,"low-right",66,"assisted","right-foot",0,"block",,,16971,0,46.6,19,19.7,30.3,0,18,32.3,0,
"Row34_6",8319,5,"2026-06-21T12:00:33.999Z",0.0205,"high-right",63,"assisted","right-foot",0,"block",,,3369,0,46.4,30.6,24,45,0,21.5,45.5,0,
"Row34_7",8319,6,"2026-06-21T12:00:33.999Z",0.0271,"close-left",48,"assisted","right-foot",0,"miss",,,367,0,57.5,5.6,27.7,49.7,0,,,,
"Row34_8",8319,7,"2026-06-21T12:00:33.999Z",0.0294,"low-left",31,"fast-break","right-foot",0,"goal",0.072,,3369,0,53.5,3.8,16.9,73,0,,,,"regular"
"Row34_9",8319,8,"2026-06-21T12:00:33.999Z",0.14,"close-right",10,"corner","right-foot",0,"miss",,,8740,0,43.7,5.6,1.4,57.5,0,0.2,56.5,0,
"Row34_10",8319,9,"2026-06-21T12:00:33.999Z",0.0385,"low-right",10,"corner","right-foot",0,"save",0.1385,,3369,0,47.9,1.3,12.9,71.4,0,0.59999999999999,52,0,
"Row34_11",8319,10,"2026-06-21T12:00:33.999Z",0.1111,"high-left",6,"assisted","left-foot",0,"miss",,,3369,0,62.7,83.3,14.4,51.3,0,,,,
"Row34_12",8319,11,"2026-06-21T12:00:33.999Z",0.8378,"low-centre",4,"assisted","left-foot",0,"goal",0.9522,,430,0,50.6,1.3,1.8,47.8,0,,,,"regular"
"Row34_13",8319,12,"2026-06-21T12:00:33.999Z",0.0142,"high-right",3,"throw-in-set-piece","right-foot",1,"miss",,,415,0,40.5,58.3,20.6,20.1,0,,,,
"Row35_1",8323,0,"2026-06-22T00:00:34.226Z",0.0475,"low-centre",90,"assisted","left-foot",1,"block",,8,451,0,49,19,16.4,71.1,0,11.5,66.4,0,
"Row35_2",8323,1,"2026-06-22T00:00:34.226Z",0.0244,"low-right",81,"regular","left-foot",0,"save",0.0964,,8256,0,46.5,10.8,23.9,62.3,0,2.1,51.3,0,
"Row35_3",8323,2,"2026-06-22T00:00:34.226Z",0.4409,"close-right",65,"assisted","right-foot",1,"miss",,,749,0,41,6.9,13,36.4,0,,,,
"Row35_4",8323,3,"2026-06-22T00:00:34.226Z",0.1009,"low-left",53,"regular","head",1,"save",0.6582,,749,0,53.9,12,9.4,57.1,0,1.8,52.7,0,
"Row35_5",8323,4,"2026-06-22T00:00:34.226Z",0.1955,"low-centre",53,"assisted","right-foot",1,"save",0.0884,,719,0,49.6,15.8,10.7,66,0,3.4,54.9,0,
"Row35_6",8323,5,"2026-06-22T00:00:34.226Z",,"low-right",49,"corner","other",1,"goal",,,8253,0,46.5,6.3,2.5,52.7,0,,,,"own"
"Row35_7",8323,6,"2026-06-22T00:00:34.226Z",0.2384,"low-centre",49,"corner","left-foot",1,"save",0.2367,,386,0,48.6,5.7,4.9,55,0,0.3,51.3,0,
"Row35_8",8323,7,"2026-06-22T00:00:34.226Z",0.0294,"high-centre",45,"throw-in-set-piece","right-foot",0,"block",,4,7999,0,51.4,20.8,18.8,50,0,17.5,49.6,0,
"Row35_9",8323,8,"2026-06-22T00:00:34.226Z",0.0387,"high-left",45,"assisted","left-foot",1,"miss",,1,4267,0,57.8,68.1,18.4,46.5,0,,,,
"Row35_10",8323,9,"2026-06-22T00:00:34.226Z",0.0689,"right",42,"regular","left-foot",1,"miss",,,3890,0,34.1,2.8,9.8,35.2,0,,,,
"Row35_11",8323,10,"2026-06-22T00:00:34.226Z",0.0224,"high-left",37,"assisted","left-foot",1,"miss",,,745,0,60.7,54.2,16.6,67.3,0,,,,
"Row35_12",8323,11,"2026-06-22T00:00:34.226Z",0.0199,"low-left",36,"assisted","left-foot",1,"save",0.5267,,745,0,54.3,19.6,25.6,61.5,0,1.5,51.3,0,
"Row35_13",8323,12,"2026-06-22T00:00:34.226Z",0.0562,"high",36,"regular","left-foot",1,"post",,,3890,0,49,41.1,7.2,19.8,0,,,,
"Row35_14",8323,13,"2026-06-22T00:00:34.226Z",0.0816,"left",35,"fast-break","right-foot",0,"miss",,,7886,0,64.4,1.4,70,65.6,0,3.3,39.9,0,
"Row35_15",8323,14,"2026-06-22T00:00:34.226Z",0.0394,"high-left",30,"assisted","left-foot",1,"miss",,,745,0,72.6,62.5,21.4,68.7,0,,,,
"Row35_16",8323,15,"2026-06-22T00:00:34.226Z",0.5585,"high-right",24,"assisted","left-foot",1,"goal",0.9698,,3890,0,46.1,25.3,2.4,54.9,0,,,,"regular"
"Row35_17",8323,16,"2026-06-22T00:00:34.226Z",0.1881,"low-right",21,"corner","left-foot",1,"goal",0.2827,,3890,0,47.9,10.1,5.2,43.2,0,,,,"regular"
"Row35_18",8323,17,"2026-06-22T00:00:34.226Z",0.0382,"left",21,"corner","right-foot",1,"miss",,,746,0,63.7,2.8,12.7,64.4,0,6.6,45.1,0,
"Row35_19",8323,18,"2026-06-22T00:00:34.226Z",0.0242,"low-left",17,"regular","right-foot",1,"save",0.0932,,3890,0,53.5,5.1,24.4,38.9,0,1.1,49.5,0,
"Row35_20",8323,19,"2026-06-22T00:00:34.226Z",0.0176,"high-right",15,"assisted","right-foot",1,"miss",,,769,0,39.5,61.1,19.4,22.9,0,,,,
"Row35_21",8323,20,"2026-06-22T00:00:34.226Z",0.0825,"high",13,"regular","left-foot",1,"miss",,,744,0,52.6,91.7,14.8,36.2,0,,,,
"Row35_22",8323,21,"2026-06-22T00:00:34.226Z",0.6027,"low-right",10,"fast-break","right-foot",1,"goal",0.9843,,745,0,47.2,3.8,1.9,56,0,,,,"regular"
"Row35_23",8323,22,"2026-06-22T00:00:34.226Z",0.0216,"high",10,"assisted","right-foot",1,"miss",,,719,0,53.1,73.6,21.9,70.9,0,,,,
"Row35_24",8323,23,"2026-06-22T00:00:34.226Z",0.015,"high-right",8,"corner","right-foot",1,"miss",,,746,0,36.6,94.4,20.3,65.6,0,,,,
"Row35_25",8323,24,"2026-06-22T00:00:34.226Z",0.0205,"high-left",4,"assisted","left-foot",1,"miss",,,745,0,57.7,65.3,27.8,68.6,0,,,,
"Row35_26",8323,25,"2026-06-22T00:00:34.226Z",0.0322,"low-right",2,"assisted","right-foot",1,"block",,,769,0,47.7,18.1,13.9,36,0,12.4,36.8,0,
"Row36_1",8324,0,"2026-06-22T03:00:34.629Z",0.023,"close-left",90,"assisted","left-foot",1,"miss",,5,3974,0,57.5,30.6,17.9,72.8,0,,,,
"Row36_2",8324,1,"2026-06-22T03:00:34.629Z",0.0342,"high-right",90,"assisted","right-foot",1,"miss",,4,1464,0,32.1,90.3,18.9,32.5,0,,,,
"Row36_3",8324,2,"2026-06-22T03:00:34.629Z",0.0822,"high-left",90,"throw-in-set-piece","head",1,"miss",,3,3537,0,60.2,69.4,7.7,44.8,0,,,,
"Row36_4",8324,3,"2026-06-22T03:00:34.629Z",0.0963,"low-centre",88,"assisted","right-foot",0,"block",,,55326,0,48.2,19,12.1,44.2,0,10.3,45.3,0,
"Row36_5",8324,4,"2026-06-22T03:00:34.629Z",0.1356,"low-centre",86,"assisted","right-foot",1,"save",0.0848,,491,0,49.8,0.6,13.7,41.4,0,1.6,49.8,0,
"Row36_6",8324,5,"2026-06-22T03:00:34.629Z",0.0737,"left",84,"assisted","left-foot",1,"miss",,,3542,0,62.2,1.4,10.7,42.3,0,,,,
"Row36_7",8324,6,"2026-06-22T03:00:34.629Z",0.0258,"left",84,"set-piece","left-foot",1,"miss",,,514,0,99.8,2.8,16.5,32.7,0,21.4,9.2,0,
"Row36_8",8324,7,"2026-06-22T03:00:34.629Z",0.0421,"low-left",81,"regular","right-foot",0,"save",0.1487,,53951,0,53.3,11.4,24.8,57.3,0,2.3,51.3,0,
"Row36_9",8324,8,"2026-06-22T03:00:34.629Z",0.0229,"close-high-right",65,"corner","head",0,"miss",,,16830,0,41.5,41.7,4.5,62.9,0,,,,
"Row36_10",8324,9,"2026-06-22T03:00:34.629Z",0.0516,"high",62,"regular","left-foot",1,"miss",,,3542,0,55,87.5,13.4,46.2,0,,,,
"Row36_11",8324,10,"2026-06-22T03:00:34.629Z",0.0177,"low-centre",62,"assisted","left-foot",1,"save",0.0239,,3974,0,51.5,13.3,16.9,77.9,0,1.2,52,0,
"Row36_12",8324,11,"2026-06-22T03:00:34.629Z",0.3451,"low-centre",59,"regular","right-foot",1,"save",0.6641,,491,0,51.6,2.5,4.5,46.2,0,1.9,46.2,0,
"Row36_13",8324,12,"2026-06-22T03:00:34.629Z",0.1528,"low-right",53,"throw-in-set-piece","right-foot",0,"save",0.5598,,3487,0,46.8,17.1,10.8,54.2,0,1.5,50.9,0,
"Row36_14",8324,13,"2026-06-22T03:00:34.629Z",0.0626,"low-centre",51,"assisted","left-foot",1,"block",,,491,0,48.9,19,19.4,41.1,0,13.7,44,0,
"Row36_15",8324,14,"2026-06-22T03:00:34.629Z",0.0277,"close-right",50,"corner","right-foot",1,"miss",,,1991,0,43.4,18.1,4.4,65.7,0,,,,
"Row36_16",8324,15,"2026-06-22T03:00:34.629Z",0.0292,"low-centre",46,"assisted","left-foot",1,"block",,,4374,0,50.7,19,10.4,32.1,0,9.3,33.9,0,
"Row36_17",8324,16,"2026-06-22T03:00:34.629Z",0.0526,"right",46,"assisted","left-foot",0,"miss",,,7605,0,38,2.8,14.8,67.3,0,,,,
"Row36_18",8324,17,"2026-06-22T03:00:34.629Z",0.0275,"low-right",45,"assisted","right-foot",1,"block",,3,4374,0,47.6,19,11.2,26.3,0,9.9,29.2,0,
"Row36_19",8324,18,"2026-06-22T03:00:34.629Z",0.0515,"low-centre",44,"regular","left-foot",1,"block",,,1991,0,50.9,19,16.4,48.5,0,15,48.6,0,
"Row36_20",8324,19,"2026-06-22T03:00:34.629Z",0.1653,"low-left",44,"assisted","left-foot",1,"save",0.3384,,491,0,53.3,5.7,6.9,34.4,0,2,44.4,0,
"Row36_21",8324,20,"2026-06-22T03:00:34.629Z",0.2249,"low-centre",42,"assisted","right-foot",1,"save",0.2531,,4374,0,49.1,3.8,11.4,40.1,0,3.6,46.2,0,
"Row36_22",8324,21,"2026-06-22T03:00:34.629Z",0.0526,"high-right",23,"corner","right-foot",1,"miss",,,1447,0,39,88.9,15.9,48.7,0,,,,
"Row36_23",8324,22,"2026-06-22T03:00:34.629Z",0.0352,"low-right",22,"assisted","right-foot",1,"save",0.2041,,514,0,45.8,14.6,9.4,72,0,1,52.7,0,
"Row36_24",8324,23,"2026-06-22T03:00:34.629Z",0.056,"low-centre",19,"assisted","left-foot",1,"block",,,3461,0,49.8,19,14.8,36.6,0,12.4,38.8,0,
"Row36_25",8324,24,"2026-06-22T03:00:34.629Z",0.0974,"close-right",15,"corner","head",0,"miss",,,53951,0,42.7,19.4,4.9,57.4,0,,,,
"Row36_26",8324,25,"2026-06-22T03:00:34.629Z",0.1628,"low-left",14,"throw-in-set-piece","right-foot",0,"save",0.3738,,16829,0,51.8,5.1,13.3,47.7,0,1.8,50.9,0,
"Row36_27",8324,26,"2026-06-22T03:00:34.629Z",0.0276,"low-right",10,"regular","left-foot",1,"block",,,8676,0,46.9,19,8.9,29.8,0,7.7,32.8,0,
"Row36_28",8324,27,"2026-06-22T03:00:34.629Z",0.1346,"low-centre",9,"regular","right-foot",1,"save",0.1355,,491,0,50.5,3.2,8.5,42.5,0,1.6,48.6,0,
"Row36_29",8324,28,"2026-06-22T03:00:34.629Z",0.1035,"right",9,"assisted","right-foot",1,"miss",,,4374,0,39.7,1.4,13.3,43,0,6.3,51.3,0,
"Row36_30",8324,29,"2026-06-22T03:00:34.629Z",0.033,"high-right",8,"assisted","right-foot",1,"miss",,,4374,0,41.7,75,14.1,28.4,0,,,,
"Row37_1",8325,0,"2026-06-22T06:00:34.450Z",0.0367,"low-centre",90,"free-kick","right-foot",0,"save",0.0185,7,22077,0,49,15.2,31.5,66.9,0,1,52.2,0,
"Row37_2",8325,1,"2026-06-22T06:00:34.450Z",0.0366,"low-centre",90,"assisted","right-foot",0,"block",,6,7073,0,50.9,19,15.5,69.1,0,11.8,64.3,0,
"Row37_3",8325,2,"2026-06-22T06:00:34.450Z",0.0481,"low-centre",90,"assisted","left-foot",0,"save",0.0309,4,22077,0,50.4,8.2,17.6,63.4,0,2.5,52.9,0,
"Row37_4",8325,3,"2026-06-22T06:00:34.450Z",0.062,"close-right",90,"fast-break","right-foot",1,"miss",,3,2908,0,42.5,27.8,12.6,64.6,0,,,,
"Row37_5",8325,4,"2026-06-22T06:00:34.450Z",0.0545,"low-left",90,"regular","right-foot",0,"block",,3,7073,0,53.7,19,19.3,46.4,0,17.3,46.4,0,
"Row37_6",8325,5,"2026-06-22T06:00:34.450Z",0.0181,"low-centre",90,"assisted","left-foot",0,"block",,3,1235,0,50.9,19,25.5,26.7,0,16,35,0,
"Row37_7",8325,6,"2026-06-22T06:00:34.450Z",0.1681,"close-high",90,"free-kick","right-foot",1,"miss",,,593,0,45.2,52.8,18.7,47.8,0,,,,
"Row37_8",8325,7,"2026-06-22T06:00:34.450Z",0.068,"low-left",86,"corner","head",1,"block",,,723,0,52.2,19,4.2,39.4,0,1.9,44,0,
"Row37_9",8325,8,"2026-06-22T06:00:34.450Z",0.0748,"low-centre",86,"regular","right-foot",1,"block",,,10110,0,51.2,19,10.4,40.5,0,8.9,41.7,0,
"Row37_10",8325,9,"2026-06-22T06:00:34.450Z",0.015,"high",79,"assisted","right-foot",1,"miss",,,61,0,51.4,73.6,26.3,32.9,0,,,,
"Row37_11",8325,10,"2026-06-22T06:00:34.450Z",0.1131,"left",76,"corner","head",0,"miss",,,22089,0,61.2,13.9,4.2,57.7,0,4.2,55.1,0,
"Row37_12",8325,11,"2026-06-22T06:00:34.450Z",0.0301,"low-centre",67,"assisted","right-foot",1,"block",,,593,0,51.2,19,23.7,40.1,0,15.9,43,0,
"Row37_13",8325,12,"2026-06-22T06:00:34.450Z",0.0575,"close-high",63,"fast-break","right-foot",0,"miss",,,5331,0,51.8,48.6,26.1,57.2,0,,,,
"Row37_14",8325,13,"2026-06-22T06:00:34.450Z",0.403,"low-centre",61,"regular","right-foot",0,"goal",0.9778,,3176,0,49.7,1.9,24.3,68.9,0,,,,"regular"
"Row37_15",8325,14,"2026-06-22T06:00:34.450Z",0.0322,"low-left",59,"free-kick","right-foot",0,"block",,,5331,0,52.3,19,25.4,28.2,0,15.4,35.9,0,
"Row37_16",8325,15,"2026-06-22T06:00:34.450Z",0.0081,"left",52,"assisted","right-foot",0,"miss",,,1235,0,61.3,11.1,29.1,27.8,0,,,,
"Row37_17",8325,16,"2026-06-22T06:00:34.450Z",0.558,"low-centre",45,"assisted","right-foot",1,"goal",0.6585,6,2908,0,48.3,4.4,7,50.9,0,,,,"regular"
"Row37_18",8325,17,"2026-06-22T06:00:34.450Z",0.8897,"low-centre",44,"regular","head",1,"goal",0.9921,,1215,0,50.3,7,2.7,49.9,0,,,,"regular"
"Row37_19",8325,18,"2026-06-22T06:00:34.450Z",0.0117,"right",43,"fast-break","right-foot",0,"miss",,,22092,0,9.6,9.7,58.8,51.5,0,3.4,86.5,0,
"Row37_20",8325,19,"2026-06-22T06:00:34.450Z",0.0207,"low-centre",42,"assisted","right-foot",1,"block",,,10103,0,50.9,19,28.1,61.7,0,22.1,59,0,
"Row37_21",8325,20,"2026-06-22T06:00:34.450Z",0.036,"high",40,"assisted","head",1,"miss",,,1215,0,48.4,66.7,9.5,36.6,0,,,,
"Row37_22",8325,21,"2026-06-22T06:00:34.450Z",0.0162,"left",34,"assisted","right-foot",1,"miss",,,593,0,61,12.5,30.9,59.1,0,,,,
"Row37_23",8325,22,"2026-06-22T06:00:34.450Z",0.0254,"left",33,"regular","right-foot",1,"miss",,,1806,0,69.8,8.3,19.5,51.5,0,,,,
"Row37_24",8325,23,"2026-06-22T06:00:34.450Z",0.0287,"close-high",28,"throw-in-set-piece","right-foot",1,"miss",,,593,0,46.6,58.3,15.4,28.2,0,,,,
"Row37_25",8325,24,"2026-06-22T06:00:34.450Z",0.0306,"low-centre",24,"corner","right-foot",1,"block",,,593,0,50.4,19,20.7,38.7,0,11.6,43.5,0,
"Row37_26",8325,25,"2026-06-22T06:00:34.450Z",0.0154,"low-centre",24,"assisted","right-foot",1,"block",,,593,0,50,19,29.9,28.6,0,24,32.8,0,
"Row37_27",8325,26,"2026-06-22T06:00:34.450Z",0.0389,"low-right",21,"free-kick","right-foot",0,"goal",0.2223,,22076,0,46.2,4.4,30.3,52.8,0,,,,"regular"
"Row37_28",8325,27,"2026-06-22T06:00:34.450Z",0.2459,"right",14,"fast-break","left-foot",1,"miss",,,593,0,39.5,2.8,12.2,34,0,,,,
"Row37_29",8325,28,"2026-06-22T06:00:34.450Z",0.0594,"low-left",7,"corner","head",1,"block",,,723,0,52.5,19,4.2,40.5,0,3.4,45.7,0,
"Row38_1",8326,0,"2026-06-22T09:00:34.504Z",0.4318,"low-centre",90,"throw-in-set-piece","left-foot",1,"save",0.3592,8,6069,0,51.1,5.1,4.5,44.7,0,0.90000000000001,48.7,0,
"Row38_2",8326,1,"2026-06-22T09:00:34.504Z",0.0691,"left",90,"throw-in-set-piece","right-foot",1,"miss",,8,6528,0,63.5,5.6,17.2,55.7,0,4.9,46.4,0,
"Row38_3",8326,2,"2026-06-22T09:00:34.504Z",0.2203,"low-centre",90,"corner","head",1,"block",,4,9105,0,49.3,19,3.6,48.8,0,2.7,49.3,0,
"Row38_4",8326,3,"2026-06-22T09:00:34.504Z",0.1873,"low-centre",90,"regular","right-foot",0,"save",0.2053,3,14682,0,51,8.2,3.6,40.9,0,2.1,43.5,0,
"Row38_5",8326,4,"2026-06-22T09:00:34.504Z",0.0526,"low-left",82,"corner","head",0,"goal",0.1964,,14684,0,53,4.4,6.6,40.7,0,,,,"regular"
"Row38_6",8326,5,"2026-06-22T09:00:34.504Z",0.0697,"low-right",81,"assisted","left-foot",0,"block",,,333,0,48.1,19,16.1,66.2,0,11.9,62.5,0,
"Row38_7",8326,6,"2026-06-22T09:00:34.504Z",0.0641,"low-centre",80,"regular","right-foot",0,"save",0.163,,15374,0,51.6,4.4,12.9,32.1,0,1.1,48,0,
"Row38_8",8326,7,"2026-06-22T09:00:34.504Z",0.1597,"low-left",67,"assisted","left-foot",0,"goal",0.816,,333,0,53.2,1.3,13.6,57.9,0,,,,"regular"
"Row38_9",8326,8,"2026-06-22T09:00:34.504Z",0.0164,"low-centre",65,"assisted","right-foot",1,"block",,,6528,0,50.9,19,31.2,47.9,0,23.7,48.2,0,
"Row38_10",8326,9,"2026-06-22T09:00:34.504Z",0.1862,"high-centre",58,"assisted","head",0,"goal",0.1501,,14729,0,51.3,31,8.6,46.8,0,,,,"regular"
"Row38_11",8326,10,"2026-06-22T09:00:34.504Z",0.0613,"right",55,"regular","right-foot",0,"miss",,,14683,0,1.5,8.3,14.5,38.5,0,16.7,54,0,
"Row38_12",8326,11,"2026-06-22T09:00:34.504Z",0.2323,"low-left",55,"assisted","left-foot",0,"block",,,14729,0,52.1,19,10.3,47.2,0,6.4,47.5,0,
"Row38_13",8326,12,"2026-06-22T09:00:34.504Z",0.2741,"high-centre",52,"assisted","head",1,"save",0.5421,,29409,0,50.8,30.4,5.8,45.8,0,1.2,48,0,
"Row38_14",8326,13,"2026-06-22T09:00:34.504Z",0.047,"low-centre",50,"assisted","right-foot",0,"block",,,862,0,50.7,19,18.4,36.2,0,15.8,37.4,0,
"Row38_15",8326,14,"2026-06-22T09:00:34.504Z",0.0187,"right",50,"assisted","left-foot",0,"miss",,,14683,0,36.8,4.2,26.6,57.7,0,,,,
"Row38_16",8326,15,"2026-06-22T09:00:34.504Z",0.0339,"low-left",49,"assisted","right-foot",0,"block",,,14729,0,52.3,19,21.5,40.3,0,16.9,41.9,0,
"Row38_17",8326,16,"2026-06-22T09:00:34.504Z",0.0176,"close-left",47,"set-piece","right-foot",0,"miss",,,862,0,59,8.3,27.3,54.6,0,,,,
"Row38_18",8326,17,"2026-06-22T09:00:34.504Z",0.1989,"low-right",46,"assisted","right-foot",0,"save",0.9196,,333,0,45.8,4.4,11.3,54,0,1.9,49.8,0,
"Row38_19",8326,18,"2026-06-22T09:00:34.504Z",0.3845,"left",45,"assisted","left-foot",0,"miss",,1,14683,0,63.9,8.3,6.1,49.5,0,,,,
"Row38_20",8326,19,"2026-06-22T09:00:34.504Z",0.0737,"close-left",35,"free-kick","left-foot",0,"miss",,,333,0,56.8,27.8,21.4,36.8,0,,,,
"Row38_21",8326,20,"2026-06-22T09:00:34.504Z",0.0402,"right",27,"assisted","head",1,"miss",,,4472,0,30.8,4.2,9.4,44,0,,,,
"Row38_22",8326,21,"2026-06-22T09:00:34.504Z",0.0383,"low-right",27,"assisted","right-foot",0,"save",0.166,,862,0,47.4,13.9,18.4,32.7,0,1.5,47.1,0,
"Row38_23",8326,22,"2026-06-22T09:00:34.504Z",0.019,"low-right",26,"assisted","right-foot",1,"block",,,50286,0,47.5,19,28.2,51.9,0,20.5,51.6,0,
"Row38_24",8326,23,"2026-06-22T09:00:34.504Z",0.0723,"left",21,"corner","head",0,"miss",,,14729,0,86.9,5.6,8.2,47.9,0,,,,
"Row38_25",8326,24,"2026-06-22T09:00:34.504Z",0.0245,"low-centre",20,"assisted","right-foot",0,"block",,,14676,0,51.4,19,16.3,72.8,0,13.8,69.1,0,
"Row38_26",8326,25,"2026-06-22T09:00:34.504Z",0.0417,"low-left",19,"throw-in-set-piece","left-foot",1,"save",0.1969,,29409,0,54.7,5.1,4.6,31.9,0,0.59999999999999,46.4,0,
"Row38_27",8326,26,"2026-06-22T09:00:34.504Z",0.0163,"low-centre",19,"regular","left-foot",1,"block",,,5955,0,49.9,19,22.2,32.3,0,19.9,34.1,0,
"Row38_28",8326,27,"2026-06-22T09:00:34.504Z",0.1226,"high-left",15,"corner","head",1,"goal",0.6028,,9220,0,53.2,20.9,7.1,48.4,0,,,,"regular"
"Row38_29",8326,28,"2026-06-22T09:00:34.504Z",0.0409,"low-left",14,"assisted","left-foot",1,"save",0.0537,,5955,0,52.8,1.9,9.1,30.1,0,1.1,45.3,0,
"Row38_30",8326,29,"2026-06-22T09:00:34.504Z",0.043,"right",7,"assisted","left-foot",1,"miss",,,55975,0,38.5,20.8,18.4,41.8,0,,,,
"Row38_31",8326,30,"2026-06-22T09:00:34.504Z",0.0401,"low-centre",6,"assisted","left-foot",0,"block",,,333,0,51.6,19,18.4,55.8,0,12.9,53.6,0,
"Row39_1",8327,0,"2026-06-23T01:13:19.108Z",0.0348,"left",90,"free-kick","left-foot",1,"miss",,8,9063,0,64.4,5.6,28.6,55.8,0,,,,
"Row39_2",8327,1,"2026-06-23T01:13:19.108Z",0.3687,"low-centre",90,"fast-break","left-foot",1,"goal",0.9794,5,9063,0,51.3,1.9,3.1,43,0,,,,"regular"
"Row39_3",8327,2,"2026-06-23T01:13:19.108Z",0.4404,"low-centre",90,"fast-break","left-foot",1,"save",,5,9063,0,50.1,9.7,9.6,43.5,0,4,47.1,0,
"Row39_4",8327,3,"2026-06-23T01:13:19.108Z",0.3877,"low-centre",90,"fast-break","left-foot",1,"save",0.2397,4,770,0,48.9,7.6,10.8,42.3,0,7.7,44.9,0,
"Row39_5",8327,4,"2026-06-23T01:13:19.108Z",0.082,"left",90,"set-piece","head",0,"miss",,3,1375,0,60.7,9.7,7.9,53.6,0,,,,
"Row39_6",8327,5,"2026-06-23T01:13:19.108Z",0.0711,"low-right",86,"regular","right-foot",1,"block",,,387,0,47.1,19,14.5,50.3,0,12.1,50.7,0,
"Row39_7",8327,6,"2026-06-23T01:13:19.108Z",0.1538,"low-centre",86,"assisted","right-foot",1,"block",,,768,0,50.9,8.3,13.4,45,0,11,45.5,0,
"Row39_8",8327,7,"2026-06-23T01:13:19.108Z",0.1366,"close-right",73,"corner","head",1,"miss",,,768,0,41,12.5,7.9,46.6,0,,,,
"Row39_9",8327,8,"2026-06-23T01:13:19.108Z",0.1254,"high",67,"assisted","head",0,"miss",,,8530,0,47.7,86.1,7,51.2,0,,,,
"Row39_10",8327,9,"2026-06-23T01:13:19.108Z",0.075,"right",65,"assisted","left-foot",1,"miss",,,9063,0,37.5,5.6,15.2,36.7,0,,,,
"Row39_11",8327,10,"2026-06-23T01:13:19.108Z",0.0955,"low-centre",62,"assisted","right-foot",1,"block",,,387,0,49.5,19,19.8,44.5,0,11.2,47.1,0,
"Row39_12",8327,11,"2026-06-23T01:13:19.108Z",0.0343,"high-centre",55,"free-kick","right-foot",0,"save",0.0373,,2161,0,48.6,22.8,21.9,22.8,0,1.4,49.1,0,
"Row39_13",8327,12,"2026-06-23T01:13:19.108Z",0.0179,"left",46,"assisted","right-foot",0,"miss",,,2161,0,63.5,4.2,25.9,57.6,0,19.2,53.1,0,
"Row39_14",8327,13,"2026-06-23T01:13:19.108Z",0.1883,"low-left",38,"fast-break","left-foot",1,"goal",0.2708,,9063,0,52.9,11.4,15.5,45.3,0,,,,"regular"
"Row39_15",8327,14,"2026-06-23T01:13:19.108Z",0.0722,"low-centre",32,"regular","left-foot",1,"save",,,9063,0,48.4,1.4,13.3,40.3,0,6.6,45.7,0,
"Row39_16",8327,15,"2026-06-23T01:13:19.108Z",0.0999,"close-right",23,"assisted","left-foot",0,"miss",,,2161,0,42,5.6,11.7,37,0,6,46.4,0,
"Row39_17",8327,16,"2026-06-23T01:13:19.108Z",0.1372,"left",23,"assisted","head",0,"miss",,,3522,0,100,5.6,7.7,45.8,0,12.8,36.1,0,
"Row39_18",8327,17,"2026-06-23T01:13:19.108Z",0.7884,"close-right",9,"penalty","left-foot",1,"miss",,,9063,0,43.4,11.1,11.5,50,0,,,,
"Row40_1",8328,0,"2026-06-23T05:13:18.377Z",0.0118,"high-right",40,"regular","right-foot",1,"miss",,,594,0,42.9,80.6,40,44,0,,,,
"Row40_2",8328,1,"2026-06-23T05:13:18.377Z",0.0301,"low-left",32,"assisted","right-foot",1,"block",,,594,0,52.2,19,18.6,37.3,0,16.5,38.5,0,
"Row40_3",8328,2,"2026-06-23T05:13:18.377Z",0.1395,"right",27,"assisted","head",0,"miss",,,7175,0,34.6,11.1,4.3,56.9,0,,,,
"Row40_4",8328,3,"2026-06-23T05:13:18.377Z",0.0252,"low-centre",27,"assisted","left-foot",0,"block",,,7175,0,50.2,19,19.1,69.6,0,17.4,67.8,0,
"Row40_5",8328,4,"2026-06-23T05:13:18.377Z",0.0424,"low-left",14,"assisted","left-foot",1,"goal",0.0362,,594,0,52.5,19.6,19.7,69.2,0,,,,"regular"
"Row40_6",8328,5,"2026-06-23T05:13:18.377Z",0.0464,"low-centre",14,"assisted","left-foot",1,"block",,,2467,0,49.1,19,17.6,63.4,0,15,61.6,0,
"Row40_7",8328,6,"2026-06-23T05:13:18.377Z",0.0244,"right",8,"regular","right-foot",1,"miss",,,594,0,40.7,23.6,10,70.6,0,,,,
"Row40_8",8328,7,"2026-06-23T05:13:18.377Z",0.0498,"low-centre",8,"regular","left-foot",1,"block",,,2467,0,50.1,19,18.3,49.8,0,13.6,49.8,0,
"Row40_9",8328,8,"2026-06-23T05:13:18.377Z",0.0326,"right",1,"regular","left-foot",1,"miss",,,1064,0,40.5,5.6,19.7,32.9,0,,,,
"Row41_1",8329,0,"2026-06-23T08:13:20.094Z",0.459,"high",90,"corner","head",0,"miss",,9,1787,0,50.1,73.6,3.6,46.4,0,,,,
"Row41_2",8329,1,"2026-06-23T08:13:20.094Z",0.0391,"low-left",90,"assisted","right-foot",0,"block",,9,2255,0,52.3,19,12.9,31.4,0,10.3,34.6,0,
"Row41_3",8329,2,"2026-06-23T08:13:20.094Z",0.2516,"high-right",90,"assisted","right-foot",0,"goal",0.47,3,1787,0,47.9,21.5,10,47.6,0,,,,"regular"
"Row41_4",8329,3,"2026-06-23T08:13:20.094Z",0.0156,"low-centre",90,"regular","right-foot",0,"block",,2,724,0,50.5,19,30.1,68.7,0,25.1,65.5,0,
"Row41_5",8329,4,"2026-06-23T08:13:20.094Z",0.183,"low-centre",90,"regular","left-foot",1,"save",,,3651,0,50.7,19,10.8,51.9,0,1.2,49.6,0,
"Row41_6",8329,5,"2026-06-23T08:13:20.094Z",0.1587,"low-centre",88,"assisted","left-foot",1,"block",,,852,0,50.8,19,10.1,38.5,0,7.6,41.1,0,
"Row41_7",8329,6,"2026-06-23T08:13:20.094Z",0.1096,"low-centre",83,"assisted","left-foot",0,"block",,,1787,0,49.5,19,8.5,51.2,0,7.1,51.1,0,
"Row41_8",8329,7,"2026-06-23T08:13:20.094Z",0.0363,"high",81,"regular","right-foot",0,"miss",,,724,0,49.9,95.8,23.4,60.9,0,,,,
"Row41_9",8329,8,"2026-06-23T08:13:20.094Z",0.0773,"low-centre",74,"assisted","right-foot",0,"block",,,1787,0,51.5,19,11.9,47.9,0,9.8,48,0,
"Row41_10",8329,9,"2026-06-23T08:13:20.094Z",0.303,"high-centre",58,"assisted","right-foot",1,"goal",0.58,,852,0,49.4,29.8,9,44.9,0,,,,"regular"
"Row41_11",8329,10,"2026-06-23T08:13:20.094Z",0.0771,"low-left",58,"assisted","right-foot",1,"block",,,2897,0,52.1,19,13.1,45.9,0,11.1,46.2,0,
"Row41_12",8329,11,"2026-06-23T08:13:20.094Z",0.1096,"high",56,"assisted","right-foot",0,"miss",,,2228,0,46.2,91.7,17.3,58.1,0,,,,
"Row41_13",8329,12,"2026-06-23T08:13:20.094Z",0.1907,"high-right",53,"assisted","right-foot",0,"goal",0.3947,,1787,0,47.6,22.2,8.1,53.8,0,,,,"regular"
"Row41_14",8329,13,"2026-06-23T08:13:20.094Z",0.0912,"low-centre",52,"assisted","head",0,"save",0.055,,2471,0,50.1,12,7.6,45.6,0,1.5,48.6,0,
"Row41_15",8329,14,"2026-06-23T08:13:20.094Z",0.1584,"high-right",48,"fast-break","left-foot",1,"goal",0.4713,,852,0,47.1,26.6,12.5,41.3,0,,,,"regular"
"Row41_16",8329,15,"2026-06-23T08:13:20.094Z",0.031,"low-right",45,"assisted","head",1,"save",0.1161,4,852,0,47.1,3.2,9.4,58.5,0,1,51.3,0,
"Row41_17",8329,16,"2026-06-23T08:13:20.094Z",0.1883,"right",45,"regular","left-foot",1,"post",,4,852,0,44.7,5.7,5.1,71.6,0,,,,
"Row41_18",8329,17,"2026-06-23T08:13:20.094Z",0.0956,"low-right",45,"assisted","right-foot",0,"save",0.4337,1,1787,0,46.3,19.6,8.9,53,0,1.9,52.3,0,
"Row41_19",8329,18,"2026-06-23T08:13:20.094Z",0.0473,"high-centre",43,"regular","right-foot",1,"goal",0.1069,,1838,0,48.4,24.1,11.4,64.8,0,,,,"regular"
"Row41_20",8329,19,"2026-06-23T08:13:20.094Z",0.067,"low-centre",42,"assisted","left-foot",1,"block",,,447,0,51.1,19,18.6,52.5,0,15,51.8,0,
"Row41_21",8329,20,"2026-06-23T08:13:20.094Z",0.0154,"left",41,"assisted","right-foot",0,"miss",,,2228,0,63,6.9,30.9,43.4,0,,,,
"Row41_22",8329,21,"2026-06-23T08:13:20.094Z",0.04,"high",39,"assisted","right-foot",0,"miss",,,3800,0,49.4,68.1,24.1,65,0,,,,
"Row41_23",8329,22,"2026-06-23T08:13:20.094Z",0.5534,"low-centre",37,"assisted","left-foot",1,"save",0.3555,,447,0,49.1,3.8,11.3,43.8,0,6,46.6,0,
"Row41_24",8329,23,"2026-06-23T08:13:20.094Z",0.0286,"high-right",28,"assisted","right-foot",0,"miss",,,2471,0,38.3,72.2,11.9,27.2,0,,,,
"Row41_25",8329,24,"2026-06-23T08:13:20.094Z",0.1255,"low-centre",17,"assisted","left-foot",0,"block",,,2471,0,50.6,19,9,35.6,0,7.7,37.5,0,
"Row41_26",8329,25,"2026-06-23T08:13:20.094Z",0.1114,"high",14,"assisted","left-foot",1,"miss",,,447,0,50.3,70.8,12.5,59.9,0,,,,
"Row41_27",8329,26,"2026-06-23T08:13:20.094Z",0.0125,"low-centre",8,"throw-in-set-piece","right-foot",0,"block",,,3800,0,51.7,19,26.8,46.6,0,18.9,47.1,0,
"Row41_28",8329,27,"2026-06-23T08:13:20.094Z",0.1995,"low-centre",3,"corner","head",1,"save",0.1803,,464,0,49.8,8.2,4.8,48.7,0,1,49.5,0,
"Row41_29",8329,28,"2026-06-23T08:13:20.094Z",0.0204,"right",2,"corner","right-foot",1,"miss",,,2897,0,37.8,36.1,18.4,32.3,0,9.9,46.7,0,
"Row42_1",8330,0,"2026-06-23T11:13:18.249Z",0.1854,"low-left",89,"corner","right-foot",0,"save",0.2764,,2140,0,53,2.5,2.5,40.9,0,1.2,44,0,
"Row42_2",8330,1,"2026-06-23T11:13:18.249Z",0.3087,"low-centre",82,"corner","right-foot",0,"goal",0.5805,,4540,0,51.6,15.8,4.8,49.6,0,,,,"regular"
"Row42_3",8330,2,"2026-06-23T11:13:18.249Z",0.0482,"low-right",82,"corner","head",0,"block",,,2169,0,48.1,19,8.9,54.2,0,7.3,53.8,0,
"Row42_4",8330,3,"2026-06-23T11:13:18.249Z",0.1114,"low-left",80,"assisted","right-foot",0,"block",,,3368,0,52.2,19,11.6,61.5,0,9.8,59.4,0,
"Row42_5",8330,4,"2026-06-23T11:13:18.249Z",0.0218,"low-centre",78,"assisted","left-foot",0,"block",,,1460,0,50.9,19,27.7,60.6,0,24.3,59.2,0,
"Row42_6",8330,5,"2026-06-23T11:13:18.249Z",0.015,"low-centre",73,"set-piece","right-foot",0,"save",0.0089,,1351,0,49.7,17.7,26.6,31.9,0,1.6,48.7,0,
"Row42_7",8330,6,"2026-06-23T11:13:18.249Z",0.0731,"low-left",72,"fast-break","left-foot",1,"save",0.1565,,16713,0,52.7,1.9,9.5,32.1,0,1.5,47.1,0,
"Row42_8",8330,7,"2026-06-23T11:13:18.249Z",0.0758,"low-left",69,"corner","head",0,"goal",0.765,,16901,0,54,9.5,8.2,49.7,0,,,,"regular"
"Row42_9",8330,8,"2026-06-23T11:13:18.249Z",0.2316,"left",66,"set-piece","head",0,"miss",,,2140,0,61.2,23.6,5.2,49.9,0,4,48.4,0,
"Row42_10",8330,9,"2026-06-23T11:13:18.249Z",0.0388,"low-right",63,"throw-in-set-piece","head",0,"save",0.2141,,16901,0,46.7,11.4,11.2,46,0,1.9,49.1,0,
"Row42_11",8330,10,"2026-06-23T11:13:18.249Z",0.0459,"close-high-right",62,"regular","right-foot",1,"miss",,,16705,0,41.2,52.8,20.4,34.2,0,,,,
"Row42_12",8330,11,"2026-06-23T11:13:18.249Z",0.0415,"high-left",60,"assisted","left-foot",0,"miss",,,2140,0,57,75,13.2,36.4,0,,,,
"Row42_13",8330,12,"2026-06-23T11:13:18.249Z",0.0555,"left",54,"regular","right-foot",0,"miss",,,861,0,61,5.6,15.3,34,0,,,,
"Row42_14",8330,13,"2026-06-23T11:13:18.249Z",0.0283,"low-left",54,"assisted","right-foot",0,"save",0.04,,2140,0,52,15.8,23.5,60.1,0,2.8,50.7,0,
"Row42_15",8330,14,"2026-06-23T11:13:18.249Z",0.0301,"low-centre",48,"corner","left-foot",0,"block",,,2616,0,50,19,17.9,55.3,0,7.3,52.2,0,
"Row42_16",8330,15,"2026-06-23T11:13:18.249Z",0.0092,"high-right",45,"throw-in-set-piece","right-foot",1,"miss",,1,55283,0,40,84.7,20.3,30.7,0,,,,
"Row42_17",8330,16,"2026-06-23T11:13:18.249Z",0.1469,"low-right",36,"assisted","right-foot",1,"goal",0.2264,,16711,0,46.3,0.6,14.2,53.8,0,,,,"regular"
"Row42_18",8330,17,"2026-06-23T11:13:18.249Z",0.1968,"right",36,"assisted","left-foot",1,"miss",,,2809,0,0.3,2.8,13,42.3,0,14.5,57.4,0,
"Row42_19",8330,18,"2026-06-23T11:13:18.249Z",0.4153,"low-centre",33,"assisted","left-foot",0,"save",0.2181,,8116,0,50.4,10.8,11.5,53.3,0,7,51.4,0,
"Row42_20",8330,19,"2026-06-23T11:13:18.249Z",0.0639,"low-centre",29,"corner","right-foot",0,"save",0.0475,,4540,0,48.4,2.5,17.8,45.4,0,1.8,50.7,0,
"Row42_21",8330,20,"2026-06-23T11:13:18.249Z",0.0266,"low-centre",23,"regular","right-foot",1,"save",0.0276,,55283,0,51.6,6.3,14.8,80.8,0,1.2,53.1,0,
"Row42_22",8330,21,"2026-06-23T11:13:18.249Z",0.1037,"low-right",21,"assisted","right-foot",0,"block",,,1351,0,47.4,16.7,17.2,43.8,0,8.4,48.6,0,
"Row42_23",8330,22,"2026-06-23T11:13:18.249Z",0.0194,"high-right",12,"assisted","left-foot",1,"save",0.1469,,2809,0,46.8,20.3,20.5,72,0,1.6,51.4,0,
"Row42_24",8330,23,"2026-06-23T11:13:18.249Z",0.0352,"close-left",3,"assisted","right-foot",0,"miss",,,4540,0,57.5,4.2,8.2,29.9,0,,,,
"Row42_25",8330,24,"2026-06-23T11:13:18.249Z",0.1331,"right",1,"set-piece","head",1,"miss",,,16711,0,40.5,27.8,8.9,54,0,,,,
"Row43_1",8331,0,"2026-06-24T01:13:18.672Z",0.0796,"close-right",90,"set-piece","left-foot",1,"miss",,3,1219,0,41.3,15.3,14.2,43.6,0,,,,
"Row43_2",8331,1,"2026-06-24T01:13:18.672Z",0.1662,"high-left",87,"regular","right-foot",1,"goal",0.8381,,1997,0,53.9,30.4,14.1,46.8,0,,,,"regular"
"Row43_3",8331,2,"2026-06-24T01:13:18.672Z",0.027,"low-left",84,"assisted","right-foot",1,"save",0.1706,,1794,0,53.9,4.4,26.7,63.2,0,1.4,51.6,0,
"Row43_4",8331,3,"2026-06-24T01:13:18.672Z",0.0388,"high-left",78,"assisted","right-foot",0,"miss",,,6643,0,56.8,62.5,14.5,65.2,0,,,,
"Row43_5",8331,4,"2026-06-24T01:13:18.672Z",0.1776,"low-centre",74,"regular","left-foot",1,"save",0.2949,,7880,0,51.6,15.2,12.9,53.4,0,1.5,51.3,0,
"Row43_6",8331,5,"2026-06-24T01:13:18.672Z",0.0722,"high-left",73,"assisted","left-foot",1,"block",,,7880,0,51.9,23.6,10.2,41.9,0,9.2,42.1,0,
"Row43_7",8331,6,"2026-06-24T01:13:18.672Z",0.0114,"low-centre",62,"corner","right-foot",0,"block",,,58271,0,48.3,19,22.1,62.1,0,18.6,60.5,0,
"Row43_8",8331,7,"2026-06-24T01:13:18.672Z",,"low-right",60,"corner","other",1,"goal",,,55384,0,47.4,7.6,1.1,53,0,,,,"own"
"Row43_9",8331,8,"2026-06-24T01:13:18.672Z",0.1722,"low-centre",60,"corner","right-foot",1,"save",0.437,,7881,0,51.4,7,2.3,56.4,0,1.1,54.1,0,
"Row43_10",8331,9,"2026-06-24T01:13:18.672Z",0.1734,"low-centre",58,"set-piece","right-foot",1,"save",0.1772,,7880,0,49.7,3.2,10.1,49,0,6.7,49.5,0,
"Row43_11",8331,10,"2026-06-24T01:13:18.672Z",0.018,"low-right",55,"assisted","left-foot",0,"block",,,55629,0,46.4,4.2,24.4,47.1,0,21.9,47.6,0,
"Row43_12",8331,11,"2026-06-24T01:13:18.672Z",0.0294,"low-centre",52,"assisted","right-foot",0,"save",0.0308,,6642,0,50.1,16.5,13.6,33.6,0,2.8,48,0,
"Row43_13",8331,12,"2026-06-24T01:13:18.672Z",0.0187,"close-high",47,"regular","right-foot",1,"miss",,,7881,0,50.4,52.8,26.3,36.4,0,,,,
"Row43_14",8331,13,"2026-06-24T01:13:18.672Z",0.1395,"low-right",45,"assisted","right-foot",1,"save",,6,7880,0,46.2,19,7.9,52.1,0,0,53.8,0,
"Row43_15",8331,14,"2026-06-24T01:13:18.672Z",0.053,"low-centre",45,"assisted","right-foot",0,"block",,2,55374,0,48.8,19,15.7,50.2,0,13.1,50.4,0,
"Row43_16",8331,15,"2026-06-24T01:13:18.672Z",0.0249,"high",43,"assisted","right-foot",0,"miss",,,55629,0,49.6,90.3,26.9,50.5,0,,,,
"Row43_17",8331,16,"2026-06-24T01:13:18.672Z",0.1481,"high-right",42,"assisted","left-foot",1,"miss",,,7881,0,39.2,58.3,10.1,33.7,0,,,,
"Row43_18",8331,17,"2026-06-24T01:13:18.672Z",0.1903,"low-left",39,"fast-break","right-foot",1,"goal",0.7011,,7880,0,53.9,1.9,9.8,67.4,0,,,,"regular"
"Row43_19",8331,18,"2026-06-24T01:13:18.672Z",0.0235,"close-right",21,"throw-in-set-piece","right-foot",1,"miss",,,2248,0,42.9,2.8,22.5,50.3,0,12.8,53.4,0,
"Row43_20",8331,19,"2026-06-24T01:13:18.672Z",0.0757,"low-left",19,"assisted","left-foot",0,"save",0.0771,,55373,0,52.9,15.8,11.9,29.5,0,1.6,45.1,0,
"Row43_21",8331,20,"2026-06-24T01:13:18.672Z",0.1729,"low-left",17,"free-kick","left-foot",1,"goal",0.5071,,3470,0,52.9,3.2,18.2,52.8,0,,,,"regular"
"Row43_22",8331,21,"2026-06-24T01:13:18.672Z",0.04,"low-left",11,"set-piece","right-foot",1,"block",,,8331,0,52.2,19,20,64.6,0,9.9,56.1,0,
"Row43_23",8331,22,"2026-06-24T01:13:18.672Z",0.1723,"low-right",6,"assisted","right-foot",1,"goal",0.7979,,7880,0,46,7,7.7,53.6,0,,,,"regular"
"Row43_24",8331,23,"2026-06-24T01:13:18.672Z",0.4029,"right",4,"assisted","right-foot",1,"miss",,,7880,0,1,5.6,9.4,54.8,0,8,100,0,
"Row43_25",8331,24,"2026-06-24T01:13:18.672Z",0.2329,"low-centre",2,"throw-in-set-piece","left-foot",1,"block",,,1794,0,50.8,19,10.3,50.7,0,8,50.4,0,
"Row44_1",8332,0,"2026-06-24T04:10:17.910Z",0.1121,"low-left",90,"corner","head",1,"save",,3,425,0,53.6,19,7.9,52.1,0,0.7,46.9,0,
"Row44_2",8332,1,"2026-06-24T04:10:17.910Z",0.0881,"right",90,"corner","head",1,"miss",,3,847,0,25.9,13.9,4,58.6,0,0.90000000000001,69.9,0,
"Row44_3",8332,2,"2026-06-24T04:10:17.910Z",0.3297,"high",86,"regular","left-foot",1,"miss",,,2466,0,51.4,77.8,8.4,48.9,0,,,,
"Row44_4",8332,3,"2026-06-24T04:10:17.910Z",0.1206,"high",86,"assisted","head",1,"post",,,847,0,54.9,39.9,7.4,49.2,0,,,,
"Row44_5",8332,4,"2026-06-24T04:10:17.910Z",0.0177,"low-left",86,"assisted","left-foot",1,"save",0.1923,,455,0,54,4.4,19.1,69.7,0,3.6,52.5,0,
"Row44_6",8332,5,"2026-06-24T04:10:17.910Z",0.2413,"low-centre",79,"fast-break","left-foot",0,"save",,,3225,0,49.8,19,9.8,61,0,4.1,54.7,0,
"Row44_7",8332,6,"2026-06-24T04:10:17.910Z",0.1308,"high",70,"assisted","head",1,"miss",,,455,0,50.3,75,7.1,56.8,0,,,,
"Row44_8",8332,7,"2026-06-24T04:10:17.910Z",0.0353,"low-right",69,"regular","left-foot",1,"save",0.127,,2466,0,46.4,4.4,21.6,39.2,0,1.5,49.6,0,
"Row44_9",8332,8,"2026-06-24T04:10:17.910Z",0.045,"high-left",64,"set-piece","left-foot",1,"miss",,,450,0,56.3,76.4,18.3,63.1,0,,,,
"Row44_10",8332,9,"2026-06-24T04:10:17.910Z",0.0139,"left",63,"set-piece","right-foot",1,"miss",,,548,0,69.1,9.7,25.7,53.9,0,13.7,44.9,0,
"Row44_11",8332,10,"2026-06-24T04:10:17.910Z",0.0177,"high",62,"corner","head",1,"miss",,,548,0,50.6,72.2,12,55.4,0,,,,
"Row44_12",8332,11,"2026-06-24T04:10:17.910Z",0.0375,"low-centre",61,"set-piece","head",1,"block",,,548,0,49.2,19,6.8,60.8,0,4.2,57,0,
"Row44_13",8332,12,"2026-06-24T04:10:17.910Z",0.0258,"low-centre",57,"assisted","right-foot",1,"save",0.0173,,711,0,50.7,17.7,16.4,31.5,0,1.5,48.4,0,
"Row44_14",8332,13,"2026-06-24T04:10:17.910Z",0.0658,"low-centre",57,"assisted","left-foot",1,"block",,,450,0,50.7,19,14.2,66.4,0,5.7,56.1,0,
"Row44_15",8332,14,"2026-06-24T04:10:17.910Z",0.0449,"high-left",50,"assisted","right-foot",0,"block",,,4008,0,53.5,20.8,7.5,66.8,0,6.4,64.6,0,
"Row44_16",8332,15,"2026-06-24T04:10:17.910Z",0.0874,"low-centre",45,"assisted","left-foot",1,"block",,4,2466,0,50.7,19,11,36.4,0,8,39.9,0,
"Row44_17",8332,16,"2026-06-24T04:10:17.910Z",0.0539,"close-high",37,"assisted","head",1,"miss",,,449,0,50.8,52.8,10.1,44.5,0,,,,
"Row44_18",8332,17,"2026-06-24T04:10:17.910Z",0.0234,"low-right",33,"regular","right-foot",1,"block",,,592,0,47.5,19,13.9,67.5,0,11.2,64.6,0,
"Row44_19",8332,18,"2026-06-24T04:10:17.910Z",0.0534,"low-centre",16,"regular","left-foot",1,"block",,,449,0,49.8,19,4.2,35.1,0,3.8,36.5,0,
"Row44_20",8332,19,"2026-06-24T04:10:17.910Z",0.0435,"low-centre",15,"assisted","right-foot",1,"block",,,548,0,51.4,19,15.2,42.1,0,11.1,43.9,0,
"Row44_21",8332,20,"2026-06-24T04:10:17.910Z",0.0232,"close-high",14,"free-kick","right-foot",1,"miss",,,449,0,51.9,56.9,29.1,40.5,0,,,,
"Row45_1",8333,0,"2026-06-24T07:10:17.856Z",0.0535,"high-right",90,"free-kick","right-foot",1,"miss",,3,4082,0,41.7,62.5,26.4,53.2,0,,,,
"Row45_2",8333,1,"2026-06-24T07:10:17.856Z",0.019,"low-centre",84,"assisted","right-foot",1,"block",,,16744,0,48.9,19,15.3,76,0,13.2,72.6,0,
"Row45_3",8333,2,"2026-06-24T07:10:17.856Z",0.0362,"low-centre",82,"free-kick","left-foot",0,"block",,,1762,0,50.9,19,25.6,34,0,16.6,39.3,0,
"Row45_4",8333,3,"2026-06-24T07:10:17.856Z",0.0189,"close-right",79,"corner","right-foot",1,"miss",,,9102,0,40.8,23.6,6.2,75.4,0,,,,
"Row45_5",8333,4,"2026-06-24T07:10:17.856Z",0.0616,"high",78,"assisted","left-foot",1,"miss",,,10334,0,54.5,70.8,22.6,38.7,0,,,,
"Row45_6",8333,5,"2026-06-24T07:10:17.856Z",0.1048,"close-high",68,"corner","head",1,"miss",,,9102,0,51.8,51.4,7.1,48.5,0,1.5,49.6,0,
"Row45_7",8333,6,"2026-06-24T07:10:17.856Z",0.0273,"low-right",68,"regular","right-foot",1,"save",0.033,,4082,0,47.4,3.2,14.1,72.2,0,0.59999999999999,53.4,0,
"Row45_8",8333,7,"2026-06-24T07:10:17.856Z",0.2771,"left",60,"assisted","head",1,"miss",,,16745,0,88.9,1.4,7.9,53.1,0,2.4,25.8,0,
"Row45_9",8333,8,"2026-06-24T07:10:17.856Z",0.392,"close-high",57,"fast-break","left-foot",0,"miss",,,9568,0,53.1,55.6,3.2,37.8,0,,,,
"Row45_10",8333,9,"2026-06-24T07:10:17.856Z",0.6554,"low-centre",57,"fast-break","left-foot",0,"save",0.251,,9568,0,50.7,18.4,12.5,45.2,0,7.5,46.9,0,
"Row45_11",8333,10,"2026-06-24T07:10:17.856Z",0.7832,"low-left",54,"assisted","left-foot",0,"goal",0.9935,,2669,0,53.3,10.8,5.2,47.2,0,,,,"regular"
"Row45_12",8333,11,"2026-06-24T07:10:17.856Z",0.0189,"close-left",45,"assisted","right-foot",0,"miss",,1,2833,0,58.2,2.8,24.8,31.3,0,6.3,40.4,0,
"Row45_13",8333,12,"2026-06-24T07:10:17.856Z",0.055,"low-right",4,"set-piece","right-foot",1,"block",,,4082,0,48.1,19,14.4,34.6,0,10.6,39.2,0,
"Row45_14",8333,13,"2026-06-24T07:10:17.856Z",0.0345,"high-right",2,"assisted","head",0,"miss",,,1993,0,43.7,79.2,10.1,60.7,0,,,,
"Row46_1",8334,0,"2026-06-24T10:10:17.960Z",0.0352,"high-left",90,"free-kick","left-foot",1,"miss",,6,16387,0,65.4,63.9,38.2,75.3,0,,,,
"Row46_2",8334,1,"2026-06-24T10:10:17.960Z",0.043,"left",90,"corner","head",0,"miss",,3,1456,0,64.4,8.3,8.8,57.3,0,8.1,52.2,0,
"Row46_3",8334,2,"2026-06-24T10:10:17.960Z",0.0621,"left",90,"corner","right-foot",0,"miss",,3,1295,0,71.6,37.5,6.3,59.6,0,6.2,52.9,0,
"Row46_4",8334,3,"2026-06-24T10:10:17.960Z",0.0256,"low-right",90,"assisted","left-foot",0,"save",0.0768,1,15420,0,46.3,9.5,25.6,34.2,0,2.3,48.9,0,
"Row46_5",8334,4,"2026-06-24T10:10:17.960Z",0.0229,"low-centre",89,"assisted","left-foot",0,"block",,,4161,0,50.5,19,21.5,33.4,0,18.4,35.7,0,
"Row46_6",8334,5,"2026-06-24T10:10:17.960Z",0.0277,"high-left",86,"corner","right-foot",1,"save",0.098,,16386,0,52.7,20.9,22.3,68.7,0,2,52.9,0,
"Row46_7",8334,6,"2026-06-24T10:10:17.960Z",0.0735,"low-left",86,"assisted","right-foot",1,"block",,,16386,0,52.5,19,19.2,49.7,0,17.1,49.5,0,
"Row46_8",8334,7,"2026-06-24T10:10:17.960Z",0.0672,"low-right",76,"assisted","left-foot",1,"goal",0.585,,426,0,46.5,3.8,13,66.9,0,,,,"regular"
"Row46_9",8334,8,"2026-06-24T10:10:17.960Z",0.1005,"low-left",74,"assisted","right-foot",0,"block",,,5140,0,51.9,19,15.1,46.1,0,11.5,46.6,0,
"Row46_10",8334,9,"2026-06-24T10:10:17.960Z",0.0411,"high-left",53,"fast-break","left-foot",0,"miss",,,11283,0,57.1,79.2,25.9,51.9,0,,,,
"Row46_11",8334,10,"2026-06-24T10:10:17.960Z",0.0395,"close-right",50,"corner","left-foot",1,"miss",,,530,0,43.4,5.6,10.4,59.3,0,,,,
"Row46_12",8334,11,"2026-06-24T10:10:17.960Z",0.0842,"low-centre",50,"corner","left-foot",1,"save",0.1448,,2465,0,49.8,4.4,7.5,43.5,0,1.6,47.5,0,
"Row46_13",8334,12,"2026-06-24T10:10:17.960Z",0.0573,"low-centre",45,"assisted","right-foot",1,"block",,3,16386,0,49.6,19,21.8,61.3,0,17.6,59.2,0,
"Row46_14",8334,13,"2026-06-24T10:10:17.960Z",0.0354,"low-right",45,"assisted","left-foot",1,"block",,,2465,0,47.1,19,10,67,0,8.9,65.5,0,
"Row46_15",8334,14,"2026-06-24T10:10:17.960Z",0.0711,"high",45,"corner","head",0,"miss",,,1588,0,46.1,90.3,8,47,0,,,,
"Row46_16",8334,15,"2026-06-24T10:10:17.960Z",0.0336,"low-centre",41,"regular","right-foot",1,"block",,,1221,0,50.3,19,14.4,29.5,0,11.8,33.2,0,
"Row46_17",8334,16,"2026-06-24T10:10:17.960Z",0.0213,"low-centre",39,"set-piece","head",1,"save",0.0231,,3726,0,49.8,10.8,9.7,38.3,0,2.4,46.2,0,
"Row46_18",8334,17,"2026-06-24T10:10:17.960Z",0.0257,"low-left",31,"assisted","right-foot",1,"block",,,2465,0,53.1,19,12.6,33.3,0,10.2,36.5,0,
"Row46_19",8334,18,"2026-06-24T10:10:17.960Z",0.0211,"low-centre",24,"assisted","right-foot",1,"block",,,2465,0,50.4,19,26.8,65.4,0,19,60.8,0,
"Row46_20",8334,19,"2026-06-24T10:10:17.960Z",0.0161,"low-right",19,"assisted","right-foot",1,"save",0.0749,,16386,0,46.8,19,30.5,36.6,0,1.9,49.5,0,
"Row46_21",8334,20,"2026-06-24T10:10:17.960Z",0.029,"right",17,"corner","left-foot",1,"miss",,,16386,0,32.8,1.4,26,55.4,0,,,,
"Row46_22",8334,21,"2026-06-24T10:10:17.960Z",0.1245,"low-left",16,"assisted","right-foot",1,"save",0.1116,,2465,0,52,4.4,12.2,40.3,0,1.6,47.1,0,
"Row46_23",8334,22,"2026-06-24T10:10:17.960Z",0.0158,"low-right",15,"assisted","left-foot",1,"save",0.0356,,2641,0,47,5.1,29.4,32.4,0,2.4,48.7,0,
"Row46_24",8334,23,"2026-06-24T10:10:17.960Z",0.0501,"high",12,"corner","head",1,"miss",,,949,0,52.9,62.5,8.9,46.2,0,,,,
"Row46_25",8334,24,"2026-06-24T10:10:17.960Z",0.0245,"low-right",11,"assisted","left-foot",1,"save",0.0999,,10128,0,46.8,12,28.2,53.2,0,2.1,49.3,0,
"Row46_26",8334,25,"2026-06-24T10:10:17.960Z",0.1982,"right",4,"regular","right-foot",1,"post",,,426,0,44.2,4.4,4.3,60.3,0,,,,
"Row46_27",8334,26,"2026-06-24T10:10:17.960Z",0.0607,"low-right",4,"assisted","right-foot",1,"save",0.2138,,530,0,47.9,5.7,8.6,35.8,0,1.6,46.7,0,
"Row46_28",8334,27,"2026-06-24T10:10:17.960Z",0.0246,"high-left",1,"assisted","left-foot",0,"miss",,,6695,0,60.7,51.4,24.4,61.5,0,,,,
"Row47_1",8336,0,"2026-06-25T03:10:18.357Z",0.0712,"high-centre",90,"corner","head",0,"save",0.238,4,53915,0,48.3,24.1,8.3,51.5,0,0.90000000000001,50,0,
"Row47_2",8336,1,"2026-06-25T03:10:18.357Z",0.0111,"high-centre",90,"assisted","right-foot",0,"save",0.0103,4,53906,0,49.7,32.3,30.3,65,0,1.4,50,0,
"Row47_3",8336,2,"2026-06-25T03:10:18.357Z",0.0395,"high-right",86,"set-piece","right-foot",0,"miss",,,53927,0,44,93.1,22.8,51.9,0,,,,
"Row47_4",8336,3,"2026-06-25T03:10:18.357Z",0.0525,"low-centre",80,"corner","right-foot",1,"goal",0.21,,53958,0,48.4,2.5,11.8,52.6,0,,,,"regular"
"Row47_5",8336,4,"2026-06-25T03:10:18.357Z",0.0176,"low-left",80,"corner","left-foot",1,"block",,,12458,0,53,19,6.6,29.8,0,3.8,37,0,
"Row47_6",8336,5,"2026-06-25T03:10:18.357Z",0.0245,"low-right",80,"corner","right-foot",1,"block",,,53960,0,46.6,19,20.3,32.7,0,9.5,43.7,0,
"Row47_7",8336,6,"2026-06-25T03:10:18.357Z",0.0419,"low-left",79,"assisted","left-foot",1,"save",0.1118,,3515,0,52,14.6,22.8,55.2,0,1,51.6,0,
"Row47_8",8336,7,"2026-06-25T03:10:18.357Z",0.0116,"high-left",76,"assisted","left-foot",1,"miss",,,3515,0,65.2,91.7,20.9,71.1,0,,,,
"Row47_9",8336,8,"2026-06-25T03:10:18.357Z",0.0281,"high",60,"assisted","left-foot",0,"miss",,,53913,0,54.8,75,21.6,64.4,0,,,,
"Row47_10",8336,9,"2026-06-25T03:10:18.357Z",0.0655,"close-left",57,"fast-break","left-foot",0,"miss",,,53913,0,57.5,22.2,7.3,31.5,0,,,,
"Row47_11",8336,10,"2026-06-25T03:10:18.357Z",0.0377,"high-right",45,"assisted","right-foot",0,"miss",,3,53906,0,40.2,68.1,12.1,71.3,0,,,,
"Row47_12",8336,11,"2026-06-25T03:10:18.357Z",0.172,"left",45,"assisted","right-foot",0,"post",,3,53906,0,55.1,1.9,8.9,64.9,0,,,,
"Row47_13",8336,12,"2026-06-25T03:10:18.357Z",0.0183,"left",45,"assisted","right-foot",0,"miss",,,53907,0,67.9,9.7,29.3,62.1,0,,,,
"Row47_14",8336,13,"2026-06-25T03:10:18.357Z",0.3267,"low-centre",42,"assisted","right-foot",0,"goal",0.8906,,53923,0,49.4,2.5,4.9,48,0,,,,"regular"
"Row47_15",8336,14,"2026-06-25T03:10:18.357Z",0.1129,"right",38,"assisted","left-foot",1,"post",,,1343,0,44.8,7.6,13.4,38.2,0,,,,
"Row47_16",8336,15,"2026-06-25T03:10:18.357Z",,"low-right",34,"regular","other",1,"goal",,,53904,0,46.8,12,1.1,51.5,0,,,,"own"
"Row47_17",8336,16,"2026-06-25T03:10:18.357Z",0.0661,"high",33,"corner","head",1,"miss",,,27586,0,53.1,90.3,8.2,53.1,0,,,,
"Row47_18",8336,17,"2026-06-25T03:10:18.357Z",0.0444,"low-left",33,"regular","left-foot",1,"block",,,53960,0,53.8,19,20.2,61.8,0,17.1,59.4,0,
"Row47_19",8336,18,"2026-06-25T03:10:18.357Z",0.0374,"high-right",29,"assisted","right-foot",1,"goal",0.2361,,3046,0,46.1,21.5,22.3,64.4,0,,,,"regular"
"Row47_20",8336,19,"2026-06-25T03:10:18.357Z",0.1335,"low-left",23,"free-kick","right-foot",1,"block",,,3046,0,52.4,19,22.5,48.9,0,13.4,48.4,0,
"Row47_21",8336,20,"2026-06-25T03:10:18.357Z",0.0242,"low-centre",18,"assisted","left-foot",1,"block",,,53960,0,50.6,19,25,69.3,0,19.8,65.2,0,
"Row47_22",8336,21,"2026-06-25T03:10:18.357Z",0.0311,"close-high",17,"assisted","left-foot",1,"miss",,,53960,0,53.3,55.6,29.3,52.1,0,,,,
"Row47_23",8336,22,"2026-06-25T03:10:18.357Z",0.0268,"low-right",3,"assisted","left-foot",1,"save",0.2196,,3604,0,46,13.9,20.4,32.1,0,1.4,48,0,
"Row47_24",8336,23,"2026-06-25T03:10:18.357Z",0.0195,"low-right",2,"assisted","left-foot",1,"save",0.1125,,4516,0,46.1,18.4,20.3,33.8,0,2.1,49.1,0,
"Row48_1",8335,0,"2026-06-25T03:10:23.013Z",0.0445,"low-left",90,"throw-in-set-piece","right-foot",0,"save",0.3236,6,3754,0,53.2,13.3,9.4,62.7,0,0.90000000000001,52,0,
"Row48_2",8335,1,"2026-06-25T03:10:23.013Z",0.0829,"high-left",90,"assisted","head",0,"save",0.2454,6,4406,0,52.1,20.3,8.8,55.4,0,1,51.3,0,
"Row48_3",8335,2,"2026-06-25T03:10:23.013Z",0.1553,"low-right",90,"throw-in-set-piece","head",0,"save",0.3276,3,3754,0,48.1,17.7,5.4,45.4,0,1.2,49.1,0,
"Row48_4",8335,3,"2026-06-25T03:10:23.013Z",0.1935,"close-right",90,"throw-in-set-piece","head",0,"miss",,1,4155,0,42.4,18.1,4.9,54.6,0,,,,
"Row48_5",8335,4,"2026-06-25T03:10:23.013Z",0.3418,"low-left",76,"assisted","right-foot",0,"goal",0.9653,,3754,0,53.1,10.8,11.4,46.8,0,,,,"regular"
"Row48_6",8335,5,"2026-06-25T03:10:23.013Z",0.175,"low-left",68,"assisted","left-foot",0,"block",,,2186,0,52.2,19,7.9,38.7,0,5.1,41.9,0,
"Row48_7",8335,6,"2026-06-25T03:10:23.013Z",0.0224,"low-centre",61,"corner","left-foot",0,"block",,,4155,0,49.4,19,9.4,63.9,0,8.1,62.1,0,
"Row48_8",8335,7,"2026-06-25T03:10:23.013Z",0.0208,"low-centre",61,"throw-in-set-piece","head",0,"block",,,6190,0,51,19,13.9,47.7,0,8.8,48.2,0,
"Row48_9",8335,8,"2026-06-25T03:10:23.013Z",0.0888,"low-centre",57,"assisted","right-foot",1,"goal",0.0698,,1178,0,50.8,4.4,12.6,64.4,0,,,,"regular"
"Row48_10",8335,9,"2026-06-25T03:10:23.013Z",0.2813,"low-left",46,"assisted","right-foot",1,"goal",0.8398,,3803,0,53.6,7.6,8.6,45.3,0,,,,"regular"
"Row48_11",8335,10,"2026-06-25T03:10:23.013Z",0.0455,"left",44,"assisted","left-foot",0,"miss",,,2186,0,60.7,5.6,16.9,35.2,0,,,,
"Row48_12",8335,11,"2026-06-25T03:10:23.013Z",0.0657,"low-left",41,"assisted","right-foot",0,"save",0.5694,,8580,0,54.4,3.2,13.5,33.8,0,1.5,48.6,0,
"Row48_13",8335,12,"2026-06-25T03:10:23.013Z",0.0204,"high",40,"set-piece","right-foot",0,"miss",,,4406,0,52.6,80.6,22.7,58.2,0,,,,
"Row48_14",8335,13,"2026-06-25T03:10:23.013Z",0.0384,"high",38,"free-kick","left-foot",1,"miss",,,348,0,51.9,73.6,27.7,44.1,0,,,,
"Row48_15",8335,14,"2026-06-25T03:10:23.013Z",0.1253,"low-centre",33,"fast-break","right-foot",0,"save",0.0612,,4164,0,49.3,1.9,10.8,34.2,0,2,47.6,0,
"Row48_16",8335,15,"2026-06-25T03:10:23.013Z",0.0258,"low-centre",20,"set-piece","right-foot",0,"save",0.02,,7612,0,50.1,11.4,13.2,57.7,0,1.4,51.1,0,
"Row48_17",8335,16,"2026-06-25T03:10:23.013Z",0.036,"low-centre",17,"fast-break","left-foot",1,"save",0.0454,,2811,0,50.3,2.5,12.5,32.2,0,2.8,44.8,0,
"Row48_18",8335,17,"2026-06-25T03:10:23.013Z",0.0744,"low-left",11,"regular","right-foot",1,"block",,,1178,0,52.8,19,14.1,38.5,0,11,40.4,0,
"Row48_19",8335,18,"2026-06-25T03:10:23.013Z",0.587,"low-centre",11,"assisted","right-foot",1,"save",0.2466,,2811,0,51.1,18.4,13.9,53.9,0,7.3,51.8,0,
"Row49_1",8338,0,"2026-06-25T06:10:18.648Z",0.0497,"low-left",90,"assisted","left-foot",0,"block",,6,595,0,53.4,19,14,40.7,0,10.3,42.2,0,
"Row49_2",8338,1,"2026-06-25T06:10:18.648Z",0.1672,"low-centre",90,"corner","left-foot",1,"save",0.1364,6,1088,0,50.8,12,7.4,46,0,0.90000000000001,49.3,0,
"Row49_3",8338,2,"2026-06-25T06:10:18.648Z",0.0169,"high-left",90,"set-piece","right-foot",0,"save",0.1397,,215,0,52.9,26,14.1,23.8,0,1.4,48,0,
"Row49_4",8338,3,"2026-06-25T06:10:18.648Z",0.0585,"high-centre",89,"assisted","left-foot",1,"save",0.0375,,3398,0,50.1,29.1,13.1,60.5,0,2.1,51.1,0,
"Row49_5",8338,4,"2026-06-25T06:10:18.648Z",0.0673,"low-centre",86,"corner","left-foot",0,"block",,,4072,0,49.9,19,9.1,59.3,0,6.7,56.9,0,
"Row49_6",8338,5,"2026-06-25T06:10:18.648Z",0.0218,"low-right",84,"regular","left-foot",1,"block",,,3387,0,46.1,19,11.1,31.6,0,9.9,33.9,0,
"Row49_7",8338,6,"2026-06-25T06:10:18.648Z",0.0226,"left",83,"set-piece","right-foot",1,"miss",,,3900,0,66.7,2.8,14.7,60.3,0,14,57.6,0,
"Row49_8",8338,7,"2026-06-25T06:10:18.648Z",0.8834,"close-left",81,"fast-break","right-foot",0,"miss",,,595,0,58.3,33.3,6.6,47.2,0,,,,
"Row49_9",8338,8,"2026-06-25T06:10:18.648Z",0.0612,"low-left",79,"assisted","right-foot",0,"save",0.328,,595,0,54.1,1.9,9.6,29.8,0,1.1,47.1,0,
"Row49_10",8338,9,"2026-06-25T06:10:18.648Z",0.0507,"high",76,"corner","head",1,"miss",,,5774,0,50.1,66.7,8.4,45.2,0,,,,
"Row49_11",8338,10,"2026-06-25T06:10:18.648Z",0.2178,"high",72,"assisted","left-foot",1,"miss",,,1088,0,52.3,70.8,8.3,47.7,0,,,,
"Row49_12",8338,11,"2026-06-25T06:10:18.648Z",0.1053,"right",72,"assisted","left-foot",1,"miss",,,5774,0,38.7,19.4,8.8,35.8,0,6.4,46,0,
"Row49_13",8338,12,"2026-06-25T06:10:18.648Z",0.1207,"low-left",64,"corner","head",1,"save",0.7135,,1088,0,52.9,10.8,7.4,53.3,0,1.6,52,0,
"Row49_14",8338,13,"2026-06-25T06:10:18.648Z",0.0328,"high-centre",64,"free-kick","right-foot",1,"save",0.0332,,966,0,50.4,27.9,6.4,19.4,0,0.59999999999999,46.9,0,
"Row49_15",8338,14,"2026-06-25T06:10:18.648Z",0.1484,"low-right",60,"assisted","right-foot",0,"goal",0.5076,,4119,0,47.5,2.5,12,58.7,0,,,,"regular"
"Row49_16",8338,15,"2026-06-25T06:10:18.648Z",0.0696,"high-right",59,"regular","right-foot",0,"miss",,,1642,0,38,62.5,18.2,42.7,0,,,,
"Row49_17",8338,16,"2026-06-25T06:10:18.648Z",0.0363,"low-centre",59,"assisted","right-foot",0,"block",,,4119,0,48.3,19,14.1,69.4,0,10.7,65.2,0,
"Row49_18",8338,17,"2026-06-25T06:10:18.648Z",0.0107,"high-centre",54,"assisted","right-foot",0,"save",0.0418,,595,0,49.1,30.4,31.1,30.4,0,2.3,49.3,0,
"Row49_19",8338,18,"2026-06-25T06:10:18.648Z",0.334,"low-right",51,"assisted","right-foot",0,"save",0.6267,,595,0,46.8,0.6,12,40.5,0,7,44.9,0,
"Row49_20",8338,19,"2026-06-25T06:10:18.648Z",0.0981,"high-centre",49,"assisted","head",1,"save",0.2613,,1088,0,48.7,23.4,7.7,52.6,0,1.1,50.2,0,
"Row49_21",8338,20,"2026-06-25T06:10:18.648Z",0.0447,"right",45,"corner","left-foot",0,"miss",,7,16392,0,27.2,6.9,16.3,30.9,0,11.9,44.2,0,
"Row49_22",8338,21,"2026-06-25T06:10:18.648Z",0.601,"low-right",45,"assisted","right-foot",0,"save",0.7878,6,663,0,46.7,6.3,14.3,45.6,0,9.9,46.7,0,
"Row49_23",8338,22,"2026-06-25T06:10:18.648Z",0.0673,"low-centre",45,"set-piece","right-foot",1,"block",,6,4027,0,50.7,19,18.3,56.9,0,12.1,54.3,0,
"Row49_24",8338,23,"2026-06-25T06:10:18.648Z",0.7906,"high-left",45,"assisted","head",0,"goal",0.9952,3,595,0,52.1,26,3.2,46.8,0,,,,"regular"
"Row49_25",8338,24,"2026-06-25T06:10:18.648Z",0.0363,"left",45,"assisted","right-foot",1,"miss",,2,4027,0,67.9,13.9,14,30.8,0,11.2,32.3,0,
"Row49_26",8338,25,"2026-06-25T06:10:18.648Z",0.1941,"low-centre",45,"assisted","right-foot",0,"save",,,4119,0,51.7,19,3.3,56,0,1.1,50.9,0,
"Row49_27",8338,26,"2026-06-25T06:10:18.648Z",0.0244,"right",42,"assisted","right-foot",0,"miss",,,4119,0,39.7,25,19.8,35.8,0,,,,
"Row49_28",8338,27,"2026-06-25T06:10:18.648Z",0.0681,"high-left",38,"fast-break","left-foot",0,"miss",,,663,0,59.8,58.3,20.6,66.9,0,,,,
"Row49_29",8338,28,"2026-06-25T06:10:18.648Z",0.0193,"low-left",36,"assisted","left-foot",1,"block",,,6386,0,52.1,19,27.9,52.9,0,23.8,52.2,0,
"Row49_30",8338,29,"2026-06-25T06:10:18.648Z",0.0161,"left",33,"regular","right-foot",1,"miss",,,966,0,64.9,15.3,31,64.6,0,14.9,52.2,0,
"Row49_31",8338,30,"2026-06-25T06:10:18.648Z",0.0428,"left",20,"fast-break","right-foot",0,"miss",,,595,0,65.2,29.2,13.6,70.9,0,,,,
"Row49_32",8338,31,"2026-06-25T06:10:18.648Z",0.0205,"high-left",12,"assisted","right-foot",0,"miss",,,4119,0,65.4,79.2,22.7,69.4,0,,,,
"Row49_33",8338,32,"2026-06-25T06:10:18.648Z",0.0256,"low-centre",11,"fast-break","right-foot",0,"block",,,709,0,49.9,19,19.6,72.3,0,15.5,67.7,0,
"Row49_34",8338,33,"2026-06-25T06:10:18.648Z",0.9466,"low-centre",7,"assisted","right-foot",0,"goal",0.9952,,595,0,49.5,2.5,8.1,51,0,,,,"regular"
"Row49_35",8338,34,"2026-06-25T06:10:18.648Z",0.0244,"low-centre",7,"assisted","right-foot",0,"block",,,1793,0,50.7,19,28.3,48.8,0,21.6,48.9,0,
"Row50_1",8337,0,"2026-06-25T06:10:23.640Z",0.0274,"left",90,"assisted","right-foot",0,"miss",,8,17095,0,63.9,13.9,25.3,52.7,0,3.7,37.4,0,
"Row50_2",8337,1,"2026-06-25T06:10:23.640Z",0.0374,"low-centre",90,"regular","left-foot",0,"block",,8,9717,0,51,19,14.5,72.8,0,11.5,67.9,0,
"Row50_3",8337,2,"2026-06-25T06:10:23.640Z",0.0372,"low-centre",90,"assisted","head",0,"block",,8,9020,0,51.4,19,10.7,63,0,7.1,58.1,0,
"Row50_4",8337,3,"2026-06-25T06:10:23.640Z",0.0368,"low-centre",90,"corner","head",0,"block",,5,532,0,50.5,19,9.8,44.2,0,7.1,45.7,0,
"Row50_5",8337,4,"2026-06-25T06:10:23.640Z",0.0451,"high-right",90,"free-kick","right-foot",0,"save",0.1873,5,17100,0,46.6,21.5,25.6,36.8,0,0.59999999999999,49.8,0,
"Row50_6",8337,5,"2026-06-25T06:10:23.640Z",0.8025,"low-centre",89,"assisted","left-foot",1,"goal",0.992,,8630,0,48.9,11.4,6.5,53.8,0,,,,"regular"
"Row50_7",8337,6,"2026-06-25T06:10:23.640Z",0.0118,"low-left",89,"corner","right-foot",1,"block",,,1044,0,54.6,19,18.4,31.1,0,17.1,32.1,0,
"Row50_8",8337,7,"2026-06-25T06:10:23.640Z",0.0345,"high-centre",88,"free-kick","right-foot",1,"save",0.1033,,4241,0,49.6,33.5,11.6,9.6,0,0.7,47.3,0,
"Row50_9",8337,8,"2026-06-25T06:10:23.640Z",0.0738,"high-right",78,"corner","right-foot",1,"goal",0.7331,,15371,0,46.8,25.3,9.4,47.2,0,,,,"regular"
"Row50_10",8337,9,"2026-06-25T06:10:23.640Z",0.0277,"left",78,"corner","head",1,"miss",,,8593,0,97.8,11.1,7.9,59.6,0,7.2,48.2,0,
"Row50_11",8337,10,"2026-06-25T06:10:23.640Z",0.0451,"low-centre",78,"corner","head",1,"block",,,15371,0,50.7,19,9.2,52.1,0,9,51.6,0,
"Row50_12",8337,11,"2026-06-25T06:10:23.640Z",0.0143,"low-centre",75,"set-piece","right-foot",1,"block",,,4241,0,50,19,27.1,49.8,0,23.8,49.8,0,
"Row50_13",8337,12,"2026-06-25T06:10:23.640Z",0.0359,"low-centre",75,"free-kick","right-foot",1,"block",,,4241,0,49.8,19,28.3,49.3,0,17.7,49.6,0,
"Row50_14",8337,13,"2026-06-25T06:10:23.640Z",0.0445,"low-right",64,"free-kick","right-foot",0,"block",,,532,0,47.3,19,15.9,19.5,0,12.8,26,0,
"Row50_15",8337,14,"2026-06-25T06:10:23.640Z",0.0518,"low-right",59,"corner","right-foot",1,"save",0.064,,1619,0,47.1,13.3,22.8,52.1,0,1.2,51.1,0,
"Row50_16",8337,15,"2026-06-25T06:10:23.640Z",0.0695,"low-centre",45,"set-piece","head",1,"save",0.0419,5,1070,0,48.6,13.9,10.1,53.8,0,0.7,52,0,
"Row50_17",8337,16,"2026-06-25T06:10:23.640Z",0.0404,"low-centre",45,"fast-break","right-foot",1,"save",0.0116,4,1619,0,50.1,12.7,23.5,39.3,0,2.3,49.1,0,
"Row50_18",8337,17,"2026-06-25T06:10:23.640Z",0.2287,"close-high-right",45,"assisted","left-foot",1,"miss",,3,598,0,42.5,47.2,9.9,40.9,0,,,,
"Row50_19",8337,18,"2026-06-25T06:10:23.640Z",0.1617,"low-left",45,"assisted","right-foot",1,"goal",0.7002,1,3511,0,53.3,2.5,15,51.8,0,,,,"regular"
"Row50_20",8337,19,"2026-06-25T06:10:23.640Z",0.0279,"high-left",43,"assisted","right-foot",0,"goal",0.3054,,353,0,54,22.8,23.5,69.5,0,,,,"regular"
"Row50_21",8337,20,"2026-06-25T06:10:23.640Z",0.8664,"low-centre",39,"regular","left-foot",1,"goal",0.6869,,4241,0,51,1.9,2,48.8,0,,,,"regular"
"Row50_22",8337,21,"2026-06-25T06:10:23.640Z",0.0588,"high",36,"assisted","head",1,"miss",,,3511,0,47.6,69.4,9.8,46.2,0,,,,
"Row50_23",8337,22,"2026-06-25T06:10:23.640Z",0.0377,"high",34,"regular","right-foot",0,"miss",,,3439,0,47.9,97.2,9.5,70.5,0,,,,
"Row50_24",8337,23,"2026-06-25T06:10:23.640Z",0.0964,"low-right",30,"regular","left-foot",1,"save",0.178,,3486,0,47.8,6.3,12.9,51.7,0,4.1,51.1,0,
"Row50_25",8337,24,"2026-06-25T06:10:23.640Z",0.0781,"low-centre",30,"assisted","left-foot",1,"save",0.0992,,4241,0,50.6,3.2,14.4,43.7,0,6.4,47.1,0,
"Row50_26",8337,25,"2026-06-25T06:10:23.640Z",0.0343,"right",28,"assisted","head",1,"miss",,,3486,0,6.6,19.4,9.2,57.9,0,23.8,72.9,0,
"Row50_27",8337,26,"2026-06-25T06:10:23.640Z",0.0773,"close-right",23,"assisted","right-foot",1,"miss",,,3511,0,43.7,9.7,18.2,52.6,0,0.2,55.8,0,
"Row50_28",8337,27,"2026-06-25T06:10:23.640Z",0.026,"low-right",14,"assisted","left-foot",1,"block",,,3511,0,47.8,19,15.2,34.7,0,10.8,39.7,0,
"Row50_29",8337,28,"2026-06-25T06:10:23.640Z",0.4057,"high",13,"assisted","right-foot",1,"miss",,,3511,0,47.2,95.8,7.3,50.7,0,,,,
"Row50_30",8337,29,"2026-06-25T06:10:23.640Z",0.0287,"high-right",12,"fast-break","right-foot",1,"save",0.1587,,3486,0,45.9,26,3.9,73.8,0,0.2,54.5,0,
"Row50_31",8337,30,"2026-06-25T06:10:23.640Z",,"low-right",10,"regular","other",0,"goal",0.9846,,7990,0,47.3,10.8,3.8,53.6,0,,,,"own"
"Row50_32",8337,31,"2026-06-25T06:10:23.640Z",0.3754,"close-right",10,"assisted","right-foot",0,"miss",,,3439,0,41.7,4.2,4.1,52.2,0,3.1,53.1,0,
"Row50_33",8337,32,"2026-06-25T06:10:23.640Z",0.0388,"close-high",8,"free-kick","right-foot",0,"miss",,,532,0,55.1,56.9,28.1,49.5,0,,,,
"Row51_1",8339,0,"2026-06-25T09:10:18.388Z",0.3647,"high-left",90,"corner","head",0,"save",0.6434,3,17044,0,52.5,22.8,2.9,44.2,0,0.90000000000001,46.7,0,
"Row51_2",8339,1,"2026-06-25T09:10:18.388Z",0.0322,"high-left",88,"assisted","left-foot",0,"block",,,9190,0,54.3,25,22.2,48.1,0,20.1,48,0,
"Row51_3",8339,2,"2026-06-25T09:10:18.388Z",0.0055,"high",86,"corner","right-foot",0,"miss",,,3056,0,47.1,72.2,24.2,66.2,0,,,,
"Row51_4",8339,3,"2026-06-25T09:10:18.388Z",0.086,"low-right",63,"fast-break","left-foot",1,"goal",0.1456,,15830,0,46.7,8.9,12.3,60.9,0,,,,"regular"
"Row51_5",8339,4,"2026-06-25T09:10:18.388Z",0.1652,"low-left",60,"assisted","head",0,"save",0.7807,,3131,0,53.7,13.9,8.7,51.1,0,1.8,50.9,0,
"Row51_6",8339,5,"2026-06-25T09:10:18.388Z",0.0163,"right",51,"assisted","right-foot",1,"miss",,,15476,0,37.5,27.8,31.8,47.7,0,,,,
"Row51_7",8339,6,"2026-06-25T09:10:18.388Z",0.0831,"low-centre",51,"assisted","left-foot",1,"block",,,15830,0,51.2,19,13.9,55.9,0,11.9,54.9,0,
"Row51_8",8339,7,"2026-06-25T09:10:18.388Z",0.0089,"right",45,"corner","left-foot",1,"miss",,5,14397,0,33.1,13.9,26.8,56.8,0,,,,
"Row51_9",8339,8,"2026-06-25T09:10:18.388Z",0.0311,"low-left",43,"assisted","left-foot",1,"block",,,15830,0,54.1,19,20.6,71.3,0,15.9,65.5,0,
"Row51_10",8339,9,"2026-06-25T09:10:18.388Z",0.0236,"right",42,"set-piece","right-foot",1,"miss",,,15469,0,37.5,34.7,22.9,34.2,0,,,,
"Row51_11",8339,10,"2026-06-25T09:10:18.388Z",0.0402,"high",39,"fast-break","left-foot",1,"miss",,,15830,0,48.7,62.5,26,56.5,0,,,,
"Row51_12",8339,11,"2026-06-25T09:10:18.388Z",0.0183,"close-left",34,"assisted","right-foot",0,"miss",,,533,0,58.5,16.7,29.1,37.6,0,,,,
"Row51_13",8339,12,"2026-06-25T09:10:18.388Z",0.5792,"low-centre",30,"fast-break","left-foot",1,"save",0.2041,,15470,0,50.7,11.4,9.1,49.1,0,1.6,49.1,0,
"Row51_14",8339,13,"2026-06-25T09:10:18.388Z",0.0391,"low-centre",30,"fast-break","left-foot",1,"save",0.0153,,15476,0,50.2,18.4,22,64,0,2.7,52.5,0,
"Row51_15",8339,14,"2026-06-25T09:10:18.388Z",0.0273,"low-centre",20,"corner","right-foot",1,"save",0.0298,,15468,0,51.5,15.8,23.7,32.7,0,2,48.7,0,
"Row51_16",8339,15,"2026-06-25T09:10:18.388Z",0.0826,"low-centre",19,"fast-break","left-foot",1,"block",,,15830,0,50,19,13.5,60.5,0,11.4,58.8,0,
"Row51_17",8339,16,"2026-06-25T09:10:18.388Z",0.0542,"right",14,"assisted","head",1,"miss",,,15470,0,33.5,4.2,10,51.2,0,,,,
"Row51_18",8339,17,"2026-06-25T09:10:18.388Z",0.1464,"right",8,"assisted","left-foot",0,"miss",,,2250,0,40.3,18.1,13,54.6,0,,,,
"Row51_19",8339,18,"2026-06-25T09:10:18.388Z",0.2075,"left",7,"assisted","right-foot",0,"miss",,,3131,0,80.5,8.3,3.8,55.5,0,4.2,27.8,0,
"Row51_20",8339,19,"2026-06-25T09:10:18.388Z",0.0533,"low-left",6,"corner","left-foot",1,"block",,,15469,0,52.8,19,20.9,61.3,0,11.9,55.2,0,
"Row51_21",8339,20,"2026-06-25T09:10:18.388Z",0.0575,"low-left",2,"corner","head",0,"save",,,2458,0,52.8,19,8.1,43.6,0,0.90000000000001,46.7,0,
"Row52_1",8340,0,"2026-06-25T09:10:22.116Z",0.2111,"high-left",90,"assisted","right-foot",0,"goal",0.712,4,9008,0,52.7,24.7,14.9,53.4,0,,,,"regular"
"Row52_2",8340,1,"2026-06-25T09:10:22.116Z",0.1015,"low-centre",90,"assisted","left-foot",0,"save",0.2201,4,4328,0,49.5,3.8,6.5,60.3,0,4.5,58.1,0,
"Row52_3",8340,2,"2026-06-25T09:10:22.116Z",0.006,"high-left",90,"assisted","right-foot",1,"miss",,3,3705,0,58,76.4,4.2,25.6,0,,,,
"Row52_4",8340,3,"2026-06-25T09:10:22.116Z",0.0197,"close-left",90,"regular","right-foot",1,"miss",,2,1112,0,58,2.8,27.9,54,0,17.1,48.2,0,
"Row52_5",8340,4,"2026-06-25T09:10:22.116Z",0.0169,"left",81,"regular","right-foot",1,"miss",,,3705,0,60.3,5.6,30.7,61.9,0,,,,
"Row52_6",8340,5,"2026-06-25T09:10:22.116Z",0.0549,"high",77,"throw-in-set-piece","head",0,"miss",,,8296,0,54.8,79.2,8.9,39.9,0,,,,
"Row52_7",8340,6,"2026-06-25T09:10:22.116Z",0.0139,"high",68,"corner","right-foot",1,"miss",,,3705,0,47.4,80.6,25,48.3,0,,,,
"Row52_8",8340,7,"2026-06-25T09:10:22.116Z",0.7623,"low-centre",61,"fast-break","right-foot",0,"goal",0.9945,,8296,0,49.4,1.3,3.8,48.5,0,,,,"regular"
"Row52_9",8340,8,"2026-06-25T09:10:22.116Z",0.0297,"low-centre",61,"throw-in-set-piece","left-foot",1,"block",,,3703,0,50.6,19,25.9,63.2,0,19.4,59.7,0,
"Row52_10",8340,9,"2026-06-25T09:10:22.116Z",0.544,"low-left",55,"assisted","left-foot",0,"goal",0.6242,,5481,0,52,4.4,10.2,62.6,0,,,,"regular"
"Row52_11",8340,10,"2026-06-25T09:10:22.116Z",0.013,"low-centre",54,"corner","right-foot",1,"block",,,3224,0,48.8,19,23.8,59.1,0,12.7,55.4,0,
"Row52_12",8340,11,"2026-06-25T09:10:22.116Z",0.0306,"low-centre",50,"assisted","right-foot",0,"block",,,8296,0,50.7,19,16,37,0,14.4,38.3,0,
"Row52_13",8340,12,"2026-06-25T09:10:22.116Z",0.1099,"high-centre",46,"throw-in-set-piece","left-foot",1,"save",0.1329,,3224,0,49.9,24.1,14,47.7,0,1,49.5,0,
"Row52_14",8340,13,"2026-06-25T09:10:22.116Z",0.0154,"close-high",45,"assisted","right-foot",0,"miss",,3,8296,0,47.7,56.9,27.5,18.3,0,,,,
"Row52_15",8340,14,"2026-06-25T09:10:22.116Z",0.013,"high-right",44,"set-piece","right-foot",1,"miss",,,3705,0,32.8,79.2,30.5,38.7,0,,,,
"Row52_16",8340,15,"2026-06-25T09:10:22.116Z",0.0836,"high",39,"assisted","left-foot",0,"miss",,,10169,0,49.6,70.8,10.8,69.7,0,,,,
"Row52_17",8340,16,"2026-06-25T09:10:22.116Z",0.0222,"high-right",39,"assisted","right-foot",0,"save",0.0552,,10045,0,47.1,20.3,10.7,75.1,0,0.7,52.5,0,
"Row52_18",8340,17,"2026-06-25T09:10:22.116Z",0.0275,"low-centre",39,"assisted","left-foot",0,"block",,,10424,0,50.2,19,24.7,55.7,0,21.2,54.9,0,
"Row52_19",8340,18,"2026-06-25T09:10:22.116Z",0.0546,"left",37,"set-piece","right-foot",0,"miss",,,10107,0,60.2,9.7,14.1,52.6,0,,,,
"Row52_20",8340,19,"2026-06-25T09:10:22.116Z",0.0957,"low-centre",27,"assisted","right-foot",1,"block",,,3231,0,51.1,19,12.5,44.6,0,11,45.1,0,
"Row52_21",8340,20,"2026-06-25T09:10:22.116Z",0.0218,"right",15,"throw-in-set-piece","right-foot",1,"miss",,,3231,0,40.5,30.6,25.9,29.5,0,,,,
"Row52_22",8340,21,"2026-06-25T09:10:22.116Z",0.0366,"high-left",12,"throw-in-set-piece","left-foot",1,"miss",,,3703,0,68.4,55.6,15.2,57.6,0,,,,
"Row52_23",8340,22,"2026-06-25T09:10:22.116Z",0.062,"close-left",8,"regular","right-foot",1,"miss",,,3231,0,57.1,2.8,13,60.8,0,,,,
"Row52_24",8340,23,"2026-06-25T09:10:22.116Z",0.0274,"low-centre",7,"assisted","head",1,"block",,,2377,0,48.8,19,12.6,54.8,0,10.3,54.1,0,
"Row53_1",8341,0,"2026-06-26T04:10:19.203Z",0.0629,"low-centre",90,"regular","right-foot",1,"block",,3,11253,0,49.1,19,16.3,40.7,0,12,43.7,0,
"Row53_2",8341,1,"2026-06-26T04:10:19.203Z",0.0351,"left",90,"assisted","left-foot",1,"miss",,2,22229,0,61.5,9.7,19.4,47.2,0,,,,
"Row53_3",8341,2,"2026-06-26T04:10:19.203Z",0.1951,"low-right",89,"regular","right-foot",0,"save",0.2484,,3527,0,47.4,4.4,7.7,67,0,4.2,60.8,0,
"Row53_4",8341,3,"2026-06-26T04:10:19.203Z",0.0777,"close-high",79,"set-piece","head",1,"miss",,,6672,0,48.6,56.9,8.6,50.2,0,,,,
"Row53_5",8341,4,"2026-06-26T04:10:19.203Z",0.1033,"left",79,"set-piece","head",1,"miss",,,22231,0,99,4.2,7.7,51.4,0,10.7,51.8,0,
"Row53_6",8341,5,"2026-06-26T04:10:19.203Z",0.0163,"low-right",74,"assisted","left-foot",1,"save",0.0398,,6073,0,48,15.2,16.6,72.6,0,2.5,53.4,0,
"Row53_7",8341,6,"2026-06-26T04:10:19.203Z",0.1299,"high-left",64,"assisted","left-foot",0,"goal",0.5732,,1786,0,53.3,22.2,10.9,66,0,,,,"regular"
"Row53_8",8341,7,"2026-06-26T04:10:19.203Z",0.046,"high",55,"assisted","left-foot",1,"miss",,,5328,0,54.1,63.9,22.1,47.4,0,,,,
"Row53_9",8341,8,"2026-06-26T04:10:19.203Z",0.1788,"low-centre",53,"assisted","left-foot",0,"block",,,8117,0,48.9,19,14.9,47.8,0,12.3,48.4,0,
"Row53_10",8341,9,"2026-06-26T04:10:19.203Z",0.037,"low-left",45,"corner","head",1,"block",,3,22239,0,52.1,19,4.2,39.7,0,3.4,41.1,0,
"Row53_11",8341,10,"2026-06-26T04:10:19.203Z",0.0245,"close-left",44,"assisted","right-foot",1,"miss",,,22231,0,59.2,2.8,10.5,30.9,0,,,,
"Row53_12",8341,11,"2026-06-26T04:10:19.203Z",0.0166,"left",40,"assisted","left-foot",1,"miss",,,6073,0,61.7,29.2,25.7,56.2,0,,,,
"Row53_13",8341,12,"2026-06-26T04:10:19.203Z",0.1275,"close-left",23,"assisted","left-foot",0,"miss",,,1792,0,59,31.9,17.5,55.2,0,10.7,49.8,0,
"Row53_14",8341,13,"2026-06-26T04:10:19.203Z",0.2039,"right",18,"assisted","left-foot",0,"miss",,,1792,0,25.6,4.2,9.3,51.9,0,,,,
"Row53_15",8341,14,"2026-06-26T04:10:19.203Z",0.0207,"left",14,"assisted","right-foot",1,"miss",,,22239,0,60.5,5.6,25.9,65.2,0,,,,
"Row53_16",8341,15,"2026-06-26T04:10:19.203Z",0.0366,"close-left",10,"assisted","left-foot",0,"miss",,,1792,0,58.7,4.2,17.8,67.8,0,,,,
"Row53_17",8341,16,"2026-06-26T04:10:19.203Z",0.428,"low-centre",7,"assisted","left-foot",0,"goal",0.9812,,1786,0,49.4,1.9,4.5,47.3,0,,,,"regular"
"Row53_18",8341,17,"2026-06-26T04:10:19.203Z",0.0277,"low-centre",2,"regular","left-foot",1,"save",0.0156,,6073,0,50.3,19.6,24.5,40.9,0,1.9,50.4,0,
"Row54_1",8342,0,"2026-06-26T04:10:22.939Z",0.0168,"high",90,"throw-in-set-piece","left-foot",0,"miss",,5,2173,0,53.8,75,23,58.8,0,,,,
"Row54_2",8342,1,"2026-06-26T04:10:22.939Z",0.0258,"close-left",90,"assisted","left-foot",0,"miss",,3,1620,0,57.5,18.1,3.4,31.3,0,,,,
"Row54_3",8342,2,"2026-06-26T04:10:22.939Z",0.8255,"high-right",77,"corner","left-foot",1,"goal",0.9426,,59,0,46,28.5,1.4,52.8,0,,,,"regular"
"Row54_4",8342,3,"2026-06-26T04:10:22.939Z",0.2881,"low-centre",77,"assisted","left-foot",1,"block",,,3755,0,50.6,19,4.6,46.6,0,3.4,47.3,0,
"Row54_5",8342,4,"2026-06-26T04:10:22.939Z",0.1799,"low-centre",76,"fast-break","left-foot",0,"save",0.1476,,3732,0,50.1,15.8,14.2,40.5,0,5.3,47.8,0,
"Row54_6",8342,5,"2026-06-26T04:10:22.939Z",0.3032,"high-right",73,"assisted","left-foot",1,"miss",,,59,0,42.2,68.1,4.6,51.7,0,,,,
"Row54_7",8342,6,"2026-06-26T04:10:22.939Z",0.0587,"low-centre",63,"fast-break","right-foot",0,"block",,,330,0,50.8,19,20.3,45.5,0,18.4,45.8,0,
"Row54_8",8342,7,"2026-06-26T04:10:22.939Z",0.0288,"low-left",62,"assisted","right-foot",1,"save",0.1392,,4754,0,52.5,13.3,22.2,61.7,0,2.5,53.1,0,
"Row54_9",8342,8,"2026-06-26T04:10:22.939Z",0.0216,"close-left",54,"corner","head",1,"miss",,,1345,0,58.8,20.8,3.4,34.9,0,,,,
"Row54_10",8342,9,"2026-06-26T04:10:22.939Z",0.0724,"low-centre",45,"assisted","right-foot",0,"block",,4,330,0,49.2,19,10.5,61.5,0,8.8,59.7,0,
"Row54_11",8342,10,"2026-06-26T04:10:22.939Z",0.0224,"low-centre",38,"assisted","right-foot",0,"block",,,2160,0,50.1,19,20.7,63.8,0,16.2,60.5,0,
"Row54_12",8342,11,"2026-06-26T04:10:22.939Z",0.0278,"low-centre",35,"assisted","left-foot",0,"block",,,8564,0,48.2,19,13.4,34.9,0,12,36.6,0,
"Row54_13",8342,12,"2026-06-26T04:10:22.939Z",0.0197,"low-centre",32,"assisted","right-foot",1,"block",,,4754,0,48.6,19,10.2,71.6,0,8.8,68.8,0,
"Row54_14",8342,13,"2026-06-26T04:10:22.939Z",0.0876,"high-left",25,"assisted","head",0,"save",0.3678,,4941,0,52.3,20.3,8.2,51.3,0,1,50.7,0,
"Row54_15",8342,14,"2026-06-26T04:10:22.939Z",0.0222,"left",14,"assisted","right-foot",0,"miss",,,2160,0,59.7,1.4,19.3,71.5,0,,,,
"Row54_16",8342,15,"2026-06-26T04:10:22.939Z",0.0253,"low-right",9,"assisted","right-foot",1,"goal",0.5227,,7347,0,46.3,4.4,22.1,41.1,0,,,,"regular"
"Row54_17",8342,16,"2026-06-26T04:10:22.939Z",0.0339,"low-centre",7,"regular","right-foot",0,"block",,,330,0,51.2,19,20.2,42.3,0,17.6,43.1,0,
"Row54_18",8342,17,"2026-06-26T04:10:22.939Z",0.1014,"low-left",2,"throw-in-set-piece","left-foot",0,"goal",0.4729,,3732,0,53.3,0.6,15,49.2,0,,,,"regular"
"Row55_1",8344,0,"2026-06-26T07:10:19.473Z",0.0372,"low-centre",90,"corner","right-foot",1,"block",,4,4243,0,48.5,19,15.6,51.4,0,7.9,51.4,0,
"Row55_2",8344,1,"2026-06-26T07:10:19.473Z",0.0115,"right",90,"fast-break","right-foot",1,"miss",,,15492,0,35,26.4,54.8,46.8,0,,,,
"Row55_3",8344,2,"2026-06-26T07:10:19.473Z",0.1193,"close-high",80,"set-piece","head",0,"miss",,,857,0,45.9,56.9,8.3,48.5,0,,,,
"Row55_4",8344,3,"2026-06-26T07:10:19.473Z",0.037,"high-centre",78,"set-piece","head",0,"save",0.0319,,325,0,49.8,27.2,10.7,53.4,0,0.59999999999999,51.8,0,
"Row55_5",8344,4,"2026-06-26T07:10:19.473Z",0.0497,"high-right",77,"corner","right-foot",1,"miss",,,4243,0,40.2,75,20.9,39.3,0,,,,
"Row55_6",8344,5,"2026-06-26T07:10:19.473Z",0.0212,"high-right",76,"assisted","left-foot",1,"save",0.0773,,415,0,48.1,31.7,23.5,67.3,0,1.6,52,0,
"Row55_7",8344,6,"2026-06-26T07:10:19.473Z",0.0402,"low-left",68,"assisted","right-foot",0,"save",0.4174,,850,0,54.5,4.4,19.1,51.9,0,3.2,50.4,0,
"Row55_8",8344,7,"2026-06-26T07:10:19.473Z",0.0337,"left",66,"regular","head",0,"miss",,,3981,0,98,30.6,7.6,63.9,0,4.7,0,0,
"Row55_9",8344,8,"2026-06-26T07:10:19.473Z",0.1214,"high",66,"regular","right-foot",0,"post",,,850,0,52.9,39.9,15.3,34.9,0,,,,
"Row55_10",8344,9,"2026-06-26T07:10:19.473Z",0.011,"low-centre",65,"assisted","right-foot",1,"save",0.0223,,15492,0,48.4,4.4,30.3,70.9,0,1.5,50.4,0,
"Row55_11",8344,10,"2026-06-26T07:10:19.473Z",0.039,"high-right",62,"corner","head",0,"goal",0.5812,,484,0,45.9,29.8,4.4,39.9,0,,,,"regular"
"Row55_12",8344,11,"2026-06-26T07:10:19.473Z",0.0772,"low-centre",61,"assisted","right-foot",0,"block",,,331,0,51.7,19,13.4,43.7,0,10.8,44.6,0,
"Row55_13",8344,12,"2026-06-26T07:10:19.473Z",0.0652,"low-left",54,"corner","head",1,"goal",0.6159,,15492,0,54,17.1,9.2,52.2,0,,,,"regular"
"Row55_14",8344,13,"2026-06-26T07:10:19.473Z",0.1848,"low-left",51,"regular","right-foot",0,"save",,,3981,0,52.8,19,9.8,53.6,0,4,49.8,0,
"Row55_15",8344,14,"2026-06-26T07:10:19.473Z",0.0706,"low-centre",44,"assisted","left-foot",0,"save",0.1919,,3981,0,51.6,1.3,14.5,67.8,0,1.4,53.6,0,
"Row55_16",8344,15,"2026-06-26T07:10:19.473Z",0.0809,"low-centre",42,"assisted","right-foot",0,"block",,,352,0,50.3,19,10.7,58.9,0,9.2,57.6,0,
"Row55_17",8344,16,"2026-06-26T07:10:19.473Z",0.0289,"high-right",39,"assisted","right-foot",0,"miss",,,327,0,37.7,94.4,27.5,53.2,0,,,,
"Row55_18",8344,17,"2026-06-26T07:10:19.473Z",0.0092,"left",32,"set-piece","right-foot",1,"miss",,,3913,0,65.7,18.1,31.2,46.7,0,,,,
"Row55_19",8344,18,"2026-06-26T07:10:19.473Z",0.047,"high-left",31,"corner","right-foot",0,"miss",,,515,0,64.7,41.7,18.7,52.2,0,5.7,44,0,
"Row55_20",8344,19,"2026-06-26T07:10:19.473Z",0.0649,"low-centre",30,"assisted","right-foot",0,"block",,,3981,0,51.4,19,16.4,60,0,13.2,57.8,0,
"Row55_21",8344,20,"2026-06-26T07:10:19.473Z",0.0496,"right",30,"assisted","head",0,"miss",,,331,0,22.7,8.3,7.3,37.6,0,4,61.7,0,
"Row55_22",8344,21,"2026-06-26T07:10:19.473Z",0.0198,"high-right",29,"corner","right-foot",0,"miss",,,515,0,36.6,56.9,22.5,35.8,0,,,,
"Row55_23",8344,22,"2026-06-26T07:10:19.473Z",0.0318,"low-centre",28,"assisted","right-foot",0,"block",,,327,0,49.2,19,13.9,64.1,0,11.2,61.6,0,
"Row55_24",8344,23,"2026-06-26T07:10:19.473Z",0.0783,"high-centre",19,"assisted","right-foot",0,"save",0.4409,,850,0,48.7,27.9,4.4,61.9,0,3.3,59.2,0,
"Row55_25",8344,24,"2026-06-26T07:10:19.473Z",0.0676,"high-left",17,"set-piece","head",0,"miss",,,484,0,63.9,73.6,8.7,52.9,0,,,,
"Row55_26",8344,25,"2026-06-26T07:10:19.473Z",0.0403,"low-centre",12,"corner","head",1,"save",0.0233,,6399,0,50.7,19,9.6,47.8,0,0.7,49.6,0,
"Row55_27",8344,26,"2026-06-26T07:10:19.473Z",0.1085,"low-centre",11,"regular","left-foot",0,"block",,,3662,0,48.5,19,14.7,51.7,0,7.9,51.6,0,
"Row55_28",8344,27,"2026-06-26T07:10:19.473Z",0.0353,"left",9,"assisted","right-foot",1,"miss",,,1498,0,63.2,12.5,20,34.2,0,,,,
"Row55_29",8344,28,"2026-06-26T07:10:19.473Z",0.3831,"high-right",7,"set-piece","right-foot",0,"goal",0.8373,,352,0,46.8,20.9,6.2,55.3,0,,,,"regular"
"Row55_30",8344,29,"2026-06-26T07:10:19.473Z",,"low-centre",3,"regular","left-foot",0,"goal",,,1352,0,50.4,5.7,4.6,49.8,0,,,,"own"
"Row55_31",8344,30,"2026-06-26T07:10:19.473Z",0.15,"high",2,"assisted","right-foot",1,"miss",,,3913,0,50.1,76.4,11.3,46.8,0,,,,
"Row56_1",8343,0,"2026-06-26T07:10:23.969Z",0.0644,"high-centre",90,"corner","head",0,"save",0.1952,4,332,0,50.9,29.1,5.1,42.3,0,0.90000000000001,48,0,
"Row56_2",8343,1,"2026-06-26T07:10:23.969Z",0.0594,"low-left",90,"assisted","right-foot",0,"save",0.2486,3,710,0,54.3,12.7,7,68.4,0,0.90000000000001,52.3,0,
"Row56_3",8343,2,"2026-06-26T07:10:23.969Z",0.3796,"high",83,"assisted","left-foot",1,"miss",,,5458,0,53.5,81.9,8.7,55,0,,,,
"Row56_4",8343,3,"2026-06-26T07:10:23.969Z",0.0275,"left",81,"set-piece","head",0,"miss",,,884,0,63.4,11.1,12.5,43,0,,,,
"Row56_5",8343,4,"2026-06-26T07:10:23.969Z",0.0457,"low-centre",79,"corner","left-foot",0,"block",,,4232,0,49.4,19,14.7,60.1,0,11.6,58.1,0,
"Row56_6",8343,5,"2026-06-26T07:10:23.969Z",0.008,"low-centre",78,"set-piece","left-foot",0,"block",,,2162,0,50,19,20.1,31.1,0,17.5,33.6,0,
"Row56_7",8343,6,"2026-06-26T07:10:23.969Z",0.0573,"low-right",65,"regular","right-foot",0,"save",0.1234,,332,0,47.4,9.5,20,41.9,0,1.5,49.3,0,
"Row56_8",8343,7,"2026-06-26T07:10:23.969Z",0.018,"low-left",62,"assisted","left-foot",0,"goal",0.1321,,710,0,53.8,7.6,17.8,78.1,0,,,,"regular"
"Row56_9",8343,8,"2026-06-26T07:10:23.969Z",0.5985,"low-left",56,"assisted","right-foot",1,"goal",0.754,,3393,0,53.2,3.8,9.9,51.8,0,,,,"regular"
"Row56_10",8343,9,"2026-06-26T07:10:23.969Z",0.0801,"low-centre",52,"assisted","right-foot",1,"block",,,3369,0,50.7,19,21.5,56.3,0,14.4,54,0,
"Row56_11",8343,10,"2026-06-26T07:10:23.969Z",0.0731,"right",50,"corner","head",0,"miss",,,884,0,39.8,26.4,4.3,58.8,0,,,,
"Row56_12",8343,11,"2026-06-26T07:10:23.969Z",0.0466,"high",48,"assisted","right-foot",1,"miss",,,367,0,49.8,77.8,23.8,54.6,0,,,,
"Row56_13",8343,12,"2026-06-26T07:10:23.969Z",0.0435,"low-centre",45,"regular","right-foot",0,"block",,3,456,0,51.1,19,25.2,56.6,0,17.2,54.1,0,
"Row56_14",8343,13,"2026-06-26T07:10:23.969Z",0.0619,"low-right",45,"assisted","right-foot",1,"save",0.5059,,16971,0,46.9,10.8,13.4,34.6,0,1.2,46.4,0,
"Row56_15",8343,14,"2026-06-26T07:10:23.969Z",0.0081,"low-centre",40,"assisted","right-foot",1,"save",0.0129,,2497,0,50.9,3.2,28.5,69.1,0,1.2,51.1,0,
"Row56_16",8343,15,"2026-06-26T07:10:23.969Z",0.1174,"high",22,"assisted","head",1,"miss",,,3393,0,55.3,62.5,9,44.5,0,,,,
"Row56_17",8343,16,"2026-06-26T07:10:23.969Z",0.0223,"low-centre",15,"assisted","left-foot",1,"block",,,1353,0,51,19,19.7,65.8,0,17.5,63.9,0,
"Row56_18",8343,17,"2026-06-26T07:10:23.969Z",0.0275,"low-left",6,"assisted","left-foot",0,"save",0.1346,,28070,0,52.1,2.5,17.5,63.6,0,1.2,52,0,
"Row57_1",8345,0,"2026-06-26T10:10:19.516Z",0.0663,"low-centre",90,"assisted","right-foot",0,"save",0.0993,3,5936,0,50.9,5.1,10.2,65.2,0,1.6,53.1,0,
"Row57_2",8345,1,"2026-06-26T10:10:19.516Z",0.0653,"low-centre",90,"assisted","left-foot",1,"save",0.1864,3,42,0,51.8,2.5,15,48.7,0,1,50.7,0,
"Row57_3",8345,2,"2026-06-26T10:10:19.516Z",0.0604,"close-left",90,"assisted","left-foot",0,"miss",,,4396,0,59.2,8.3,12,69.3,0,,,,
"Row57_4",8345,3,"2026-06-26T10:10:19.516Z",0.0753,"low-right",83,"assisted","left-foot",0,"save",0.1618,,4396,0,47.7,1.3,8.5,59.5,0,1.2,52.2,0,
"Row57_5",8345,4,"2026-06-26T10:10:19.516Z",0.0444,"left",82,"assisted","right-foot",1,"miss",,,1710,0,60.5,4.2,16.9,35.2,0,,,,
"Row57_6",8345,5,"2026-06-26T10:10:19.516Z",0.0227,"low-centre",82,"assisted","right-foot",1,"block",,,1710,0,50.9,19,20.9,32.1,0,16.4,35.7,0,
"Row57_7",8345,6,"2026-06-26T10:10:19.516Z",0.0416,"low-centre",61,"assisted","left-foot",0,"block",,,5369,0,49.4,19,20.1,60.1,0,16.7,58.5,0,
"Row57_8",8345,7,"2026-06-26T10:10:19.516Z",0.0223,"low-centre",60,"fast-break","right-foot",0,"block",,,6040,0,49.7,19,29.7,44.4,0,25.1,45.3,0,
"Row57_9",8345,8,"2026-06-26T10:10:19.516Z",0.0486,"left",59,"assisted","right-foot",0,"miss",,,6040,0,95.6,4.2,8.6,74.6,0,,,,
"Row57_10",8345,9,"2026-06-26T10:10:19.516Z",0.0405,"high-right",50,"fast-break","right-foot",1,"save",0.111,,42,0,47.6,27.9,27.8,52.8,0,2,50.4,0,
"Row57_11",8345,10,"2026-06-26T10:10:19.516Z",0.0245,"high-right",48,"throw-in-set-piece","right-foot",1,"miss",,,9106,0,38.3,70.8,25.1,67.1,0,,,,
"Row57_12",8345,11,"2026-06-26T10:10:19.516Z",0.0039,"high-right",46,"regular","right-foot",1,"miss",,,16918,0,37.3,58.3,36.2,81.4,0,,,,
"Row57_13",8345,12,"2026-06-26T10:10:19.516Z",0.1009,"high",45,"assisted","head",0,"miss",,3,2484,0,45.2,100,9.4,54.6,0,,,,
"Row57_14",8345,13,"2026-06-26T10:10:19.516Z",0.023,"high-centre",45,"assisted","left-foot",0,"save",0.0505,2,2854,0,51,26.6,13.1,75.6,0,1,52.9,0,
"Row57_15",8345,14,"2026-06-26T10:10:19.516Z",0.0498,"left",38,"throw-in-set-piece","right-foot",1,"miss",,,16919,0,70.6,5.6,12.5,40,0,,,,
"Row57_16",8345,15,"2026-06-26T10:10:19.516Z",0.0213,"low-centre",36,"assisted","left-foot",0,"save",0.0344,,4396,0,51.6,5.1,25.9,63.4,0,2,52,0,
"Row57_17",8345,16,"2026-06-26T10:10:19.516Z",0.0148,"low-centre",23,"assisted","left-foot",0,"block",,,2490,0,51,19,26.8,40.3,0,24.7,41,0,
"Row57_18",8345,17,"2026-06-26T10:10:19.516Z",0.0178,"high-right",10,"throw-in-set-piece","right-foot",0,"miss",,,9142,0,32.3,98.6,22.6,27,0,,,,
"Row57_19",8345,18,"2026-06-26T10:10:19.516Z",0.0852,"high-centre",4,"assisted","right-foot",0,"save",0.3112,,2484,0,48.3,27.9,6.1,66.4,0,1.1,53.2,0,
"Row58_1",8346,0,"2026-06-26T10:10:29.110Z",0.456,"low-centre",90,"regular","right-foot",1,"goal",0.4714,8,4218,0,49.3,1.9,2.4,53.2,0,,,,"regular"
"Row58_2",8346,1,"2026-06-26T10:10:29.110Z",0.1166,"low-centre",90,"throw-in-set-piece","right-foot",1,"save",,8,4308,0,49.7,19,2.8,40.9,0,0.7,47.8,0,
"Row58_3",8346,2,"2026-06-26T10:10:29.110Z",0.0625,"low-centre",90,"assisted","left-foot",0,"block",,5,3513,0,48.3,19,11.1,33,0,8.5,37.4,0,
"Row58_4",8346,3,"2026-06-26T10:10:29.110Z",0.0203,"low-left",90,"assisted","left-foot",0,"block",,3,10111,0,53.1,19,16,70.6,0,13.2,66.4,0,
"Row58_5",8346,4,"2026-06-26T10:10:29.110Z",0.0403,"high-right",81,"assisted","right-foot",1,"miss",,,5835,0,43.7,90.3,20.6,62.4,0,,,,
"Row58_6",8346,5,"2026-06-26T10:10:29.110Z",0.0403,"close-left",77,"corner","left-foot",0,"miss",,,3820,0,57.3,9.7,21,66.1,0,,,,
"Row58_7",8346,6,"2026-06-26T10:10:29.110Z",0.0226,"close-right",72,"assisted","right-foot",1,"miss",,,2184,0,42.5,22.2,13.3,24.4,0,,,,
"Row58_8",8346,7,"2026-06-26T10:10:29.110Z",0.0406,"left",66,"corner","head",0,"miss",,,2179,0,68.2,34.7,9.8,56.4,0,,,,
"Row58_9",8346,8,"2026-06-26T10:10:29.110Z",0.1816,"low-centre",63,"assisted","left-foot",0,"block",,,2179,0,51.3,19,9.4,52.2,0,7.3,51.4,0,
"Row58_10",8346,9,"2026-06-26T10:10:29.110Z",0.5545,"high-right",63,"assisted","left-foot",0,"save",0.7132,,3820,0,45.9,24.7,8.3,47.1,0,1.8,52.3,0,
"Row58_11",8346,10,"2026-06-26T10:10:29.110Z",0.0781,"left",63,"assisted","right-foot",0,"miss",,,3513,0,64.4,13.9,9.3,55.2,0,7.3,48,0,
"Row58_12",8346,11,"2026-06-26T10:10:29.110Z",0.2926,"right",62,"regular","right-foot",0,"miss",,,380,0,34.8,13.9,14,45.2,0,,,,
"Row58_13",8346,12,"2026-06-26T10:10:29.110Z",0.0265,"low-centre",62,"assisted","left-foot",0,"save",0.0377,,3820,0,51.3,2.5,4.1,29.7,0,0.59999999999999,46.4,0,
"Row58_14",8346,13,"2026-06-26T10:10:29.110Z",0.0543,"low-left",49,"throw-in-set-piece","right-foot",0,"goal",0.29,,9104,0,53.9,8.2,17.8,35.8,0,,,,"regular"
"Row58_15",8346,14,"2026-06-26T10:10:29.110Z",0.1166,"high",45,"corner","head",0,"miss",,3,3385,0,50.8,62.5,7.9,49.7,0,,,,
"Row58_16",8346,15,"2026-06-26T10:10:29.110Z",0.0247,"low-left",45,"assisted","right-foot",0,"save",0.1658,,2179,0,52.1,10.8,26.7,48.6,0,1.6,50.9,0,
"Row58_17",8346,16,"2026-06-26T10:10:29.110Z",0.0184,"low-left",43,"fast-break","left-foot",1,"block",,,2184,0,53.4,19,8.7,27,0,6.8,31.2,0,
"Row58_18",8346,17,"2026-06-26T10:10:29.110Z",0.0573,"low-centre",40,"set-piece","left-foot",1,"block",,,3727,0,49.4,13.9,1.9,59.9,0,0.5,55.6,0,
"Row58_19",8346,18,"2026-06-26T10:10:29.110Z",0.452,"low-right",31,"assisted","right-foot",1,"goal",0.9833,,3734,0,45.6,17.1,4.6,51,0,,,,"regular"
"Row58_20",8346,19,"2026-06-26T10:10:29.110Z",0.6432,"close-right",31,"assisted","right-foot",1,"miss",,,5835,0,43.5,25,4.2,47.6,0,2.7,52.7,0,
"Row58_21",8346,20,"2026-06-26T10:10:29.110Z",0.0837,"left",29,"corner","head",0,"miss",,,9151,0,60.2,12.5,9.3,51.7,0,6.7,44.6,0,
"Row58_22",8346,21,"2026-06-26T10:10:29.110Z",0.1369,"low-centre",13,"regular","right-foot",0,"save",0.1897,,380,0,51.3,5.1,12.7,62,0,1.4,52.3,0,
"Row58_23",8346,22,"2026-06-26T10:10:29.110Z",0.0863,"low-left",13,"assisted","left-foot",0,"block",,,380,0,53.2,19,14.2,60.9,0,10.8,57.6,0,
"Row58_24",8346,23,"2026-06-26T10:10:29.110Z",0.5308,"low-centre",10,"assisted","left-foot",1,"goal",0.3164,,597,0,48.6,15.8,7.6,51.2,0,,,,"regular"
"Row58_25",8346,24,"2026-06-26T10:10:29.110Z",0.0634,"low-right",3,"corner","left-foot",0,"goal",0.3312,,3385,0,46.2,7.6,3.8,65,0,,,,"regular"
"Row58_26",8346,25,"2026-06-26T10:10:29.110Z",0.0926,"low-left",2,"corner","right-foot",0,"save",0.3043,,3385,0,52.7,1.9,12.7,43.3,0,1.5,49.1,0,
"Row58_27",8346,26,"2026-06-26T10:10:29.110Z",0.0982,"low-right",1,"assisted","right-foot",0,"block",,,2878,0,48.1,19,13.8,63.3,0,8.4,58.8,0,
"Row59_1",8347,0,"2026-06-27T03:10:19.706Z",0.1085,"low-right",90,"assisted","head",0,"goal",0.6735,4,4324,0,46.5,19,10.7,50.6,0,,,,"regular"
"Row59_2",8347,1,"2026-06-27T03:10:19.706Z",0.0304,"high",90,"assisted","left-foot",0,"miss",,2,7994,0,51.6,91.7,21,26.2,0,,,,
"Row59_3",8347,2,"2026-06-27T03:10:19.706Z",0.0361,"high",87,"regular","right-foot",1,"miss",,,2056,0,46.1,81.9,24.3,47.2,0,,,,
"Row59_4",8347,3,"2026-06-27T03:10:19.706Z",0.0705,"low-centre",79,"assisted","right-foot",1,"block",,,3673,0,48.5,19,19.8,47.3,0,12.3,48.9,0,
"Row59_5",8347,4,"2026-06-27T03:10:19.706Z",0.2901,"low-centre",72,"assisted","left-foot",1,"save",0.3463,,3651,0,50.7,3.2,11.8,60.5,0,3.3,54.5,0,
"Row59_6",8347,5,"2026-06-27T03:10:19.706Z",0.0773,"low-left",64,"regular","right-foot",0,"block",,,594,0,52.6,19,14.4,46.4,0,12,46.6,0,
"Row59_7",8347,6,"2026-06-27T03:10:19.706Z",0.025,"low-left",64,"assisted","left-foot",1,"block",,,3651,0,53,19,13.3,69.5,0,12,67.3,0,
"Row59_8",8347,7,"2026-06-27T03:10:19.706Z",0.0401,"close-high",56,"assisted","right-foot",0,"miss",,,594,0,44.5,50,21.3,39.1,0,,,,
"Row59_9",8347,8,"2026-06-27T03:10:19.706Z",0.0704,"right",55,"corner","head",1,"miss",,,2590,0,37.7,2.8,5.1,42.7,0,,,,
"Row59_10",8347,9,"2026-06-27T03:10:19.706Z",0.7884,"low-right",50,"penalty","right-foot",1,"save",0.6329,,531,0,47.2,7,11.5,50,0,0.2,49.6,0,
"Row59_11",8347,10,"2026-06-27T03:10:19.706Z",0.0909,"high",45,"assisted","right-foot",0,"miss",,1,2467,0,52.1,77.8,15,60.9,0,,,,
"Row59_12",8347,11,"2026-06-27T03:10:19.706Z",0.0426,"high",35,"assisted","right-foot",0,"miss",,,591,0,48.9,87.5,19.5,52.1,0,,,,
"Row59_13",8347,12,"2026-06-27T03:10:19.706Z",0.0896,"low-left",32,"assisted","left-foot",0,"goal",0.6609,,2253,0,53.1,5.7,15,61.9,0,,,,"regular"
"Row59_14",8347,13,"2026-06-27T03:10:19.706Z",0.0243,"high",24,"assisted","left-foot",0,"miss",,,7994,0,52.3,68.1,24.7,31.3,0,,,,
"Row59_15",8347,14,"2026-06-27T03:10:19.706Z",0.0231,"left",23,"corner","right-foot",0,"miss",,,4324,0,81.7,15.3,27.4,55.4,0,14.9,49.6,0,
"Row59_16",8347,15,"2026-06-27T03:10:19.706Z",0.1088,"low-centre",23,"corner","right-foot",0,"block",,,2467,0,48.6,19,13.9,50.5,0,7.2,50.9,0,
"Row59_17",8347,16,"2026-06-27T03:10:19.706Z",0.1029,"low-left",21,"assisted","right-foot",1,"goal",0.2367,,3021,0,52.8,1.3,14.7,44.6,0,,,,"regular"
"Row59_18",8347,17,"2026-06-27T03:10:19.706Z",0.1141,"low-left",20,"fast-break","left-foot",0,"goal",0.7079,,2253,0,53.7,10.1,22.9,59.1,0,,,,"regular"
"Row59_19",8347,18,"2026-06-27T03:10:19.706Z",0.0289,"low-centre",19,"fast-break","right-foot",1,"block",,,3021,0,50.2,19,27.5,43.6,0,18.4,45.7,0,
"Row59_20",8347,19,"2026-06-27T03:10:19.706Z",0.1226,"low-left",17,"fast-break","right-foot",0,"save",0.1536,,594,0,52.4,7,8.6,33.6,0,1.2,46.6,0,
"Row59_21",8347,20,"2026-06-27T03:10:19.706Z",0.2557,"high",14,"set-piece","right-foot",1,"miss",,,531,0,45.4,63.9,9.4,48.7,0,,,,
"Row59_22",8347,21,"2026-06-27T03:10:19.706Z",0.1422,"low-centre",13,"assisted","left-foot",0,"block",,,2467,0,49.6,19,9.8,38.7,0,6.7,42.4,0,
"Row59_23",8347,22,"2026-06-27T03:10:19.706Z",0.0205,"low-right",11,"regular","left-foot",1,"save",0.0521,,2850,0,47.7,2.5,29.7,49.1,0,1.6,48.6,0,
"Row59_24",8347,23,"2026-06-27T03:10:19.706Z",0.0376,"low-right",8,"assisted","right-foot",0,"save",0.0697,,4324,0,47.4,3.2,25,40.7,0,1.5,50,0,
"Row59_25",8347,24,"2026-06-27T03:10:19.706Z",0.0877,"low-left",7,"assisted","right-foot",0,"goal",0.5125,,2253,0,53.2,19.6,11,66.7,0,,,,"regular"
"Row59_26",8347,25,"2026-06-27T03:10:19.706Z",0.0197,"low-centre",5,"corner","right-foot",0,"save",0.026,,4324,0,48.4,5.1,28.1,43,0,1.6,49.6,0,
"Row59_27",8347,26,"2026-06-27T03:10:19.706Z",0.1125,"high-right",4,"regular","right-foot",0,"save",0.1417,,1064,0,47.3,22.2,15.5,60.8,0,1,52.3,0,
"Row59_28",8347,27,"2026-06-27T03:10:19.706Z",0.0377,"high-centre",1,"fast-break","right-foot",0,"save",0.0482,,594,0,49.1,25.3,6.3,74,0,0.7,54.1,0,
"Row60_1",8348,0,"2026-06-27T03:10:32.400Z",0.0787,"low-right",90,"assisted","right-foot",1,"save",0.3375,5,810,0,46.9,3.8,12.6,34,0,1.6,47.8,0,
"Row60_2",8348,1,"2026-06-27T03:10:32.400Z",0.0115,"low-centre",90,"regular","left-foot",1,"save",0.0186,2,1771,0,48.5,6.3,21.4,72,0,1.8,52.5,0,
"Row60_3",8348,2,"2026-06-27T03:10:32.400Z",0.0772,"low-centre",90,"set-piece","head",1,"save",0.0301,1,2471,0,49.4,6.3,10.4,53.4,0,1.1,50.4,0,
"Row60_4",8348,3,"2026-06-27T03:10:32.400Z",0.0276,"low-centre",88,"assisted","left-foot",1,"block",,,1771,0,49.5,19,27.7,48.7,0,15.8,49.5,0,
"Row60_5",8348,4,"2026-06-27T03:10:32.400Z",0.0949,"low-right",86,"corner","left-foot",1,"block",,,7879,0,46.5,19,11,40.9,0,6,46.6,0,
"Row60_6",8348,5,"2026-06-27T03:10:32.400Z",0.0398,"high-right",82,"assisted","right-foot",1,"goal",0.1583,,810,0,47,24.7,20.2,66.9,0,,,,"regular"
"Row60_7",8348,6,"2026-06-27T03:10:32.400Z",0.0811,"low-left",79,"assisted","right-foot",1,"save",0.5793,,2471,0,54.4,17.7,14.9,35.5,0,2,48.2,0,
"Row60_8",8348,7,"2026-06-27T03:10:32.400Z",0.2368,"high-centre",79,"corner","head",1,"save",0.192,,3864,0,51.2,25.3,7.3,45.2,0,1.2,48.4,0,
"Row60_9",8348,8,"2026-06-27T03:10:32.400Z",0.1092,"low-centre",77,"assisted","right-foot",1,"block",,,2471,0,51.3,19,10.7,53.8,0,9.2,53.1,0,
"Row60_10",8348,9,"2026-06-27T03:10:32.400Z",0.0663,"high-left",74,"assisted","right-foot",1,"miss",,,2233,0,62.9,81.9,21.3,60.2,0,,,,
"Row60_11",8348,10,"2026-06-27T03:10:32.400Z",0.054,"low-left",74,"assisted","left-foot",1,"block",,,1771,0,54.1,19,18.8,46.6,0,8.5,46.2,0,
"Row60_12",8348,11,"2026-06-27T03:10:32.400Z",0.0248,"left",73,"assisted","left-foot",0,"miss",,,54111,0,62,2.8,12.6,66.7,0,10.3,61.6,0,
"Row60_13",8348,12,"2026-06-27T03:10:32.400Z",0.1374,"low-left",71,"assisted","left-foot",1,"goal",0.7066,,1771,0,53.9,18.4,15.3,49.6,0,,,,"regular"
"Row60_14",8348,13,"2026-06-27T03:10:32.400Z",0.0639,"right",62,"throw-in-set-piece","left-foot",1,"miss",,,1771,0,37.8,8.3,15.6,35.8,0,7.7,47.5,0,
"Row60_15",8348,14,"2026-06-27T03:10:32.400Z",0.0225,"high-left",59,"assisted","left-foot",1,"goal",0.6534,,1771,0,53.8,24.7,21.7,68.2,0,,,,"regular"
"Row60_16",8348,15,"2026-06-27T03:10:32.400Z",0.41,"high-centre",56,"assisted","right-foot",1,"goal",0.956,,1787,0,51.8,27.9,3.4,50.5,0,,,,"regular"
"Row60_17",8348,16,"2026-06-27T03:10:32.400Z",0.1418,"low-centre",54,"fast-break","right-foot",1,"save",0.0904,,1787,0,49.7,3.8,13.5,62.2,0,2.9,53.6,0,
"Row60_18",8348,17,"2026-06-27T03:10:32.400Z",0.0194,"low-right",53,"assisted","right-foot",0,"save",0.0712,,8100,0,46.8,15.2,20.1,18.8,0,1.8,46.7,0,
"Row60_19",8348,18,"2026-06-27T03:10:32.400Z",0.3553,"high-right",51,"assisted","right-foot",1,"miss",,,7879,0,36.3,86.1,7.1,46.4,0,,,,
"Row60_20",8348,19,"2026-06-27T03:10:32.400Z",0.0199,"left",46,"assisted","left-foot",1,"miss",,,4743,0,66.9,1.4,20.9,64.9,0,,,,
"Row60_21",8348,20,"2026-06-27T03:10:32.400Z",0.0077,"high-right",45,"corner","right-foot",1,"miss",,6,2228,0,39.7,95.8,26,39.9,0,,,,
"Row60_22",8348,21,"2026-06-27T03:10:32.400Z",0.0758,"left",45,"corner","head",1,"miss",,2,1106,0,86.2,5.6,8.1,51.5,0,3.7,18.6,0,
"Row60_23",8348,22,"2026-06-27T03:10:32.400Z",0.0424,"close-high",45,"assisted","right-foot",1,"miss",,1,7879,0,45.4,58.3,12.1,35.8,0,,,,
"Row60_24",8348,23,"2026-06-27T03:10:32.400Z",0.0298,"low-centre",41,"corner","right-foot",0,"block",,,8100,0,50.4,19,21,31.6,0,12.4,39,0,
"Row60_25",8348,24,"2026-06-27T03:10:32.400Z",0.0306,"low-left",41,"corner","left-foot",0,"block",,,3221,0,54.7,19,21.2,32.5,0,17.3,34.8,0,
"Row60_26",8348,25,"2026-06-27T03:10:32.400Z",0.0824,"close-right",33,"assisted","left-foot",1,"miss",,,3728,0,42.4,2.8,14.5,39.4,0,,,,
"Row60_27",8348,26,"2026-06-27T03:10:32.400Z",0.0226,"low-left",20,"set-piece","right-foot",0,"block",,,8100,0,52,19,20.7,30.3,0,17.1,33.4,0,
"Row60_28",8348,27,"2026-06-27T03:10:32.400Z",0.044,"low-left",20,"free-kick","right-foot",0,"block",,,8100,0,53.5,13.9,21.4,27.1,0,14.9,33.4,0,
"Row60_29",8348,28,"2026-06-27T03:10:32.400Z",0.071,"high",17,"throw-in-set-piece","right-foot",1,"miss",,,1787,0,45.4,61.1,6,66.7,0,,,,
"Row60_30",8348,29,"2026-06-27T03:10:32.400Z",0.0174,"close-left",14,"set-piece","right-foot",1,"miss",,,15372,0,58.8,29.2,26.9,51.3,0,,,,
"Row60_31",8348,30,"2026-06-27T03:10:32.400Z",0.1102,"high-left",14,"free-kick","right-foot",1,"save",0.2709,,7879,0,53.9,20.9,20.2,59.2,0,1.2,48.9,0,
"Row60_32",8348,31,"2026-06-27T03:10:32.400Z",0.5136,"high-right",4,"corner","right-foot",1,"goal",0.9177,,4743,0,47.1,24.7,3.9,49.4,0,,,,"regular"
"Row60_33",8348,32,"2026-06-27T03:10:32.400Z",0.0359,"low-centre",4,"corner","head",1,"block",,,15372,0,51.1,19,8.7,44.3,0,3.1,47.3,0,
"Row60_34",8348,33,"2026-06-27T03:10:32.400Z",0.0464,"left",3,"corner","right-foot",1,"miss",,,3800,0,60.8,19,18.7,54.3,0,9.5,47.6,0,
"Row61_1",8349,0,"2026-06-27T08:10:19.817Z",0.1358,"low-centre",90,"assisted","right-foot",0,"save",0.0955,2,8256,0,50.1,1.3,13.1,51.4,0,1.5,50.5,0,
"Row61_2",8349,1,"2026-06-27T08:10:19.817Z",0.2177,"low-centre",86,"assisted","right-foot",1,"block",,,6789,0,49.2,19,15.3,48.9,0,10.8,49.5,0,
"Row61_3",8349,2,"2026-06-27T08:10:19.817Z",0.0412,"left",85,"assisted","left-foot",1,"miss",,,6645,0,98.7,8.3,7.7,66.9,0,5.8,0.3,0,
"Row61_4",8349,3,"2026-06-27T08:10:19.817Z",0.0147,"high-right",84,"regular","right-foot",1,"miss",,,22076,0,31.1,66.7,26,49.3,0,,,,
"Row61_5",8349,4,"2026-06-27T08:10:19.817Z",0.0287,"low-right",83,"assisted","left-foot",0,"block",,,7991,0,47.5,19,26.8,54.3,0,21.9,54,0,
"Row61_6",8349,5,"2026-06-27T08:10:19.817Z",0.042,"low-centre",79,"assisted","left-foot",1,"block",,,22074,0,51.1,19,18.5,65.4,0,15,62.3,0,
"Row61_7",8349,6,"2026-06-27T08:10:19.817Z",0.0268,"low-right",77,"assisted","right-foot",1,"block",,,11206,0,47.4,19,20.3,32.3,0,11.6,41,0,
"Row61_8",8349,7,"2026-06-27T08:10:19.817Z",0.1358,"high",75,"corner","head",1,"miss",,,22089,0,44.5,68.1,4.8,56.2,0,,,,
"Row61_9",8349,8,"2026-06-27T08:10:19.817Z",0.6348,"low-centre",75,"fast-break","right-foot",1,"save",0.3415,,22077,0,50.5,6.3,9.8,54.3,0,3.4,52.2,0,
"Row61_10",8349,9,"2026-06-27T08:10:19.817Z",0.037,"high-left",67,"assisted","right-foot",0,"save",0.1951,,8131,0,52.8,24.7,11.6,69.9,0,1.5,52.7,0,
"Row61_11",8349,10,"2026-06-27T08:10:19.817Z",0.0271,"right",57,"regular","right-foot",1,"miss",,,3314,0,34.8,31.9,23.1,43.5,0,,,,
"Row61_12",8349,11,"2026-06-27T08:10:19.817Z",0.0768,"low-centre",53,"assisted","left-foot",1,"block",,,7073,0,50.2,19,11.2,59.4,0,9.3,57.8,0,
"Row61_13",8349,12,"2026-06-27T08:10:19.817Z",0.0237,"close-high-left",50,"assisted","left-foot",1,"miss",,,22076,0,56.1,47.2,28,56.7,0,,,,
"Row61_14",8349,13,"2026-06-27T08:10:19.817Z",0.1526,"low-centre",48,"assisted","right-foot",1,"save",0.22,,5331,0,51.5,1.9,14.1,55,0,1.9,51.4,0,
"Row61_15",8349,14,"2026-06-27T08:10:19.817Z",0.0134,"left",47,"corner","head",0,"miss",,,7886,0,67.4,12.5,9.3,60.5,0,10.5,54.3,0,
"Row61_16",8349,15,"2026-06-27T08:10:19.817Z",0.0065,"low-centre",45,"set-piece","right-foot",0,"block",,4,1418,0,51.6,19,24.2,57.9,0,22,57,0,
"Row61_17",8349,16,"2026-06-27T08:10:19.817Z",0.1182,"high-centre",45,"assisted","head",0,"save",0.0358,2,7998,0,50.2,28.5,9.2,45.4,0,1.8,48.6,0,
"Row61_18",8349,17,"2026-06-27T08:10:19.817Z",0.0171,"left",42,"regular","right-foot",1,"miss",,,22075,0,61.7,12.5,22.8,38.3,0,,,,
"Row61_19",8349,18,"2026-06-27T08:10:19.817Z",0.0515,"high-left",39,"corner","head",1,"miss",,,11206,0,70.6,41.7,9,50.9,0,,,,
"Row61_20",8349,19,"2026-06-27T08:10:19.817Z",0.0376,"low-left",34,"assisted","left-foot",1,"block",,,5331,0,53.1,19,13.3,36.7,0,11.5,38.1,0,
"Row61_21",8349,20,"2026-06-27T08:10:19.817Z",0.0234,"close-left",22,"assisted","left-foot",1,"miss",,,22075,0,57.1,4.2,8.5,25.9,0,0.2,43.5,0,
"Row61_22",8349,21,"2026-06-27T08:10:19.817Z",0.0622,"low-left",18,"assisted","left-foot",0,"block",,,7999,0,52.4,19,10.3,30.6,0,7.7,34.8,0,
"Row62_1",8350,0,"2026-06-27T08:10:31.799Z",0.3823,"high",86,"assisted","right-foot",0,"post",,,749,0,52.6,39.9,15.7,49,0,,,,
"Row62_2",8350,1,"2026-06-27T08:10:31.799Z",0.0184,"low-left",85,"assisted","right-foot",1,"save",0.1019,,61,0,53.6,13.9,29.9,53.6,0,1.8,50.9,0,
"Row62_3",8350,2,"2026-06-27T08:10:31.799Z",0.0832,"high-left",64,"assisted","left-foot",1,"miss",,,1973,0,62.2,97.2,3.9,39.7,0,,,,
"Row62_4",8350,3,"2026-06-27T08:10:31.799Z",0.1709,"close-high-right",63,"assisted","right-foot",0,"miss",,,746,0,42.4,47.2,13.5,53.8,0,,,,
"Row62_5",8350,4,"2026-06-27T08:10:31.799Z",0.0118,"right",45,"assisted","left-foot",0,"miss",,8,3890,0,37,18.1,31.8,39.9,0,,,,
"Row62_6",8350,5,"2026-06-27T08:10:31.799Z",0.1426,"low-left",42,"assisted","right-foot",0,"goal",0.2168,,769,0,53.7,4.4,14.1,54.3,0,,,,"regular"
"Row62_7",8350,6,"2026-06-27T08:10:31.799Z",0.0089,"left",39,"fast-break","right-foot",1,"miss",,,8000,0,63.9,5.6,56.9,49.5,0,7,42.1,0,
"Row62_8",8350,7,"2026-06-27T08:10:31.799Z",0.0191,"high",36,"assisted","right-foot",1,"miss",,,723,0,47.2,70.8,27.5,54.6,0,,,,
"Row62_9",8350,8,"2026-06-27T08:10:31.799Z",0.0714,"low-centre",32,"set-piece","right-foot",1,"block",,,2908,0,49.4,19,14.3,34.6,0,12.1,37,0,
"Row62_10",8350,9,"2026-06-27T08:10:31.799Z",0.1242,"left",20,"corner","head",0,"miss",,,740,0,79.8,11.1,4.5,56.3,0,7.3,44,0,
"Row62_11",8350,10,"2026-06-27T08:10:31.799Z",0.029,"low-centre",17,"assisted","left-foot",0,"block",,,745,0,50.6,19,14.7,72.3,0,10.5,65.7,0,
"Row63_1",8351,0,"2026-06-27T11:10:19.753Z",0.2351,"high",90,"corner","head",0,"post",,7,53951,0,53.1,39.2,5,47.1,0,,,,
"Row63_2",8351,1,"2026-06-27T11:10:19.753Z",0.1668,"low-centre",90,"assisted","right-foot",0,"block",,7,16838,0,50,19,7.1,61.1,0,5.7,58.8,0,
"Row63_3",8351,2,"2026-06-27T11:10:19.753Z",0.1149,"low-centre",90,"set-piece","right-foot",0,"save",0.0967,3,16835,0,50.5,15.8,9.4,49.7,0,0.7,50.2,0,
"Row63_4",8351,3,"2026-06-27T11:10:19.753Z",0.0362,"left",84,"regular","right-foot",1,"miss",,,14721,0,61,5.6,24.3,36.6,0,,,,
"Row63_5",8351,4,"2026-06-27T11:10:19.753Z",0.0398,"low-centre",76,"assisted","right-foot",0,"block",,,16835,0,50.8,19,24.4,57.9,0,12.9,53.8,0,
"Row63_6",8351,5,"2026-06-27T11:10:19.753Z",0.0702,"left",72,"corner","head",1,"miss",,,14684,0,59.3,11.1,8.3,49.7,0,7.9,46.7,0,
"Row63_7",8351,6,"2026-06-27T11:10:19.753Z",0.0376,"low-centre",68,"regular","right-foot",1,"block",,,862,0,50.2,19,19.5,30,0,10.8,38.8,0,
"Row63_8",8351,7,"2026-06-27T11:10:19.753Z",0.0792,"low-centre",62,"regular","left-foot",1,"block",,,14682,0,50.7,19,13.1,39.2,0,10.3,41.3,0,
"Row63_9",8351,8,"2026-06-27T11:10:19.753Z",0.0285,"close-left",55,"regular","right-foot",0,"miss",,,16833,0,58.7,19.4,26.7,42.4,0,15,41.5,0,
"Row63_10",8351,9,"2026-06-27T11:10:19.753Z",0.1315,"left",52,"corner","head",1,"miss",,,14721,0,67.2,8.3,6.7,48.9,0,,,,
"Row63_11",8351,10,"2026-06-27T11:10:19.753Z",0.0731,"low-centre",52,"assisted","right-foot",1,"block",,,14684,0,50.5,19,13.3,56.8,0,11.1,55.6,0,
"Row63_12",8351,11,"2026-06-27T11:10:19.753Z",0.0716,"low-right",49,"assisted","right-foot",1,"save",0.1519,,14684,0,47.5,2.5,13,37,0,1,47.1,0,
"Row63_13",8351,12,"2026-06-27T11:10:19.753Z",0.059,"high-right",46,"assisted","right-foot",0,"miss",,,53951,0,43.2,76.4,19.1,45.5,0,,,,
"Row63_14",8351,13,"2026-06-27T11:10:19.753Z",0.0236,"high",45,"assisted","left-foot",1,"miss",,4,15357,0,51.8,72.2,28.3,46.7,0,,,,
"Row63_15",8351,14,"2026-06-27T11:10:19.753Z",0.1253,"left",45,"throw-in-set-piece","head",0,"miss",,1,16830,0,65.4,6.9,6.6,54,0,,,,
"Row63_16",8351,15,"2026-06-27T11:10:19.753Z",0.0199,"low-left",41,"regular","right-foot",1,"block",,,14684,0,52.1,19,25.5,54.2,0,21.6,53.2,0,
"Row63_17",8351,16,"2026-06-27T11:10:19.753Z",0.0091,"left",39,"corner","right-foot",1,"miss",,,15357,0,62.2,6.9,23.6,33.9,0,,,,
"Row63_18",8351,17,"2026-06-27T11:10:19.753Z",0.052,"high-left",34,"regular","left-foot",0,"miss",,,16838,0,57.8,95.8,14.1,49.3,0,,,,
"Row63_19",8351,18,"2026-06-27T11:10:19.753Z",0.019,"low-centre",30,"fast-break","right-foot",1,"save",0.009,,14684,0,50.5,16.5,23.8,25.4,0,1.1,48.6,0,
"Row63_20",8351,19,"2026-06-27T11:10:19.753Z",0.0348,"low-left",21,"corner","right-foot",1,"block",,,14676,0,51.9,19,25.4,57.7,0,10.7,52.2,0,
"Row63_21",8351,20,"2026-06-27T11:10:19.753Z",0.0415,"right",17,"corner","right-foot",1,"miss",,,14729,0,39.2,8.3,11.4,57.9,0,,,,
"Row63_22",8351,21,"2026-06-27T11:10:19.753Z",0.071,"low-right",14,"regular","right-foot",0,"goal",0.1422,,16838,0,48,19.6,1.9,59.4,0,,,,"regular"
"Row63_23",8351,22,"2026-06-27T11:10:19.753Z",0.1206,"low-right",14,"assisted","right-foot",0,"save",0.3329,,16832,0,47.6,0.6,13.6,38.3,0,1,48.6,0,
"Row63_24",8351,23,"2026-06-27T11:10:19.753Z",0.1613,"right",11,"set-piece","left-foot",0,"miss",,,16833,0,36.5,22.2,9.5,58.4,0,6.7,65.5,0,
"Row63_25",8351,24,"2026-06-27T11:10:19.753Z",0.7884,"low-right",11,"penalty","right-foot",0,"save",0.8519,,3487,0,46.5,0.6,11.5,50,0,0.59999999999999,50.4,0,
"Row63_26",8351,25,"2026-06-27T11:10:19.753Z",0.0825,"low-left",5,"assisted","left-foot",1,"goal",0.2862,,15357,0,53.1,8.9,11.4,32.8,0,,,,"regular"
"Row63_27",8351,26,"2026-06-27T11:10:19.753Z",0.0847,"low-left",5,"assisted","left-foot",1,"block",,,333,0,52.6,19,13.1,56.3,0,10.5,54.5,0,
"Row64_1",8352,0,"2026-06-27T11:10:29.532Z",0.0582,"low-left",90,"assisted","right-foot",0,"goal",0.1779,4,1991,0,53.5,15.2,15.6,40.3,0,,,,"regular"
"Row64_2",8352,1,"2026-06-27T11:10:29.532Z",0.0161,"high-left",90,"corner","left-foot",0,"miss",,3,1349,0,60.8,88.9,27.8,53.4,0,,,,
"Row64_3",8352,2,"2026-06-27T11:10:29.532Z",0.0517,"high-centre",90,"assisted","left-foot",0,"save",0.1399,2,491,0,48.7,34.2,21.7,41.2,0,0.59999999999999,49.1,0,
"Row64_4",8352,3,"2026-06-27T11:10:29.532Z",0.0168,"left",90,"set-piece","right-foot",0,"miss",,,508,0,61.3,2.8,29.5,51.6,0,,,,
"Row64_5",8352,4,"2026-06-27T11:10:29.532Z",0.5199,"low-centre",86,"assisted","head",0,"goal",0.2725,,8676,0,49,10.1,4.2,46.5,0,,,,"regular"
"Row64_6",8352,5,"2026-06-27T11:10:29.532Z",0.0401,"high-centre",84,"corner","left-foot",1,"goal",0.1527,,5955,0,48.2,27.2,14.4,51.6,0,,,,"regular"
"Row64_7",8352,6,"2026-06-27T11:10:29.532Z",0.0224,"high",80,"assisted","right-foot",0,"miss",,,1991,0,48.7,98.6,8.5,73.4,0,,,,
"Row64_8",8352,7,"2026-06-27T11:10:29.532Z",0.0988,"high",78,"free-kick","left-foot",0,"miss",,,491,0,49.6,79.2,22.9,54,0,,,,
"Row64_9",8352,8,"2026-06-27T11:10:29.532Z",0.0449,"high",76,"corner","head",1,"miss",,,6069,0,54,80.6,5.2,59.7,0,,,,
"Row64_10",8352,9,"2026-06-27T11:10:29.532Z",0.066,"low-left",76,"assisted","right-foot",1,"block",,,5955,0,54.3,1.4,8.2,61.8,0,7.1,59.9,0,
"Row64_11",8352,10,"2026-06-27T11:10:29.532Z",0.0306,"low-right",74,"assisted","left-foot",0,"block",,,508,0,46.9,19,25.9,47.2,0,16,49.5,0,
"Row64_12",8352,11,"2026-06-27T11:10:29.532Z",0.1406,"low-right",74,"fast-break","right-foot",0,"block",,,1464,0,46.4,2.8,14.2,46.2,0,12.3,46.9,0,
"Row64_13",8352,12,"2026-06-27T11:10:29.532Z",0.0598,"low-right",66,"regular","left-foot",0,"goal",0.2118,,4374,0,46.8,3.8,19.4,44.5,0,,,,"regular"
"Row64_14",8352,13,"2026-06-27T11:10:29.532Z",0.2129,"high-left",66,"fast-break","left-foot",0,"block",,,4374,0,54.1,27.8,13.5,56.7,0,9.9,54.3,0,
"Row64_15",8352,14,"2026-06-27T11:10:29.532Z",0.1694,"high",65,"fast-break","left-foot",0,"miss",,,1464,0,52.9,76.4,11.3,42.7,0,,,,
"Row64_16",8352,15,"2026-06-27T11:10:29.532Z",0.0572,"low-left",62,"regular","right-foot",0,"block",,,4374,0,53.1,19,19.1,47.9,0,10.5,47.5,0,
"Row64_17",8352,16,"2026-06-27T11:10:29.532Z",0.0898,"low-centre",62,"corner","right-foot",0,"save",0.0488,,1349,0,49.7,0.6,12.7,43.7,0,1.1,49.8,0,
"Row64_18",8352,17,"2026-06-27T11:10:29.532Z",0.0256,"low-right",61,"assisted","right-foot",0,"block",,,4374,0,47.1,19,23.2,37.9,0,19.3,40.4,0,
"Row64_19",8352,18,"2026-06-27T11:10:29.532Z",0.0311,"right",60,"corner","head",0,"miss",,,1349,0,0.2,2.8,5.8,40.3,0,3.6,97.1,0,
"Row64_20",8352,19,"2026-06-27T11:10:29.532Z",0.0114,"high-left",59,"corner","left-foot",1,"miss",,,55983,0,64.2,95.8,18.2,34.5,0,,,,
"Row64_21",8352,20,"2026-06-27T11:10:29.532Z",0.0273,"left",55,"regular","right-foot",1,"miss",,,55974,0,78.2,11.1,17.6,73.4,0,6.3,52,0,
"Row64_22",8352,21,"2026-06-27T11:10:29.532Z",0.0485,"low-right",55,"assisted","left-foot",1,"save",0.0579,,5955,0,47.8,3.8,18.3,36.6,0,1.5,49.5,0,
"Row64_23",8352,22,"2026-06-27T11:10:29.532Z",0.073,"high-left",50,"assisted","right-foot",0,"goal",0.6749,,3461,0,53.8,26,10,43.5,0,,,,"regular"
"Row64_24",8352,23,"2026-06-27T11:10:29.532Z",0.0763,"low-left",50,"assisted","right-foot",0,"block",,,3461,0,52.7,19,10.8,40.2,0,6.3,43.1,0,
"Row64_25",8352,24,"2026-06-27T11:10:29.532Z",0.0193,"left",47,"assisted","right-foot",0,"miss",,,4374,0,61.9,5.6,27.4,55.5,0,,,,
"Row64_26",8352,25,"2026-06-27T11:10:29.532Z",0.047,"high-right",45,"assisted","right-foot",0,"miss",,3,834,0,34,91.7,13.5,69.4,0,,,,
"Row64_27",8352,26,"2026-06-27T11:10:29.532Z",0.1966,"right",45,"corner","head",0,"miss",,2,1349,0,0.2,5.6,6.7,53.4,0,11.4,87.9,0,
"Row64_28",8352,27,"2026-06-27T11:10:29.532Z",0.0321,"low-centre",45,"assisted","left-foot",0,"block",,2,3542,0,49.6,19,15.4,38.9,0,13.8,40.1,0,
"Row64_29",8352,28,"2026-06-27T11:10:29.532Z",0.0257,"low-right",45,"regular","right-foot",0,"block",,,3461,0,47.3,19,24,68.4,0,18.5,64.8,0,
"Row64_30",8352,29,"2026-06-27T11:10:29.532Z",0.1132,"low-centre",43,"assisted","left-foot",0,"save",0.1388,,1305,0,49.1,2.5,12.8,43.3,0,1.9,48.6,0,
"Row64_31",8352,30,"2026-06-27T11:10:29.532Z",0.0986,"high",42,"assisted","right-foot",0,"miss",,,4374,0,46.2,87.5,10.8,56.6,0,,,,
"Row64_32",8352,31,"2026-06-27T11:10:29.532Z",0.0313,"high-right",39,"assisted","right-foot",0,"miss",,,853,0,42.5,66.7,12.6,27.2,0,,,,
"Row64_33",8352,32,"2026-06-27T11:10:29.532Z",0.1208,"low-left",31,"assisted","right-foot",0,"block",,,3542,0,54.1,1.4,9.4,49.5,0,8.5,49.3,0,
"Row64_34",8352,33,"2026-06-27T11:10:29.532Z",0.5037,"low-right",28,"corner","right-foot",0,"goal",0.6359,,3461,0,47.4,18.4,1.9,52.6,0,,,,"regular"
"Row64_35",8352,34,"2026-06-27T11:10:29.532Z",0.0473,"low-right",19,"assisted","right-foot",0,"block",,,3461,0,46,19,14.2,34.8,0,11.1,39,0,
"Row64_36",8352,35,"2026-06-27T11:10:29.532Z",0.053,"low-centre",16,"assisted","right-foot",0,"save",0.0351,,853,0,51.5,3.2,8.2,29.1,0,0.59999999999999,47.3,0,
"Row64_37",8352,36,"2026-06-27T11:10:29.532Z",0.0284,"high-right",16,"assisted","left-foot",0,"block",,,3461,0,46.2,25,14.6,35.9,0,13.1,37.5,0,
"Row64_38",8352,37,"2026-06-27T11:10:29.532Z",0.0244,"low-left",12,"assisted","right-foot",0,"save",0.1765,,4374,0,53.6,7,24.6,39.5,0,1.6,50,0,
"Row64_39",8352,38,"2026-06-27T11:10:29.532Z",0.0699,"high-right",12,"assisted","head",0,"block",,,3537,0,46.2,26.4,9.2,50.5,0,8.1,50.9,0,
"Row64_40",8352,39,"2026-06-27T11:10:29.532Z",0.4791,"right",11,"throw-in-set-piece","left-foot",0,"post",,,3461,0,44.6,1.9,4.3,40.3,0,,,,
"Row64_41",8352,40,"2026-06-27T11:10:29.532Z",0.0215,"high-right",4,"assisted","right-foot",0,"miss",,,514,0,42.9,91.7,26.5,57.3,0,,,,
"Row65_1",8353,0,"2026-06-28T05:10:20.377Z",0.0254,"high-left",90,"assisted","left-foot",0,"miss",,7,6131,0,63,94.4,8.8,25.9,0,,,,
"Row65_2",8353,1,"2026-06-28T05:10:20.377Z",0.0395,"low-centre",90,"assisted","right-foot",0,"block",,4,4008,0,49.8,19,17.8,67.8,0,15.1,65.2,0,
"Row65_3",8353,2,"2026-06-28T05:10:20.377Z",0.0818,"low-centre",90,"assisted","right-foot",1,"block",,2,1309,0,50.7,19,18.6,55.9,0,13.2,54,0,
"Row65_4",8353,3,"2026-06-28T05:10:20.377Z",0.0482,"low-left",83,"corner","head",1,"goal",0.512,,1844,0,53.5,12.7,8.7,48,0,,,,"regular"
"Row65_5",8353,4,"2026-06-28T05:10:20.377Z",0.0486,"high-centre",82,"assisted","left-foot",1,"save",0.055,,1309,0,48.6,20.9,18.2,37.8,0,1.2,49.5,0,
"Row65_6",8353,5,"2026-06-28T05:10:20.377Z",0.6131,"low-right",73,"set-piece","left-foot",0,"goal",0.9854,,3600,0,46.1,3.2,4.8,47.7,0,,,,"regular"
"Row65_7",8353,6,"2026-06-28T05:10:20.377Z",0.0128,"low-centre",57,"corner","left-foot",0,"block",,,1310,0,49.7,19,20,38.2,0,17.2,39.9,0,
"Row65_8",8353,7,"2026-06-28T05:10:20.377Z",0.0203,"high",47,"assisted","left-foot",0,"miss",,,6131,0,50.8,65.3,20.7,69.9,0,,,,
"Row65_9",8353,8,"2026-06-28T05:10:20.377Z",0.0183,"close-left",40,"assisted","right-foot",0,"miss",,,792,0,57.8,4.2,9.8,73.2,0,,,,
"Row65_10",8353,9,"2026-06-28T05:10:20.377Z",0.0373,"low-centre",38,"assisted","right-foot",1,"block",,,4350,0,51.1,19,25.3,42.5,0,19.3,44,0,
"Row65_11",8353,10,"2026-06-28T05:10:20.377Z",0.0376,"low-left",31,"assisted","right-foot",1,"goal",0.2519,,1685,0,53.9,3.8,26.1,53.2,0,,,,"regular"
"Row65_12",8353,11,"2026-06-28T05:10:20.377Z",0.0246,"low-left",30,"set-piece","head",1,"save",0.0693,,3510,0,52.2,12.7,14.8,52.3,0,1.2,50.7,0,
"Row65_13",8353,12,"2026-06-28T05:10:20.377Z",0.0865,"high",21,"set-piece","head",1,"miss",,,1322,0,50.9,87.5,9.2,48.5,0,,,,
"Row65_14",8353,13,"2026-06-28T05:10:20.377Z",0.0947,"left",17,"fast-break","right-foot",1,"post",,,1844,0,55.6,4.4,21.8,61,0,,,,
"Row66_1",8354,0,"2026-06-28T05:10:29.173Z",0.0466,"low-centre",90,"assisted","left-foot",0,"block",,4,454,0,50.9,19,24.5,50.8,0,18,50.4,0,
"Row66_2",8354,1,"2026-06-28T05:10:29.173Z",0.0961,"right",90,"assisted","head",1,"miss",,3,16745,0,36.8,8.3,9.2,46.2,0,6.6,53.2,0,
"Row66_3",8354,2,"2026-06-28T05:10:29.173Z",0.2678,"low-centre",90,"assisted","right-foot",0,"save",0.2335,1,450,0,50.7,3.2,8.3,62.5,0,6.3,59.2,0,
"Row66_4",8354,3,"2026-06-28T05:10:29.173Z",0.0142,"close-right",90,"assisted","right-foot",1,"miss",,,10127,0,42.5,33.3,28.5,47.4,0,,,,
"Row66_5",8354,4,"2026-06-28T05:10:29.173Z",0.0624,"close-left",87,"assisted","right-foot",0,"miss",,,750,0,59.2,13.9,6.6,35.2,0,,,,
"Row66_6",8354,5,"2026-06-28T05:10:29.173Z",0.0666,"high",76,"corner","right-foot",1,"miss",,,10127,0,46.2,79.2,15.8,53.6,0,,,,
"Row66_7",8354,6,"2026-06-28T05:10:29.173Z",0.0586,"low-centre",76,"corner","right-foot",1,"block",,,4082,0,50.9,19,7.3,58.2,0,5.8,56.3,0,
"Row66_8",8354,7,"2026-06-28T05:10:29.173Z",0.0346,"low-centre",76,"corner","head",1,"block",,,9102,0,48.8,19,9.7,46.8,0,4.2,49.3,0,
"Row66_9",8354,8,"2026-06-28T05:10:29.173Z",0.0471,"low-right",75,"regular","right-foot",1,"block",,,10127,0,47.6,19,7.1,66.2,0,5.9,63.9,0,
"Row66_10",8354,9,"2026-06-28T05:10:29.173Z",0.117,"high",74,"assisted","head",1,"miss",,,10127,0,54.3,68.1,8.4,44.2,0,,,,
"Row66_11",8354,10,"2026-06-28T05:10:29.173Z",0.0155,"close-right",74,"regular","left-foot",1,"miss",,,21220,0,42.4,12.5,20.7,76.8,0,9.5,69.5,0,
"Row66_12",8354,11,"2026-06-28T05:10:29.173Z",0.1807,"high-left",67,"assisted","head",0,"goal",0.5482,,2466,0,52.1,29.8,6.3,52.2,0,,,,"regular"
"Row66_13",8354,12,"2026-06-28T05:10:29.173Z",0.1206,"low-centre",66,"assisted","left-foot",0,"block",,,2466,0,50,19,13.8,38.8,0,7.3,44,0,
"Row66_14",8354,13,"2026-06-28T05:10:29.173Z",0.0414,"left",64,"assisted","right-foot",1,"miss",,,4082,0,61.2,6.9,14,62.2,0,,,,
"Row66_15",8354,14,"2026-06-28T05:10:29.173Z",0.0983,"low-left",62,"corner","left-foot",0,"goal",0.6466,,592,0,54,15.2,7.7,47.4,0,,,,"regular"
"Row66_16",8354,15,"2026-06-28T05:10:29.173Z",0.176,"high-centre",57,"fast-break","right-foot",0,"save",0.3491,,2466,0,51.4,22.8,13.9,65,0,2.1,54,0,
"Row66_17",8354,16,"2026-06-28T05:10:29.173Z",0.0291,"close-high-right",56,"assisted","right-foot",1,"miss",,,10334,0,42.7,48.6,26.4,37.5,0,,,,
"Row66_18",8354,17,"2026-06-28T05:10:29.173Z",0.0499,"close-left",55,"fast-break","left-foot",0,"miss",,,750,0,57,16.7,5.1,30.5,0,,,,
"Row66_19",8354,18,"2026-06-28T05:10:29.173Z",0.0371,"close-right",45,"free-kick","right-foot",0,"miss",,3,750,0,43.4,12.5,28.2,51.3,0,,,,
"Row66_20",8354,19,"2026-06-28T05:10:29.173Z",0.0903,"close-high",38,"regular","head",0,"miss",,,750,0,53.5,55.6,4.6,41.1,0,,,,
"Row66_21",8354,20,"2026-06-28T05:10:29.173Z",0.0276,"low-centre",35,"assisted","right-foot",0,"save",0.0172,,548,0,48.7,12,27.8,51.6,0,1.8,50.7,0,
"Row66_22",8354,21,"2026-06-28T05:10:29.173Z",0.1849,"close-left",33,"assisted","head",0,"miss",,,847,0,58.2,16.7,8.9,45.6,0,1.2,41.7,0,
"Row66_23",8354,22,"2026-06-28T05:10:29.173Z",0.0549,"close-right",28,"throw-in-set-piece","right-foot",1,"miss",,,9102,0,43.5,8.3,5,67,0,,,,
"Row66_24",8354,23,"2026-06-28T05:10:29.173Z",0.0635,"low-left",26,"assisted","left-foot",1,"save",0.1333,,10334,0,54.2,10.1,13.4,33.4,0,1,46,0,
"Row66_25",8354,24,"2026-06-28T05:10:29.173Z",0.0635,"low-right",22,"assisted","left-foot",0,"block",,,455,0,47.9,19,15,52.6,0,12.9,52.5,0,
"Row66_26",8354,25,"2026-06-28T05:10:29.173Z",0.0154,"high-right",22,"regular","right-foot",0,"miss",,,592,0,35.8,87.5,32.7,80.8,0,,,,
"Row66_27",8354,26,"2026-06-28T05:10:29.173Z",0.0205,"close-right",15,"assisted","left-foot",0,"miss",,,455,0,43.9,6.9,10.8,71.7,0,1.2,59,0,
"Row66_28",8354,27,"2026-06-28T05:10:29.173Z",0.0355,"high-right",8,"corner","right-foot",0,"miss",,,455,0,29.8,76.4,10.8,60.3,0,,,,
"Row66_29",8354,28,"2026-06-28T05:10:29.173Z",0.0155,"low-left",8,"assisted","right-foot",0,"save",0.0851,,750,0,54,7.6,20.2,30.7,0,1.1,47.8,0,
"Row66_30",8354,29,"2026-06-28T05:10:29.173Z",0.0301,"low-centre",1,"regular","right-foot",1,"save",0.0168,,54044,0,51,2.5,23.2,40,0,3.7,47.8,0,
"Row67_1",8356,0,"2026-06-28T07:40:20.341Z",0.0656,"left",90,"regular","left-foot",0,"miss",,7,55373,0,99.5,1.4,7.9,35.4,0,9.8,30.9,0,
"Row67_2",8356,1,"2026-06-28T07:40:20.341Z",0.0814,"high-left",90,"assisted","left-foot",1,"miss",,6,15419,0,56.8,100,13,64.4,0,,,,
"Row67_3",8356,2,"2026-06-28T07:40:20.341Z",0.019,"high",90,"assisted","left-foot",1,"miss",,5,1453,0,45.4,86.1,26,39.1,0,,,,
"Row67_4",8356,3,"2026-06-28T07:40:20.341Z",0.0252,"low-right",90,"assisted","right-foot",1,"goal",0.4895,1,5140,0,45.7,1.9,19.8,31,0,,,,"regular"
"Row67_5",8356,4,"2026-06-28T07:40:20.341Z",0.0177,"left",90,"assisted","right-foot",1,"miss",,1,14724,0,84.5,4.2,9.7,72.2,0,0.59999999999999,20.2,0,
"Row67_6",8356,5,"2026-06-28T07:40:20.341Z",0.0332,"close-right",88,"assisted","right-foot",1,"miss",,,14724,0,41,22.2,24.6,63.4,0,,,,
"Row67_7",8356,6,"2026-06-28T07:40:20.341Z",0.5861,"high-left",78,"fast-break","right-foot",1,"goal",0.9333,,14724,0,54.2,25.3,4.3,45.3,0,,,,"regular"
"Row67_8",8356,7,"2026-06-28T07:40:20.341Z",0.0344,"left",78,"fast-break","right-foot",1,"miss",,,6729,0,59.3,6.9,17.4,30.6,0,14.9,31.6,0,
"Row67_9",8356,8,"2026-06-28T07:40:20.341Z",0.0934,"high",75,"assisted","head",1,"miss",,,14724,0,55.6,87.5,5.1,42.1,0,,,,
"Row67_10",8356,9,"2026-06-28T07:40:20.341Z",0.7884,"low-right",68,"penalty","right-foot",1,"goal",0.9004,,5140,0,46,1.9,11.5,50,0,,,,"penalty"
"Row67_11",8356,10,"2026-06-28T07:40:20.341Z",0.2471,"right",61,"assisted","head",1,"miss",,,5140,0,38.5,5.6,7.7,54.2,0,,,,
"Row67_12",8356,11,"2026-06-28T07:40:20.341Z",0.0286,"high-right",60,"assisted","right-foot",1,"miss",,,14724,0,42.2,91.7,14.5,27.2,0,,,,
"Row67_13",8356,12,"2026-06-28T07:40:20.341Z",0.0184,"high-centre",58,"assisted","left-foot",1,"save",0.0507,,15420,0,48.8,28.5,20.8,73.5,0,1.2,51.4,0,
"Row67_14",8356,13,"2026-06-28T07:40:20.341Z",0.024,"high-right",53,"assisted","right-foot",1,"miss",,,15424,0,36,69.4,12.2,23.9,0,,,,
"Row67_15",8356,14,"2026-06-28T07:40:20.341Z",0.1432,"close-high",51,"assisted","right-foot",0,"miss",,,6643,0,53.8,51.4,14.8,57,0,,,,
"Row67_16",8356,15,"2026-06-28T07:40:20.341Z",0.1438,"left",50,"assisted","left-foot",1,"miss",,,5140,0,65,13.9,12,52.6,0,,,,
"Row67_17",8356,16,"2026-06-28T07:40:20.341Z",0.0114,"high-right",48,"set-piece","right-foot",1,"miss",,,15424,0,40.8,86.1,28.7,33.3,0,,,,
"Row67_18",8356,17,"2026-06-28T07:40:20.341Z",0.0469,"high",45,"free-kick","right-foot",0,"miss",,6,6642,0,55,73.6,26.5,42.5,0,,,,
"Row67_19",8356,18,"2026-06-28T07:40:20.341Z",0.0496,"close-left",45,"set-piece","right-foot",1,"miss",,3,1456,0,58.8,25,10.7,35.4,0,,,,
"Row67_20",8356,19,"2026-06-28T07:40:20.341Z",0.0301,"high-centre",44,"free-kick","right-foot",1,"block",,,15424,0,49.2,22.2,5.1,13.1,0,0.90000000000001,45.8,0,
"Row67_21",8356,20,"2026-06-28T07:40:20.341Z",0.1032,"high",29,"throw-in-set-piece","left-foot",1,"miss",,,5140,0,52.6,93.1,10.8,49.1,0,,,,
"Row67_22",8356,21,"2026-06-28T07:40:20.341Z",0.0136,"high-right",10,"assisted","left-foot",0,"goal",0.3244,,6643,0,46.7,24.1,8,26.5,0,,,,"regular"
"Row67_23",8356,22,"2026-06-28T07:40:20.341Z",0.02,"right",2,"regular","right-foot",1,"miss",,,5140,0,28.4,18.1,26,40.7,0,,,,
"Row68_1",8355,0,"2026-06-28T07:40:30.012Z",0.067,"low-centre",90,"assisted","right-foot",1,"block",,5,16386,0,51.3,19,16.2,37.3,0,12.5,39.9,0,
"Row68_2",8355,1,"2026-06-28T07:40:30.012Z",0.0272,"right",90,"assisted","right-foot",0,"miss",,3,1997,0,32.4,6.9,8.1,27.3,0,,,,
"Row68_3",8355,2,"2026-06-28T07:40:30.012Z",0.0884,"left",90,"assisted","head",1,"miss",,1,1221,0,98.3,1.4,9.1,55.6,0,14,5,0,
"Row68_4",8355,3,"2026-06-28T07:40:30.012Z",0.081,"high-left",88,"throw-in-set-piece","right-foot",1,"miss",,,1221,0,56.6,72.2,13,53.8,0,,,,
"Row68_5",8355,4,"2026-06-28T07:40:30.012Z",0.0326,"close-right",78,"corner","right-foot",0,"miss",,,1795,0,41.5,12.5,21.5,34.6,0,,,,
"Row68_6",8355,5,"2026-06-28T07:40:30.012Z",0.0313,"low-centre",74,"regular","left-foot",1,"block",,,10128,0,48.2,19,20.9,39.5,0,8.2,46.9,0,
"Row68_7",8355,6,"2026-06-28T07:40:30.012Z",0.0832,"close-right",73,"assisted","left-foot",1,"miss",,,1221,0,42,2.8,14,53.1,0,10.2,54.5,0,
"Row68_8",8355,7,"2026-06-28T07:40:30.012Z",0.0152,"close-left",67,"corner","right-foot",1,"miss",,,16386,0,58.3,2.8,26.2,41.5,0,,,,
"Row68_9",8355,8,"2026-06-28T07:40:30.012Z",0.0649,"high-right",66,"assisted","right-foot",1,"save",0.1638,,530,0,47.8,25.3,12.6,66.5,0,2.1,53.8,0,
"Row68_10",8355,9,"2026-06-28T07:40:30.012Z",0.0389,"right",65,"corner","head",1,"miss",,,3726,0,39.5,2.8,9.8,53.4,0,,,,
"Row68_11",8355,10,"2026-06-28T07:40:30.012Z",0.0342,"low-centre",65,"assisted","right-foot",1,"block",,,1221,0,49.1,19,6,70.9,0,4.5,65.9,0,
"Row68_12",8355,11,"2026-06-28T07:40:30.012Z",0.1897,"close-right",62,"assisted","left-foot",1,"miss",,,3788,0,42.4,4.2,9,57.6,0,,,,
"Row68_13",8355,12,"2026-06-28T07:40:30.012Z",0.0435,"low-centre",57,"assisted","right-foot",0,"block",,,7881,0,49.8,19,19.9,34.2,0,10.6,41.7,0,
"Row68_14",8355,13,"2026-06-28T07:40:30.012Z",0.0224,"high-right",55,"assisted","right-foot",1,"save",0.0784,,530,0,47.6,27.9,28.5,56.2,0,2.1,51.1,0,
"Row68_15",8355,14,"2026-06-28T07:40:30.012Z",0.026,"low-centre",55,"assisted","right-foot",1,"save",0.0363,,428,0,51.7,16.5,24.9,33.2,0,1.4,48.9,0,
"Row68_16",8355,15,"2026-06-28T07:40:30.012Z",0.0731,"high-left",51,"assisted","head",0,"miss",,,7881,0,62.9,77.8,10.2,48.9,0,,,,
"Row68_17",8355,16,"2026-06-28T07:40:30.012Z",0.0548,"low-left",45,"assisted","left-foot",1,"save",0.2132,3,10128,0,53,7,22.1,53.9,0,1.8,51.4,0,
"Row68_18",8355,17,"2026-06-28T07:40:30.012Z",0.0243,"low-centre",45,"assisted","left-foot",0,"block",,2,7880,0,51.6,19,22,41.1,0,19.7,41.9,0,
"Row68_19",8355,18,"2026-06-28T07:40:30.012Z",0.0194,"close-left",45,"assisted","right-foot",1,"miss",,1,2465,0,59,4.2,21.2,27.6,0,,,,
"Row68_20",8355,19,"2026-06-28T07:40:30.012Z",0.0637,"low-left",45,"assisted","right-foot",1,"save",0.1015,,16386,0,52.6,1.9,21.7,52.2,0,2,49.8,0,
"Row68_21",8355,20,"2026-06-28T07:40:30.012Z",0.0342,"low-centre",44,"regular","left-foot",1,"block",,,428,0,50.9,19,23.6,56.2,0,12,52.7,0,
"Row68_22",8355,21,"2026-06-28T07:40:30.012Z",0.1024,"low-centre",44,"assisted","right-foot",1,"block",,,10128,0,48.4,19,15.5,49.1,0,8.9,50.2,0,
"Row68_23",8355,22,"2026-06-28T07:40:30.012Z",0.074,"close-high",42,"throw-in-set-piece","right-foot",0,"miss",,,7881,0,50.8,50,9.9,36.2,0,,,,
"Row68_24",8355,23,"2026-06-28T07:40:30.012Z",0.018,"close-left",40,"assisted","right-foot",0,"miss",,,7995,0,58.5,13.9,28.4,49.1,0,,,,
"Row68_25",8355,24,"2026-06-28T07:40:30.012Z",0.1149,"low-centre",39,"regular","right-foot",0,"block",,,7880,0,50.9,19,10.4,43.6,0,7.9,44.9,0,
"Row68_26",8355,25,"2026-06-28T07:40:30.012Z",0.2386,"high-centre",39,"regular","right-foot",0,"save",0.4178,,1794,0,48.5,23.4,9.5,55.1,0,2.7,52,0,
"Row68_27",8355,26,"2026-06-28T07:40:30.012Z",0.0196,"low-centre",38,"regular","right-foot",0,"block",,,2248,0,51.3,19,20.3,35.2,0,17.6,37,0,
"Row68_28",8355,27,"2026-06-28T07:40:30.012Z",0.0275,"low-centre",24,"free-kick","right-foot",0,"save",0.0115,,7880,0,50.7,6.3,31.2,48.3,0,1.8,50.5,0,
"Row68_29",8355,28,"2026-06-28T07:40:30.012Z",0.0346,"left",22,"assisted","right-foot",1,"miss",,,530,0,64,2.8,9.8,70.3,0,1.9,47.1,0,
"Row68_30",8355,29,"2026-06-28T07:40:30.012Z",0.1352,"low-centre",17,"fast-break","right-foot",1,"block",,,2465,0,50.8,19,12.8,39.5,0,9.7,43.1,0,
"Row68_31",8355,30,"2026-06-28T07:40:30.012Z",0.0701,"low-centre",17,"fast-break","right-foot",1,"save",0.1404,,16388,0,51.3,5.1,8.4,69,0,1.6,55.2,0,
"Row68_32",8355,31,"2026-06-28T07:40:30.012Z",0.0355,"high-left",14,"assisted","left-foot",1,"miss",,,16386,0,69.6,66.7,23.2,55.1,0,,,,
"Row68_33",8355,32,"2026-06-28T07:40:30.012Z",0.0146,"left",12,"assisted","right-foot",0,"miss",,,1794,0,67.1,8.3,29.2,62.9,0,,,,
"Row68_34",8355,33,"2026-06-28T07:40:30.012Z",0.0718,"right",6,"throw-in-set-piece","right-foot",1,"miss",,,2465,0,28.6,18.1,14.7,44.2,0,8,53.4,0,
"Row68_35",8355,34,"2026-06-28T07:40:30.012Z",0.0132,"left",4,"regular","right-foot",0,"miss",,,7995,0,68.4,8.3,18.9,28.9,0,,,,
"Row68_36",8355,35,"2026-06-28T07:40:30.012Z",0.2299,"close-high",2,"regular","head",1,"miss",,,16388,0,53.6,52.8,7.4,53.3,0,,,,
"Row68_37",8355,36,"2026-06-28T07:40:30.012Z",0.0403,"low-left",2,"assisted","right-foot",1,"block",,,2465,0,52.9,19,13.3,30.6,0,10.3,34.3,0,
"Row69_1",8357,0,"2026-06-28T10:10:20.445Z",0.1314,"low-right",90,"assisted","head",0,"goal",0.2168,6,4824,0,46.8,6.3,7.9,54.9,0,,,,"regular"
"Row69_2",8357,1,"2026-06-28T10:10:20.445Z",0.0956,"high-left",90,"assisted","left-foot",0,"miss",,5,1174,0,63.5,66.7,15.2,43.6,0,,,,
"Row69_3",8357,2,"2026-06-28T10:10:20.445Z",0.4447,"low-left",90,"assisted","right-foot",1,"goal",0.6304,3,8116,0,52.7,3.8,8.7,61.5,0,,,,"regular"
"Row69_4",8357,3,"2026-06-28T10:10:20.445Z",0.133,"right",68,"corner","head",0,"miss",,,721,0,30.6,2.8,6.6,48.3,0,,,,
"Row69_5",8357,4,"2026-06-28T10:10:20.445Z",0.0179,"close-right",65,"assisted","right-foot",0,"miss",,,2893,0,42.5,34.7,27.4,31.3,0,,,,
"Row69_6",8357,5,"2026-06-28T10:10:20.445Z",0.1649,"high-right",60,"assisted","left-foot",1,"goal",0.8653,,8116,0,46.4,20.9,8.8,62.1,0,,,,"regular"
"Row69_7",8357,6,"2026-06-28T10:10:20.445Z",0.0161,"low-centre",59,"assisted","right-foot",1,"block",,,1351,0,50.4,19,32.1,62.2,0,26.3,59.9,0,
"Row69_8",8357,7,"2026-06-28T10:10:20.445Z",0.1054,"high-right",55,"assisted","right-foot",0,"goal",0.1062,,2161,0,46.6,20.9,18.4,50.5,0,,,,"regular"
"Row69_9",8357,8,"2026-06-28T10:10:20.445Z",0.0718,"low-centre",54,"assisted","right-foot",1,"save",0.0337,,1351,0,50.1,4.4,21.9,52.3,0,1.8,51.1,0,
"Row69_10",8357,9,"2026-06-28T10:10:20.445Z",0.0072,"high",49,"regular","left-foot",1,"miss",,,2169,0,52.1,87.5,34.3,34.6,0,,,,
"Row69_11",8357,10,"2026-06-28T10:10:20.445Z",0.0969,"low-centre",45,"corner","left-foot",0,"block",,2,2893,0,51.3,19,14.7,47.7,0,6.8,47.5,0,
"Row69_12",8357,11,"2026-06-28T10:10:20.445Z",0.0889,"high-right",45,"regular","left-foot",1,"goal",0.5915,,2616,0,46.2,28.5,6.9,61.5,0,,,,"regular"
"Row69_13",8357,12,"2026-06-28T10:10:20.445Z",0.4581,"low-centre",44,"assisted","left-foot",1,"save",0.3188,,2140,0,50,5.1,7.3,55.8,0,2.7,53.1,0,
"Row69_14",8357,13,"2026-06-28T10:10:20.445Z",0.0513,"low-left",42,"assisted","left-foot",1,"block",,,8116,0,52.6,19,17.9,57.3,0,17.4,57,0,
"Row69_15",8357,14,"2026-06-28T10:10:20.445Z",0.0494,"left",41,"regular","right-foot",0,"miss",,,1198,0,68.9,16.7,8.8,28.9,0,,,,
"Row69_16",8357,15,"2026-06-28T10:10:20.445Z",0.089,"right",40,"assisted","left-foot",1,"post",,,1351,0,44.7,11.4,20.2,57.6,0,,,,
"Row69_17",8357,16,"2026-06-28T10:10:20.445Z",0.0031,"close-high",38,"corner","right-foot",0,"miss",,,2504,0,51.4,48.6,24.2,75.6,0,,,,
"Row69_18",8357,17,"2026-06-28T10:10:20.445Z",0.1552,"close-left",36,"assisted","left-foot",1,"miss",,,2140,0,56.5,27.8,4.8,32.9,0,,,,
"Row69_19",8357,18,"2026-06-28T10:10:20.445Z",0.0267,"left",32,"assisted","right-foot",1,"miss",,,2616,0,61.3,2.8,8.2,69.9,0,,,,
"Row69_20",8357,19,"2026-06-28T10:10:20.445Z",0.7664,"low-right",28,"assisted","right-foot",0,"goal",0.7531,,3065,0,47.9,1.3,6.3,46.4,0,,,,"regular"
"Row69_21",8357,20,"2026-06-28T10:10:20.445Z",0.013,"high",10,"throw-in-set-piece","right-foot",1,"miss",,,2140,0,46.9,88.9,29.7,40.3,0,,,,
"Row69_22",8357,21,"2026-06-28T10:10:20.445Z",0.0085,"high",8,"throw-in-set-piece","left-foot",0,"miss",,,2892,0,54.6,76.4,24.1,67.6,0,,,,
"Row70_1",8358,0,"2026-06-28T10:10:24.214Z",0.2846,"high",90,"set-piece","right-foot",0,"miss",,1,2370,0,45.9,73.6,3.6,50.9,0,,,,
"Row70_2",8358,1,"2026-06-28T10:10:24.214Z",0.0205,"low-left",86,"assisted","right-foot",0,"block",,,34,0,53.4,19,9.8,28.9,0,8.5,31.2,0,
"Row70_3",8358,2,"2026-06-28T10:10:24.214Z",0.0478,"close-right",82,"regular","right-foot",0,"miss",,,773,0,41.2,8.3,23.8,52.3,0,,,,
"Row70_4",8358,3,"2026-06-28T10:10:24.214Z",0.083,"low-centre",80,"free-kick","left-foot",0,"goal",0.1007,,9063,0,51.8,6.3,24.4,51.6,0,,,,"regular"
"Row70_5",8358,4,"2026-06-28T10:10:24.214Z",0.0388,"high-left",65,"free-kick","left-foot",0,"miss",,,9063,0,56.8,61.1,28,49.1,0,,,,
"Row70_6",8358,5,"2026-06-28T10:10:24.214Z",0.0573,"right",59,"regular","right-foot",0,"miss",,,2829,0,26.6,8.3,18.8,48.3,0,,,,
"Row70_7",8358,6,"2026-06-28T10:10:24.214Z",0.5218,"high-left",55,"assisted","left-foot",1,"goal",0.7203,,2809,0,52.6,23.4,8.2,47,0,,,,"regular"
"Row70_8",8358,7,"2026-06-28T10:10:24.214Z",0.0203,"high",53,"assisted","right-foot",0,"post",,,1687,0,48.9,39.9,23,30,0,,,,
"Row70_9",8358,8,"2026-06-28T10:10:24.214Z",0.1215,"high",51,"assisted","left-foot",1,"miss",,,2809,0,50.9,77.8,18.9,49.6,0,,,,
"Row70_10",8358,9,"2026-06-28T10:10:24.214Z",0.0896,"low-left",45,"fast-break","left-foot",0,"save",0.103,5,770,0,51.9,3.2,8.9,35.2,0,1.1,46.7,0,
"Row70_11",8358,10,"2026-06-28T10:10:24.214Z",0.0416,"right",38,"assisted","head",1,"miss",,,8821,0,21.9,15.3,10.4,48.9,0,,,,
"Row70_12",8358,11,"2026-06-28T10:10:24.214Z",0.04,"low-right",35,"corner","left-foot",1,"block",,,16710,0,45.8,19,21.8,43.8,0,9.2,49.8,0,
"Row70_13",8358,12,"2026-06-28T10:10:24.214Z",0.0175,"low-centre",35,"regular","right-foot",1,"block",,,14727,0,49.1,19,27.1,62.8,0,21,60.1,0,
"Row70_14",8358,13,"2026-06-28T10:10:24.214Z",0.7884,"low-left",31,"penalty","right-foot",0,"goal",0.5978,,1687,0,52.9,12.7,11.5,50,0,,,,"penalty"
"Row70_15",8358,14,"2026-06-28T10:10:24.214Z",0.5622,"high",28,"corner","left-foot",0,"post",,,1687,0,52.4,39.2,4.1,46.2,0,,,,
"Row70_16",8358,15,"2026-06-28T10:10:24.214Z",0.1005,"high-left",19,"free-kick","left-foot",0,"goal",0.6469,,3850,0,53.5,26.6,18.9,62,0,,,,"regular"
"Row70_17",8358,16,"2026-06-28T10:10:24.214Z",0.0383,"high",13,"corner","head",0,"miss",,,2054,0,50.1,66.7,4.2,61.5,0,,,,
"Row71_1",8359,0,"2026-06-29T03:13:23.070Z",0.0937,"low-left",90,"regular","right-foot",0,"goal",0.6642,2,1011,0,54.2,4.4,18.2,57.5,0,,,,"regular"
"Row71_2",8359,1,"2026-06-29T03:13:23.070Z",0.0279,"close-right",85,"assisted","right-foot",1,"miss",,,15468,0,43.9,4.2,25.4,63.4,0,0.7,56.9,0,
"Row71_3",8359,2,"2026-06-29T03:13:23.070Z",0.0498,"high-left",78,"assisted","left-foot",0,"save",0.12,,2186,0,53.4,20.3,4.3,34,0,0.3,46.6,0,
"Row71_4",8359,3,"2026-06-29T03:13:23.070Z",0.0442,"close-left",76,"fast-break","right-foot",0,"miss",,,3754,0,56.6,4.2,25.9,49.7,0,,,,
"Row71_5",8359,4,"2026-06-29T03:13:23.070Z",0.0098,"high",75,"assisted","right-foot",1,"miss",,,15476,0,54.1,68.1,27.2,58.9,0,,,,
"Row71_6",8359,5,"2026-06-29T03:13:23.070Z",0.0465,"right",66,"corner","head",0,"miss",,,7612,0,36.8,34.7,9.7,54,0,,,,
"Row71_7",8359,6,"2026-06-29T03:13:23.070Z",0.1495,"low-centre",65,"fast-break","left-foot",0,"save",0.3436,,1779,0,49.6,13.9,13.5,38.5,0,7.1,44,0,
"Row71_8",8359,7,"2026-06-29T03:13:23.070Z",0.0334,"close-right",62,"regular","right-foot",1,"miss",,,15468,0,42,25,25.4,38.5,0,,,,
"Row71_9",8359,8,"2026-06-29T03:13:23.070Z",0.1757,"low-right",44,"corner","right-foot",0,"save",0.2771,,1769,0,47,19.6,2.9,56.4,0,1,54,0,
"Row71_10",8359,9,"2026-06-29T03:13:23.070Z",0.2145,"low-centre",44,"corner","head",0,"save",,,4514,0,50,19,4.6,50.4,0,0.099999999999994,50,0,
"Row71_11",8359,10,"2026-06-29T03:13:23.070Z",0.0579,"high",41,"set-piece","head",0,"miss",,,1779,0,48.9,63.9,9.2,47.2,0,,,,
"Row71_12",8359,11,"2026-06-29T03:13:23.070Z",0.0139,"right",36,"corner","head",1,"miss",,,16737,0,33.1,19.4,12.8,50.5,0,,,,
"Row71_13",8359,12,"2026-06-29T03:13:23.070Z",0.0324,"high-left",35,"assisted","left-foot",0,"save",0.1388,,1779,0,52.1,28.5,8.4,31,0,1,44.9,0,
"Row71_14",8359,13,"2026-06-29T03:13:23.070Z",0.0242,"low-centre",23,"assisted","right-foot",1,"block",,,14399,0,51.5,19,25,68.9,0,17,62.4,0,
"Row71_15",8359,14,"2026-06-29T03:13:23.070Z",0.3287,"low-centre",22,"set-piece","head",0,"save",0.0857,,4155,0,49.8,14.6,7.1,49.1,0,0.5,49.8,0,
"Row71_16",8359,15,"2026-06-29T03:13:23.070Z",0.1118,"close-right",17,"corner","right-foot",0,"miss",,,2186,0,41,11.1,10.4,52.3,0,,,,
"Row71_17",8359,16,"2026-06-29T03:13:23.070Z",0.0187,"high",7,"regular","right-foot",0,"miss",,,1011,0,46.7,66.7,25.6,36.2,0,,,,
"Row71_18",8359,17,"2026-06-29T03:13:23.070Z",0.0227,"low-left",6,"assisted","right-foot",1,"save",0.0373,,14399,0,52,15.2,27.8,47.1,0,1.9,49.6,0,
"Row72_1",8360,0,"2026-06-30T01:03:51.334Z",0.2118,"low-right",90,"assisted","right-foot",1,"goal",0.2978,6,452,0,46.3,6.3,10.2,44.2,0,,,,"regular"
"Row72_2",8360,1,"2026-06-30T01:03:51.334Z",0.0184,"high-right",90,"corner","head",1,"miss",,4,8156,0,34.5,62.5,12.1,48.7,0,,,,
"Row72_3",8360,2,"2026-06-30T01:03:51.334Z",0.0243,"low-centre",89,"set-piece","right-foot",1,"block",,,595,0,48.4,19,22.6,33.8,0,19.7,36.1,0,
"Row72_4",8360,3,"2026-06-30T01:03:51.334Z",0.0325,"right",77,"regular","right-foot",1,"miss",,,452,0,37.5,30.6,17.8,36.9,0,,,,
"Row72_5",8360,4,"2026-06-30T01:03:51.334Z",0.0711,"low-centre",74,"assisted","head",1,"block",,,663,0,48.4,19,5.2,60.1,0,3.3,56.5,0,
"Row72_6",8360,5,"2026-06-30T01:03:51.334Z",0.0228,"low-left",64,"assisted","right-foot",0,"save",0.0913,,3369,0,53.8,3.2,15.2,23,0,0.7,46.4,0,
"Row72_7",8360,6,"2026-06-30T01:03:51.334Z",0.0901,"high",58,"fast-break","right-foot",1,"miss",,,4119,0,49.8,80.6,20,49.3,0,,,,
"Row72_8",8360,7,"2026-06-30T01:03:51.334Z",0.1529,"low-right",58,"fast-break","right-foot",1,"save",0.6401,,595,0,46.9,11.4,9.5,32.5,0,1.2,45.7,0,
"Row72_9",8360,8,"2026-06-30T01:03:51.334Z",0.2822,"high-centre",56,"assisted","head",1,"goal",0.7175,,1793,0,48.6,31,3.3,57.1,0,,,,"regular"
"Row72_10",8360,9,"2026-06-30T01:03:51.334Z",0.3692,"low-centre",54,"assisted","head",1,"save",,,1793,0,51.1,19,4.4,49.3,0,0.59999999999999,48.9,0,
"Row72_11",8360,10,"2026-06-30T01:03:51.334Z",0.0771,"right",53,"assisted","left-foot",1,"miss",,,606,0,35.1,15.3,9.4,41.1,0,4.7,49.3,0,
"Row72_12",8360,11,"2026-06-30T01:03:51.334Z",0.0556,"high-centre",52,"assisted","head",1,"save",0.0207,,709,0,50,24.1,10.6,48.3,0,1,50.4,0,
"Row72_13",8360,12,"2026-06-30T01:03:51.334Z",0.0576,"low-centre",45,"assisted","head",1,"block",,1,1642,0,49.3,19,12.6,49.2,0,10.5,49.5,0,
"Row72_14",8360,13,"2026-06-30T01:03:51.334Z",0.0252,"low-centre",45,"assisted","left-foot",0,"block",,,4564,0,50.7,19,18.4,70.5,0,15.6,67.3,0,
"Row72_15",8360,14,"2026-06-30T01:03:51.334Z",0.0169,"low-centre",38,"assisted","right-foot",1,"save",0.01,,4119,0,50.1,5.7,28.1,40.1,0,2.1,48.4,0,
"Row72_16",8360,15,"2026-06-30T01:03:51.334Z",0.0625,"low-centre",35,"assisted","left-foot",1,"block",,,1642,0,50.2,19,17.6,38.3,0,12.1,41.9,0,
"Row72_17",8360,16,"2026-06-30T01:03:51.334Z",0.0421,"low-centre",34,"assisted","right-foot",1,"save",0.0137,,595,0,50.2,12,24.9,41.8,0,1.5,50.4,0,
"Row72_18",8360,17,"2026-06-30T01:03:51.334Z",0.0355,"low-left",29,"fast-break","right-foot",0,"goal",0.3669,,1196,0,54.2,1.9,24.9,57.1,0,,,,"regular"
"Row72_19",8360,18,"2026-06-30T01:03:51.334Z",0.0548,"high-left",28,"corner","head",0,"miss",,,3369,0,58.2,76.4,8.6,47.9,0,,,,
"Row72_20",8360,19,"2026-06-30T01:03:51.334Z",0.0906,"low-centre",16,"free-kick","right-foot",0,"block",,,430,0,50.7,19,18.9,34.2,0,11.1,40.4,0,
"Row72_21",8360,20,"2026-06-30T01:03:51.334Z",0.0111,"right",14,"corner","right-foot",1,"miss",,,709,0,36.1,23.6,11.5,29.1,0,,,,
"Row72_22",8360,21,"2026-06-30T01:03:51.334Z",0.0838,"close-left",14,"fast-break","left-foot",1,"miss",,,4119,0,58.2,9.7,21.5,52.6,0,1.1,43.3,0,
"Row72_23",8360,22,"2026-06-30T01:03:51.334Z",0.0472,"low-centre",10,"assisted","left-foot",1,"block",,,709,0,51,19,15.4,37.4,0,11.6,41.3,0,
"Row72_24",8360,23,"2026-06-30T01:03:51.334Z",0.0322,"low-centre",2,"assisted","left-foot",1,"block",,,709,0,50.9,19,14.9,67,0,12.9,64.6,0,
"Row73_1",8361,0,"2026-06-30T04:33:51.459Z",0.7884,"high-right",132,"shootout","left-foot",0,"goal",0.9874,,16912,0,47.7,29.1,11.5,50,0,,,,"penalty"
"Row73_2",8361,1,"2026-06-30T04:33:51.459Z",0.7884,"high",132,"shootout","right-foot",1,"miss",,,2459,0,55.6,94.4,11.5,50,0,,,,
"Row73_3",8361,2,"2026-06-30T04:33:51.459Z",0.7884,"low-right",131,"shootout","right-foot",0,"save",0.8519,,4893,0,46.7,1.9,11.5,50,0,0.7,50,0,
"Row73_4",8361,3,"2026-06-30T04:33:51.459Z",0.7884,"high-right",130,"shootout","right-foot",1,"goal",0.8373,,3934,0,47.2,20.3,11.5,50,0,,,,"penalty"
"Row73_5",8361,4,"2026-06-30T04:33:51.459Z",0.7884,"close-left",129,"shootout","right-foot",0,"miss",,,983,0,56.8,16.7,11.5,50,0,,,,
"Row73_6",8361,5,"2026-06-30T04:33:51.459Z",0.7884,"low-right",128,"shootout","right-foot",1,"save",0.6888,,707,0,46.4,12.7,11.5,50,0,0.3,50.2,0,
"Row73_7",8361,6,"2026-06-30T04:33:51.459Z",0.7884,"low-left",127,"shootout","left-foot",0,"goal",0.7859,,13574,0,52.8,1.3,11.5,50,0,,,,"penalty"
"Row73_8",8361,7,"2026-06-30T04:33:51.459Z",0.7884,"low-left",126,"shootout","right-foot",1,"goal",0.8094,,8564,0,54,1.9,11.5,50.2,0,,,,"penalty"
"Row73_9",8361,8,"2026-06-30T04:33:51.459Z",0.7884,"low-right",125,"shootout","right-foot",0,"goal",0.7881,,26,0,47.7,1.9,11.5,50,0,,,,"penalty"
"Row73_10",8361,9,"2026-06-30T04:33:51.459Z",0.7884,"low-left",125,"shootout","right-foot",1,"goal",0.6666,,2461,0,53.1,5.7,11.5,50,0,,,,"penalty"
"Row73_11",8361,10,"2026-06-30T04:33:51.459Z",0.7884,"low-right",124,"shootout","left-foot",0,"goal",0.8151,,42,0,46,12,11.5,50,0,,,,"penalty"
"Row73_12",8361,11,"2026-06-30T04:33:51.459Z",0.7884,"high-right",122,"shootout","left-foot",1,"save",0.9908,,4941,0,46.9,27.2,11.5,50,0,0.2,49.6,0,
"Row73_13",8361,12,"2026-06-30T04:33:51.459Z",0.0321,"close-right",120,"free-kick","right-foot",1,"miss",,1,3934,0,42.5,29.2,24.8,73.3,0,,,,
"Row73_14",8361,13,"2026-06-30T04:33:51.459Z",0.1899,"high-centre",119,"corner","head",1,"save",0.3259,,2157,0,50.4,22.2,5.1,50.1,0,0.59999999999999,50.7,0,
"Row73_15",8361,14,"2026-06-30T04:33:51.459Z",0.0067,"high-centre",111,"corner","right-foot",1,"save",0.0419,,2461,0,49,31.7,0.5,0.5,0,0.90000000000001,48.9,0,
"Row73_16",8361,15,"2026-06-30T04:33:51.459Z",0.2459,"high-left",105,"assisted","head",1,"save",0.7344,5,4941,0,52.1,22.2,4.1,55.5,0,1.2,52.5,0,
"Row73_17",8361,16,"2026-06-30T04:33:51.459Z",0.1351,"left",97,"regular","left-foot",1,"miss",,,707,0,61.3,11.1,9.5,51.6,0,7.1,49.3,0,
"Row73_18",8361,17,"2026-06-30T04:33:51.459Z",0.0206,"low-centre",93,"regular","right-foot",1,"block",,,2461,0,48.4,8.3,26.1,37,0,9,46.7,0,
"Row73_19",8361,18,"2026-06-30T04:33:51.459Z",0.1401,"low-centre",93,"regular","left-foot",1,"block",,,707,0,49.9,4.2,13.6,43.1,0,9.8,45.5,0,
"Row73_20",8361,19,"2026-06-30T04:33:51.459Z",0.0228,"high-centre",90,"regular","left-foot",0,"block",,3,9678,0,50.6,22.2,24.6,37.4,0,14,43.3,0,
"Row73_21",8361,20,"2026-06-30T04:33:51.459Z",0.0175,"low-left",90,"corner","head",1,"save",0.0356,2,2459,0,52.2,19.6,6.7,33.6,0,1,45.1,0,
"Row73_22",8361,21,"2026-06-30T04:33:51.459Z",0.0238,"low-right",90,"assisted","right-foot",1,"block",,1,2461,0,48,19,21.1,64.3,0,12.7,59.4,0,
"Row73_23",8361,22,"2026-06-30T04:33:51.459Z",0.0538,"close-left",86,"corner","head",1,"miss",,,2470,0,59.2,6.9,9,52.9,0,3.8,46.4,0,
"Row73_24",8361,23,"2026-06-30T04:33:51.459Z",0.0273,"low-centre",80,"free-kick","right-foot",1,"block",,,330,0,50.8,19,30.5,38.2,0,20.3,41.9,0,
"Row73_25",8361,24,"2026-06-30T04:33:51.459Z",0.1191,"high-centre",78,"assisted","head",1,"save",0.1035,,4941,0,50.3,24.1,7.3,52.8,0,1.2,50.4,0,
"Row73_26",8361,25,"2026-06-30T04:33:51.459Z",0.0334,"close-left",70,"corner","head",0,"miss",,,26,0,59.2,26.4,1.9,38.5,0,0.099999999999994,42.4,0,
"Row73_27",8361,26,"2026-06-30T04:33:51.459Z",0.0335,"low-right",66,"free-kick","left-foot",1,"block",,,3732,0,47.7,19,25.5,68.7,0,18.9,64.4,0,
"Row73_28",8361,27,"2026-06-30T04:33:51.459Z",0.0511,"high-centre",59,"assisted","head",0,"save",0.0349,,225,0,49.3,22.2,7.4,58.4,0,1.5,52,0,
"Row73_29",8361,28,"2026-06-30T04:33:51.459Z",0.0686,"low-centre",56,"assisted","right-foot",1,"block",,,2462,0,49.1,19,22,50.9,0,17.3,50.9,0,
"Row73_30",8361,29,"2026-06-30T04:33:51.459Z",0.2005,"low-centre",56,"regular","right-foot",1,"block",,,2470,0,48.8,19,12.1,53.9,0,6,52.5,0,
"Row73_31",8361,30,"2026-06-30T04:33:51.459Z",0.0339,"low-right",54,"assisted","head",1,"goal",0.3447,,4941,0,46.1,10.1,11.1,47.8,0,,,,"regular"
"Row73_32",8361,31,"2026-06-30T04:33:51.459Z",0.1148,"right",50,"regular","right-foot",0,"miss",,,1710,0,38.3,4.2,5.7,31.6,0,5,37.7,0,
"Row73_33",8361,32,"2026-06-30T04:33:51.459Z",0.0301,"close-left",45,"corner","right-foot",1,"miss",,3,2461,0,56.5,34.7,3.3,31.3,0,0,43.1,0,
"Row73_34",8361,33,"2026-06-30T04:33:51.459Z",0.0212,"high-left",45,"regular","left-foot",1,"miss",,,2461,0,56.3,81.9,21.2,55.6,0,,,,
"Row73_35",8361,34,"2026-06-30T04:33:51.459Z",0.0617,"low-left",42,"corner","head",0,"goal",0.1895,,1710,0,52.6,16.5,10.3,50.4,0,,,,"regular"
"Row73_36",8361,35,"2026-06-30T04:33:51.459Z",0.0187,"low-centre",33,"assisted","left-foot",1,"block",,,4941,0,48.2,19.4,21,34.4,0,18.9,35.9,0,
"Row73_37",8361,36,"2026-06-30T04:33:51.459Z",0.0372,"high",8,"corner","right-foot",1,"miss",,,330,0,46.2,94.4,21.8,47.4,0,,,,
"Row73_38",8361,37,"2026-06-30T04:33:51.459Z",0.0339,"high-right",6,"assisted","right-foot",1,"miss",,,1620,0,40,51.4,10,30.7,0,,,,
"Row73_39",8361,38,"2026-06-30T04:33:51.459Z",0.12,"low-right",2,"corner","left-foot",0,"save",0.2887,,4,0,47.8,15.2,2.9,59.3,0,0.2,54.1,0,
"Row73_40",8361,39,"2026-06-30T04:33:51.459Z",0.0185,"low-left",1,"assisted","right-foot",0,"block",,,1710,0,53,19,12.6,23.1,0,11,26.2,0,
"Row74_1",8362,0,"2026-06-30T09:03:51.295Z",0.7884,"low-left",130,"shootout","right-foot",0,"goal",0.9935,,3511,0,53.7,1.9,11.5,50,0,,,,"penalty"
"Row74_2",8362,1,"2026-06-30T09:03:51.295Z",0.7884,"high-left",129,"shootout","right-foot",1,"save",0.988,,4092,0,52.5,32.9,11.5,50,0,0.5,50.2,0,
"Row74_3",8362,2,"2026-06-30T09:03:51.295Z",0.7884,"left",127,"shootout","right-foot",0,"post",,,4241,0,55.3,3.2,11.5,50,0,,,,
"Row74_4",8362,3,"2026-06-30T09:03:51.295Z",0.7884,"left",127,"shootout","right-foot",1,"miss",,,3373,0,63,1.4,11.5,50,0,,,,
"Row74_5",8362,4,"2026-06-30T09:03:51.295Z",0.7884,"high-right",126,"shootout","right-foot",0,"goal",0.9318,,350,0,46.4,20.9,11.5,50,0,,,,"penalty"
"Row74_6",8362,5,"2026-06-30T09:03:51.295Z",0.7884,"high-left",125,"shootout","right-foot",1,"goal",0.9907,,3775,0,53.1,29.8,11.5,50,0,,,,"penalty"
"Row74_7",8362,6,"2026-06-30T09:03:51.295Z",0.7884,"low-left",124,"shootout","right-foot",0,"goal",0.7664,,15371,0,52.8,4.4,11.5,50,0,,,,"penalty"
"Row74_8",8362,7,"2026-06-30T09:03:51.295Z",0.7884,"left",123,"shootout","right-foot",1,"post",,,791,0,55.6,4.4,11.5,50,0,,,,
"Row74_9",8362,8,"2026-06-30T09:03:51.295Z",0.7884,"high",122,"shootout","right-foot",0,"post",,,1070,0,52.8,39.9,11.5,50,0,,,,
"Row74_10",8362,9,"2026-06-30T09:03:51.295Z",0.7884,"low-right",121,"shootout","left-foot",1,"goal",0.9242,,2178,0,45.8,1.3,11.5,50,0,,,,"penalty"
"Row74_11",8362,10,"2026-06-30T09:03:51.295Z",0.7531,"low-left",97,"assisted","right-foot",0,"save",0.7286,,15371,0,52.8,14.6,8.9,47.8,0,2.7,48.7,0,
"Row74_12",8362,11,"2026-06-30T09:03:51.295Z",0.1783,"high-right",90,"assisted","head",0,"goal",0.7364,1,4377,0,46.7,25.3,8.7,52.4,0,,,,"regular"
"Row74_13",8362,12,"2026-06-30T09:03:51.295Z",0.0223,"low-left",78,"corner","left-foot",0,"block",,,3506,0,52.4,19,21.2,25.3,0,15.4,31.4,0,
"Row74_14",8362,13,"2026-06-30T09:03:51.295Z",0.0956,"low-centre",72,"assisted","right-foot",1,"goal",0.1409,,331,0,49.3,5.1,12.8,49.4,0,,,,"regular"
"Row74_15",8362,14,"2026-06-30T09:03:51.295Z",0.0671,"low-centre",59,"regular","left-foot",1,"block",,,327,0,49,19,18.4,53.1,0,15,52.7,0,
"Row74_16",8362,15,"2026-06-30T09:03:51.295Z",0.0178,"low-right",58,"regular","right-foot",0,"save",0.1146,,1619,0,46.4,4.4,25.7,26.3,0,1.2,48.2,0,
"Row74_17",8362,16,"2026-06-30T09:03:51.295Z",0.0819,"low-left",56,"assisted","right-foot",0,"block",,,4241,0,51.9,19,11.7,62.5,0,10.2,60.6,0,
"Row74_18",8362,17,"2026-06-30T09:03:51.295Z",0.1136,"high",52,"assisted","right-foot",0,"post",,,4241,0,47.2,38.6,4.6,67.3,0,,,,
"Row74_19",8362,18,"2026-06-30T09:03:51.295Z",0.0267,"high-left",48,"assisted","left-foot",0,"miss",,,1451,0,63.5,79.2,24.8,45.2,0,,,,
"Row74_20",8362,19,"2026-06-30T09:03:51.295Z",0.0124,"high-centre",48,"set-piece","head",1,"save",0.0277,,736,0,49.5,24.1,10.7,62.5,0,0.5,52.9,0,
"Row74_21",8362,20,"2026-06-30T09:03:51.295Z",0.0336,"close-high-left",45,"fast-break","right-foot",0,"miss",,3,1044,0,59.2,52.8,16.8,73,0,,,,
"Row74_22",8362,21,"2026-06-30T09:03:51.295Z",0.0258,"close-high",44,"assisted","left-foot",1,"miss",,,736,0,51.9,54.2,25.3,40.9,0,4.1,48.7,0,
"Row74_23",8362,22,"2026-06-30T09:03:51.295Z",0.009,"low-left",37,"corner","head",1,"block",,,3981,0,52.1,19,8.9,37.6,0,7.1,39.7,0,
"Row74_24",8362,23,"2026-06-30T09:03:51.295Z",0.0385,"high-right",21,"assisted","right-foot",0,"save",0.2393,,4241,0,46,34.2,16.3,70.3,0,0.59999999999999,52.2,0,
"Row74_25",8362,24,"2026-06-30T09:03:51.295Z",0.0282,"high",20,"corner","right-foot",0,"miss",,,1451,0,50.4,88.9,23.5,46.5,0,,,,
"Row74_26",8362,25,"2026-06-30T09:03:51.295Z",0.1051,"high-centre",20,"corner","head",0,"save",0.4079,,1070,0,48.5,26.6,3.6,59.1,0,0.7,53.6,0,
"Row74_27",8362,26,"2026-06-30T09:03:51.295Z",0.0234,"low-left",7,"throw-in-set-piece","left-foot",1,"block",,,327,0,52,19,15.2,67,0,13.4,64.8,0,
"Row75_1",8363,0,"2026-07-01T01:03:51.824Z",0.2215,"right",90,"corner","head",1,"miss",,8,509,0,26.7,19.4,4.2,48.1,0,3.7,51.8,0,
"Row75_2",8363,1,"2026-07-01T01:03:51.824Z",0.0342,"high-left",90,"free-kick","left-foot",1,"save",0.2351,6,1792,0,53.6,30.4,29.6,48.9,0,1.4,50.2,0,
"Row75_3",8363,2,"2026-07-01T01:03:51.824Z",0.0862,"right",90,"assisted","right-foot",0,"miss",,,2064,0,30.6,1.4,11.6,38.5,0,,,,
"Row75_4",8363,3,"2026-07-01T01:03:51.824Z",0.8024,"low-centre",86,"assisted","left-foot",0,"goal",0.9758,,852,0,49.1,3.8,6.3,48.9,0,,,,"regular"
"Row75_5",8363,4,"2026-07-01T01:03:51.824Z",0.1983,"low-left",74,"assisted","left-foot",1,"goal",0.3719,,1792,0,51.9,16.5,4.2,58.7,0,,,,"regular"
"Row75_6",8363,5,"2026-07-01T01:03:51.824Z",0.0594,"high-right",72,"assisted","right-foot",1,"miss",,,1886,0,32.3,40.3,14.3,36.8,0,11.9,41.3,0,
"Row75_7",8363,6,"2026-07-01T01:03:51.824Z",0.4499,"low-right",67,"corner","right-foot",0,"save",,,957,0,46.6,19,4.3,48.1,0,1,52.2,0,
"Row75_8",8363,7,"2026-07-01T01:03:51.824Z",0.1292,"right",64,"corner","left-foot",1,"miss",,,1702,0,2.7,13.9,7.1,47,0,3.8,44.2,0,
"Row75_9",8363,8,"2026-07-01T01:03:51.824Z",0.0198,"high",59,"corner","right-foot",1,"miss",,,524,0,44.9,97.2,29.7,48.1,0,,,,
"Row75_10",8363,9,"2026-07-01T01:03:51.824Z",0.1001,"low-right",57,"assisted","right-foot",1,"save",0.1612,,8117,0,47.3,3.8,8.3,58.7,0,1.4,53.4,0,
"Row75_11",8363,10,"2026-07-01T01:03:51.824Z",0.1265,"low-right",55,"regular","left-foot",1,"save",0.6451,,1786,0,46.1,3.8,7.6,60.1,0,1.4,52.9,0,
"Row75_12",8363,11,"2026-07-01T01:03:51.824Z",0.0257,"high-right",52,"regular","right-foot",1,"miss",,,547,0,39.2,95.8,27.9,55.7,0,,,,
"Row75_13",8363,12,"2026-07-01T01:03:51.824Z",0.0783,"close-left",45,"set-piece","head",1,"miss",,2,524,0,58,12.5,8.9,47.3,0,,,,
"Row75_14",8363,13,"2026-07-01T01:03:51.824Z",0.2659,"close-right",42,"corner","head",0,"miss",,,774,0,41.2,5.6,4.9,47.9,0,,,,
"Row75_15",8363,14,"2026-07-01T01:03:51.824Z",0.2729,"low-left",42,"regular","left-foot",0,"block",,,852,0,52,19,4.9,49.1,0,3.3,48.7,0,
"Row75_16",8363,15,"2026-07-01T01:03:51.824Z",0.0218,"high-right",39,"assisted","right-foot",0,"goal",0.8023,,2897,0,46,26,12.5,29.5,0,,,,"regular"
"Row75_17",8363,16,"2026-07-01T01:03:51.824Z",0.0281,"low-centre",38,"assisted","left-foot",0,"block",,,447,0,50,19,25.1,44.3,0,21.5,45.1,0,
"Row75_18",8363,17,"2026-07-01T01:03:51.824Z",0.0625,"low-left",37,"assisted","head",0,"save",0.2505,,852,0,52.6,19,9.3,46.9,0,1.2,49.8,0,
"Row75_19",8363,18,"2026-07-01T01:03:51.824Z",0.0094,"high-centre",35,"corner","right-foot",1,"save",0.0253,,524,0,48.6,24.7,26.5,54.4,0,1.4,50.2,0,
"Row75_20",8363,19,"2026-07-01T01:03:51.824Z",0.1919,"left",28,"assisted","right-foot",1,"miss",,,1786,0,99.5,8.3,3.5,59.4,0,2.5,46.9,0,
"Row75_21",8363,20,"2026-07-01T01:03:51.824Z",0.076,"close-left",21,"assisted","right-foot",1,"miss",,,1886,0,57.1,6.9,7,29.7,0,,,,
"Row75_22",8363,21,"2026-07-01T01:03:51.824Z",0.0884,"left",8,"assisted","head",1,"miss",,,2895,0,99.8,8.3,8.1,50.2,0,5.7,21.6,0,
"Row75_23",8363,22,"2026-07-01T01:03:51.824Z",0.0299,"low-right",3,"assisted","head",0,"block",,,852,0,45.3,19,11.4,41.8,0,6.6,47.3,0,
"Row76_1",8364,0,"2026-07-01T05:03:52.255Z",0.0377,"low-right",90,"assisted","right-foot",0,"save",0.1181,4,1377,0,46.5,14.6,11.7,69.1,0,1.2,53.2,0,
"Row76_2",8364,1,"2026-07-01T05:03:52.255Z",0.059,"low-left",90,"assisted","head",0,"block",,4,3556,0,51.8,19,11.5,52.7,0,9.7,52,0,
"Row76_3",8364,2,"2026-07-01T05:03:52.255Z",0.2546,"high",90,"assisted","left-foot",1,"miss",,2,432,0,51.1,88.9,9,43,0,,,,
"Row76_4",8364,3,"2026-07-01T05:03:52.255Z",0.2071,"low-right",89,"regular","right-foot",0,"save",0.395,,456,0,48.1,1.3,13.3,44.8,0,2.1,48.4,0,
"Row76_5",8364,4,"2026-07-01T05:03:52.255Z",0.0206,"left",86,"throw-in-set-piece","right-foot",0,"miss",,,1377,0,69.8,8.3,24.7,51.3,0,,,,
"Row76_6",8364,5,"2026-07-01T05:03:52.255Z",0.3287,"low-centre",82,"fast-break","left-foot",1,"save",0.3213,,2261,0,51.5,3.2,3.5,38.5,0,1.4,43.7,0,
"Row76_7",8364,6,"2026-07-01T05:03:52.255Z",0.0368,"low-right",81,"assisted","right-foot",1,"save",0.0648,,4324,0,46.9,4.4,15.1,68.5,0,1,52.5,0,
"Row76_8",8364,7,"2026-07-01T05:03:52.255Z",0.3245,"low-right",74,"assisted","right-foot",1,"goal",0.794,,594,0,46.2,18.4,8.8,35.6,0,,,,"regular"
"Row76_9",8364,8,"2026-07-01T05:03:52.255Z",0.5465,"low-centre",71,"fast-break","left-foot",1,"save",0.3125,,2467,0,49.8,5.1,11.3,54.3,0,8.4,53.4,0,
"Row76_10",8364,9,"2026-07-01T05:03:52.255Z",0.0741,"low-centre",66,"assisted","right-foot",1,"block",,,3463,0,48.5,19,13.9,53.4,0,11.5,53.1,0,
"Row76_11",8364,10,"2026-07-01T05:03:52.255Z",0.0854,"low-left",65,"fast-break","left-foot",1,"block",,,2467,0,53.2,19,9.1,34.2,0,7.7,36.1,0,
"Row76_12",8364,11,"2026-07-01T05:03:52.255Z",0.0433,"low-left",61,"assisted","left-foot",1,"save",0.276,,2467,0,53.8,12.7,20.4,66.9,0,1.6,51.4,0,
"Row76_13",8364,12,"2026-07-01T05:03:52.255Z",0.0425,"left",57,"corner","head",0,"miss",,,726,0,66.2,18.1,8,43.8,0,,,,
"Row76_14",8364,13,"2026-07-01T05:03:52.255Z",0.5562,"high-left",53,"fast-break","right-foot",1,"goal",0.9089,,2261,0,53.5,25.3,13.6,46.2,0,,,,"regular"
"Row76_15",8364,14,"2026-07-01T05:03:52.255Z",0.0235,"high",50,"assisted","right-foot",1,"miss",,,591,0,52.3,94.4,27.4,38.4,0,,,,
"Row76_16",8364,15,"2026-07-01T05:03:52.255Z",0.1156,"high-right",45,"regular","right-foot",0,"miss",,2,16077,0,40.3,63.9,10.5,59.4,0,,,,
"Row76_17",8364,16,"2026-07-01T05:03:52.255Z",0.0477,"high-right",45,"corner","right-foot",1,"goal",0.8689,,594,0,45.8,20.3,8.1,37.5,0,,,,"regular"
"Row76_18",8364,17,"2026-07-01T05:03:52.255Z",0.041,"low-left",45,"assisted","left-foot",1,"save",0.4292,,2467,0,53.9,3.8,24.3,52.1,0,0.3,52.3,0,
"Row76_19",8364,18,"2026-07-01T05:03:52.255Z",0.0308,"low-centre",44,"assisted","left-foot",1,"block",,,739,0,49.4,19,12.2,68.5,0,9.7,64.8,0,
"Row76_20",8364,19,"2026-07-01T05:03:52.255Z",0.0488,"close-left",42,"assisted","left-foot",1,"miss",,,2467,0,57.3,20.8,21,43,0,,,,
"Row76_21",8364,20,"2026-07-01T05:03:52.255Z",0.0522,"low-centre",40,"fast-break","right-foot",1,"save",0.0358,,594,0,51.1,7,23.4,36.6,0,0,50.4,0,
"Row76_22",8364,21,"2026-07-01T05:03:52.255Z",0.0842,"right",39,"set-piece","head",1,"miss",,,3463,0,26.1,1.4,8.5,52.3,0,0.7,69.5,0,
"Row76_23",8364,22,"2026-07-01T05:03:52.255Z",0.2065,"close-left",36,"regular","left-foot",1,"miss",,,2253,0,57.8,34.7,9.8,63.2,0,,,,
"Row76_24",8364,23,"2026-07-01T05:03:52.255Z",0.0522,"right",36,"regular","left-foot",1,"post",,,2467,0,44.8,12.7,14.7,42.7,0,,,,
"Row76_25",8364,24,"2026-07-01T05:03:52.255Z",0.0279,"high",33,"assisted","left-foot",1,"miss",,,1994,0,47.2,73.6,25.6,36.4,0,,,,
"Row76_26",8364,25,"2026-07-01T05:03:52.255Z",0.1703,"left",32,"corner","right-foot",1,"post",,,594,0,55.3,7,8.3,42.3,0,,,,
"Row76_27",8364,26,"2026-07-01T05:03:52.255Z",0.0344,"low-centre",30,"regular","left-foot",1,"save",0.0744,,1994,0,49.1,3.2,8.2,32.5,0,1.5,46,0,
"Row76_28",8364,27,"2026-07-01T05:03:52.255Z",0.0127,"low-centre",28,"assisted","right-foot",1,"block",,,2253,0,48.7,19,17.6,75,0,15.4,72,0,
"Row76_29",8364,28,"2026-07-01T05:03:52.255Z",0.1388,"close-right",28,"set-piece","right-foot",0,"miss",,,332,0,43.5,4.2,7.7,61.7,0,0.3,56.5,0,
"Row76_30",8364,29,"2026-07-01T05:03:52.255Z",0.0474,"high",19,"assisted","left-foot",1,"miss",,,2261,0,52.3,94.4,10.4,32.3,0,,,,
"Row76_31",8364,30,"2026-07-01T05:03:52.255Z",0.0311,"low-left",17,"assisted","right-foot",1,"save",0.0405,,594,0,52,6.3,23.7,34.3,0,0.5,49.6,0,
"Row76_32",8364,31,"2026-07-01T05:03:52.255Z",0.0203,"low-right",16,"corner","left-foot",1,"save",0.0352,,513,0,46.8,5.7,24.1,29.2,0,1.4,49.6,0,
"Row76_33",8364,32,"2026-07-01T05:03:52.255Z",0.0314,"low-centre",3,"assisted","right-foot",0,"save",0.0849,,332,0,50.6,5.7,16.9,38,0,1.2,48.2,0,
"Row77_1",8365,0,"2026-07-01T10:03:51.880Z",0.1263,"close-high-right",90,"assisted","right-foot",1,"miss",,2,11161,0,43.4,55.6,12.9,38.9,0,,,,
"Row77_2",8365,1,"2026-07-01T10:03:51.880Z",0.0704,"high-left",89,"throw-in-set-piece","left-foot",0,"block",,,16891,0,53.3,25,14,49.5,0,10.1,49.3,0,
"Row77_3",8365,2,"2026-07-01T10:03:51.880Z",0.032,"left",88,"assisted","head",0,"miss",,,3125,0,61.2,29.2,14.2,43.6,0,10.1,42.4,0,
"Row77_4",8365,3,"2026-07-01T10:03:51.880Z",0.012,"left",85,"regular","right-foot",0,"miss",,,1345,0,60,8.3,25.7,53,0,,,,
"Row77_5",8365,4,"2026-07-01T10:03:51.880Z",0.3548,"close-left",74,"assisted","right-foot",0,"miss",,,3755,0,57.3,19.4,9.5,40.3,0,,,,
"Row77_6",8365,5,"2026-07-01T10:03:51.880Z",0.0337,"close-right",67,"corner","head",1,"miss",,,2591,0,41.5,25,8.3,57.8,0,,,,
"Row77_7",8365,6,"2026-07-01T10:03:51.880Z",0.0589,"high-centre",67,"corner","head",1,"save",0.4714,,17092,0,51.6,31.7,7.5,56.7,0,0.3,52.5,0,
"Row77_8",8365,7,"2026-07-01T10:03:51.880Z",0.0247,"low-left",52,"assisted","right-foot",1,"block",,,10424,0,53.3,19,13.6,66.6,0,11.6,63.7,0,
"Row77_9",8365,8,"2026-07-01T10:03:51.880Z",0.0253,"high",51,"assisted","left-foot",0,"miss",,,9854,0,54.8,72.2,26.3,53.6,0,,,,
"Row77_10",8365,9,"2026-07-01T10:03:51.880Z",0.0624,"high-left",46,"assisted","left-foot",1,"miss",,,10169,0,59.7,54.2,14.8,72.6,0,,,,
"Row77_11",8365,10,"2026-07-01T10:03:51.880Z",0.0491,"right",45,"assisted","right-foot",1,"miss",,,833,0,40.7,12.5,20.2,46.9,0,,,,
"Row77_12",8365,11,"2026-07-01T10:03:51.880Z",0.0772,"high",44,"assisted","head",1,"miss",,,833,0,50.1,63.9,8.8,50.7,0,,,,
"Row77_13",8365,12,"2026-07-01T10:03:51.880Z",0.0545,"high-left",40,"assisted","left-foot",0,"save",0.6306,,16888,0,53.1,26.6,15.7,66.7,0,1.1,53.4,0,
"Row77_14",8365,13,"2026-07-01T10:03:51.880Z",0.1157,"high-right",31,"assisted","right-foot",1,"goal",0.7234,,833,0,45.6,24.7,15.3,52.2,0,,,,"regular"
"Row77_15",8365,14,"2026-07-01T10:03:51.880Z",0.0997,"high-left",22,"assisted","right-foot",1,"goal",0.2383,,8296,0,53.5,21.5,13.2,35.4,0,,,,"regular"
"Row77_16",8365,15,"2026-07-01T10:03:51.880Z",0.1764,"left",18,"assisted","left-foot",0,"post",,,16888,0,55.3,28.5,12.8,37,0,,,,
"Row77_17",8365,16,"2026-07-01T10:03:51.880Z",0.0323,"close-right",15,"corner","right-foot",1,"miss",,,10424,0,43,27.8,10.2,23.7,0,,,,
"Row77_18",8365,17,"2026-07-01T10:03:51.880Z",0.0492,"low-left",14,"assisted","right-foot",1,"block",,,10169,0,52.7,19,18.5,67,0,14.7,63,0,
"Row77_19",8365,18,"2026-07-01T10:03:51.880Z",0.2026,"close-left",7,"fast-break","head",1,"miss",,,833,0,58.8,18.1,8.3,45.2,0,,,,
"Row77_20",8365,19,"2026-07-01T10:03:51.880Z",0.029,"high",6,"assisted","right-foot",1,"miss",,,10370,0,46.7,68.1,28.8,48.1,0,,,,
"Row77_21",8365,20,"2026-07-01T10:03:51.880Z",0.0227,"close-high",5,"assisted","right-foot",1,"miss",,,10424,0,49.8,55.6,24.4,60.6,0,,,,
"Row77_22",8365,21,"2026-07-01T10:03:51.880Z",0.0329,"low-left",4,"assisted","left-foot",1,"block",,,10169,0,53.8,19,22.3,62.4,0,12.4,55.2,0,
"Row78_1",8366,0,"2026-07-02T00:03:54.252Z",0.0588,"close-high",90,"free-kick","right-foot",0,"miss",,7,5140,0,46.1,54.2,26.9,46,0,,,,
"Row78_2",8366,1,"2026-07-02T00:03:54.252Z",0.0112,"high-right",90,"assisted","right-foot",1,"miss",,,2466,0,38.7,94.4,30,43,0,,,,
"Row78_3",8366,2,"2026-07-02T00:03:54.252Z",0.0553,"high-right",86,"assisted","right-foot",1,"goal",0.2551,,2466,0,47.2,34.8,14.3,64.6,0,,,,"regular"
"Row78_4",8366,3,"2026-07-02T00:03:54.252Z",0.146,"low-left",86,"assisted","left-foot",1,"save",0.1734,,592,0,52,17.1,5.5,33.1,0,2.5,42.1,0,
"Row78_5",8366,4,"2026-07-02T00:03:54.252Z",0.0277,"low-left",85,"regular","right-foot",0,"save",0.0557,,6729,0,53.3,0.6,19.2,23.3,0,2.4,47.1,0,
"Row78_6",8366,5,"2026-07-02T00:03:54.252Z",0.0283,"right",85,"assisted","head",1,"miss",,,711,0,34,8.3,13.8,47.2,0,6.8,53.6,0,
"Row78_7",8366,6,"2026-07-02T00:03:54.252Z",0.0374,"close-high",79,"assisted","right-foot",1,"miss",,,548,0,46.7,59.7,23.4,37,0,,,,
"Row78_8",8366,7,"2026-07-02T00:03:54.252Z",0.2064,"low-left",75,"assisted","head",1,"goal",0.3057,,2466,0,53.8,13.9,8.6,54.3,0,,,,"regular"
"Row78_9",8366,8,"2026-07-02T00:03:54.252Z",0.0253,"low-centre",63,"corner","left-foot",0,"block",,,15420,0,50.4,19,21.2,70.7,0,10.2,59.7,0,
"Row78_10",8366,9,"2026-07-02T00:03:54.252Z",0.0141,"low-centre",62,"assisted","right-foot",0,"block",,,15424,0,49.4,19,23.2,23.5,0,2.7,47.5,0,
"Row78_11",8366,10,"2026-07-02T00:03:54.252Z",0.0134,"high-left",54,"assisted","head",1,"miss",,,750,0,61.3,55.6,13.3,39.3,0,,,,
"Row78_12",8366,11,"2026-07-02T00:03:54.252Z",0.2016,"close-left",51,"fast-break","left-foot",1,"miss",,,750,0,57.3,15.3,9.2,33.3,0,,,,
"Row78_13",8366,12,"2026-07-02T00:03:54.252Z",0.0718,"low-right",45,"corner","right-foot",1,"save",0.1423,6,2466,0,48,11.4,3.9,59.7,0,1,53.4,0,
"Row78_14",8366,13,"2026-07-02T00:03:54.252Z",0.3349,"low-left",45,"assisted","head",1,"save",0.7652,2,592,0,52.8,8.9,8.2,52.8,0,2,51.8,0,
"Row78_15",8366,14,"2026-07-02T00:03:54.252Z",0.6126,"right",42,"regular","right-foot",0,"post",,,5140,0,44.6,14.6,4.2,53.4,0,,,,
"Row78_16",8366,15,"2026-07-02T00:03:54.252Z",0.0152,"low-centre",39,"assisted","left-foot",1,"block",,,450,0,49.1,19,12.2,75.4,0,11.2,73.5,0,
"Row78_17",8366,16,"2026-07-02T00:03:54.252Z",0.0427,"low-centre",36,"regular","left-foot",1,"block",,,450,0,50.6,19,19.9,66,0,17.6,64.1,0,
"Row78_18",8366,17,"2026-07-02T00:03:54.252Z",0.1448,"low-left",35,"assisted","right-foot",1,"save",,,750,0,53.1,19,7.6,40.3,0,1,46,0,
"Row78_19",8366,18,"2026-07-02T00:03:54.252Z",0.4101,"left",35,"assisted","left-foot",1,"miss",,,847,0,96.8,4.2,4.5,51.7,0,7.3,39.5,0,
"Row78_20",8366,19,"2026-07-02T00:03:54.252Z",0.1457,"low-right",35,"regular","right-foot",1,"block",,,2466,0,46.8,19,13.9,50.3,0,11.9,50.7,0,
"Row78_21",8366,20,"2026-07-02T00:03:54.252Z",0.0122,"high-right",32,"assisted","right-foot",0,"miss",,,15424,0,31.4,70.8,19.8,27.6,0,,,,
"Row78_22",8366,21,"2026-07-02T00:03:54.252Z",0.1767,"high-centre",30,"assisted","head",1,"save",0.3224,,592,0,49.3,26,8,43.4,0,1.6,47.8,0,
"Row78_23",8366,22,"2026-07-02T00:03:54.252Z",0.0651,"low-left",7,"assisted","right-foot",0,"goal",0.0975,,15424,0,53.6,5.7,9.4,30.6,0,,,,"regular"
"Row79_1",8367,0,"2026-07-02T04:03:53.737Z",0.1703,"high",120,"free-kick","right-foot",0,"miss",,12,724,0,46.6,62.5,18.1,47.8,0,,,,
"Row79_2",8367,1,"2026-07-02T04:03:53.737Z",0.0553,"low-centre",120,"fast-break","right-foot",0,"block",,11,1787,0,50.9,19,21.5,46,0,17.6,46.6,0,
"Row79_3",8367,2,"2026-07-02T04:03:53.737Z",0.0835,"low-centre",120,"fast-break","right-foot",0,"block",,11,3864,0,48.7,19,17.9,55,0,15.5,54.5,0,
"Row79_4",8367,3,"2026-07-02T04:03:53.737Z",0.0275,"high-left",120,"assisted","left-foot",0,"miss",,7,724,0,60.2,93.1,22.3,35.6,0,,,,
"Row79_5",8367,4,"2026-07-02T04:03:53.737Z",0.7884,"high-right",120,"penalty","right-foot",1,"goal",0.9888,5,514,0,45.8,25.3,11.5,50,0,,,,"penalty"
"Row79_6",8367,5,"2026-07-02T04:03:53.737Z",0.0306,"low-left",113,"assisted","left-foot",0,"save",0.0403,,23922,0,52.5,1.3,23.2,31.1,0,1.4,48.2,0,
"Row79_7",8367,6,"2026-07-02T04:03:53.737Z",0.3621,"close-left",109,"assisted","left-foot",0,"miss",,,2255,0,58.8,29.2,10.7,54,0,,,,
"Row79_8",8367,7,"2026-07-02T04:03:53.737Z",0.0515,"left",107,"assisted","head",1,"miss",,,3015,0,71.4,8.3,9.8,45.6,0,,,,
"Row79_9",8367,8,"2026-07-02T04:03:53.737Z",0.0752,"low-centre",104,"assisted","right-foot",1,"block",,,3461,0,50.8,19,18.7,34.9,0,15,37.7,0,
"Row79_10",8367,9,"2026-07-02T04:03:53.737Z",0.0276,"left",90,"assisted","right-foot",0,"miss",,6,3800,0,59.8,4.2,26.6,61.7,0,,,,
"Row79_11",8367,10,"2026-07-02T04:03:53.737Z",0.0155,"close-right",90,"corner","right-foot",1,"miss",,3,1446,0,41.9,16.7,24.2,53.2,0,12.5,56.5,0,
"Row79_12",8367,11,"2026-07-02T04:03:53.737Z",0.1416,"low-left",89,"assisted","head",1,"goal",0.6584,,514,0,51.8,16.5,7.3,53.4,0,,,,"regular"
"Row79_13",8367,12,"2026-07-02T04:03:53.737Z",0.0591,"high-right",88,"assisted","right-foot",0,"miss",,,2255,0,39.5,70.8,12.2,69.9,0,,,,
"Row79_14",8367,13,"2026-07-02T04:03:53.737Z",0.1589,"high-centre",86,"assisted","right-foot",1,"goal",0.3742,,8676,0,49.1,21.5,3.9,57.1,0,,,,"regular"
"Row79_15",8367,14,"2026-07-02T04:03:53.737Z",0.0302,"high",84,"assisted","left-foot",1,"miss",,,514,0,55.1,68.1,19,38.3,0,,,,
"Row79_16",8367,15,"2026-07-02T04:03:53.737Z",0.0636,"close-right",83,"assisted","head",1,"miss",,,834,0,41.3,6.9,7.9,43.6,0,,,,
"Row79_17",8367,16,"2026-07-02T04:03:53.737Z",0.0402,"close-left",78,"assisted","left-foot",1,"miss",,,3974,0,58.8,25,14.5,70.3,0,,,,
"Row79_18",8367,17,"2026-07-02T04:03:53.737Z",0.0211,"low-centre",77,"assisted","left-foot",1,"block",,,1349,0,50.5,19,27,34.6,0,17.1,40.1,0,
"Row79_19",8367,18,"2026-07-02T04:03:53.737Z",0.0984,"right",62,"throw-in-set-piece","left-foot",1,"miss",,,3974,0,38.5,9.7,15.2,53.6,0,12.8,55.2,0,
"Row79_20",8367,19,"2026-07-02T04:03:53.737Z",0.0229,"low-centre",60,"assisted","right-foot",1,"block",,,514,0,50.3,19,3.9,69.3,0,3.5,67.2,0,
"Row79_21",8367,20,"2026-07-02T04:03:53.737Z",0.0507,"low-centre",60,"assisted","left-foot",1,"block",,,3974,0,48.8,19,15.7,57.7,0,12.8,56.5,0,
"Row79_22",8367,21,"2026-07-02T04:03:53.737Z",0.0656,"high",57,"throw-in-set-piece","head",1,"miss",,,3537,0,49.6,80.6,4.5,60.6,0,,,,
"Row79_23",8367,22,"2026-07-02T04:03:53.737Z",0.3918,"low-right",51,"assisted","right-foot",0,"goal",0.6559,,1787,0,46.8,18.4,10.6,54,0,,,,"regular"
"Row79_24",8367,23,"2026-07-02T04:03:53.737Z",0.2908,"left",51,"assisted","left-foot",0,"miss",,,4743,0,61.3,8.3,9.8,49.3,0,,,,
"Row79_25",8367,24,"2026-07-02T04:03:53.737Z",0.1014,"close-left",46,"regular","left-foot",0,"miss",,,810,0,58.7,6.9,14,59.2,0,,,,
"Row79_26",8367,25,"2026-07-02T04:03:53.737Z",0.0273,"low-left",46,"assisted","right-foot",0,"block",,,1771,0,53.1,19,19.1,33.5,0,15.6,35.9,0,
"Row79_27",8367,26,"2026-07-02T04:03:53.737Z",0.0216,"left",45,"regular","right-foot",1,"miss",,6,4374,0,61.7,11.1,24.1,47.9,0,1.4,40.4,0,
"Row79_28",8367,27,"2026-07-02T04:03:53.737Z",0.0428,"low-left",45,"free-kick","left-foot",1,"block",,5,491,0,54.2,19,28,55.5,0,17.3,51.8,0,
"Row79_29",8367,28,"2026-07-02T04:03:53.737Z",0.0395,"left",45,"assisted","left-foot",0,"miss",,1,1771,0,83.7,2.8,19.1,53.8,0,,,,
"Row79_30",8367,29,"2026-07-02T04:03:53.737Z",0.0149,"high-right",45,"corner","right-foot",1,"save",0.3027,,491,0,46.3,20.9,22.8,28.9,0,1.5,47.5,0,
"Row79_31",8367,30,"2026-07-02T04:03:53.737Z",0.0424,"low-left",37,"assisted","right-foot",0,"save",0.0909,,7879,0,52.6,3.2,12.2,36.2,0,0.59999999999999,48.4,0,
"Row79_32",8367,31,"2026-07-02T04:03:53.737Z",0.7967,"low-centre",25,"regular","right-foot",0,"goal",0.9847,,4743,0,50.8,18.4,4.5,53.8,0,,,,"regular"
"Row79_33",8367,32,"2026-07-02T04:03:53.737Z",0.1306,"right",25,"assisted","head",0,"post",,,1787,0,44.6,12.7,8.2,49,0,,,,
"Row79_34",8367,33,"2026-07-02T04:03:53.737Z",0.0403,"high",18,"assisted","right-foot",1,"miss",,,4374,0,49.2,83.3,26.1,54.6,0,,,,
"Row79_35",8367,34,"2026-07-02T04:03:53.737Z",0.0465,"low-left",17,"regular","right-foot",0,"save",0.0792,,3800,0,52.9,5.7,20.5,43,0,0.90000000000001,49.1,0,
"Row79_36",8367,35,"2026-07-02T04:03:53.737Z",0.4097,"close-right",13,"regular","right-foot",0,"miss",,,1787,0,43.4,2.8,2.6,56.3,0,,,,
"Row79_37",8367,36,"2026-07-02T04:03:53.737Z",0.9084,"right",13,"regular","right-foot",0,"post",,,1787,0,44.3,5.7,3.6,52.6,0,,,,
"Row79_38",8367,37,"2026-07-02T04:03:53.737Z",0.0538,"low-right",9,"assisted","right-foot",1,"save",0.0637,,3461,0,47.1,10.8,16.1,66.7,0,1.2,52.5,0,
"Row80_1",8368,0,"2026-07-02T08:03:52.435Z",0.0237,"close-left",90,"fast-break","right-foot",0,"miss",,9,53958,0,57.1,4.2,26.5,66.5,0,,,,
"Row80_2",8368,1,"2026-07-02T08:03:52.435Z",0.0109,"close-right",90,"assisted","right-foot",0,"miss",,8,53958,0,43.5,6.9,29.7,32.2,0,,,,
"Row80_3",8368,2,"2026-07-02T08:03:52.435Z",0.0402,"high-right",90,"regular","right-foot",1,"miss",,6,8860,0,42.2,68.1,14.7,67,0,,,,
"Row80_4",8368,3,"2026-07-02T08:03:52.435Z",0.0259,"right",90,"assisted","right-foot",0,"miss",,2,3046,0,39.5,31.9,15.1,25.5,0,,,,
"Row80_5",8368,4,"2026-07-02T08:03:52.435Z",0.0203,"low-centre",90,"regular","right-foot",0,"block",,,3222,0,51.4,19,2.9,69.1,0,1,55.6,0,
"Row80_6",8368,5,"2026-07-02T08:03:52.435Z",0.0749,"high-left",82,"free-kick","right-foot",1,"goal",0.0939,,2143,0,53.8,21.5,18.4,34.5,0,,,,"regular"
"Row80_7",8368,6,"2026-07-02T08:03:52.435Z",0.0761,"low-left",79,"assisted","left-foot",1,"block",,,2143,0,52.3,19,12.3,48.7,0,10.5,48.6,0,
"Row80_8",8368,7,"2026-07-02T08:03:52.435Z",0.0277,"low-centre",77,"regular","left-foot",0,"block",,,3046,0,50.6,19,18.5,38.8,0,11.2,43,0,
"Row80_9",8368,8,"2026-07-02T08:03:52.435Z",0.0108,"low-centre",74,"corner","left-foot",0,"block",,,2052,0,50.5,19,24.9,57.3,0,20.1,55.8,0,
"Row80_10",8368,9,"2026-07-02T08:03:52.435Z",0.0262,"low-centre",68,"regular","left-foot",0,"save",0.0259,,3515,0,51.4,3.8,13.2,26.4,0,1.1,47.8,0,
"Row80_11",8368,10,"2026-07-02T08:03:52.435Z",0.0427,"low-centre",66,"regular","right-foot",0,"save",0.0259,,4516,0,49.2,5.1,15.7,49.5,0,1.9,50.4,0,
"Row80_12",8368,11,"2026-07-02T08:03:52.435Z",0.0154,"right",56,"assisted","right-foot",0,"miss",,,27586,0,40.7,29.2,30.6,75.9,0,,,,
"Row80_13",8368,12,"2026-07-02T08:03:52.435Z",0.1992,"high",45,"assisted","right-foot",1,"post",,8,2232,0,47.4,40.5,5,54.4,0,,,,
"Row80_14",8368,13,"2026-07-02T08:03:52.435Z",0.2069,"low-centre",45,"regular","left-foot",1,"goal",0.1762,,2232,0,48.7,5.1,13.4,54.5,0,,,,"regular"
"Row80_15",8368,14,"2026-07-02T08:03:52.435Z",0.0653,"right",42,"set-piece","right-foot",1,"miss",,,2232,0,38.3,16.7,4.2,60.1,0,,,,
"Row80_16",8368,15,"2026-07-02T08:03:52.435Z",0.167,"right",15,"set-piece","right-foot",1,"miss",,,2232,0,39.5,4.2,10.1,60.3,0,,,,
"Row80_17",8368,16,"2026-07-02T08:03:52.435Z",0.044,"high-centre",10,"assisted","right-foot",0,"save",0.0754,,4516,0,49.4,27.9,14.2,64.9,0,2,51.6,0,
"Row80_18",8368,17,"2026-07-02T08:03:52.435Z",0.0869,"low-centre",4,"assisted","right-foot",1,"block",,,3820,0,51,19,20.3,51,0,17.5,50.7,0,
"Row81_1",8369,0,"2026-07-03T03:03:53.027Z",0.0364,"left",90,"assisted","right-foot",1,"miss",,5,749,0,68.7,1.4,10.4,70.9,0,,,,
"Row81_2",8369,1,"2026-07-03T03:03:53.027Z",0.5846,"low-right",89,"assisted","right-foot",1,"goal",0.9055,,3890,0,46.2,1.9,10.1,49.8,0,,,,"regular"
"Row81_3",8369,2,"2026-07-03T03:03:53.027Z",0.205,"low-left",85,"assisted","left-foot",1,"save",,,745,0,53.1,19,8.9,47.4,0,1.1,46.9,0,
"Row81_4",8369,3,"2026-07-03T03:03:53.027Z",0.0554,"right",82,"assisted","head",0,"miss",,,2832,0,39.3,34.7,9.9,51.8,0,,,,
"Row81_5",8369,4,"2026-07-03T03:03:53.027Z",0.0592,"close-high-right",79,"assisted","right-foot",0,"miss",,,2170,0,41.3,40.3,12.8,65.4,0,,,,
"Row81_6",8369,5,"2026-07-03T03:03:53.027Z",0.0213,"high",78,"corner","head",1,"miss",,,749,0,51.3,61.1,6.4,65,0,,,,
"Row81_7",8369,6,"2026-07-03T03:03:53.027Z",0.3719,"low-centre",66,"assisted","head",1,"goal",0.3295,,719,0,50.3,5.1,7.3,48.6,0,,,,"regular"
"Row81_8",8369,7,"2026-07-03T03:03:53.027Z",0.0199,"low-right",66,"assisted","right-foot",1,"block",,,746,0,47.2,19,21.6,35.6,0,20.1,36.8,0,
"Row81_9",8369,8,"2026-07-03T03:03:53.027Z",0.0609,"low-centre",62,"assisted","right-foot",1,"block",,,746,0,49.6,19,16.4,63,0,11,58.8,0,
"Row81_10",8369,9,"2026-07-03T03:03:53.027Z",0.1194,"close-high",61,"assisted","head",0,"miss",,,4824,0,49.9,56.9,7.4,51.1,0,,,,
"Row81_11",8369,10,"2026-07-03T03:03:53.027Z",0.0365,"low-centre",59,"assisted","left-foot",1,"block",,,745,0,48.8,19,15.4,71.2,0,12.3,67.1,0,
"Row81_12",8369,11,"2026-07-03T03:03:53.027Z",0.0236,"low-centre",58,"assisted","right-foot",1,"block",,,769,0,48.8,19,27.1,36.2,0,21.7,39.2,0,
"Row81_13",8369,12,"2026-07-03T03:03:53.027Z",0.0204,"low-centre",54,"assisted","right-foot",1,"block",,,4267,0,49.6,19,26.6,51.2,0,22.5,51.1,0,
"Row81_14",8369,13,"2026-07-03T03:03:53.027Z",0.0612,"high",52,"corner","head",1,"miss",,,3890,0,48.9,79.2,9.2,51.7,0,,,,
"Row81_15",8369,14,"2026-07-03T03:03:53.027Z",0.0579,"low-centre",49,"assisted","left-foot",1,"save",0.041,,3890,0,51,4.4,20.9,48.9,0,0.59999999999999,50.4,0,
"Row81_16",8369,15,"2026-07-03T03:03:53.027Z",0.4689,"low-centre",45,"set-piece","left-foot",1,"save",0.3221,2,745,0,50.9,8.2,3.8,44.7,0,1.4,46.9,0,
"Row81_17",8369,16,"2026-07-03T03:03:53.027Z",0.0366,"high-left",45,"free-kick","right-foot",1,"save",0.1719,2,769,0,53.4,34.2,24.6,30.7,0,1.6,48,0,
"Row81_18",8369,17,"2026-07-03T03:03:53.027Z",0.0664,"low-left",45,"assisted","left-foot",0,"block",,,2893,0,51.8,19,12.6,35.1,0,10.1,37.7,0,
"Row81_19",8369,18,"2026-07-03T03:03:53.027Z",0.0074,"right",42,"assisted","left-foot",1,"miss",,,565,0,19,6.9,58.9,34,0,,,,
"Row81_20",8369,19,"2026-07-03T03:03:53.027Z",0.1398,"low-centre",39,"assisted","left-foot",1,"block",,,3890,0,51.1,19,14,55.6,0,11,54.1,0,
"Row81_21",8369,20,"2026-07-03T03:03:53.027Z",0.0376,"low-centre",38,"assisted","right-foot",1,"save",0.0257,,745,0,51,7,22.5,53.8,0,1.9,50.2,0,
"Row81_22",8369,21,"2026-07-03T03:03:53.027Z",0.2397,"low-centre",36,"assisted","left-foot",1,"goal",0.3881,,3890,0,49.3,1.3,11.3,45.8,0,,,,"regular"
"Row81_23",8369,22,"2026-07-03T03:03:53.027Z",0.0219,"high",35,"regular","left-foot",0,"miss",,,4020,0,55,81.9,28.7,47.9,0,,,,
"Row81_24",8369,23,"2026-07-03T03:03:53.027Z",0.0819,"low-centre",33,"assisted","left-foot",1,"save",0.2133,,3890,0,48.5,3.2,14.7,37.3,0,0.90000000000001,46.9,0,
"Row81_25",8369,24,"2026-07-03T03:03:53.027Z",0.0116,"left",32,"assisted","left-foot",1,"miss",,,745,0,80.3,2.8,0.7,68.2,0,1,53.6,0,
"Row81_26",8369,25,"2026-07-03T03:03:53.027Z",0.1863,"close-left",8,"corner","head",1,"miss",,,565,0,57,22.2,3.5,45.2,0,,,,
"Row81_27",8369,26,"2026-07-03T03:03:53.027Z",0.0741,"low-right",8,"assisted","right-foot",1,"block",,,746,0,47.8,19,13.9,53.3,0,8.6,52.9,0,
"Row81_28",8369,27,"2026-07-03T03:03:53.027Z",0.0521,"low-centre",2,"fast-break","left-foot",1,"save",0.0364,,745,0,49.5,3.8,19.7,33.3,0,2.3,46.6,0,
"Row82_1",8370,0,"2026-07-03T07:03:53.121Z",0.0403,"left",90,"assisted","left-foot",1,"miss",,12,2183,0,96.8,25,12.3,67.9,0,6.3,0,0,
"Row82_2",8370,1,"2026-07-03T07:03:53.121Z",0.1059,"low-left",90,"corner","head",0,"block",,9,1183,0,53.8,19,5.5,44.8,0,4.2,45.1,0,
"Row82_3",8370,2,"2026-07-03T07:03:53.121Z",0.0726,"low-right",90,"assisted","head",1,"goal",0.5302,4,2256,0,46.6,17.7,9.1,50.9,0,,,,"regular"
"Row82_4",8370,3,"2026-07-03T07:03:53.121Z",0.0591,"high-right",90,"corner","head",1,"miss",,1,2256,0,38.3,76.4,4.7,41.7,0,,,,
"Row82_5",8370,4,"2026-07-03T07:03:53.121Z",0.1571,"right",89,"assisted","head",0,"miss",,,1309,0,39,8.3,5.5,45.6,0,,,,
"Row82_6",8370,5,"2026-07-03T07:03:53.121Z",0.1883,"left",87,"corner","head",1,"miss",,,1781,0,61.5,20.8,5.4,50.1,0,,,,
"Row82_7",8370,6,"2026-07-03T07:03:53.121Z",0.2298,"low-right",77,"regular","right-foot",0,"save",0.5732,,1183,0,47,17.7,4,63.5,0,2.7,58.7,0,
"Row82_8",8370,7,"2026-07-03T07:03:53.121Z",0.0682,"close-high",76,"corner","head",0,"miss",,,1183,0,46.7,55.6,8.7,49.2,0,,,,
"Row82_9",8370,8,"2026-07-03T07:03:53.121Z",0.0776,"high-centre",75,"assisted","right-foot",0,"save",0.0329,,4350,0,50,26,17.3,50.5,0,1.4,49.1,0,
"Row82_10",8370,9,"2026-07-03T07:03:53.121Z",0.036,"low-right",75,"assisted","right-foot",0,"save",0.1445,,4350,0,46.3,6.3,23.3,55.8,0,1.6,51.1,0,
"Row82_11",8370,10,"2026-07-03T07:03:53.121Z",0.7884,"low-centre",68,"penalty","right-foot",1,"goal",0.9205,,7880,0,50.6,18.4,11.5,50,0,,,,"penalty"
"Row82_12",8370,11,"2026-07-03T07:03:53.121Z",0.084,"low-left",59,"assisted","right-foot",0,"save",0.1795,,1685,0,51.9,8.2,13.8,38.5,0,2.4,48.7,0,
"Row82_13",8370,12,"2026-07-03T07:03:53.121Z",0.0635,"high",58,"assisted","right-foot",1,"post",,,1997,0,46.8,38.6,20.4,38.2,0,,,,
"Row82_14",8370,13,"2026-07-03T07:03:53.121Z",0.2144,"low-centre",53,"regular","left-foot",0,"goal",0.1915,,3510,0,49.3,8.2,8.2,36.4,0,,,,"regular"
"Row82_15",8370,14,"2026-07-03T07:03:53.121Z",0.0161,"left",49,"corner","right-foot",0,"miss",,,1844,0,60.3,8.3,15.3,36.2,0,,,,
"Row82_16",8370,15,"2026-07-03T07:03:53.121Z",0.1401,"low-left",48,"assisted","left-foot",0,"save",0.4285,,4350,0,53.9,7,9.1,36.8,0,3.4,44,0,
"Row82_17",8370,16,"2026-07-03T07:03:53.121Z",0.048,"high",45,"regular","right-foot",1,"miss",,1,1997,0,44.7,73.6,7.5,33.6,0,,,,
"Row82_18",8370,17,"2026-07-03T07:03:53.121Z",0.0228,"low-centre",34,"corner","right-foot",1,"block",,,3470,0,49,19,24.2,48.1,0,13.1,49.5,0,
"Row82_19",8370,18,"2026-07-03T07:03:53.121Z",0.0452,"low-centre",28,"assisted","left-foot",0,"block",,,2833,0,51.8,19,19.1,34.6,0,14.6,38.8,0,
"Row82_20",8370,19,"2026-07-03T07:03:53.121Z",0.1345,"high",24,"corner","left-foot",1,"miss",,,2247,0,49.4,83.3,3.8,39.7,0,,,,
"Row82_21",8370,20,"2026-07-03T07:03:53.121Z",0.1429,"high",16,"corner","head",1,"miss",,,1781,0,51.9,65.3,6.3,47,0,,,,
"Row82_22",8370,21,"2026-07-03T07:03:53.121Z",0.0339,"low-left",13,"free-kick","right-foot",1,"block",,,7880,0,52.4,19,27.1,36.4,0,18.6,39.9,0,
"Row82_23",8370,22,"2026-07-03T07:03:53.121Z",0.0398,"high",10,"assisted","head",0,"miss",,,2669,0,49.8,77.8,13.1,48.3,0,,,,
"Row82_24",8370,23,"2026-07-03T07:03:53.121Z",0.0381,"high",7,"corner","right-foot",1,"miss",,,8331,0,52.1,83.3,20,50.3,0,,,,
"Row82_25",8370,24,"2026-07-03T07:03:53.121Z",0.0307,"low-centre",4,"regular","right-foot",1,"block",,,2248,0,50.1,19,21.4,49.8,0,18.4,49.8,0,
"Row82_26",8370,25,"2026-07-03T07:03:53.121Z",0.328,"low-centre",4,"regular","right-foot",1,"block",,,1794,0,50.3,19,4.3,44.5,0,2.3,46.9,0,
"Row82_27",8370,26,"2026-07-03T07:03:53.121Z",0.2866,"low-centre",4,"assisted","right-foot",1,"save",0.098,,1794,0,50.8,5.1,12.6,45.6,0,1.8,48.7,0,
"Row82_28",8370,27,"2026-07-03T07:03:53.121Z",0.1251,"close-left",3,"assisted","left-foot",0,"miss",,,2669,0,56.6,11.1,13.3,38.3,0,0.5,43.1,0,
"Row83_1",8371,0,"2026-07-03T11:03:53.235Z",0.0815,"low-centre",90,"regular","right-foot",1,"save",0.0578,6,4266,0,49.7,4.4,15.6,55.9,0,1.5,51.1,0,
"Row83_2",8371,1,"2026-07-03T11:03:53.235Z",0.0773,"low-centre",90,"assisted","right-foot",1,"block",,6,374,0,51.4,19,12.3,36.3,0,8.9,39.7,0,
"Row83_3",8371,2,"2026-07-03T11:03:53.235Z",0.0245,"low-left",90,"assisted","right-foot",0,"block",,3,2140,0,52.2,19,13.4,32.2,0,11,35,0,
"Row83_4",8371,3,"2026-07-03T11:03:53.235Z",0.6681,"close-right",81,"assisted","left-foot",1,"miss",,,2404,0,40.8,2.8,2.2,43.7,0,1.1,51.4,0,
"Row83_5",8371,4,"2026-07-03T11:03:53.235Z",0.026,"high-right",80,"assisted","right-foot",1,"miss",,,2811,0,35.3,86.1,19.6,29.1,0,,,,
"Row83_6",8371,5,"2026-07-03T11:03:53.235Z",0.0192,"high",77,"assisted","right-foot",0,"miss",,,3202,0,45.4,69.4,21.1,27,0,,,,
"Row83_7",8371,6,"2026-07-03T11:03:53.235Z",0.1099,"low-centre",75,"regular","left-foot",1,"save",,,2404,0,50.6,19,14.6,49.7,0,3.7,49.5,0,
"Row83_8",8371,7,"2026-07-03T11:03:53.235Z",0.1668,"low-centre",65,"corner","head",1,"block",,,2869,0,50.6,19,4.5,45.4,0,2.1,47.5,0,
"Row83_9",8371,8,"2026-07-03T11:03:53.235Z",0.1662,"low-centre",50,"assisted","left-foot",0,"block",,,8116,0,49.3,19,14.4,46.9,0,6,49.1,0,
"Row83_10",8371,9,"2026-07-03T11:03:53.235Z",0.1457,"low-left",46,"regular","right-foot",1,"goal",0.5466,,551,0,53.7,5.7,14.4,57.7,0,,,,"regular"
"Row83_11",8371,10,"2026-07-03T11:03:53.235Z",0.0989,"close-right",45,"assisted","left-foot",0,"miss",,2,2140,0,41.5,9.7,10.6,53.6,0,,,,
"Row83_12",8371,11,"2026-07-03T11:03:53.235Z",0.0421,"low-left",43,"assisted","right-foot",0,"save",0.216,,1351,0,52.8,2.5,13.9,33.7,0,1,47.6,0,
"Row83_13",8371,12,"2026-07-03T11:03:53.235Z",0.0888,"close-high",37,"set-piece","head",1,"miss",,,3616,0,44.5,54.2,7.6,54,0,,,,
"Row83_14",8371,13,"2026-07-03T11:03:53.235Z",0.0156,"right",25,"assisted","left-foot",1,"miss",,,1582,0,31.6,4.2,28.2,36.4,0,,,,
"Row83_15",8371,14,"2026-07-03T11:03:53.235Z",0.0268,"low-centre",18,"assisted","right-foot",0,"block",,,2140,0,48.8,19,21.1,33.7,0,13.2,40.2,0,
"Row83_16",8371,15,"2026-07-03T11:03:53.235Z",0.205,"low-right",15,"assisted","right-foot",1,"save",0.1118,,3616,0,47.8,13.3,8.9,53,0,2.4,50.7,0,
"Row83_17",8371,16,"2026-07-03T11:03:53.235Z",0.0265,"low-left",14,"assisted","right-foot",0,"save",0.048,,8230,0,52.2,5.1,23.8,41.3,0,0.59999999999999,50,0,
"Row83_18",8371,17,"2026-07-03T11:03:53.235Z",0.9721,"low-left",10,"fast-break","left-foot",1,"goal",0.9942,,2811,0,52.6,14.6,3.2,49.5,0,,,,"regular"
"Row83_19",8371,18,"2026-07-03T11:03:53.235Z",0.3309,"left",6,"assisted","right-foot",0,"miss",,,8230,0,69.6,13.9,11,53.8,0,1.9,35,0,
"Row84_1",8372,0,"2026-07-04T02:03:58.852Z",0.7884,"low-left",129,"shootout","right-foot",0,"goal",0.9722,,15373,0,52.4,7.6,11.5,50,0,,,,"penalty"
"Row84_2",8372,1,"2026-07-04T02:03:58.852Z",0.7884,"high",128,"shootout","right-foot",1,"post",,,12179,0,47.1,39.9,11.5,50,0,,,,
"Row84_3",8372,2,"2026-07-04T02:03:58.852Z",0.7884,"low-centre",127,"shootout","left-foot",0,"goal",0.88,,333,0,49.5,14.6,11.5,50,0,,,,"penalty"
"Row84_4",8372,3,"2026-07-04T02:03:58.852Z",0.7884,"low-centre",126,"shootout","right-foot",1,"goal",0.7864,,30428,0,49,2.5,11.5,50,0,,,,"penalty"
"Row84_5",8372,4,"2026-07-04T02:03:58.852Z",0.7884,"low-left",125,"shootout","right-foot",0,"goal",0.8421,,15355,0,52,1.3,11.5,50,0,,,,"penalty"
"Row84_6",8372,5,"2026-07-04T02:03:58.852Z",0.7884,"high-right",124,"shootout","right-foot",1,"goal",0.985,,2484,0,46.6,24.1,11.5,50,0,,,,"penalty"
"Row84_7",8372,6,"2026-07-04T02:03:58.852Z",0.7884,"low-left",123,"shootout","right-foot",0,"goal",0.8972,,15357,0,54,17.7,11.5,50,0,,,,"penalty"
"Row84_8",8372,7,"2026-07-04T02:03:58.852Z",0.7884,"close-high",122,"shootout","right-foot",1,"miss",,,23925,0,47.1,58.3,11.5,50,0,,,,
"Row84_9",8372,8,"2026-07-04T02:03:58.852Z",0.1477,"right",120,"set-piece","right-foot",1,"miss",,2,8991,0,40.5,20.8,8.9,49.3,0,5,56.1,0,
"Row84_10",8372,9,"2026-07-04T02:03:58.852Z",0.0266,"low-centre",120,"set-piece","head",1,"block",,2,4264,0,48.4,19,8.8,60.6,0,7.1,58.8,0,
"Row84_11",8372,10,"2026-07-04T02:03:58.852Z",0.0439,"low-centre",118,"free-kick","right-foot",1,"block",,,30428,0,49.1,19,20.3,26.7,0,13.2,35.2,0,
"Row84_12",8372,11,"2026-07-04T02:03:58.852Z",0.0716,"low-left",112,"assisted","left-foot",0,"block",,,14683,0,53.8,19,18.4,58.2,0,7.7,51.3,0,
"Row84_13",8372,12,"2026-07-04T02:03:58.852Z",0.0188,"low-left",109,"assisted","right-foot",0,"save",0.1015,,14681,0,52.3,2.5,26.8,53.1,0,1.8,50.4,0,
"Row84_14",8372,13,"2026-07-04T02:03:58.852Z",0.0547,"right",106,"regular","head",1,"miss",,,8991,0,38.2,9.7,9.7,53,0,,,,
"Row84_15",8372,14,"2026-07-04T02:03:58.852Z",0.0184,"left",103,"assisted","left-foot",0,"miss",,,14683,0,73.1,11.1,27.2,61.4,0,,,,
"Row84_16",8372,15,"2026-07-04T02:03:58.852Z",0.0994,"high",93,"assisted","right-foot",0,"miss",,,333,0,51.6,75,10.1,66.2,0,,,,
"Row84_17",8372,16,"2026-07-04T02:03:58.852Z",0.0982,"low-centre",90,"assisted","right-foot",0,"block",,6,1971,0,51,19,13,60.3,0,6.6,54.7,0,
"Row84_18",8372,17,"2026-07-04T02:03:58.852Z",0.0275,"low-centre",90,"assisted","right-foot",0,"block",,5,14681,0,48.4,19,17,63.6,0,14.6,61.9,0,
"Row84_19",8372,18,"2026-07-04T02:03:58.852Z",0.0377,"high-right",90,"corner","left-foot",0,"save",0.0883,4,333,0,47.7,22.8,13.9,64.8,0,1.1,52.2,0,
"Row84_20",8372,19,"2026-07-04T02:03:58.852Z",0.1276,"high-centre",90,"corner","head",0,"save",0.2254,3,15355,0,49.4,31.7,8.5,51.7,0,1,49.5,0,
"Row84_21",8372,20,"2026-07-04T02:03:58.852Z",0.0081,"low-left",88,"corner","right-foot",1,"block",,,12181,0,52.9,19,20.2,67.6,0,18.5,65.9,0,
"Row84_22",8372,21,"2026-07-04T02:03:58.852Z",0.0757,"low-left",88,"corner","head",1,"block",,,2484,0,52.5,19,3.9,60,0,2,54,0,
"Row84_23",8372,22,"2026-07-04T02:03:58.852Z",0.0268,"low-centre",86,"fast-break","left-foot",1,"block",,,5369,0,48.8,19,11.2,71.5,0,9.8,68.9,0,
"Row84_24",8372,23,"2026-07-04T02:03:58.852Z",0.0179,"low-centre",86,"regular","right-foot",0,"block",,,14681,0,49.1,19,20.3,66.1,0,18.1,64.4,0,
"Row84_25",8372,24,"2026-07-04T02:03:58.852Z",0.0246,"low-centre",81,"set-piece","left-foot",1,"block",,,2490,0,49.8,19,18.4,47.9,0,16,48.2,0,
"Row84_26",8372,25,"2026-07-04T02:03:58.852Z",0.0296,"low-centre",78,"assisted","left-foot",1,"block",,,5369,0,48.6,19,14.1,74,0,10.7,68.6,0,
"Row84_27",8372,26,"2026-07-04T02:03:58.852Z",0.0391,"left",73,"regular","right-foot",0,"miss",,,14683,0,88.9,4.2,19.5,66.2,0,,,,
"Row84_28",8372,27,"2026-07-04T02:03:58.852Z",0.0254,"low-centre",61,"regular","right-foot",1,"block",,,6040,0,49.6,19,19.4,37.5,0,17.9,38.5,0,
"Row84_29",8372,28,"2026-07-04T02:03:58.852Z",,"high-right",55,"set-piece","head",1,"goal",,,14676,0,46.1,20.3,4.8,50.3,0,,,,"own"
"Row84_30",8372,29,"2026-07-04T02:03:58.852Z",0.4089,"close-right",46,"assisted","right-foot",0,"miss",,,862,0,42.4,1.4,10.2,43.6,0,,,,
"Row84_31",8372,30,"2026-07-04T02:03:58.852Z",0.1229,"right",45,"assisted","head",1,"miss",,3,6040,0,39.7,12.5,7.3,50.2,0,6,51.5,0,
"Row84_32",8372,31,"2026-07-04T02:03:58.852Z",0.0241,"left",45,"assisted","left-foot",1,"miss",,2,2854,0,61.7,16.7,19.6,70.1,0,,,,
"Row84_33",8372,32,"2026-07-04T02:03:58.852Z",0.0466,"low-left",35,"throw-in-set-piece","left-foot",1,"save",0.1036,,55294,0,53.6,5.1,16,32.5,0,1.2,47.1,0,
"Row84_34",8372,33,"2026-07-04T02:03:58.852Z",0.1092,"high-right",16,"fast-break","right-foot",0,"block",,,862,0,46.1,20.8,11.5,36.5,0,8.1,44,0,
"Row84_35",8372,34,"2026-07-04T02:03:58.852Z",0.0678,"right",15,"throw-in-set-piece","left-foot",1,"miss",,,9142,0,26.6,6.9,14.8,34.2,0,,,,
"Row84_36",8372,35,"2026-07-04T02:03:58.852Z",0.1229,"low-right",15,"throw-in-set-piece","right-foot",1,"block",,,2490,0,47.5,19,14.6,52.9,0,7.5,52.7,0,
"Row84_37",8372,36,"2026-07-04T02:03:58.852Z",0.2632,"low-left",13,"set-piece","head",0,"goal",0.8083,,14683,0,53.7,3.8,6.8,45.3,0,,,,"regular"
"Row84_38",8372,37,"2026-07-04T02:03:58.852Z",0.0204,"low-right",13,"set-piece","right-foot",0,"block",,,14683,0,46.7,19,14.3,28.9,0,7.9,39.9,0,
"Row84_39",8372,38,"2026-07-04T02:03:58.852Z",0.0202,"high",5,"assisted","left-foot",1,"post",,,2854,0,52.5,40.5,25,53.4,0,,,,
"Row85_1",8373,0,"2026-07-04T06:03:53.655Z",0.0252,"left",120,"regular","right-foot",0,"miss",,2,3176,0,72.3,6.9,28.1,53.9,0,,,,
"Row85_2",8373,1,"2026-07-04T06:03:53.655Z",0.0454,"low-left",120,"corner","right-foot",0,"block",,2,5331,0,53.3,19,17.8,48.3,0,6.4,47.3,0,
"Row85_3",8373,2,"2026-07-04T06:03:53.655Z",0.0248,"low-centre",120,"assisted","right-foot",0,"block",,1,3176,0,50.2,19,19.7,62.2,0,12.9,57.9,0,
"Row85_4",8373,3,"2026-07-04T06:03:53.655Z",0.0204,"low-left",119,"corner","head",0,"save",0.293,,22092,0,54.3,18.4,13,47.2,0,1,50.2,0,
"Row85_5",8373,4,"2026-07-04T06:03:53.655Z",0.0432,"high-right",116,"free-kick","right-foot",0,"save",0.3146,,1235,0,46.8,33.5,12.8,18.8,0,0.59999999999999,46.6,0,
"Row85_6",8373,5,"2026-07-04T06:03:53.655Z",0.0214,"low-centre",114,"assisted","left-foot",0,"block",,,22075,0,51,19,6.8,24.1,0,5.4,29.2,0,
"Row85_7",8373,6,"2026-07-04T06:03:53.655Z",,"low-right",111,"corner","other",1,"goal",,,22092,0,47,17.1,4.6,47.2,0,,,,"own"
"Row85_8",8373,7,"2026-07-04T06:03:53.655Z",0.1195,"right",111,"corner","head",1,"miss",,,720,0,37,4.2,5.2,44.6,0,4.4,46.9,0,
"Row85_9",8373,8,"2026-07-04T06:03:53.655Z",0.0156,"left",108,"assisted","right-foot",0,"miss",,,22079,0,66.4,4.2,31.6,30.4,0,,,,
"Row85_10",8373,9,"2026-07-04T06:03:53.655Z",0.0658,"low-centre",105,"regular","right-foot",1,"block",,1,23014,0,49.1,19,9.9,60.8,0,8.1,59,0,
"Row85_11",8373,10,"2026-07-04T06:03:53.655Z",0.0901,"low-centre",105,"regular","left-foot",1,"save",0.1516,1,9063,0,48.3,6.3,15.3,46.6,0,1.5,49.5,0,
"Row85_12",8373,11,"2026-07-04T06:03:53.655Z",0.0324,"high-right",103,"assisted","right-foot",0,"goal",0.6845,,1235,0,45.8,28.5,13.4,22.5,0,,,,"regular"
"Row85_13",8373,12,"2026-07-04T06:03:53.655Z",0.0301,"low-left",99,"corner","right-foot",1,"block",,,387,0,53,19,18.1,45.8,0,14.7,46,0,
"Row85_14",8373,13,"2026-07-04T06:03:53.655Z",0.0496,"low-right",98,"regular","right-foot",1,"block",,,770,0,47.7,19,9.5,60.4,0,7.5,58.7,0,
"Row85_15",8373,14,"2026-07-04T06:03:53.655Z",0.0976,"low-centre",98,"assisted","left-foot",1,"block",,,9063,0,50.4,19,14.8,42.1,0,8.5,45.3,0,
"Row85_16",8373,15,"2026-07-04T06:03:53.655Z",0.0246,"low-centre",97,"corner","right-foot",0,"block",,,9199,0,51.3,19,24.1,48.1,0,20.1,48.2,0,
"Row85_17",8373,16,"2026-07-04T06:03:53.655Z",0.0264,"left",97,"corner","head",0,"miss",,,22092,0,61,6.9,10.6,47.3,0,6.3,43.9,0,
"Row85_18",8373,17,"2026-07-04T06:03:53.655Z",0.047,"high-right",92,"corner","left-foot",1,"goal",0.3539,,1800,0,46.8,28.5,6.1,66.9,0,,,,"regular"
"Row85_19",8373,18,"2026-07-04T06:03:53.655Z",0.1455,"low-centre",90,"set-piece","head",1,"save",0.1466,5,387,0,48.7,18.4,8.5,49.6,0,1.1,50,0,
"Row85_20",8373,19,"2026-07-04T06:03:53.655Z",0.0713,"low-centre",90,"free-kick","left-foot",1,"save",0.062,5,9063,0,49.7,4.4,22.3,61.9,0,1.1,51.3,0,
"Row85_21",8373,20,"2026-07-04T06:03:53.655Z",0.0166,"high-centre",90,"assisted","right-foot",1,"save",0.0457,2,16872,0,48.5,23.4,28.5,54.6,0,1.1,50,0,
"Row85_22",8373,21,"2026-07-04T06:03:53.655Z",0.1117,"low-centre",89,"assisted","head",1,"block",,,328,0,48.4,19,8.5,53,0,6.7,52.7,0,
"Row85_23",8373,22,"2026-07-04T06:03:53.655Z",0.0155,"low-right",87,"regular","right-foot",1,"block",,,328,0,47.3,19,13.2,69.1,0,11.6,67.1,0,
"Row85_24",8373,23,"2026-07-04T06:03:53.655Z",0.1229,"right",84,"corner","head",1,"miss",,,768,0,36.8,11.1,6,45.4,0,2.8,54.5,0,
"Row85_25",8373,24,"2026-07-04T06:03:53.655Z",0.0276,"left",78,"free-kick","right-foot",0,"miss",,,22076,0,72.9,2.8,31.8,43.3,0,,,,
"Row85_26",8373,25,"2026-07-04T06:03:53.655Z",0.1074,"left",73,"corner","head",1,"miss",,,768,0,71.3,1.4,6.9,52.2,0,,,,
"Row85_27",8373,26,"2026-07-04T06:03:53.655Z",0.1277,"high-centre",73,"free-kick","left-foot",1,"save",0.449,,9063,0,48.4,30.4,19.2,38.1,0,0.90000000000001,46.7,0,
"Row85_28",8373,27,"2026-07-04T06:03:53.655Z",0.0398,"low-centre",69,"free-kick","left-foot",1,"block",,,9063,0,49.6,19,27.2,52.9,0,21.2,52.3,0,
"Row85_29",8373,28,"2026-07-04T06:03:53.655Z",0.0255,"right",67,"assisted","right-foot",1,"miss",,,387,0,31.6,9.7,13.5,36.6,0,,,,
"Row85_30",8373,29,"2026-07-04T06:03:53.655Z",0.4855,"low-centre",63,"assisted","right-foot",1,"save",0.2982,,9063,0,50.7,5.1,10.2,55.4,0,4.6,52.7,0,
"Row85_31",8373,30,"2026-07-04T06:03:53.655Z",0.0453,"low-left",59,"assisted","right-foot",0,"goal",0.0718,,3314,0,52,3.2,4.6,66.2,0,,,,"regular"
"Row85_32",8373,31,"2026-07-04T06:03:53.655Z",0.0336,"low-right",54,"regular","left-foot",0,"save",0.0568,,3314,0,48,3.8,24.4,52.6,0,1.6,50,0,
"Row85_33",8373,32,"2026-07-04T06:03:53.655Z",0.0138,"high-left",50,"assisted","right-foot",0,"miss",,,7073,0,56.5,90.3,26.2,69.9,0,,,,
"Row85_34",8373,33,"2026-07-04T06:03:53.655Z",0.0183,"low-centre",49,"corner","right-foot",0,"block",,,1241,0,50.6,19,22.9,40.9,0,19.3,42.2,0,
"Row85_35",8373,34,"2026-07-04T06:03:53.655Z",0.0613,"low-right",45,"regular","right-foot",1,"save",0.1058,,387,0,47.4,6.3,18.7,46.5,0,1,50.4,0,
"Row85_36",8373,35,"2026-07-04T06:03:53.655Z",0.24,"high-right",29,"assisted","left-foot",1,"goal",0.7682,,9063,0,47.3,29.8,4.2,59.7,0,,,,"regular"
"Row85_37",8373,36,"2026-07-04T06:03:53.655Z",0.0387,"low-centre",18,"free-kick","left-foot",1,"save",0.0151,,9063,0,50.8,8.2,26.2,37.6,0,1.2,48.6,0,
"Row85_38",8373,37,"2026-07-04T06:03:53.655Z",0.0695,"right",15,"assisted","left-foot",1,"miss",,,9063,0,38,5.6,8.8,32.5,0,,,,
"Row85_39",8373,38,"2026-07-04T06:03:53.655Z",0.0365,"low-right",7,"fast-break","left-foot",0,"block",,,7073,0,47.9,19,15,66,0,12.1,63.4,0,
"Row86_1",8374,0,"2026-07-04T09:33:53.650Z",0.0145,"high-left",90,"assisted","left-foot",1,"save",0.1032,6,16391,0,53.4,23.4,9.8,15,0,1,46.4,0,
"Row86_2",8374,1,"2026-07-04T09:33:53.650Z",0.0176,"low-right",90,"throw-in-set-piece","right-foot",1,"save",0.0372,6,3788,0,47.6,7.6,16.8,80.5,0,1.8,52.5,0,
"Row86_3",8374,2,"2026-07-04T09:33:53.650Z",0.0155,"low-centre",90,"regular","right-foot",1,"block",,5,16386,0,48.7,19,27.8,33.6,0,18.8,39.3,0,
"Row86_4",8374,3,"2026-07-04T09:33:53.650Z",0.0544,"low-centre",90,"fast-break","right-foot",1,"block",,5,1221,0,50.4,19,11.4,33.8,0,9.9,35.9,0,
"Row86_5",8374,4,"2026-07-04T09:33:53.650Z",0.0305,"close-high-left",90,"assisted","left-foot",1,"miss",,5,16391,0,57.3,58.3,3.6,35.2,0,,,,
"Row86_6",8374,5,"2026-07-04T09:33:53.650Z",0.3682,"left",90,"assisted","head",1,"miss",,2,3788,0,65.2,12.5,4.8,53.4,0,,,,
"Row86_7",8374,6,"2026-07-04T09:33:53.650Z",0.0197,"low-centre",87,"assisted","right-foot",1,"block",,,2465,0,50.7,19,9.8,29.2,0,9.5,29.8,0,
"Row86_8",8374,7,"2026-07-04T09:33:53.650Z",0.0342,"close-right",84,"assisted","left-foot",1,"miss",,,16387,0,44,20.8,23.7,65.2,0,,,,
"Row86_9",8374,8,"2026-07-04T09:33:53.650Z",0.3097,"low-centre",81,"corner","head",1,"save",0.3271,,3726,0,49.1,14.6,6.6,47.2,0,0,48.9,0,
"Row86_10",8374,9,"2026-07-04T09:33:53.650Z",0.0517,"low-centre",80,"regular","right-foot",1,"block",,,2465,0,50.6,19,19.5,33.9,0,15.1,37.4,0,
"Row86_11",8374,10,"2026-07-04T09:33:53.650Z",0.0352,"high",77,"free-kick","left-foot",1,"miss",,,16387,0,48.2,80.6,29.3,30,0,,,,
"Row86_12",8374,11,"2026-07-04T09:33:53.650Z",0.0397,"close-left",69,"regular","right-foot",0,"miss",,,1784,0,58.3,1.4,22.2,34.8,0,,,,
"Row86_13",8374,12,"2026-07-04T09:33:53.650Z",0.0565,"low-centre",69,"assisted","left-foot",0,"block",,,792,0,51.6,19,24.6,46.4,0,20.3,46.7,0,
"Row86_14",8374,13,"2026-07-04T09:33:53.650Z",0.2947,"low-left",58,"assisted","right-foot",1,"save",0.5342,,2465,0,52.3,11.4,12,42.3,0,3.6,48.7,0,
"Row86_15",8374,14,"2026-07-04T09:33:53.650Z",0.0217,"high",56,"throw-in-set-piece","right-foot",1,"miss",,,3726,0,53.8,79.2,20.9,67.2,0,,,,
"Row86_16",8374,15,"2026-07-04T09:33:53.650Z",0.0305,"low-right",55,"corner","right-foot",1,"save",0.4898,,16386,0,45.7,16.5,12.4,23.1,0,0.099999999999994,47.6,0,
"Row86_17",8374,16,"2026-07-04T09:33:53.650Z",0.0148,"left",48,"assisted","right-foot",1,"miss",,,3788,0,59.8,4.2,15,75.6,0,,,,
"Row86_18",8374,17,"2026-07-04T09:33:53.650Z",0.2145,"low-left",45,"assisted","head",1,"save",0.6886,1,2641,0,53.6,17.1,5.1,46.4,0,0.3,47.8,0,
"Row86_19",8374,18,"2026-07-04T09:33:53.650Z",0.0456,"low-centre",44,"regular","left-foot",0,"block",,,4436,0,50.4,19,16.5,47.8,0,15.4,47.9,0,
"Row86_20",8374,19,"2026-07-04T09:33:53.650Z",0.0165,"low-right",44,"assisted","right-foot",0,"block",,,792,0,46.9,19,21.2,33.4,0,17.4,36.9,0,
"Row86_21",8374,20,"2026-07-04T09:33:53.650Z",0.0305,"right",42,"assisted","head",1,"miss",,,1221,0,39.7,11.1,13.3,59.1,0,,,,
"Row86_22",8374,21,"2026-07-04T09:33:53.650Z",0.0281,"high-left",40,"assisted","left-foot",0,"miss",,,4436,0,62.2,72.2,22.6,71.6,0,,,,
"Row86_23",8374,22,"2026-07-04T09:33:53.650Z",0.125,"close-left",39,"regular","right-foot",1,"miss",,,2465,0,57.5,15.3,10.2,39.4,0,,,,
"Row86_24",8374,23,"2026-07-04T09:33:53.650Z",0.0379,"low-centre",37,"assisted","right-foot",0,"block",,,792,0,50.9,19,23.8,52.3,0,21,51.9,0,
"Row86_25",8374,24,"2026-07-04T09:33:53.650Z",0.0218,"low-centre",34,"corner","right-foot",0,"block",,,4436,0,50,19,11.9,34.6,0,11.3,35.3,0,
"Row86_26",8374,25,"2026-07-04T09:33:53.650Z",0.0381,"low-centre",20,"assisted","right-foot",1,"save",0.0235,,2465,0,51,6.3,23.3,47.5,0,3.6,49.3,0,
"Row86_27",8374,26,"2026-07-04T09:33:53.650Z",0.4597,"low-right",14,"assisted","right-foot",1,"goal",0.7207,,530,0,47.1,2.5,7.7,45.3,0,,,,"regular"
"Row86_28",8374,27,"2026-07-04T09:33:53.650Z",0.0186,"close-left",1,"regular","right-foot",0,"miss",,,1784,0,57.7,16.7,25.9,52.1,0,,,,
"Row87_1",8375,0,"2026-07-05T01:03:54.140Z",0.4351,"low-right",90,"fast-break","left-foot",0,"goal",0.5276,8,15371,0,47.1,3.2,12.8,38.7,0,,,,"regular"
"Row87_2",8375,1,"2026-07-05T01:03:54.140Z",0.0166,"left",90,"set-piece","right-foot",1,"miss",,7,4406,0,64,9.7,11.1,62.8,0,,,,
"Row87_3",8375,2,"2026-07-05T01:03:54.140Z",0.0308,"close-left",90,"set-piece","right-foot",1,"miss",,7,9128,0,57.3,6.9,22,39,0,11.5,40.6,0,
"Row87_4",8375,3,"2026-07-05T01:03:54.140Z",0.0257,"low-right",90,"set-piece","right-foot",1,"block",,,9550,0,46.7,19,14.6,62.7,0,7.2,57.9,0,
"Row87_5",8375,4,"2026-07-05T01:03:54.140Z",0.0851,"high",85,"fast-break","head",0,"post",,,15371,0,47.8,38.6,11.7,50.7,0,,,,
"Row87_6",8375,5,"2026-07-05T01:03:54.140Z",0.0309,"low-centre",84,"assisted","left-foot",1,"block",,,2186,0,50.6,19,21.4,31.1,0,16.8,35,0,
"Row87_7",8375,6,"2026-07-05T01:03:54.140Z",0.1596,"high-right",82,"fast-break","right-foot",0,"goal",0.7855,,1044,0,46.1,27.9,13.8,56.9,0,,,,"regular"
"Row87_8",8375,7,"2026-07-05T01:03:54.140Z",0.0204,"low-left",79,"assisted","right-foot",1,"save",0.2726,,1769,0,54.6,6.3,29.2,41.2,0,1.8,50.9,0,
"Row87_9",8375,8,"2026-07-05T01:03:54.140Z",0.1752,"close-high",78,"free-kick","right-foot",1,"miss",,,2186,0,52.6,51.4,17.8,48.9,0,,,,
"Row87_10",8375,9,"2026-07-05T01:03:54.140Z",0.0704,"low-right",50,"set-piece","right-foot",0,"goal",0.6453,,1044,0,46.1,3.8,18.1,52.3,0,,,,"regular"
"Row87_11",8375,10,"2026-07-05T01:03:54.140Z",0.141,"high",49,"corner","right-foot",1,"miss",,,7612,0,51.4,75,11,53.1,0,,,,
"Row87_12",8375,11,"2026-07-05T01:03:54.140Z",0.0193,"low-left",29,"assisted","right-foot",0,"save",0.1686,,15371,0,53.6,5.7,26.9,46.6,0,1.8,49.8,0,
"Row87_13",8375,12,"2026-07-05T01:03:54.140Z",0.0527,"low-centre",18,"corner","head",1,"block",,,4406,0,50.5,19,10.7,53.4,0,4.9,51.3,0,
"Row87_14",8375,13,"2026-07-05T01:03:54.140Z",0.0672,"right",11,"regular","left-foot",1,"miss",,,1779,0,38.2,12.5,11.6,40.1,0,11.4,45.5,0,
"Row87_15",8375,14,"2026-07-05T01:03:54.140Z",0.2808,"low-centre",10,"assisted","left-foot",1,"save",0.2837,,1779,0,48.8,4.4,11,44.5,0,5.9,46.7,0,
"Row87_16",8375,15,"2026-07-05T01:03:54.140Z",0.0211,"low-left",5,"corner","left-foot",1,"save",0.1041,,2186,0,51.9,12,3,34.9,0,2.3,37.4,0,
"Row88_1",8376,0,"2026-07-05T05:03:54.213Z",0.1339,"low-centre",90,"regular","left-foot",0,"save",0.3096,6,594,0,48.4,4.4,10.8,41.4,0,1.8,47.3,0,
"Row88_2",8376,1,"2026-07-05T05:03:54.213Z",0.1094,"low-left",90,"assisted","left-foot",0,"save",0.5412,6,594,0,53.9,15.2,14.6,43.2,0,0.59999999999999,49.1,0,
"Row88_3",8376,2,"2026-07-05T05:03:54.213Z",0.0306,"low-centre",90,"fast-break","right-foot",0,"block",,1,4324,0,50.1,19,17.6,28.2,0,11.6,35.6,0,
"Row88_4",8376,3,"2026-07-05T05:03:54.213Z",0.047,"low-left",90,"assisted","right-foot",1,"save",0.3704,,42,0,54,1.9,24,50.8,0,1.8,50.4,0,
"Row88_5",8376,4,"2026-07-05T05:03:54.213Z",0.0529,"low-right",89,"fast-break","right-foot",0,"save",0.0948,,594,0,48.1,12.7,20.6,36,0,1.4,48,0,
"Row88_6",8376,5,"2026-07-05T05:03:54.213Z",0.0319,"right",87,"throw-in-set-piece","left-foot",1,"miss",,,4,0,33.8,15.3,20.7,36.6,0,,,,
"Row88_7",8376,6,"2026-07-05T05:03:54.213Z",0.7884,"low-right",70,"penalty","right-foot",0,"goal",0.7423,,594,0,46.8,3.8,11.5,50,0,,,,"penalty"
"Row88_8",8376,7,"2026-07-05T05:03:54.213Z",0.0208,"high",64,"assisted","right-foot",0,"miss",,,594,0,48.1,81.9,27.2,33.6,0,,,,
"Row88_9",8376,8,"2026-07-05T05:03:54.213Z",0.0253,"high-right",60,"assisted","right-foot",0,"miss",,,2261,0,36.3,88.9,24,38.8,0,,,,
"Row88_10",8376,9,"2026-07-05T05:03:54.213Z",0.0188,"high-right",54,"assisted","right-foot",0,"save",0.1285,,1064,0,47.8,31,26.6,31.6,0,1.2,48,0,
"Row88_11",8376,10,"2026-07-05T05:03:54.213Z",0.0267,"close-left",52,"corner","right-foot",0,"miss",,,2253,0,57,18.1,3.5,33.9,0,,,,
"Row88_12",8376,11,"2026-07-05T05:03:54.213Z",0.0182,"low-centre",50,"regular","left-foot",1,"block",,,9678,0,48.3,19,12.6,73.2,0,10.8,70.2,0,
"Row88_13",8376,12,"2026-07-05T05:03:54.213Z",0.0235,"high-right",49,"assisted","left-foot",0,"miss",,,1994,0,42.9,88.9,27.2,62.6,0,,,,
"Row88_14",8376,13,"2026-07-05T05:03:54.213Z",0.0416,"low-centre",45,"assisted","left-foot",0,"block",,,1994,0,50,19,23.7,41.9,0,19.5,43.3,0,
"Row88_15",8376,14,"2026-07-05T05:03:54.213Z",0.0297,"high-right",43,"assisted","right-foot",0,"miss",,,1064,0,44,76.4,22.1,36.6,0,,,,
"Row88_16",8376,15,"2026-07-05T05:03:54.213Z",0.0255,"low-centre",38,"assisted","left-foot",0,"block",,,2253,0,49,19,14.7,74.6,0,11.6,69.7,0,
"Row88_17",8376,16,"2026-07-05T05:03:54.213Z",0.0241,"high",33,"assisted","left-foot",0,"miss",,,1994,0,50.9,84.7,28.3,46.7,0,,,,
"Row88_18",8376,17,"2026-07-05T05:03:54.213Z",0.0385,"right",28,"regular","right-foot",1,"miss",,,488,0,28.1,6.9,26,62,0,,,,
"Row88_19",8376,18,"2026-07-05T05:03:54.213Z",0.0152,"right",28,"assisted","left-foot",1,"miss",,,4,0,40.5,6.9,27.9,36.6,0,17.7,44.6,0,
"Row88_20",8376,19,"2026-07-05T05:03:54.213Z",0.0277,"low-centre",22,"assisted","left-foot",0,"block",,,1064,0,50.3,19,26.8,59.9,0,19.3,57,0,
"Row89_1",8377,0,"2026-07-06T04:00:06.953Z",0.7884,"low-right",90,"penalty","right-foot",1,"goal",0.7529,10,215,0,47.5,3.2,11.5,50,0,,,,"penalty"
"Row89_2",8377,1,"2026-07-06T04:00:06.953Z",0.0301,"low-centre",90,"assisted","right-foot",1,"block",,4,1302,0,50.3,19,22,70.1,0,17.8,66.2,0,
"Row89_3",8377,2,"2026-07-06T04:00:06.953Z",0.0366,"low-right",90,"assisted","left-foot",0,"goal",0.3437,,852,0,45.8,0.6,17.9,32.6,0,,,,"regular"
"Row89_4",8377,3,"2026-07-06T04:00:06.953Z",0.014,"left",84,"corner","right-foot",1,"miss",,,215,0,81.9,16.7,5,29.2,0,2.4,26.5,0,
"Row89_5",8377,4,"2026-07-06T04:00:06.953Z",0.0767,"low-right",79,"assisted","head",0,"goal",0.3199,,852,0,47.6,9.5,8.5,51.9,0,,,,"regular"
"Row89_6",8377,5,"2026-07-06T04:00:06.953Z",0.0748,"low-left",75,"fast-break","right-foot",0,"save",0.1936,,2064,0,53.3,13.9,12.2,34.4,0,1,48.4,0,
"Row89_7",8377,6,"2026-07-06T04:00:06.953Z",0.1871,"right",67,"corner","left-foot",0,"miss",,,852,0,33.3,1.4,2.4,57.9,0,,,,
"Row89_8",8377,7,"2026-07-06T04:00:06.953Z",0.073,"low-centre",62,"corner","right-foot",1,"save",0.137,,663,0,48.7,3.2,16.3,61,0,1.1,52.3,0,
"Row89_9",8377,8,"2026-07-06T04:00:06.953Z",0.0278,"low-centre",61,"assisted","left-foot",1,"block",,,606,0,49.8,19,21,34,0,18.4,38.3,0,
"Row89_10",8377,9,"2026-07-06T04:00:06.953Z",0.6686,"left",59,"fast-break","left-foot",1,"miss",,,606,0,62.5,5.6,14.7,51.9,0,,,,
"Row89_11",8377,10,"2026-07-06T04:00:06.953Z",0.023,"high-right",49,"assisted","right-foot",0,"miss",,,3673,0,43.4,94.4,23.1,64.8,0,,,,
"Row89_12",8377,11,"2026-07-06T04:00:06.953Z",0.0339,"right",45,"assisted","head",1,"miss",,4,4119,0,1.2,9.7,11.9,48.1,0,11.5,76.5,0,
"Row89_13",8377,12,"2026-07-06T04:00:06.953Z",0.026,"low-centre",45,"assisted","right-foot",1,"block",,4,709,0,48.5,19,26.5,36.6,0,11.6,44.9,0,
"Row89_14",8377,13,"2026-07-06T04:00:06.953Z",0.2721,"low-centre",45,"regular","left-foot",0,"save",0.2314,3,447,0,51.3,5.7,13.3,41.9,0,5.1,46.9,0,
"Row89_15",8377,14,"2026-07-06T04:00:06.953Z",0.0496,"low-left",43,"assisted","left-foot",0,"block",,,447,0,53.3,19,5.4,33.8,0,3.4,38.4,0,
"Row89_16",8377,15,"2026-07-06T04:00:06.953Z",0.1301,"low-left",40,"assisted","left-foot",1,"save",0.233,,595,0,53.3,2.5,8.9,31.7,0,2.4,44,0,
"Row89_17",8377,16,"2026-07-06T04:00:06.953Z",0.0212,"low-left",40,"assisted","left-foot",1,"block",,,1793,0,54.1,5.6,23.4,65.6,0,11.4,55.4,0,
"Row89_18",8377,17,"2026-07-06T04:00:06.953Z",0.0932,"high-right",37,"regular","left-foot",0,"save",0.4489,,852,0,47.6,20.3,9.4,41.7,0,2,47.3,0,
"Row89_19",8377,18,"2026-07-06T04:00:06.953Z",0.0266,"close-right",35,"regular","left-foot",0,"miss",,,447,0,42,1.4,15.4,68.7,0,,,,
"Row89_20",8377,19,"2026-07-06T04:00:06.953Z",0.0404,"left",35,"assisted","right-foot",1,"miss",,,595,0,68.7,2.8,8.4,68.5,0,6.8,61.9,0,
"Row89_21",8377,20,"2026-07-06T04:00:06.953Z",0.0713,"left",31,"assisted","right-foot",1,"miss",,,49,0,97.1,6.9,9.9,68.5,0,11.2,52.5,0,
"Row89_22",8377,21,"2026-07-06T04:00:06.953Z",0.0183,"high-right",16,"assisted","right-foot",1,"miss",,,663,0,35,69.4,12,72.6,0,,,,
"Row89_23",8377,22,"2026-07-06T04:00:06.953Z",0.7884,"low-right",14,"penalty","right-foot",1,"save",0.6329,,709,0,47.2,8.2,11.5,50,0,1,49.3,0,
"Row90_1",8378,0,"2026-07-06T09:04:32.303Z",0.0592,"low-left",90,"regular","right-foot",1,"block",,12,9008,0,52.5,19,9.9,65.1,0,3.3,53.4,0,
"Row90_2",8378,1,"2026-07-06T09:04:32.303Z",0.0354,"left",90,"corner","right-foot",1,"miss",,12,833,0,66.7,30.6,11.7,68.4,0,4.1,49.5,0,
"Row90_3",8378,2,"2026-07-06T09:04:32.303Z",0.1404,"high",90,"regular","right-foot",1,"miss",,7,833,0,54.1,77.8,12.2,46,0,,,,
"Row90_4",8378,3,"2026-07-06T09:04:32.303Z",0.032,"low-centre",90,"assisted","right-foot",1,"block",,6,3411,0,49.7,19,26.5,47.9,0,21.4,48.4,0,
"Row90_5",8378,4,"2026-07-06T09:04:32.303Z",0.0332,"low-left",90,"assisted","right-foot",1,"block",,6,833,0,54,19,18.1,55.3,0,16.6,54.5,0,
"Row90_6",8378,5,"2026-07-06T09:04:32.303Z",0.0238,"right",90,"assisted","right-foot",1,"miss",,4,10088,0,0.8,2.8,22.9,26.8,0,,,,
"Row90_7",8378,6,"2026-07-06T09:04:32.303Z",0.0157,"high-right",90,"fast-break","right-foot",0,"save",0.2072,3,592,0,47,31,46.8,36.4,0,1.5,49.6,0,
"Row90_8",8378,7,"2026-07-06T09:04:32.303Z",0.019,"low-centre",89,"assisted","right-foot",1,"save",0.0144,,9008,0,51,11.4,26.5,39.9,0,0.5,49.3,0,
"Row90_9",8378,8,"2026-07-06T09:04:32.303Z",0.1255,"high",82,"assisted","left-foot",1,"miss",,,4328,0,54,69.4,13.3,50.3,0,,,,
"Row90_10",8378,9,"2026-07-06T09:04:32.303Z",0.1995,"right",80,"corner","head",1,"miss",,,3411,0,2.9,13.9,4.8,51.4,0,4.1,100,0,
"Row90_11",8378,10,"2026-07-06T09:04:32.303Z",0.0327,"low-centre",78,"assisted","right-foot",1,"block",,,9355,0,49.3,19,10,28.9,0,7.6,34.1,0,
"Row90_12",8378,11,"2026-07-06T09:04:32.303Z",0.7884,"low-left",69,"penalty","right-foot",1,"goal",0.7881,,833,0,52.1,3.8,11.5,50,0,,,,"penalty"
"Row90_13",8378,12,"2026-07-06T09:04:32.303Z",0.7884,"low-left",60,"penalty","right-foot",0,"goal",0.8178,,2466,0,53.9,14.6,11.5,50,0,,,,"penalty"
"Row90_14",8378,13,"2026-07-06T09:04:32.303Z",0.0117,"left",57,"assisted","right-foot",1,"miss",,,8296,0,61.9,8.3,24.3,28.2,0,,,,
"Row90_15",8378,14,"2026-07-06T09:04:32.303Z",0.0545,"right",49,"throw-in-set-piece","left-foot",0,"miss",,,847,0,39.8,13.9,19.4,49.3,0,10.7,56.7,0,
"Row90_16",8378,15,"2026-07-06T09:04:32.303Z",0.0162,"low-centre",48,"assisted","right-foot",1,"block",,,8296,0,50.1,19,32,54.3,0,19.2,52.5,0,
"Row90_17",8378,16,"2026-07-06T09:04:32.303Z",0.0347,"high-left",45,"assisted","head",1,"save",0.1855,3,833,0,52.9,36.1,14.8,46.6,0,1.5,50.5,0,
"Row90_18",8378,17,"2026-07-06T09:04:32.303Z",0.0924,"right",45,"assisted","left-foot",1,"miss",,1,833,0,39.7,13.9,15.4,40.1,0,,,,
"Row90_19",8378,18,"2026-07-06T09:04:32.303Z",0.1886,"high-centre",42,"set-piece","right-foot",1,"goal",0.6682,,8296,0,51.3,32.9,9.1,50.9,0,,,,"regular"
"Row90_20",8378,19,"2026-07-06T09:04:32.303Z",0.3084,"high-left",38,"assisted","right-foot",0,"goal",0.9641,,592,0,53.4,25.3,3.8,47.8,0,,,,"regular"
"Row90_21",8378,20,"2026-07-06T09:04:32.303Z",0.3455,"low-left",36,"assisted","head",0,"goal",0.952,,592,0,52.6,5.1,4.8,45.5,0,,,,"regular"
"Row90_22",8378,21,"2026-07-06T09:04:32.303Z",0.0276,"high",32,"assisted","right-foot",1,"miss",,,10370,0,45,97.2,27.8,51.1,0,,,,
"Row90_23",8378,22,"2026-07-06T09:04:32.303Z",0.0385,"low-centre",26,"assisted","right-foot",0,"save",0.0472,,711,0,48.5,1.3,8.9,25,0,1,46.6,0,
"Row90_24",8378,23,"2026-07-06T09:04:32.303Z",0.0435,"low-centre",19,"assisted","right-foot",1,"block",,,10424,0,49.1,19,16.2,34,0,12.8,37.5,0,
"Row90_25",8378,24,"2026-07-06T09:04:32.303Z",0.0465,"low-right",15,"assisted","head",1,"save",0.1904,,833,0,45.8,5.7,11.9,54.2,0,0.3,52.3,0,
"Row90_26",8378,25,"2026-07-06T09:04:32.303Z",0.0182,"low-centre",3,"assisted","right-foot",1,"block",,,833,0,51.7,19,25.9,55.4,0,22.7,54.5,0,
"Row91_1",8379,0,"2026-07-07T03:04:32.930Z",0.0125,"left",90,"set-piece","head",1,"miss",,9,2247,0,60.7,22.2,11.4,59.1,0,,,,
"Row91_2",8379,1,"2026-07-07T03:04:32.930Z",0.161,"high",90,"assisted","head",1,"miss",,7,848,0,53.6,62.5,7,50.1,0,,,,
"Row91_3",8379,2,"2026-07-07T03:04:32.930Z",0.5504,"low-left",90,"assisted","left-foot",0,"goal",0.782,1,451,0,53.5,4.4,12.1,43.3,0,,,,"regular"
"Row91_4",8379,3,"2026-07-07T03:04:32.930Z",0.0414,"low-right",78,"assisted","right-foot",0,"block",,,746,0,47.9,19,13.1,67.7,0,9.2,63,0,
"Row91_5",8379,4,"2026-07-07T03:04:32.930Z",0.0155,"right",77,"assisted","right-foot",0,"miss",,,749,0,38.7,4.2,1.2,68.3,0,,,,
"Row91_6",8379,5,"2026-07-07T03:04:32.930Z",0.0333,"close-right",76,"regular","right-foot",1,"miss",,,1794,0,43.4,18.1,11.3,63.8,0,,,,
"Row91_7",8379,6,"2026-07-07T03:04:32.930Z",0.0193,"low-left",76,"assisted","right-foot",1,"block",,,2248,0,51.8,19,27.4,42.1,0,21.9,43.3,0,
"Row91_8",8379,7,"2026-07-07T03:04:32.930Z",0.042,"high-centre",73,"free-kick","left-foot",0,"save",0.0123,,745,0,49.9,30.4,16.9,82.7,0,0.5,51.4,0,
"Row91_9",8379,8,"2026-07-07T03:04:32.930Z",0.0832,"low-right",65,"regular","left-foot",0,"save",0.1175,,769,0,48.1,1.9,16.5,36.4,0,2.8,47.6,0,
"Row91_10",8379,9,"2026-07-07T03:04:32.930Z",0.0223,"low-centre",62,"corner","left-foot",0,"block",,,745,0,49.7,19,23.8,39.3,0,20.6,40.8,0,
"Row91_11",8379,10,"2026-07-07T03:04:32.930Z",0.0371,"low-centre",61,"assisted","right-foot",0,"block",,,744,0,51,19,19.1,48.9,0,16.9,48.9,0,
"Row91_12",8379,11,"2026-07-07T03:04:32.930Z",0.088,"close-right",59,"assisted","right-foot",1,"miss",,,7880,0,41,1.4,4.3,63.7,0,0.90000000000001,59.9,0,
"Row91_13",8379,12,"2026-07-07T03:04:32.930Z",0.0224,"high",45,"assisted","right-foot",0,"miss",,,4267,0,49.6,87.5,27.9,58.6,0,,,,
"Row91_14",8379,13,"2026-07-07T03:04:32.930Z",0.03,"low-centre",41,"corner","left-foot",1,"block",,,3470,0,50.7,19,17.6,72,0,9.2,63,0,
"Row91_15",8379,14,"2026-07-07T03:04:32.930Z",0.1669,"low-centre",37,"regular","right-foot",1,"save",0.8543,,7880,0,50.4,18.4,4.8,42.7,0,0.59999999999999,41.7,0,
"Row91_16",8379,15,"2026-07-07T03:04:32.930Z",0.1466,"left",31,"corner","head",0,"miss",,,746,0,63.7,15.3,8.5,56.6,0,,,,
"Row91_17",8379,16,"2026-07-07T03:04:32.930Z",0.0108,"left",23,"set-piece","right-foot",0,"miss",,,719,0,64.5,23.6,28.1,50.1,0,16,45.8,0,
"Row91_18",8379,17,"2026-07-07T03:04:32.930Z",0.0665,"low-right",16,"fast-break","right-foot",0,"save",0.2318,,769,0,47.1,19,14.2,32.3,0,1.4,47.5,0,
"Row91_19",8379,18,"2026-07-07T03:04:32.930Z",0.0582,"low-left",16,"fast-break","left-foot",0,"save",0.287,,745,0,53.2,13.9,13.6,67.7,0,2.8,54.3,0,
"Row91_20",8379,19,"2026-07-07T03:04:32.930Z",0.0222,"high-right",14,"regular","right-foot",0,"miss",,,769,0,32.8,90.3,20.8,29.6,0,,,,
"Row91_21",8379,20,"2026-07-07T03:04:32.930Z",0.0227,"low-centre",12,"assisted","right-foot",1,"save",0.0187,,7880,0,50,17.1,8.5,69.9,0,2,54.5,0,
"Row91_22",8379,21,"2026-07-07T03:04:32.930Z",0.01,"low-left",10,"corner","left-foot",1,"block",,,394,0,52.2,19,27,51.3,0,24,50.9,0,
"Row91_23",8379,22,"2026-07-07T03:04:32.930Z",0.6143,"close-right",8,"fast-break","left-foot",0,"miss",,,3890,0,41.9,1.4,13.9,41.7,0,,,,
"Row91_24",8379,23,"2026-07-07T03:04:32.930Z",0.0318,"high",7,"assisted","right-foot",1,"miss",,,8331,0,49.6,63.9,15,76.5,0,,,,
"Row91_25",8379,24,"2026-07-07T03:04:32.930Z",0.0451,"low-centre",3,"regular","left-foot",0,"save",0.0369,,3890,0,48.9,0.6,23.5,40.3,0,2.7,48.4,0,
"Row92_1",8380,0,"2026-07-07T08:04:33.038Z",0.0526,"low-right",90,"assisted","right-foot",0,"goal",0.6259,3,8676,0,46.5,7.6,9.2,33.3,0,,,,"regular"
"Row92_2",8380,1,"2026-07-07T08:04:33.038Z",0.063,"low-centre",86,"assisted","left-foot",0,"block",,,3461,0,51.4,19,12.5,64,0,5.9,55.8,0,
"Row92_3",8380,2,"2026-07-07T08:04:33.038Z",0.0911,"left",83,"corner","head",1,"miss",,,2232,0,63.7,15.3,7.7,52.3,0,7.1,50.5,0,
"Row92_4",8380,3,"2026-07-07T08:04:33.038Z",0.0795,"low-left",82,"fast-break","left-foot",1,"save",0.1091,,2232,0,52.4,19.6,8,32.1,0,1.5,45.3,0,
"Row92_5",8380,4,"2026-07-07T08:04:33.038Z",0.0576,"close-left",79,"regular","left-foot",1,"miss",,,9104,0,58.3,22.2,19.8,49.3,0,,,,
"Row92_6",8380,5,"2026-07-07T08:04:33.038Z",0.0198,"high-right",66,"corner","head",1,"miss",,,8860,0,42.5,69.4,11.3,43.4,0,,,,
"Row92_7",8380,6,"2026-07-07T08:04:33.038Z",0.0518,"low-left",62,"fast-break","left-foot",0,"block",,,3461,0,54.3,19,13.2,31.2,0,10.7,33.9,0,
"Row92_8",8380,7,"2026-07-07T08:04:33.038Z",0.0836,"low-right",57,"assisted","right-foot",0,"goal",0.6123,,3542,0,46.1,8.2,29.6,42.7,0,,,,"regular"
"Row92_9",8380,8,"2026-07-07T08:04:33.038Z",0.0239,"right",45,"corner","left-foot",0,"miss",,4,3974,0,36.6,4.2,13.2,31.7,0,,,,
"Row92_10",8380,9,"2026-07-07T08:04:33.038Z",0.2582,"high",45,"throw-in-set-piece","right-foot",1,"miss",,,2232,0,46.1,84.7,5.7,49.1,0,,,,
"Row92_11",8380,10,"2026-07-07T08:04:33.038Z",0.0561,"left",45,"throw-in-set-piece","head",1,"miss",,,8860,0,59.8,4.2,9.1,55.4,0,6,51.1,0,
"Row92_12",8380,11,"2026-07-07T08:04:33.038Z",0.1594,"left",43,"set-piece","head",0,"miss",,,3974,0,59.3,6.9,8.9,47.9,0,,,,
"Row92_13",8380,12,"2026-07-07T08:04:33.038Z",0.0529,"low-centre",39,"corner","right-foot",0,"save",0.1217,,3015,0,49.8,3.8,5,62,0,0.59999999999999,53.4,0,
"Row92_14",8380,13,"2026-07-07T08:04:33.038Z",0.3166,"high-right",33,"assisted","head",0,"goal",0.9724,,1305,0,46.3,26.6,3.1,51.9,0,,,,"regular"
"Row92_15",8380,14,"2026-07-07T08:04:33.038Z",0.1035,"high-centre",31,"free-kick","right-foot",1,"goal",0.2011,,2143,0,49.3,24.1,23.7,48.1,0,,,,"regular"
"Row92_16",8380,15,"2026-07-07T08:04:33.038Z",0.0274,"high",14,"assisted","right-foot",0,"miss",,,3461,0,47.7,79.2,27.5,55.2,0,,,,
"Row92_17",8380,16,"2026-07-07T08:04:33.038Z",0.8822,"low-centre",9,"assisted","right-foot",0,"goal",0.9904,,1305,0,49.1,12.7,2.4,49.4,0,,,,"regular"
"Row92_18",8380,17,"2026-07-07T08:04:33.038Z",0.2765,"left",8,"assisted","right-foot",0,"miss",,,514,0,87.4,8.3,8.1,55.3,0,6.3,41.5,0,
"Row92_19",8380,18,"2026-07-07T08:04:33.038Z",0.0238,"low-centre",2,"corner","head",0,"save",0.0184,,1305,0,48.7,5.7,10.7,54.6,0,1,51.8,0,
"Row92_20",8380,19,"2026-07-07T08:04:33.038Z",0.0305,"high-left",1,"throw-in-set-piece","right-foot",0,"save",0.2974,,834,0,53.5,29.8,25.4,53.4,0,3.1,50.4,0,
"Row92_21",8380,20,"2026-07-07T08:04:33.038Z",0.0595,"low-centre",1,"throw-in-set-piece","left-foot",0,"block",,,514,0,50.7,19,19.1,49.5,0,15.8,49.5,0,
"Row92_22",8380,21,"2026-07-07T08:04:33.038Z",0.0482,"low-right",1,"regular","left-foot",0,"block",,,3461,0,48.1,19,20.1,40.9,0,17.3,42.4,0,
"Row93_1",8381,0,"2026-07-08T00:04:33.125Z",0.2674,"low-right",90,"fast-break","head",1,"goal",0.6386,2,387,0,46.5,13.3,8.2,45.2,0,,,,"regular"
"Row93_2",8381,1,"2026-07-08T00:04:33.125Z",0.0861,"right",90,"assisted","head",0,"miss",,2,14684,0,4,1.4,8.1,46.6,0,6.8,49.8,0,
"Row93_3",8381,2,"2026-07-08T00:04:33.125Z",0.0639,"high-centre",83,"assisted","left-foot",1,"goal",0.1553,,9063,0,51.7,22.2,10.5,55.2,0,,,,"regular"
"Row93_4",8381,3,"2026-07-08T00:04:33.125Z",0.1378,"close-right",82,"assisted","head",1,"miss",,,1687,0,43,22.2,4.8,56.4,0,,,,
"Row93_5",8381,4,"2026-07-08T00:04:33.125Z",0.3505,"high-right",79,"assisted","head",1,"goal",0.4584,,720,0,46.2,20.3,7.6,52.4,0,,,,"regular"
"Row93_6",8381,5,"2026-07-08T00:04:33.125Z",0.0696,"low-right",78,"assisted","right-foot",1,"block",,,9063,0,47.9,19,11.4,51.3,0,9.2,52.7,0,
"Row93_7",8381,6,"2026-07-08T00:04:33.125Z",0.0335,"close-left",77,"assisted","right-foot",0,"miss",,,14684,0,57.3,6.9,5.4,29.5,0,,,,
"Row93_8",8381,7,"2026-07-08T00:04:33.125Z",0.1719,"right",75,"assisted","right-foot",1,"miss",,,1687,0,40.5,11.1,8.2,52.1,0,,,,
"Row93_9",8381,8,"2026-07-08T00:04:33.125Z",0.1392,"low-left",74,"throw-in-set-piece","left-foot",1,"block",,,1687,0,52.1,19,8.6,42.4,0,6.3,43.9,0,
"Row93_10",8381,9,"2026-07-08T00:04:33.125Z",0.0194,"right",70,"regular","left-foot",1,"miss",,,1800,0,22.7,19.4,24.7,43.5,0,10.6,61.6,0,
"Row93_11",8381,10,"2026-07-08T00:04:33.125Z",0.644,"low-centre",67,"fast-break","right-foot",0,"goal",0.9046,,14729,0,49.8,17.1,7.7,51.2,0,,,,"regular"
"Row93_12",8381,11,"2026-07-08T00:04:33.125Z",0.103,"close-right",61,"set-piece","head",1,"miss",,,328,0,41,6.9,4.6,41.5,0,3.2,48,0,
"Row93_13",8381,12,"2026-07-08T00:04:33.125Z",0.0105,"low-centre",58,"assisted","right-foot",1,"block",,,16872,0,50.8,19,28.9,72.1,0,25.4,69.3,0,
"Row93_14",8381,13,"2026-07-08T00:04:33.125Z",0.0106,"high",53,"set-piece","right-foot",1,"miss",,,16872,0,52.4,72.2,24.3,75.4,0,,,,
"Row93_15",8381,14,"2026-07-08T00:04:33.125Z",0.0382,"low-centre",47,"assisted","right-foot",1,"save",0.0739,,9057,0,50,2.5,19.8,60.9,0,1.4,51.4,0,
"Row93_16",8381,15,"2026-07-08T00:04:33.125Z",0.0462,"high-right",43,"assisted","right-foot",1,"miss",,,770,0,38.8,62.5,22.9,39.9,0,,,,
"Row93_17",8381,16,"2026-07-08T00:04:33.125Z",0.288,"low-centre",39,"assisted","left-foot",1,"save",0.3809,,770,0,49.4,7.6,10.5,46.6,0,1.4,47.3,0,
"Row93_18",8381,17,"2026-07-08T00:04:33.125Z",0.0456,"high-left",38,"assisted","left-foot",1,"miss",,,9063,0,59.5,87.5,19.4,62,0,,,,
"Row93_19",8381,18,"2026-07-08T00:04:33.125Z",0.0162,"high-right",35,"regular","right-foot",0,"miss",,,14728,0,36.5,95.8,32.7,41.7,0,,,,
"Row93_20",8381,19,"2026-07-08T00:04:33.125Z",0.0365,"left",31,"free-kick","left-foot",1,"post",,,9063,0,55.6,20.3,28.4,44.2,0,,,,
"Row93_21",8381,20,"2026-07-08T00:04:33.125Z",0.082,"low-centre",29,"assisted","left-foot",1,"block",,,387,0,51.6,19,18.3,52.6,0,14.9,51.8,0,
"Row93_22",8381,21,"2026-07-08T00:04:33.125Z",0.2268,"low-left",28,"assisted","head",1,"save",0.3135,,328,0,52,19,7.7,49.9,0,1,49.8,0,
"Row93_23",8381,22,"2026-07-08T00:04:33.125Z",0.7884,"low-right",21,"penalty","left-foot",1,"save",0.6957,,9063,0,46.8,15.8,11.5,50,0,0.59999999999999,49.6,0,
"Row93_24",8381,23,"2026-07-08T00:04:33.125Z",0.1947,"low-right",15,"corner","head",0,"goal",0.8111,,14678,0,46.5,15.2,6.8,46.2,0,,,,"regular"
"Row94_1",8382,0,"2026-07-08T04:04:34.061Z",0.7884,"low-left",131,"shootout","right-foot",1,"goal",0.6103,,3803,0,52.6,10.8,11.5,50,0,,,,"penalty"
"Row94_2",8382,1,"2026-07-08T04:04:34.061Z",0.7884,"low-left",130,"shootout","right-foot",0,"goal",0.7997,,2465,0,53.6,4.4,11.5,50,0,,,,"penalty"
"Row94_3",8382,2,"2026-07-08T04:04:34.061Z",0.7884,"high-centre",129,"shootout","right-foot",1,"goal",0.9306,,27743,0,49.8,21.5,11.5,50,0,,,,"penalty"
"Row94_4",8382,3,"2026-07-08T04:04:34.061Z",0.7884,"low-left",128,"shootout","right-foot",0,"save",0.6734,,1578,0,53,15.8,11.5,50,0,0.3,50,0,
"Row94_5",8382,4,"2026-07-08T04:04:34.061Z",0.7884,"high",127,"shootout","right-foot",1,"miss",,,1679,0,48.9,61.1,11.5,50,0,,,,
"Row94_6",8382,5,"2026-07-08T04:04:34.061Z",0.7884,"low-right",126,"shootout","left-foot",0,"goal",0.7586,,16391,0,48.1,9.5,11.5,50,0,,,,"penalty"
"Row94_7",8382,6,"2026-07-08T04:04:34.061Z",0.7884,"low-right",125,"shootout","right-foot",1,"goal",0.6329,,22868,0,47.4,8.2,11.5,50,0,,,,"penalty"
"Row94_8",8382,7,"2026-07-08T04:04:34.061Z",0.7884,"high",124,"shootout","right-foot",0,"post",,,3726,0,50,39.2,11.5,50,0,,,,
"Row94_9",8382,8,"2026-07-08T04:04:34.061Z",0.7884,"high-left",123,"shootout","left-foot",1,"goal",0.9852,,348,0,54,26.6,11.5,50,0,,,,"penalty"
"Row94_10",8382,9,"2026-07-08T04:04:34.061Z",0.7884,"low-centre",122,"shootout","left-foot",0,"goal",0.6832,,16387,0,51.5,16.5,11.5,50,0,,,,"penalty"
"Row94_11",8382,10,"2026-07-08T04:04:34.061Z",0.0296,"right",117,"set-piece","head",0,"miss",,,1578,0,31.6,16.7,10.5,42.6,0,1,67.7,0,
"Row94_12",8382,11,"2026-07-08T04:04:34.061Z",0.3031,"high",115,"assisted","left-foot",0,"miss",,,16391,0,53.1,69.4,7.8,66.6,0,,,,
"Row94_13",8382,12,"2026-07-08T04:04:34.061Z",0.0505,"high",114,"assisted","left-foot",1,"miss",,,348,0,44.2,76.4,18.7,34,0,,,,
"Row94_14",8382,13,"2026-07-08T04:04:34.061Z",0.0203,"high-left",112,"assisted","left-foot",0,"miss",,,16387,0,57.5,69.4,21.4,69.9,0,,,,
"Row94_15",8382,14,"2026-07-08T04:04:34.061Z",0.0856,"low-centre",105,"assisted","right-foot",0,"block",,1,2465,0,49.6,19.4,12,37.4,0,9.2,41,0,
"Row94_16",8382,15,"2026-07-08T04:04:34.061Z",0.0154,"high-right",101,"assisted","left-foot",0,"save",0.083,,16391,0,46.2,20.9,29.6,73,0,1.8,52.3,0,
"Row94_17",8382,16,"2026-07-08T04:04:34.061Z",0.0184,"right",100,"assisted","right-foot",0,"miss",,,3788,0,36.1,8.3,30.1,46,0,,,,
"Row94_18",8382,17,"2026-07-08T04:04:34.061Z",0.1079,"high",99,"corner","head",0,"post",,,949,0,51,39.2,8,47.5,0,,,,
"Row94_19",8382,18,"2026-07-08T04:04:34.061Z",0.0514,"high",93,"set-piece","right-foot",0,"miss",,,3726,0,46.2,83.3,8.6,63.6,0,,,,
"Row94_20",8382,19,"2026-07-08T04:04:34.061Z",0.0125,"left",90,"assisted","right-foot",1,"miss",,1,551,0,99.8,4.2,6.3,73.6,0,2.3,0,0,
"Row94_21",8382,20,"2026-07-08T04:04:34.061Z",0.0735,"high-right",63,"assisted","right-foot",0,"miss",,,1221,0,35.8,43.1,19.7,51.4,0,,,,
"Row94_22",8382,21,"2026-07-08T04:04:34.061Z",0.0192,"low-left",61,"regular","left-foot",1,"block",,,2404,0,53.3,19,20.5,27.7,0,14,33.7,0,
"Row94_23",8382,22,"2026-07-08T04:04:34.061Z",0.0778,"low-centre",60,"regular","left-foot",0,"save",0.0568,,2465,0,49.4,15.2,14.4,38.8,0,2.7,47.5,0,
"Row94_24",8382,23,"2026-07-08T04:04:34.061Z",0.0627,"close-left",53,"free-kick","left-foot",1,"miss",,,2404,0,56.8,31.9,21.9,31.9,0,,,,
"Row94_25",8382,24,"2026-07-08T04:04:34.061Z",0.1443,"high-left",47,"regular","left-foot",1,"miss",,,1550,0,68.7,47.2,13.9,56.8,0,,,,
"Row94_26",8382,25,"2026-07-08T04:04:34.061Z",0.0483,"right",39,"regular","right-foot",0,"miss",,,16386,0,0.7,6.9,20.1,45.4,0,1,98.6,0,
"Row94_27",8382,26,"2026-07-08T04:04:34.061Z",0.0377,"high-centre",39,"assisted","right-foot",0,"block",,,1221,0,49.1,27.8,19.6,46.1,0,18.1,46.2,0,
"Row94_28",8382,27,"2026-07-08T04:04:34.061Z",0.0603,"low-centre",33,"assisted","right-foot",0,"block",,,2465,0,48.6,6.9,12,34.2,0,8.9,37.9,0,
"Row94_29",8382,28,"2026-07-08T04:04:34.061Z",0.0185,"low-centre",32,"assisted","left-foot",1,"save",0.031,,551,0,49.8,5.1,11.6,26.8,0,1.8,44.6,0,
"Row94_30",8382,29,"2026-07-08T04:04:34.061Z",0.0436,"low-centre",30,"regular","left-foot",1,"save",0.135,,2404,0,49.2,15.2,10.7,31.9,0,3.6,42.2,0,
"Row94_31",8382,30,"2026-07-08T04:04:34.061Z",0.0609,"high-right",21,"assisted","right-foot",0,"save",0.2907,,16386,0,46.1,22.2,16.3,36,0,2.4,49.6,0,
"Row94_32",8382,31,"2026-07-08T04:04:34.061Z",0.0397,"low-right",2,"throw-in-set-piece","right-foot",0,"block",,,530,0,47.7,4.2,12.3,37.8,0,10.2,40.1,0,
"Row95_1",8383,0,"2026-07-10T04:01:20.668Z",0.0183,"high-right",90,"assisted","left-foot",1,"miss",,7,2467,0,32.3,90.3,22.6,39.9,0,,,,
"Row95_2",8383,1,"2026-07-10T04:01:20.668Z",0.013,"high",90,"assisted","left-foot",0,"miss",,5,8630,0,52.6,87.5,41.2,85.5,0,,,,
"Row95_3",8383,2,"2026-07-10T04:01:20.668Z",0.1448,"low-centre",90,"assisted","left-foot",1,"save",0.1267,4,432,0,50.1,6.3,14.1,53.2,0,1.8,51.8,0,
"Row95_4",8383,3,"2026-07-10T04:01:20.668Z",0.2215,"high",88,"corner","head",1,"miss",,,432,0,47.2,81.9,4.2,51.8,0,,,,
"Row95_5",8383,4,"2026-07-10T04:01:20.668Z",0.0458,"low-left",88,"fast-break","right-foot",1,"save",0.2368,,2261,0,53.6,19,10.1,29.1,0,2.5,45.1,0,
"Row95_6",8383,5,"2026-07-10T04:01:20.668Z",0.1049,"high-left",86,"fast-break","left-foot",1,"miss",,,2467,0,65.6,52.8,12.2,63.8,0,,,,
"Row95_7",8383,6,"2026-07-10T04:01:20.668Z",0.0294,"close-left",84,"corner","head",0,"miss",,,1070,0,56.1,20.8,4.9,37.8,0,,,,
"Row95_8",8383,7,"2026-07-10T04:01:20.668Z",0.0188,"low-left",83,"set-piece","right-foot",0,"save",0.0722,,1044,0,52.6,17.1,25.9,43.2,0,1.2,50.7,0,
"Row95_9",8383,8,"2026-07-10T04:01:20.668Z",0.1162,"low-right",66,"assisted","right-foot",1,"goal",0.1626,,2253,0,46.1,1.9,19.6,50.8,0,,,,"regular"
"Row95_10",8383,9,"2026-07-10T04:01:20.668Z",0.0496,"high-right",60,"assisted","right-foot",1,"goal",0.5819,,594,0,45.8,20.3,15.5,34.6,0,,,,"regular"
"Row95_11",8383,10,"2026-07-10T04:01:20.668Z",0.4496,"high",56,"regular","right-foot",1,"miss",,,594,0,46.1,87.5,9.7,43.4,0,,,,
"Row95_12",8383,11,"2026-07-10T04:01:20.668Z",0.0195,"low-left",55,"assisted","right-foot",1,"save",0.0902,,4324,0,52.9,6.3,18.2,24.2,0,1.8,49.3,0,
"Row95_13",8383,12,"2026-07-10T04:01:20.668Z",0.0351,"low-right",48,"assisted","right-foot",0,"block",,,598,0,46.7,19,19.6,54.1,0,16.8,54,0,
"Row95_14",8383,13,"2026-07-10T04:01:20.668Z",0.0436,"close-right",45,"free-kick","right-foot",0,"miss",,5,4241,0,42.4,19.4,20.4,73.9,0,,,,
"Row95_15",8383,14,"2026-07-10T04:01:20.668Z",0.0165,"high",45,"regular","left-foot",1,"post",,2,513,0,53.3,39.2,24.8,33.2,0,,,,
"Row95_16",8383,15,"2026-07-10T04:01:20.668Z",0.0272,"low-centre",45,"regular","left-foot",1,"block",,2,2467,0,50.4,19,22.2,55.6,0,20.8,55.2,0,
"Row95_17",8383,16,"2026-07-10T04:01:20.668Z",0.0646,"low-right",45,"assisted","right-foot",1,"block",,1,1064,0,48.1,19,24.4,62.6,0,15,58.5,0,
"Row95_18",8383,17,"2026-07-10T04:01:20.668Z",0.0508,"low-left",36,"corner","head",1,"block",,,739,0,53.1,19,9.8,49.5,0,8.2,49.1,0,
"Row95_19",8383,18,"2026-07-10T04:01:20.668Z",0.276,"low-centre",35,"regular","right-foot",1,"save",0.4451,,4324,0,51.7,1.9,14.8,46.8,0,3.6,50.5,0,
"Row95_20",8383,19,"2026-07-10T04:01:20.668Z",0.0355,"left",33,"assisted","left-foot",1,"miss",,,2253,0,61.5,36.1,19.1,67,0,,,,
"Row95_21",8383,20,"2026-07-10T04:01:20.668Z",0.7884,"low-right",28,"penalty","right-foot",1,"save",0.7467,,594,0,47.6,2.5,11.5,50,0,0.5,49.8,0,
"Row95_22",8383,21,"2026-07-10T04:01:20.668Z",0.0514,"high",21,"corner","head",1,"miss",,,1994,0,50.6,97.2,8.5,46,0,,,,
"Row95_23",8383,22,"2026-07-10T04:01:20.668Z",0.0194,"low-centre",20,"assisted","left-foot",1,"block",,,2253,0,51.6,19,20.3,72,0,18,69.3,0,
"Row95_24",8383,23,"2026-07-10T04:01:20.668Z",0.0547,"left",18,"assisted","head",1,"miss",,,2253,0,64,27.8,9,55.9,0,,,,
"Row95_25",8383,24,"2026-07-10T04:01:20.668Z",0.0259,"low-centre",10,"assisted","right-foot",1,"block",,,4324,0,48.7,19,19.8,30.1,0,13.7,36.6,0,
"Row95_26",8383,25,"2026-07-10T04:01:20.668Z",0.4441,"low-centre",4,"corner","head",1,"save",0.2093,,3463,0,49.5,18.4,4.5,53.4,0,0.2,51.1,0,
"Row95_27",8383,26,"2026-07-10T04:01:20.668Z",0.0146,"close-left",4,"assisted","right-foot",1,"miss",,,594,0,56.1,8.3,22.2,33,0,0.90000000000001,43.1,0,
"Row96_1",8287,0,"2026-07-10T19:01:59.875Z",0.512,"low-left",67,"assisted","head",1,"goal",0.9775,,833,0,53,9.5,4.6,47,0,,,,"regular"
"Row96_2",8287,1,"2026-07-10T19:01:59.875Z",0.0139,"left",58,"set-piece","head",1,"miss",,,10107,0,60,37.5,11.8,59.4,0,3.1,43.7,0,
"Row96_3",8287,2,"2026-07-10T19:01:59.875Z",0.0161,"high-left",56,"assisted","left-foot",0,"save",0.0528,,14397,0,52.5,22.2,30.1,34,0,1.8,49.1,0,
"Row96_4",8287,3,"2026-07-10T19:01:59.875Z",0.0233,"high-left",52,"set-piece","left-foot",1,"miss",,,10088,0,60,63.9,8.2,30.6,0,,,,
"Row96_5",8287,4,"2026-07-10T19:01:59.875Z",0.1681,"low-left",52,"free-kick","right-foot",1,"block",,,833,0,53.8,19,18.1,54,0,10.5,50.7,0,
"Row96_6",8287,5,"2026-07-10T19:01:59.875Z",0.0157,"high-centre",48,"assisted","right-foot",1,"save",0.0281,,8296,0,51.4,22.2,40.5,29.5,0,7,46.2,0,
"Row96_7",8287,6,"2026-07-10T19:01:59.875Z",0.0183,"high",46,"regular","right-foot",1,"miss",,,9355,0,54,62.5,24.8,66.4,0,,,,
"Row96_8",8287,7,"2026-07-10T19:01:59.875Z",0.0888,"right",45,"assisted","right-foot",1,"miss",,4,9355,0,38,5.6,12.2,38.9,0,,,,
"Row96_9",8287,8,"2026-07-10T19:01:59.875Z",0.0154,"low-centre",45,"assisted","left-foot",1,"block",,2,10088,0,49.9,19,30.5,36.4,0,24.3,39.2,0,
"Row96_10",8287,9,"2026-07-10T19:01:59.875Z",0.0136,"high-left",45,"corner","left-foot",0,"save",0.0759,,12123,0,52.9,25.3,32,46.4,0,2,49.6,0,
"Row96_11",8287,10,"2026-07-10T19:01:59.875Z",0.1145,"right",42,"assisted","right-foot",1,"post",,,8296,0,44.9,0.6,13.5,55.4,0,,,,
"Row96_12",8287,11,"2026-07-10T19:01:59.875Z",0.0188,"low-centre",42,"assisted","right-foot",1,"block",,,8296,0,48.6,19,24.9,55,0,22.8,54.7,0,
"Row96_13",8287,12,"2026-07-10T19:01:59.875Z",0.0428,"close-right",37,"assisted","head",0,"miss",,,412,0,41.3,15.3,10.8,57.9,0,,,,
"Row96_14",8287,13,"2026-07-10T19:01:59.875Z",0.035,"low-centre",30,"assisted","right-foot",1,"block",,,9355,0,51.5,19,15.2,37,0,11.4,39.9,0,
"Row96_15",8287,14,"2026-07-10T19:01:59.875Z",0.0291,"close-high-right",19,"assisted","right-foot",1,"miss",,,8296,0,43,56.9,25.6,65.8,0,,,,
"Row96_16",8287,15,"2026-07-10T19:01:59.875Z",0.0401,"close-left",13,"corner","head",1,"miss",,,833,0,59,16.7,9.8,48.3,0,1,44.2,0,
"Row96_17",8287,16,"2026-07-10T19:01:59.875Z",0.1901,"low-centre",9,"assisted","right-foot",1,"goal",0.0858,,8296,0,50.1,5.7,14.9,40.5,0,,,,"regular"
"Row96_18",8287,17,"2026-07-10T19:01:59.875Z",0.0948,"low-left",5,"assisted","left-foot",1,"save",0.4392,,833,0,52.6,6.3,15.5,52.2,0,1,51.6,0,
"Row96_19",8287,18,"2026-07-10T19:01:59.875Z",0.0352,"low-centre",4,"free-kick","right-foot",1,"block",,,9355,0,50.9,19,33.2,76,0,22.3,67.1,0,
"Row97_1",8384,0,"2026-07-11T03:01:21.217Z",0.0277,"low-left",90,"assisted","left-foot",1,"save",0.0422,7,386,0,51.9,3.8,21.8,33.3,0,2,48.9,0,
"Row97_2",8384,1,"2026-07-11T03:01:21.217Z",0.6923,"high-left",88,"regular","left-foot",1,"goal",0.9589,,451,0,52.9,27.2,4.8,48.1,0,,,,"regular"
"Row97_3",8384,2,"2026-07-11T03:01:21.217Z",0.0283,"low-left",88,"assisted","right-foot",1,"save",0.0899,,740,0,52.6,7,25.1,66.9,0,1.4,52.7,0,
"Row97_4",8384,3,"2026-07-11T03:01:21.217Z",0.0278,"low-centre",84,"regular","left-foot",0,"block",,,4374,0,50.7,19,40,31.5,0,34.6,33.9,0,
"Row97_5",8384,4,"2026-07-11T03:01:21.217Z",0.0173,"low-centre",74,"assisted","left-foot",1,"block",,,745,0,49.8,19,13.9,73.6,0,12.1,70.6,0,
"Row97_6",8384,5,"2026-07-11T03:01:21.217Z",0.0692,"low-right",62,"regular","right-foot",1,"save",0.3388,,3890,0,46.8,1.3,4,62.8,0,0.5,54,0,
"Row97_7",8384,6,"2026-07-11T03:01:21.217Z",0.0859,"low-centre",62,"fast-break","right-foot",0,"save",0.138,,4374,0,51.3,3.2,15.6,43.4,0,2.9,49.3,0,
"Row97_8",8384,7,"2026-07-11T03:01:21.217Z",0.019,"low-left",61,"assisted","left-foot",1,"save",0.0461,,745,0,52.6,15.2,18.9,73.2,0,1.5,52.2,0,
"Row97_9",8384,8,"2026-07-11T03:01:21.217Z",0.0787,"close-left",55,"regular","left-foot",0,"miss",,,491,0,58.2,30.6,9.2,31.7,0,,,,
"Row97_10",8384,9,"2026-07-11T03:01:21.217Z",0.0302,"high-right",53,"corner","right-foot",1,"miss",,,746,0,35.1,87.5,19.8,39.7,0,,,,
"Row97_11",8384,10,"2026-07-11T03:01:21.217Z",0.1154,"low-centre",52,"assisted","left-foot",1,"block",,,745,0,51.5,19,15.5,44,0,11.6,45.1,0,
"Row97_12",8384,11,"2026-07-11T03:01:21.217Z",0.0625,"low-centre",45,"corner","left-foot",1,"block",,2,2249,0,50.4,18.1,15,58.3,0,8.8,54.1,0,
"Row97_13",8384,12,"2026-07-11T03:01:21.217Z",0.0349,"high-left",45,"assisted","left-foot",1,"miss",,,719,0,64.5,54.2,18.5,67.5,0,,,,
"Row97_14",8384,13,"2026-07-11T03:01:21.217Z",0.1394,"low-centre",41,"assisted","head",0,"goal",0.44,,1305,0,50.7,10.1,7.3,52.8,0,,,,"regular"
"Row97_15",8384,14,"2026-07-11T03:01:21.217Z",0.0199,"close-right",40,"assisted","left-foot",1,"miss",,,745,0,42.5,9.7,14.1,69.9,0,,,,
"Row97_16",8384,15,"2026-07-11T03:01:21.217Z",0.0815,"low-left",35,"free-kick","left-foot",1,"save",0.1311,,745,0,52.7,8.2,20.9,60.7,0,1.2,50.7,0,
"Row97_17",8384,16,"2026-07-11T03:01:21.217Z",0.4475,"high-centre",30,"regular","right-foot",1,"goal",0.64,,2249,0,51,22.8,7,47.2,0,,,,"regular"
"Row97_18",8384,17,"2026-07-11T03:01:21.217Z",0.2185,"low-centre",30,"assisted","right-foot",1,"save",0.3392,,746,0,48.9,7,12.7,57.1,0,0.2,52.2,0,
"Row97_19",8384,18,"2026-07-11T03:01:21.217Z",0.0345,"close-left",21,"assisted","left-foot",1,"miss",,,745,0,58.3,11.1,19.8,56,0,,,,
"Row97_20",8384,19,"2026-07-11T03:01:21.217Z",0.036,"low-centre",15,"fast-break","left-foot",0,"block",,,1305,0,51.8,19,15.8,66.5,0,12.9,63.2,0,
"Row97_21",8384,20,"2026-07-11T03:01:21.217Z",0.1038,"low-centre",13,"assisted","right-foot",1,"block",,,769,0,49.8,19,13.3,57.7,0,10.2,56,0,
"Row97_22",8384,21,"2026-07-11T03:01:21.217Z",0.1938,"low-centre",10,"set-piece","right-foot",1,"block",,,4267,0,48.9,19,11,54.2,0,8.2,53.4,0,
"Row98_1",8385,0,"2026-07-12T05:01:21.622Z",0.0912,"high",114,"corner","left-foot",1,"miss",,,3651,0,55.5,86.1,13.3,52.6,0,,,,
"Row98_2",8385,1,"2026-07-12T05:01:21.622Z",0.0148,"low-left",114,"assisted","right-foot",1,"block",,,2897,0,53.9,19,10,26.2,0,8.4,29.4,0,
"Row98_3",8385,2,"2026-07-12T05:01:21.622Z",0.0607,"high-left",110,"regular","right-foot",0,"save",0.2875,,455,0,52.3,22.2,4.9,67.5,0,1,55.1,0,
"Row98_4",8385,3,"2026-07-12T05:01:21.622Z",0.131,"low-right",110,"regular","right-foot",0,"save",0.7555,,735,0,46,4.4,18.7,53.6,0,1.5,48.9,0,
"Row98_5",8385,4,"2026-07-12T05:01:21.622Z",0.0813,"low-left",110,"fast-break","left-foot",0,"save",0.2816,,455,0,52.4,3.8,8.8,71.1,0,1,54.9,0,
"Row98_6",8385,5,"2026-07-12T05:01:21.622Z",0.0274,"high",109,"assisted","right-foot",1,"miss",,,3673,0,50.6,72.2,18.4,63,0,,,,
"Row98_7",8385,6,"2026-07-12T05:01:21.622Z",0.0505,"high-left",105,"assisted","right-foot",0,"miss",,3,592,0,62,86.1,22.3,62.8,0,,,,
"Row98_8",8385,7,"2026-07-12T05:01:21.622Z",0.1174,"low-centre",104,"assisted","left-foot",1,"block",,,2897,0,50.1,19,17.5,57.7,0,10.7,54.7,0,
"Row98_9",8385,8,"2026-07-12T05:01:21.622Z",0.4486,"low-left",93,"regular","right-foot",0,"goal",0.9564,,592,0,53.3,2.5,7.4,49.2,0,,,,"regular"
"Row98_10",8385,9,"2026-07-12T05:01:21.622Z",0.022,"low-right",93,"assisted","right-foot",0,"save",0.0471,,511,0,46.4,7,28.8,47.8,0,1.1,51.1,0,
"Row98_11",8385,10,"2026-07-12T05:01:21.622Z",0.0109,"high-right",93,"corner","head",0,"save",0.1994,,2466,0,46.2,22.8,3,32.8,0,0.3,45.7,0,
"Row98_12",8385,11,"2026-07-12T05:01:21.622Z",0.0298,"left",90,"assisted","head",0,"miss",,5,592,0,62.7,6.9,11.7,56.4,0,,,,
"Row98_13",8385,12,"2026-07-12T05:01:21.622Z",0.032,"low-right",85,"assisted","right-foot",1,"save",0.0456,,2897,0,48,5.1,12.5,28,0,1.4,48,0,
"Row98_14",8385,13,"2026-07-12T05:01:21.622Z",0.0873,"high",76,"corner","head",1,"post",,,464,0,51,41.1,7.9,49.8,0,,,,
"Row98_15",8385,14,"2026-07-12T05:01:21.622Z",0.0308,"left",76,"corner","right-foot",1,"miss",,,2056,0,75.3,18.1,13.3,68.7,0,6.2,50,0,
"Row98_16",8385,15,"2026-07-12T05:01:21.622Z",0.0277,"close-left",53,"corner","head",1,"miss",,,852,0,57,2.8,11.1,45.6,0,0.90000000000001,43.9,0,
"Row98_17",8385,16,"2026-07-12T05:01:21.622Z",0.027,"low-left",52,"assisted","left-foot",0,"block",,,455,0,51.9,19,11.5,73.5,0,9,68.1,0,
"Row98_18",8385,17,"2026-07-12T05:01:21.622Z",0.0313,"low-right",48,"free-kick","right-foot",0,"block",,,454,0,47.6,19,26.5,30.9,0,15,40.2,0,
"Row98_19",8385,18,"2026-07-12T05:01:21.622Z",0.0274,"low-left",45,"regular","right-foot",0,"save",0.2408,3,2466,0,54.2,8.9,27.7,45.8,0,0.2,50.7,0,
"Row98_20",8385,19,"2026-07-12T05:01:21.622Z",0.0614,"low-right",45,"assisted","left-foot",0,"goal",0.1629,2,592,0,48.1,2.5,7.4,36,0,,,,"regular"
"Row98_21",8385,20,"2026-07-12T05:01:21.622Z",0.0312,"low-centre",45,"corner","right-foot",0,"block",,,592,0,49.4,19,12.5,60.6,0,10.1,58.7,0,
"Row98_22",8385,21,"2026-07-12T05:01:21.622Z",0.1891,"low-centre",44,"fast-break","left-foot",1,"block",,,774,0,50.6,19,15.1,53.9,0,10.5,52.5,0,
"Row98_23",8385,22,"2026-07-12T05:01:21.622Z",0.0285,"low-right",40,"assisted","left-foot",1,"save",0.0761,,447,0,46.9,5.1,19.7,76.7,0,3.1,53.1,0,
"Row98_24",8385,23,"2026-07-12T05:01:21.622Z",0.0182,"high",39,"set-piece","left-foot",1,"miss",,,774,0,50.1,65.3,14.4,63.9,0,,,,
"Row98_25",8385,24,"2026-07-12T05:01:21.622Z",0.0248,"high-right",36,"assisted","left-foot",1,"goal",0.2095,,2064,0,46.3,26.6,12,23.7,0,,,,"regular"
"Row98_26",8385,25,"2026-07-12T05:01:21.622Z",0.0834,"high-centre",35,"assisted","head",1,"save",0.0619,,852,0,49.8,27.9,7.9,45.4,0,1,48.7,0,
"Row98_27",8385,26,"2026-07-12T05:01:21.622Z",0.0637,"high",29,"free-kick","right-foot",0,"miss",,,2466,0,53.5,76.4,22.8,61.4,0,,,,
"Row99_1",8386,0,"2026-07-12T09:01:21.670Z",0.2953,"low-right",120,"fast-break","right-foot",1,"goal",0.859,1,1687,0,45.8,8.9,14.9,49.6,0,,,,"regular"
"Row99_2",8386,1,"2026-07-12T09:01:21.670Z",0.3816,"low-left",120,"fast-break","right-foot",1,"save",0.3009,1,773,0,52,8.2,10,45.9,0,7.1,46.6,0,
"Row99_3",8386,2,"2026-07-12T09:01:21.670Z",0.1076,"low-centre",119,"fast-break","left-foot",1,"block",,,9063,0,48.2,19,13.2,62.8,0,9.5,59.7,0,
"Row99_4",8386,3,"2026-07-12T09:01:21.670Z",0.0301,"high-right",112,"assisted","right-foot",1,"goal",0.5271,,770,0,46.1,27.9,21.8,31.3,0,,,,"regular"
"Row99_5",8386,4,"2026-07-12T09:01:21.670Z",0.0809,"low-left",112,"assisted","left-foot",1,"save",0.1574,,9063,0,52.1,14.6,18.1,54.2,0,2.1,51.3,0,
"Row99_6",8386,5,"2026-07-12T09:01:21.670Z",0.0401,"high-left",105,"corner","head",1,"miss",,2,720,0,57,70.8,9.7,47,0,,,,
"Row99_7",8386,6,"2026-07-12T09:01:21.670Z",0.0383,"low-centre",105,"regular","right-foot",1,"block",,1,1800,0,48.8,19,22.3,43.6,0,14.6,46.2,0,
"Row99_8",8386,7,"2026-07-12T09:01:21.670Z",0.0149,"high-left",105,"assisted","left-foot",0,"miss",,,2005,0,58.2,73.6,27.3,55,0,,,,
"Row99_9",8386,8,"2026-07-12T09:01:21.670Z",0.0355,"low-left",103,"free-kick","left-foot",1,"block",,,9063,0,52.8,19,27.8,58.2,0,18,54.3,0,
"Row99_10",8386,9,"2026-07-12T09:01:21.670Z",0.0191,"high",99,"assisted","left-foot",0,"miss",,,348,0,49.4,68.1,25.6,34.2,0,,,,
"Row99_11",8386,10,"2026-07-12T09:01:21.670Z",0.0179,"left",95,"assisted","right-foot",1,"post",,,773,0,55.5,6.3,20.9,35.1,0,,,,
"Row99_12",8386,11,"2026-07-12T09:01:21.670Z",0.0615,"low-centre",93,"assisted","right-foot",1,"save",0.0362,,773,0,50.8,12.7,12.9,36.8,0,2,47.8,0,
"Row99_13",8386,12,"2026-07-12T09:01:21.670Z",0.016,"high-right",92,"corner","right-foot",1,"miss",,,770,0,30.9,58.3,28.1,35.4,0,,,,
"Row99_14",8386,13,"2026-07-12T09:01:21.670Z",0.1123,"low-centre",91,"assisted","left-foot",1,"block",,,768,0,50,19,11.9,38.8,0,8.6,41.9,0,
"Row99_15",8386,14,"2026-07-12T09:01:21.670Z",0.0967,"low-centre",91,"assisted","right-foot",1,"block",,,1687,0,51.1,19,13.6,58.2,0,10.1,55.8,0,
"Row99_16",8386,15,"2026-07-12T09:01:21.670Z",0.082,"low-centre",90,"corner","left-foot",1,"save",0.2276,9,1800,0,51.8,9.5,12.4,57,0,1.4,51.4,0,
"Row99_17",8386,16,"2026-07-12T09:01:21.670Z",0.0237,"high-left",90,"assisted","left-foot",1,"miss",,3,768,0,61,59.7,10.5,25,0,,,,
"Row99_18",8386,17,"2026-07-12T09:01:21.670Z",0.0395,"close-right",90,"corner","right-foot",1,"miss",,2,9063,0,41.2,12.5,21.2,43.6,0,,,,
"Row99_19",8386,18,"2026-07-12T09:01:21.670Z",0.2803,"high-left",89,"assisted","head",1,"miss",,,328,0,58,65.3,4.3,48.1,0,,,,
"Row99_20",8386,19,"2026-07-12T09:01:21.670Z",0.1998,"low-centre",67,"assisted","right-foot",0,"goal",0.2401,,551,0,50,1.3,3.9,33.8,0,,,,"regular"
"Row99_21",8386,20,"2026-07-12T09:01:21.670Z",0.0161,"low-right",66,"assisted","left-foot",0,"save",0.1644,,348,0,46.1,13.3,30.9,65.2,0,1.2,49.6,0,
"Row99_22",8386,21,"2026-07-12T09:01:21.670Z",0.0319,"low-right",65,"assisted","head",0,"save",0.0822,,551,0,47.4,13.3,9.2,39.9,0,0.7,49.1,0,
"Row99_23",8386,22,"2026-07-12T09:01:21.670Z",0.0778,"low-left",60,"assisted","head",0,"save",0.612,,2811,0,53.9,19.6,8.6,49.7,0,0.7,49.6,0,
"Row99_24",8386,23,"2026-07-12T09:01:21.670Z",0.046,"low-left",55,"regular","right-foot",0,"block",,,551,0,52.7,19,11.6,37.9,0,9.8,39.3,0,
"Row99_25",8386,24,"2026-07-12T09:01:21.670Z",0.0574,"low-right",52,"regular","left-foot",1,"block",,,770,0,45.7,19,20.2,34.9,0,12,42.8,0,
"Row99_26",8386,25,"2026-07-12T09:01:21.670Z",0.0408,"left",50,"assisted","right-foot",1,"miss",,,761,0,62.9,5.6,22.9,71.6,0,,,,
"Row99_27",8386,26,"2026-07-12T09:01:21.670Z",0.0628,"low-centre",47,"assisted","left-foot",0,"block",,,2404,0,48.5,19,22.8,47.7,0,18.8,48.4,0,
"Row99_28",8386,27,"2026-07-12T09:01:21.670Z",0.0239,"low-centre",20,"assisted","right-foot",0,"save",0.0087,,1550,0,50,16.5,26,57,0,1.5,50.4,0,
"Row99_29",8386,28,"2026-07-12T09:01:21.670Z",0.1441,"low-right",10,"corner","head",1,"goal",0.7815,,328,0,46.2,19.6,5,44.1,0,,,,"regular"
"Row99_30",8386,29,"2026-07-12T09:01:21.670Z",0.0754,"left",9,"corner","head",1,"miss",,,328,0,62.5,5.6,4.2,59.4,0,3.4,54.3,0,
"Row99_31",8386,30,"2026-07-12T09:01:21.670Z",0.0565,"low-centre",9,"assisted","right-foot",1,"block",,,328,0,49.4,19,19.1,60.3,0,13.1,57.2,0,
"Row99_32",8386,31,"2026-07-12T09:01:21.670Z",0.0152,"high",7,"regular","left-foot",0,"miss",,,348,0,50.1,69.4,22.9,36.6,0,,,,
"Row99_33",8386,32,"2026-07-12T09:01:21.670Z",0.0185,"low-left",1,"assisted","right-foot",0,"block",,,3616,0,52.3,19,14.3,73.2,0,12,69.1,0,
"Row100_1",8387,0,"2026-07-14T21:55:33.358Z",0.0131,"high-right",90,"assisted","right-foot",1,"miss",,7,594,0,43.7,84.7,25,25.3,0,,,,
"Row100_2",8387,1,"2026-07-14T21:55:33.358Z",0.032,"low-centre",90,"assisted","right-foot",1,"save",0.0247,7,2253,0,51.1,18.4,11.9,72.6,0,2.4,54,0,
"Row100_3",8387,2,"2026-07-14T21:55:33.358Z",0.0253,"high-centre",90,"assisted","left-foot",1,"save",0.0354,5,2253,0,49.2,23.4,9.8,69.7,0,1.5,54.3,0,
"Row100_4",8387,3,"2026-07-14T21:55:33.358Z",0.0263,"close-left",90,"assisted","left-foot",0,"miss",,4,571,0,57.1,8.3,4.5,29.5,0,,,,
"Row100_5",8387,4,"2026-07-14T21:55:33.358Z",0.044,"high",89,"free-kick","right-foot",1,"miss",,,594,0,50.8,76.4,18.6,25.1,0,,,,
"Row100_6",8387,5,"2026-07-14T21:55:33.358Z",0.0251,"high-centre",81,"regular","right-foot",1,"save",0.0149,,4324,0,49.4,20.3,23.8,28.5,0,2.1,49.3,0,
"Row100_7",8387,6,"2026-07-14T21:55:33.358Z",0.0622,"close-left",78,"regular","head",0,"miss",,,749,0,59.2,25,9.5,48.1,0,,,,
"Row100_8",8387,7,"2026-07-14T21:55:33.358Z",0.0332,"low-centre",68,"corner","right-foot",1,"block",,,4324,0,50.3,19,19.9,36.4,0,12.3,41.5,0,
"Row100_9",8387,8,"2026-07-14T21:55:33.358Z",0.0262,"low-centre",67,"regular","right-foot",1,"block",,,594,0,50.7,19,16.9,64.6,0,15.1,63,0,
"Row100_10",8387,9,"2026-07-14T21:55:33.358Z",0.0628,"high",65,"corner","right-foot",1,"miss",,,591,0,51.8,93.1,6.1,40.3,0,,,,
"Row100_11",8387,10,"2026-07-14T21:55:33.358Z",0.5218,"low-right",58,"assisted","right-foot",0,"goal",0.6088,,719,0,47.4,8.2,11.2,57.3,0,,,,"regular"
"Row100_12",8387,11,"2026-07-14T21:55:33.358Z",0.0192,"low-centre",58,"assisted","right-foot",0,"block",,,769,0,49.4,19,19.2,25.6,0,16.8,28.7,0,
"Row100_13",8387,12,"2026-07-14T21:55:33.358Z",0.0132,"high",52,"assisted","left-foot",0,"miss",,,3890,0,53.1,63.9,21.6,30.5,0,,,,
"Row100_14",8387,13,"2026-07-14T21:55:33.358Z",0.1165,"low-centre",38,"assisted","left-foot",0,"block",,,2249,0,50.4,19,8.9,55.1,0,7.1,54,0,
"Row100_15",8387,14,"2026-07-14T21:55:33.358Z",0.0132,"high-left",37,"assisted","right-foot",0,"miss",,,719,0,57,68.1,26,71.6,0,,,,
"Row100_16",8387,15,"2026-07-14T21:55:33.358Z",0.0245,"high-right",36,"assisted","right-foot",1,"miss",,,2261,0,36.1,75,19.8,29.5,0,,,,
"Row100_17",8387,16,"2026-07-14T21:55:33.358Z",0.0144,"high-right",34,"assisted","right-foot",0,"miss",,,746,0,33.6,86.1,27.3,33.7,0,,,,
"Row100_18",8387,17,"2026-07-14T21:55:33.358Z",0.7884,"high-right",22,"penalty","left-foot",0,"goal",0.9631,,3890,0,45.8,20.3,11.5,50,0,,,,"penalty"
"Row100_19",8387,18,"2026-07-14T21:55:33.358Z",0.0562,"low-centre",11,"free-kick","right-foot",0,"block",,,769,0,50.2,19,18.2,70.8,0,12.5,64.3,0,
"Row100_20",8387,19,"2026-07-14T21:55:33.358Z",0.0123,"left",6,"corner","left-foot",1,"miss",,,1994,0,81.5,5.6,25.3,52.3,0,,,,
"Row101_1",8388,0,"2026-07-16T03:00:01.840Z",0.7079,"high-left",90,"assisted","head",0,"goal",0.9927,2,1687,0,52.6,23.4,3.2,46.4,0,,,,"regular"
"Row101_2",8388,1,"2026-07-16T03:00:01.840Z",0.0873,"low-centre",90,"assisted","right-foot",0,"block",,2,328,0,51,19,17.9,43.7,0,13.7,44.9,0,
"Row101_3",8388,2,"2026-07-16T03:00:01.840Z",0.0467,"low-left",85,"corner","right-foot",0,"goal",0.091,,387,0,52.6,16.5,22.3,55.3,0,,,,"regular"
"Row101_4",8388,3,"2026-07-16T03:00:01.840Z",0.0216,"close-high",85,"assisted","right-foot",0,"miss",,,387,0,49.2,52.8,27.5,47.9,0,0.2,50.4,0,
"Row101_5",8388,4,"2026-07-16T03:00:01.840Z",0.0267,"low-centre",84,"assisted","right-foot",0,"block",,,9057,0,48.7,19,27.3,51.7,0,22.5,51.6,0,
"Row101_6",8388,5,"2026-07-16T03:00:01.840Z",0.0547,"low-left",79,"fast-break","right-foot",1,"block",,,511,0,51.8,19,21.9,38.3,0,18.4,39.9,0,
"Row101_7",8388,6,"2026-07-16T03:00:01.840Z",0.0617,"low-centre",76,"assisted","head",0,"save",0.0369,,328,0,49.7,3.8,9.2,54.5,0,1.4,51.4,0,
"Row101_8",8388,7,"2026-07-16T03:00:01.840Z",0.2933,"left",76,"regular","left-foot",0,"miss",,,770,0,88.7,22.2,7.6,54,0,13.3,15.9,0,
"Row101_9",8388,8,"2026-07-16T03:00:01.840Z",0.3507,"left",76,"assisted","head",0,"post",,,328,0,55.3,15.8,7.5,49.7,0,,,,
"Row101_10",8388,9,"2026-07-16T03:00:01.840Z",0.121,"low-centre",69,"corner","head",0,"save",0.1043,,768,0,51.4,1.9,8.2,51.9,0,0.5,49.6,0,
"Row101_11",8388,10,"2026-07-16T03:00:01.840Z",0.0215,"low-left",66,"assisted","right-foot",1,"block",,,2466,0,52,19,27.1,55.4,0,23.8,54.5,0,
"Row101_12",8388,11,"2026-07-16T03:00:01.840Z",0.0226,"low-left",66,"assisted","right-foot",1,"save",0.0568,,449,0,52.5,3.8,20,73.2,0,1.5,52.9,0,
"Row101_13",8388,12,"2026-07-16T03:00:01.840Z",0.026,"high",61,"assisted","right-foot",0,"miss",,,387,0,48.1,69.4,23.8,69.7,0,,,,
"Row101_14",8388,13,"2026-07-16T03:00:01.840Z",0.3839,"low-left",55,"assisted","right-foot",1,"goal",0.9676,,711,0,53.8,6.3,5.2,47.4,0,,,,"regular"
"Row101_15",8388,14,"2026-07-16T03:00:01.840Z",0.0146,"left",54,"assisted","right-foot",0,"miss",,,16872,0,69.6,16.7,24.7,70.3,0,,,,
"Row101_16",8388,15,"2026-07-16T03:00:01.840Z",0.0554,"close-right",47,"assisted","right-foot",0,"miss",,,770,0,44,25,5.2,69.5,0,0.3,57,0,
"Row101_17",8388,16,"2026-07-16T03:00:01.840Z",0.0662,"low-right",47,"assisted","right-foot",0,"save",0.155,,770,0,46.8,17.1,9.1,67.1,0,0.90000000000001,52.5,0,
"Row101_18",8388,17,"2026-07-16T03:00:01.840Z",0.0175,"close-high",38,"set-piece","right-foot",0,"miss",,,387,0,53.3,50,25.9,54.8,0,,,,
"Row101_19",8388,18,"2026-07-16T03:00:01.840Z",0.0078,"low-centre",38,"set-piece","left-foot",0,"block",,,9063,0,50.4,19,26.7,41.6,0,20.3,43.5,0,
"Row101_20",8388,19,"2026-07-16T03:00:01.840Z",0.0549,"close-right",33,"set-piece","head",1,"miss",,,854,0,41.7,15.3,6,59.7,0,,,,
"Row102_1",8389,0,"2026-07-19T05:00:03.850Z",0.4757,"low-right",90,"fast-break","right-foot",0,"goal",0.8835,8,592,0,47.1,3.2,7.1,52,0,,,,"regular"
"Row102_2",8389,1,"2026-07-19T05:00:03.850Z",0.2277,"low-left",90,"fast-break","left-foot",1,"goal",0.8604,6,2253,0,54.2,15.2,11.6,63,0,,,,"regular"
"Row102_3",8389,2,"2026-07-19T05:00:03.850Z",0.0306,"low-centre",90,"assisted","right-foot",1,"block",,1,2261,0,50,19,23.5,32.3,0,16,37.9,0,
"Row102_4",8389,3,"2026-07-19T05:00:03.850Z",0.7884,"low-right",87,"penalty","left-foot",0,"goal",0.8964,,455,0,45.8,5.1,11.5,50,0,,,,"penalty"
"Row102_5",8389,4,"2026-07-19T05:00:03.850Z",0.0336,"low-centre",84,"assisted","right-foot",1,"save",0.0325,,594,0,51.1,12.7,25.3,39.3,0,1.1,50,0,
"Row102_6",8389,5,"2026-07-19T05:00:03.850Z",0.1893,"close-right",81,"assisted","right-foot",1,"miss",,,2467,0,42.5,23.6,9.7,50.5,0,,,,
"Row102_7",8389,6,"2026-07-19T05:00:03.850Z",0.0773,"low-left",80,"regular","left-foot",0,"block",,,511,0,52.4,19,10.7,38.9,0,6.8,42.1,0,
"Row102_8",8389,7,"2026-07-19T05:00:03.850Z",0.1117,"low-centre",80,"assisted","right-foot",0,"save",0.2828,,592,0,51.2,5.1,3.6,40.2,0,2.4,42.2,0,
"Row102_9",8389,8,"2026-07-19T05:00:03.850Z",0.0495,"low-centre",79,"regular","left-foot",1,"block",,,594,0,48.6,19,5.1,33.5,0,4.4,36.1,0,
"Row102_10",8389,9,"2026-07-19T05:00:03.850Z",0.1644,"left",75,"regular","left-foot",1,"miss",,,2467,0,59.7,38.9,14.1,54.4,0,,,,
"Row102_11",8389,10,"2026-07-19T05:00:03.850Z",0.1501,"left",68,"assisted","right-foot",1,"miss",,,594,0,60.5,9.7,11.9,45.8,0,,,,
"Row102_12",8389,11,"2026-07-19T05:00:03.850Z",0.078,"low-right",66,"assisted","left-foot",1,"goal",0.5573,,594,0,46.3,1.9,14,51.8,0,,,,"regular"
"Row102_13",8389,12,"2026-07-19T05:00:03.850Z",0.0274,"low-left",65,"assisted","right-foot",1,"save",0.2654,,3463,0,53.6,7.6,28,53.2,0,2.4,51.1,0,
"Row102_14",8389,13,"2026-07-19T05:00:03.850Z",0.1582,"low-centre",64,"assisted","left-foot",1,"save",0.119,,2253,0,49.1,5.1,11.4,58.7,0,0,52,0,
"Row102_15",8389,14,"2026-07-19T05:00:03.850Z",0.0322,"low-centre",64,"assisted","left-foot",0,"block",,,454,0,48.8,19,12.7,33.1,0,10.7,35.9,0,
"Row102_16",8389,15,"2026-07-19T05:00:03.850Z",0.1176,"close-left",61,"assisted","left-foot",1,"miss",,,2467,0,58.7,8.3,18.2,41.3,0,,,,
"Row102_17",8389,16,"2026-07-19T05:00:03.850Z",0.0969,"low-right",59,"corner","head",0,"save",0.4185,,8120,0,47.6,15.2,7.1,47.9,0,0.90000000000001,49.3,0,
"Row102_18",8389,17,"2026-07-19T05:00:03.850Z",0.3727,"low-left",54,"assisted","right-foot",1,"goal",0.8449,,2261,0,53.6,14.6,9.8,43.4,0,,,,"regular"
"Row102_19",8389,18,"2026-07-19T05:00:03.850Z",0.0288,"left",54,"fast-break","left-foot",0,"miss",,,454,0,63.9,20.8,34.1,39.1,0,,,,
"Row102_20",8389,19,"2026-07-19T05:00:03.850Z",0.0597,"high-left",51,"regular","left-foot",1,"miss",,,1994,0,64.9,43.1,15.4,48.9,0,,,,
"Row102_21",8389,20,"2026-07-19T05:00:03.850Z",0.0494,"close-right",50,"assisted","right-foot",0,"miss",,,512,0,41.7,6.9,9.4,70.9,0,,,,
"Row102_22",8389,21,"2026-07-19T05:00:03.850Z",0.6362,"low-right",48,"fast-break","left-foot",1,"goal",0.9153,,594,0,46.6,1.9,9.1,44.6,0,,,,"regular"
"Row102_23",8389,22,"2026-07-19T05:00:03.850Z",0.0153,"low-centre",45,"assisted","right-foot",0,"block",,4,8120,0,51.2,19,7.4,73.9,0,6,69.3,0,
"Row102_24",8389,23,"2026-07-19T05:00:03.850Z",0.0949,"low-right",45,"assisted","left-foot",0,"goal",0.3447,1,455,0,47,4.4,16.9,46.2,0,,,,"regular"
"Row102_25",8389,24,"2026-07-19T05:00:03.850Z",0.3223,"high-centre",37,"fast-break","left-foot",0,"goal",0.9636,,455,0,50,31.7,8.4,34.3,0,,,,"regular"
"Row102_26",8389,25,"2026-07-19T05:00:03.850Z",0.1629,"low-right",37,"fast-break","left-foot",0,"save",,,455,0,48,19,11.7,35.6,0,6.7,42.6,0,
"Row102_27",8389,26,"2026-07-19T05:00:03.850Z",0.3698,"low-centre",37,"fast-break","right-foot",0,"save",0.2363,,750,0,50.4,5.1,13.1,33.5,0,10.1,37.4,0,
"Row102_28",8389,27,"2026-07-19T05:00:03.850Z",0.3924,"low-right",35,"assisted","right-foot",1,"save",0.4355,,594,0,47.7,9.5,10.4,43.8,0,2.7,48.6,0,
"Row102_29",8389,28,"2026-07-19T05:00:03.850Z",0.0225,"high-centre",33,"assisted","right-foot",0,"save",0.0624,,750,0,51.7,27.9,28.9,49.4,0,2.3,50.2,0,
"Row102_30",8389,29,"2026-07-19T05:00:03.850Z",0.0238,"right",22,"assisted","right-foot",1,"miss",,,594,0,40.7,23.6,23.4,26.4,0,,,,
"Row102_31",8389,30,"2026-07-19T05:00:03.850Z",0.099,"low-right",18,"corner","head",0,"goal",0.4823,,504,0,45.6,12,7.3,46.2,0,,,,"regular"
"Row102_32",8389,31,"2026-07-19T05:00:03.850Z",0.1259,"low-centre",18,"fast-break","left-foot",0,"block",,,455,0,50,19,12.3,62.9,0,10.8,61.4,0,
"Row102_33",8389,32,"2026-07-19T05:00:03.850Z",0.0166,"low-centre",11,"regular","left-foot",1,"block",,,2243,0,50.6,19,25.3,47.7,0,23.3,47.8,0,
"Row102_34",8389,33,"2026-07-19T05:00:03.850Z",0.0447,"low-right",11,"regular","left-foot",1,"save",0.1158,,856,0,47.4,14.6,18.2,52.3,0,1.5,50.2,0,
"Row102_35",8389,34,"2026-07-19T05:00:03.850Z",0.0218,"low-centre",8,"corner","left-foot",0,"block",,,454,0,50.2,19,12.3,64.6,0,9.2,60.8,0,
"Row102_36",8389,35,"2026-07-19T05:00:03.850Z",0.1235,"low-left",7,"assisted","right-foot",0,"block",,,750,0,52,19,13.3,40.7,0,9.2,43,0,
"Row102_37",8389,36,"2026-07-19T05:00:03.850Z",0.0259,"low-centre",5,"assisted","right-foot",1,"block",,,594,0,50.6,19,12,26.8,0,9.9,30.7,0,
"Row102_38",8389,37,"2026-07-19T05:00:03.850Z",0.0447,"low-right",3,"regular","right-foot",0,"goal",0.2935,,449,0,46.3,7,21.7,35.6,0,,,,"regular"
"Row103_1",8390,0,"2026-07-20T03:00:03.988Z",0.1774,"high",120,"corner","right-foot",0,"miss",,2,767,0,48.9,81.9,9.2,52.4,0,,,,
"Row103_2",8390,1,"2026-07-20T03:00:03.988Z",0.0443,"low-centre",117,"assisted","left-foot",0,"block",,,9063,0,49.4,19,20,67.9,0,14.7,63.4,0,
"Row103_3",8390,2,"2026-07-20T03:00:03.988Z",0.2219,"high-centre",106,"assisted","left-foot",1,"goal",0.6501,,749,0,51.4,28.5,8,44.2,0,,,,"regular"
"Row103_4",8390,3,"2026-07-20T03:00:03.988Z",0.0292,"low-centre",104,"assisted","right-foot",1,"block",,,571,0,51.6,5.6,26.6,42.1,0,20.6,43.3,0,
"Row103_5",8390,4,"2026-07-20T03:00:03.988Z",0.2352,"close-right",103,"assisted","head",1,"miss",,,451,0,43.4,11.1,7.5,49.3,0,,,,
"Row103_6",8390,5,"2026-07-20T03:00:03.988Z",0.0226,"high-left",101,"assisted","left-foot",1,"miss",,,745,0,62.9,72.2,23.3,67.7,0,,,,
"Row103_7",8390,6,"2026-07-20T03:00:03.988Z",0.2424,"low-left",93,"assisted","head",1,"save",0.5158,,571,0,52.3,19.6,8.1,45.9,0,0.59999999999999,50.4,0,
"Row103_8",8390,7,"2026-07-20T03:00:03.988Z",0.0749,"high-right",90,"free-kick","left-foot",1,"save",0.4618,8,745,0,45.9,20.3,24,47,0,0.90000000000001,49.3,0,
"Row103_9",8390,8,"2026-07-20T03:00:03.988Z",0.0828,"high-centre",90,"fast-break","right-foot",1,"save",0.0571,3,571,0,50,20.3,15.8,70.6,0,2,55.1,0,
"Row103_10",8390,9,"2026-07-20T03:00:03.988Z",0.0242,"high",89,"assisted","right-foot",1,"miss",,,4267,0,44.9,84.7,28.2,54.8,0,,,,
"Row103_11",8390,10,"2026-07-20T03:00:03.988Z",0.1177,"close-right",87,"assisted","right-foot",1,"miss",,,749,0,41.3,11.1,11.7,59.9,0,,,,
"Row103_12",8390,11,"2026-07-20T03:00:03.988Z",0.0927,"low-left",81,"corner","head",1,"save",0.1879,,565,0,53.3,13.9,6.7,44.8,0,0.59999999999999,47.5,0,
"Row103_13",8390,12,"2026-07-20T03:00:03.988Z",0.0294,"low-centre",77,"assisted","right-foot",1,"save",0.0173,,740,0,48.8,7.6,21.5,72,0,1.2,52.2,0,
"Row103_14",8390,13,"2026-07-20T03:00:03.988Z",0.0447,"low-centre",77,"assisted","left-foot",1,"save",0.0569,,744,0,51.7,7,18.2,46.4,0,1.2,49.6,0,
"Row103_15",8390,14,"2026-07-20T03:00:03.988Z",0.1764,"low-centre",67,"corner","head",1,"save",0.2598,,749,0,49.2,7.6,8.1,55,0,0.7,53.2,0,
"Row103_16",8390,15,"2026-07-20T03:00:03.988Z",0.1602,"low-centre",65,"corner","head",1,"block",,,746,0,49.7,19,5.2,53.4,0,4.1,52.8,0,
"Row103_17",8390,16,"2026-07-20T03:00:03.988Z",0.0463,"low-centre",64,"assisted","right-foot",1,"save",0.0279,,746,0,49,5.7,24.3,52.1,0,1.5,50,0,
"Row103_18",8390,17,"2026-07-20T03:00:03.988Z",0.0351,"low-centre",61,"free-kick","left-foot",1,"block",,,745,0,50.9,19,23.6,73.5,0,17.5,67.1,0,
"Row103_19",8390,18,"2026-07-20T03:00:03.988Z",0.0774,"low-right",46,"regular","right-foot",1,"save",0.1131,,769,0,47.7,8.9,20,40.1,0,1.5,49.1,0,
"Row103_20",8390,19,"2026-07-20T03:00:03.988Z",0.0292,"close-right",43,"assisted","left-foot",1,"miss",,,386,0,42.9,2.8,21.2,26,0,,,,
"Row103_21",8390,20,"2026-07-20T03:00:03.988Z",0.0997,"low-right",39,"assisted","left-foot",1,"save",0.1927,,3890,0,47.8,1.9,18.9,54,0,2.8,50.2,0,
"Row103_22",8390,21,"2026-07-20T03:00:03.988Z",0.1003,"low-centre",5,"assisted","left-foot",1,"save",0.2681,,745,0,49.1,1.9,6.4,67.7,0,1.2,53.6,0,
